"case","stage","model","prescription","resultant","thetaIndex","theta","thetaDeg","value","unit","evidenceLevel"
"biaxial-complete","Estado biaxial uniforme","Acciones prescritas","Proyección completa del estado biaxial","N",0,0,0,-65.75,"kN/m","DE"
"biaxial-complete","Estado biaxial uniforme","Acciones prescritas","Proyección completa del estado biaxial","N",1,0.00871454272840442,0.499306518723994,-65.7549931426135,"kN/m","DE"
"biaxial-complete","Estado biaxial uniforme","Acciones prescritas","Proyección completa del estado biaxial","N",2,0.0174290854568088,0.998613037447989,-65.7699710537105,"kN/m","DE"
"biaxial-complete","Estado biaxial uniforme","Acciones prescritas","Proyección completa del estado biaxial","N",3,0.0261436281852133,1.49791955617198,-65.7949291835209,"kN/m","DE"
"biaxial-complete","Estado biaxial uniforme","Acciones prescritas","Proyección completa del estado biaxial","N",4,0.0348581709136177,1.99722607489598,-65.8298599506301,"kN/m","DE"
"biaxial-complete","Estado biaxial uniforme","Acciones prescritas","Proyección completa del estado biaxial","N",5,0.0435727136420221,2.49653259361997,-65.8747527442821,"kN/m","DE"
"biaxial-complete","Estado biaxial uniforme","Acciones prescritas","Proyección completa del estado biaxial","N",6,0.0522872563704265,2.99583911234397,-65.9295939276026,"kN/m","DE"
"biaxial-complete","Estado biaxial uniforme","Acciones prescritas","Proyección completa del estado biaxial","N",7,0.0610017990988309,3.49514563106796,-65.9943668417415,"kN/m","DE"
"biaxial-complete","Estado biaxial uniforme","Acciones prescritas","Proyección completa del estado biaxial","N",8,0.0697163418272354,3.99445214979196,-66.0690518109332,"kN/m","DE"
"biaxial-complete","Estado biaxial uniforme","Acciones prescritas","Proyección completa del estado biaxial","N",9,0.0784308845556398,4.49375866851595,-66.1536261484732,"kN/m","DE"
"biaxial-complete","Estado biaxial uniforme","Acciones prescritas","Proyección completa del estado biaxial","N",10,0.0871454272840442,4.99306518723994,-66.2480641636101,"kN/m","DE"
"biaxial-complete","Estado biaxial uniforme","Acciones prescritas","Proyección completa del estado biaxial","N",11,0.0958599700124486,5.49237170596394,-66.352337169349,"kN/m","DE"
"biaxial-complete","Estado biaxial uniforme","Acciones prescritas","Proyección completa del estado biaxial","N",12,0.104574512740853,5.99167822468793,-66.466413491166,"kN/m","DE"
"biaxial-complete","Estado biaxial uniforme","Acciones prescritas","Proyección completa del estado biaxial","N",13,0.113289055469257,6.49098474341193,-66.5902584766293,"kN/m","DE"
"biaxial-complete","Estado biaxial uniforme","Acciones prescritas","Proyección completa del estado biaxial","N",14,0.122003598197662,6.99029126213592,-66.7238345059262,"kN/m","DE"
"biaxial-complete","Estado biaxial uniforme","Acciones prescritas","Proyección completa del estado biaxial","N",15,0.130718140926066,7.48959778085992,-66.8671010032901,"kN/m","DE"
"biaxial-complete","Estado biaxial uniforme","Acciones prescritas","Proyección completa del estado biaxial","N",16,0.139432683654471,7.98890429958391,-67.020014449326,"kN/m","DE"
"biaxial-complete","Estado biaxial uniforme","Acciones prescritas","Proyección completa del estado biaxial","N",17,0.148147226382875,8.4882108183079,-67.1825283942306,"kN/m","DE"
"biaxial-complete","Estado biaxial uniforme","Acciones prescritas","Proyección completa del estado biaxial","N",18,0.15686176911128,8.9875173370319,-67.3545934719016,"kN/m","DE"
"biaxial-complete","Estado biaxial uniforme","Acciones prescritas","Proyección completa del estado biaxial","N",19,0.165576311839684,9.4868238557559,-67.5361574149341,"kN/m","DE"
"biaxial-complete","Estado biaxial uniforme","Acciones prescritas","Proyección completa del estado biaxial","N",20,0.174290854568088,9.98613037447989,-67.7271650704969,"kN/m","DE"
"biaxial-complete","Estado biaxial uniforme","Acciones prescritas","Proyección completa del estado biaxial","N",21,0.183005397296493,10.4854368932039,-67.9275584170865,"kN/m","DE"
"biaxial-complete","Estado biaxial uniforme","Acciones prescritas","Proyección completa del estado biaxial","N",22,0.191719940024897,10.9847434119279,-68.1372765821518,"kN/m","DE"
"biaxial-complete","Estado biaxial uniforme","Acciones prescritas","Proyección completa del estado biaxial","N",23,0.200434482753302,11.4840499306519,-68.3562558605852,"kN/m","DE"
"biaxial-complete","Estado biaxial uniforme","Acciones prescritas","Proyección completa del estado biaxial","N",24,0.209149025481706,11.9833564493759,-68.5844297340738,"kN/m","DE"
"biaxial-complete","Estado biaxial uniforme","Acciones prescritas","Proyección completa del estado biaxial","N",25,0.21786356821011,12.4826629680999,-68.8217288913056,"kN/m","DE"
"biaxial-complete","Estado biaxial uniforme","Acciones prescritas","Proyección completa del estado biaxial","N",26,0.226578110938515,12.9819694868239,-69.0680812490239,"kN/m","DE"
"biaxial-complete","Estado biaxial uniforme","Acciones prescritas","Proyección completa del estado biaxial","N",27,0.235292653666919,13.4812760055479,-69.3234119739234,"kN/m","DE"
"biaxial-complete","Estado biaxial uniforme","Acciones prescritas","Proyección completa del estado biaxial","N",28,0.244007196395324,13.9805825242718,-69.5876435053821,"kN/m","DE"
"biaxial-complete","Estado biaxial uniforme","Acciones prescritas","Proyección completa del estado biaxial","N",29,0.252721739123728,14.4798890429958,-69.8606955790217,"kN/m","DE"
"biaxial-complete","Estado biaxial uniforme","Acciones prescritas","Proyección completa del estado biaxial","N",30,0.261436281852133,14.9791955617198,-70.1424852510888,"kN/m","DE"
"biaxial-complete","Estado biaxial uniforme","Acciones prescritas","Proyección completa del estado biaxial","N",31,0.270150824580537,15.4785020804438,-70.4329269236507,"kN/m","DE"
"biaxial-complete","Estado biaxial uniforme","Acciones prescritas","Proyección completa del estado biaxial","N",32,0.278865367308941,15.9778085991678,-70.731932370597,"kN/m","DE"
"biaxial-complete","Estado biaxial uniforme","Acciones prescritas","Proyección completa del estado biaxial","N",33,0.287579910037346,16.4771151178918,-71.0394107644392,"kN/m","DE"
"biaxial-complete","Estado biaxial uniforme","Acciones prescritas","Proyección completa del estado biaxial","N",34,0.29629445276575,16.9764216366158,-71.3552687039016,"kN/m","DE"
"biaxial-complete","Estado biaxial uniforme","Acciones prescritas","Proyección completa del estado biaxial","N",35,0.305008995494155,17.4757281553398,-71.6794102422929,"kN/m","DE"
"biaxial-complete","Estado biaxial uniforme","Acciones prescritas","Proyección completa del estado biaxial","N",36,0.313723538222559,17.9750346740638,-72.0117369166517,"kN/m","DE"
"biaxial-complete","Estado biaxial uniforme","Acciones prescritas","Proyección completa del estado biaxial","N",37,0.322438080950964,18.4743411927878,-72.3521477776562,"kN/m","DE"
"biaxial-complete","Estado biaxial uniforme","Acciones prescritas","Proyección completa del estado biaxial","N",38,0.331152623679368,18.9736477115118,-72.7005394202886,"kN/m","DE"
"biaxial-complete","Estado biaxial uniforme","Acciones prescritas","Proyección completa del estado biaxial","N",39,0.339867166407772,19.4729542302358,-73.0568060152468,"kN/m","DE"
"biaxial-complete","Estado biaxial uniforme","Acciones prescritas","Proyección completa del estado biaxial","N",40,0.348581709136177,19.9722607489598,-73.4208393410908,"kN/m","DE"
"biaxial-complete","Estado biaxial uniforme","Acciones prescritas","Proyección completa del estado biaxial","N",41,0.357296251864581,20.4715672676838,-73.7925288171173,"kN/m","DE"
"biaxial-complete","Estado biaxial uniforme","Acciones prescritas","Proyección completa del estado biaxial","N",42,0.366010794592986,20.9708737864078,-74.1717615369499,"kN/m","DE"
"biaxial-complete","Estado biaxial uniforme","Acciones prescritas","Proyección completa del estado biaxial","N",43,0.37472533732139,21.4701803051318,-74.5584223028363,"kN/m","DE"
"biaxial-complete","Estado biaxial uniforme","Acciones prescritas","Proyección completa del estado biaxial","N",44,0.383439880049794,21.9694868238558,-74.9523936606413,"kN/m","DE"
"biaxial-complete","Estado biaxial uniforme","Acciones prescritas","Proyección completa del estado biaxial","N",45,0.392154422778199,22.4687933425798,-75.3535559355253,"kN/m","DE"
"biaxial-complete","Estado biaxial uniforme","Acciones prescritas","Proyección completa del estado biaxial","N",46,0.400868965506603,22.9680998613037,-75.7617872682975,"kN/m","DE"
"biaxial-complete","Estado biaxial uniforme","Acciones prescritas","Proyección completa del estado biaxial","N",47,0.409583508235008,23.4674063800277,-76.1769636524323,"kN/m","DE"
"biaxial-complete","Estado biaxial uniforme","Acciones prescritas","Proyección completa del estado biaxial","N",48,0.418298050963412,23.9667128987517,-76.5989589717383,"kN/m","DE"
"biaxial-complete","Estado biaxial uniforme","Acciones prescritas","Proyección completa del estado biaxial","N",49,0.427012593691816,24.4660194174757,-77.0276450386681,"kN/m","DE"
"biaxial-complete","Estado biaxial uniforme","Acciones prescritas","Proyección completa del estado biaxial","N",50,0.435727136420221,24.9653259361997,-77.4628916332571,"kN/m","DE"
"biaxial-complete","Estado biaxial uniforme","Acciones prescritas","Proyección completa del estado biaxial","N",51,0.444441679148625,25.4646324549237,-77.9045665426797,"kN/m","DE"
"biaxial-complete","Estado biaxial uniforme","Acciones prescritas","Proyección completa del estado biaxial","N",52,0.45315622187703,25.9639389736477,-78.3525356014114,"kN/m","DE"
"biaxial-complete","Estado biaxial uniforme","Acciones prescritas","Proyección completa del estado biaxial","N",53,0.461870764605434,26.4632454923717,-78.806662731983,"kN/m","DE"
"biaxial-complete","Estado biaxial uniforme","Acciones prescritas","Proyección completa del estado biaxial","N",54,0.470585307333839,26.9625520110957,-79.2668099863169,"kN/m","DE"
"biaxial-complete","Estado biaxial uniforme","Acciones prescritas","Proyección completa del estado biaxial","N",55,0.479299850062243,27.4618585298197,-79.7328375876305,"kN/m","DE"
"biaxial-complete","Estado biaxial uniforme","Acciones prescritas","Proyección completa del estado biaxial","N",56,0.488014392790647,27.9611650485437,-80.2046039728956,"kN/m","DE"
"biaxial-complete","Estado biaxial uniforme","Acciones prescritas","Proyección completa del estado biaxial","N",57,0.496728935519052,28.4604715672677,-80.6819658358405,"kN/m","DE"
"biaxial-complete","Estado biaxial uniforme","Acciones prescritas","Proyección completa del estado biaxial","N",58,0.505443478247456,28.9597780859917,-81.1647781704813,"kN/m","DE"
"biaxial-complete","Estado biaxial uniforme","Acciones prescritas","Proyección completa del estado biaxial","N",59,0.514158020975861,29.4590846047157,-81.6528943151697,"kN/m","DE"
"biaxial-complete","Estado biaxial uniforme","Acciones prescritas","Proyección completa del estado biaxial","N",60,0.522872563704265,29.9583911234397,-82.1461659971441,"kN/m","DE"
"biaxial-complete","Estado biaxial uniforme","Acciones prescritas","Proyección completa del estado biaxial","N",61,0.53158710643267,30.4576976421637,-82.644443377569,"kN/m","DE"
"biaxial-complete","Estado biaxial uniforme","Acciones prescritas","Proyección completa del estado biaxial","N",62,0.540301649161074,30.9570041608877,-83.1475750970515,"kN/m","DE"
"biaxial-complete","Estado biaxial uniforme","Acciones prescritas","Proyección completa del estado biaxial","N",63,0.549016191889478,31.4563106796117,-83.6554083216187,"kN/m","DE"
"biaxial-complete","Estado biaxial uniforme","Acciones prescritas","Proyección completa del estado biaxial","N",64,0.557730734617883,31.9556171983356,-84.1677887891437,"kN/m","DE"
"biaxial-complete","Estado biaxial uniforme","Acciones prescritas","Proyección completa del estado biaxial","N",65,0.566445277346287,32.4549237170596,-84.6845608562044,"kN/m","DE"
"biaxial-complete","Estado biaxial uniforme","Acciones prescritas","Proyección completa del estado biaxial","N",66,0.575159820074692,32.9542302357836,-85.2055675453634,"kN/m","DE"
"biaxial-complete","Estado biaxial uniforme","Acciones prescritas","Proyección completa del estado biaxial","N",67,0.583874362803096,33.4535367545076,-85.7306505928518,"kN/m","DE"
"biaxial-complete","Estado biaxial uniforme","Acciones prescritas","Proyección completa del estado biaxial","N",68,0.592588905531501,33.9528432732316,-86.2596504966443,"kN/m","DE"
"biaxial-complete","Estado biaxial uniforme","Acciones prescritas","Proyección completa del estado biaxial","N",69,0.601303448259905,34.4521497919556,-86.7924065649104,"kN/m","DE"
"biaxial-complete","Estado biaxial uniforme","Acciones prescritas","Proyección completa del estado biaxial","N",70,0.610017990988309,34.9514563106796,-87.3287569648274,"kN/m","DE"
"biaxial-complete","Estado biaxial uniforme","Acciones prescritas","Proyección completa del estado biaxial","N",71,0.618732533716714,35.4507628294036,-87.8685387717388,"kN/m","DE"
"biaxial-complete","Estado biaxial uniforme","Acciones prescritas","Proyección completa del estado biaxial","N",72,0.627447076445118,35.9500693481276,-88.411588018646,"kN/m","DE"
"biaxial-complete","Estado biaxial uniforme","Acciones prescritas","Proyección completa del estado biaxial","N",73,0.636161619173523,36.4493758668516,-88.9577397460151,"kN/m","DE"
"biaxial-complete","Estado biaxial uniforme","Acciones prescritas","Proyección completa del estado biaxial","N",74,0.644876161901927,36.9486823855756,-89.5068280518865,"kN/m","DE"
"biaxial-complete","Estado biaxial uniforme","Acciones prescritas","Proyección completa del estado biaxial","N",75,0.653590704630331,37.4479889042996,-90.0586861422695,"kN/m","DE"
"biaxial-complete","Estado biaxial uniforme","Acciones prescritas","Proyección completa del estado biaxial","N",76,0.662305247358736,37.9472954230236,-90.6131463818094,"kN/m","DE"
"biaxial-complete","Estado biaxial uniforme","Acciones prescritas","Proyección completa del estado biaxial","N",77,0.67101979008714,38.4466019417476,-91.1700403447083,"kN/m","DE"
"biaxial-complete","Estado biaxial uniforme","Acciones prescritas","Proyección completa del estado biaxial","N",78,0.679734332815545,38.9459084604716,-91.7291988658878,"kN/m","DE"
"biaxial-complete","Estado biaxial uniforme","Acciones prescritas","Proyección completa del estado biaxial","N",79,0.688448875543949,39.4452149791956,-92.290452092375,"kN/m","DE"
"biaxial-complete","Estado biaxial uniforme","Acciones prescritas","Proyección completa del estado biaxial","N",80,0.697163418272354,39.9445214979196,-92.8536295348985,"kN/m","DE"
"biaxial-complete","Estado biaxial uniforme","Acciones prescritas","Proyección completa del estado biaxial","N",81,0.705877961000758,40.4438280166436,-93.4185601196765,"kN/m","DE"
"biaxial-complete","Estado biaxial uniforme","Acciones prescritas","Proyección completa del estado biaxial","N",82,0.714592503729162,40.9431345353675,-93.9850722403833,"kN/m","DE"
"biaxial-complete","Estado biaxial uniforme","Acciones prescritas","Proyección completa del estado biaxial","N",83,0.723307046457567,41.4424410540915,-94.5529938102778,"kN/m","DE"
"biaxial-complete","Estado biaxial uniforme","Acciones prescritas","Proyección completa del estado biaxial","N",84,0.732021589185971,41.9417475728155,-95.1221523144766,"kN/m","DE"
"biaxial-complete","Estado biaxial uniforme","Acciones prescritas","Proyección completa del estado biaxial","N",85,0.740736131914376,42.4410540915395,-95.6923748623589,"kN/m","DE"
"biaxial-complete","Estado biaxial uniforme","Acciones prescritas","Proyección completa del estado biaxial","N",86,0.74945067464278,42.9403606102635,-96.2634882400841,"kN/m","DE"
"biaxial-complete","Estado biaxial uniforme","Acciones prescritas","Proyección completa del estado biaxial","N",87,0.758165217371184,43.4396671289875,-96.8353189632087,"kN/m","DE"
"biaxial-complete","Estado biaxial uniforme","Acciones prescritas","Proyección completa del estado biaxial","N",88,0.766879760099589,43.9389736477115,-97.4076933293842,"kN/m","DE"
"biaxial-complete","Estado biaxial uniforme","Acciones prescritas","Proyección completa del estado biaxial","N",89,0.775594302827993,44.4382801664355,-97.9804374711224,"kN/m","DE"
"biaxial-complete","Estado biaxial uniforme","Acciones prescritas","Proyección completa del estado biaxial","N",90,0.784308845556398,44.9375866851595,-98.5533774086098,"kN/m","DE"
"biaxial-complete","Estado biaxial uniforme","Acciones prescritas","Proyección completa del estado biaxial","N",91,0.785398163397448,45,-98.625,"kN/m","DE"
"biaxial-complete","Estado biaxial uniforme","Acciones prescritas","Proyección completa del estado biaxial","N",92,0.793023388284802,45.4368932038835,-99.1263391025574,"kN/m","DE"
"biaxial-complete","Estado biaxial uniforme","Acciones prescritas","Proyección completa del estado biaxial","N",93,0.801737931013207,45.9361997226075,-99.6991485070671,"kN/m","DE"
"biaxial-complete","Estado biaxial uniforme","Acciones prescritas","Proyección completa del estado biaxial","N",94,0.810452473741611,46.4355062413315,-100.271631622501,"kN/m","DE"
"biaxial-complete","Estado biaxial uniforme","Acciones prescritas","Proyección completa del estado biaxial","N",95,0.819167016470015,46.9348127600555,-100.843614548336,"kN/m","DE"
"biaxial-complete","Estado biaxial uniforme","Acciones prescritas","Proyección completa del estado biaxial","N",96,0.82788155919842,47.4341192787795,-101.414923535991,"kN/m","DE"
"biaxial-complete","Estado biaxial uniforme","Acciones prescritas","Proyección completa del estado biaxial","N",97,0.836596101926824,47.9334257975035,-101.985385041602,"kN/m","DE"
"biaxial-complete","Estado biaxial uniforme","Acciones prescritas","Proyección completa del estado biaxial","N",98,0.845310644655229,48.4327323162275,-102.554825778741,"kN/m","DE"
"biaxial-complete","Estado biaxial uniforme","Acciones prescritas","Proyección completa del estado biaxial","N",99,0.854025187383633,48.9320388349515,-103.123072771056,"kN/m","DE"
"biaxial-complete","Estado biaxial uniforme","Acciones prescritas","Proyección completa del estado biaxial","N",100,0.862739730112038,49.4313453536755,-103.68995340481,"kN/m","DE"
"biaxial-complete","Estado biaxial uniforme","Acciones prescritas","Proyección completa del estado biaxial","N",101,0.871454272840442,49.9306518723995,-104.255295481322,"kN/m","DE"
"biaxial-complete","Estado biaxial uniforme","Acciones prescritas","Proyección completa del estado biaxial","N",102,0.880168815568846,50.4299583911234,-104.818927269268,"kN/m","DE"
"biaxial-complete","Estado biaxial uniforme","Acciones prescritas","Proyección completa del estado biaxial","N",103,0.888883358297251,50.9292649098474,-105.380677556852,"kN/m","DE"
"biaxial-complete","Estado biaxial uniforme","Acciones prescritas","Proyección completa del estado biaxial","N",104,0.897597901025655,51.4285714285714,-105.940375703814,"kN/m","DE"
"biaxial-complete","Estado biaxial uniforme","Acciones prescritas","Proyección completa del estado biaxial","N",105,0.90631244375406,51.9278779472954,-106.49785169326,"kN/m","DE"
"biaxial-complete","Estado biaxial uniforme","Acciones prescritas","Proyección completa del estado biaxial","N",106,0.915026986482464,52.4271844660194,-107.052936183312,"kN/m","DE"
"biaxial-complete","Estado biaxial uniforme","Acciones prescritas","Proyección completa del estado biaxial","N",107,0.923741529210868,52.9264909847434,-107.605460558548,"kN/m","DE"
"biaxial-complete","Estado biaxial uniforme","Acciones prescritas","Proyección completa del estado biaxial","N",108,0.932456071939273,53.4257975034674,-108.155256981217,"kN/m","DE"
"biaxial-complete","Estado biaxial uniforme","Acciones prescritas","Proyección completa del estado biaxial","N",109,0.941170614667677,53.9251040221914,-108.702158442229,"kN/m","DE"
"biaxial-complete","Estado biaxial uniforme","Acciones prescritas","Proyección completa del estado biaxial","N",110,0.949885157396082,54.4244105409154,-109.24599881188,"kN/m","DE"
"biaxial-complete","Estado biaxial uniforme","Acciones prescritas","Proyección completa del estado biaxial","N",111,0.958599700124486,54.9237170596394,-109.786612890321,"kN/m","DE"
"biaxial-complete","Estado biaxial uniforme","Acciones prescritas","Proyección completa del estado biaxial","N",112,0.967314242852891,55.4230235783634,-110.323836457738,"kN/m","DE"
"biaxial-complete","Estado biaxial uniforme","Acciones prescritas","Proyección completa del estado biaxial","N",113,0.976028785581295,55.9223300970874,-110.857506324236,"kN/m","DE"
"biaxial-complete","Estado biaxial uniforme","Acciones prescritas","Proyección completa del estado biaxial","N",114,0.984743328309699,56.4216366158114,-111.387460379413,"kN/m","DE"
"biaxial-complete","Estado biaxial uniforme","Acciones prescritas","Proyección completa del estado biaxial","N",115,0.993457871038104,56.9209431345354,-111.9135376416,"kN/m","DE"
"biaxial-complete","Estado biaxial uniforme","Acciones prescritas","Proyección completa del estado biaxial","N",116,1.00217241376651,57.4202496532594,-112.435578306764,"kN/m","DE"
"biaxial-complete","Estado biaxial uniforme","Acciones prescritas","Proyección completa del estado biaxial","N",117,1.01088695649491,57.9195561719834,-112.953423797049,"kN/m","DE"
"biaxial-complete","Estado biaxial uniforme","Acciones prescritas","Proyección completa del estado biaxial","N",118,1.01960149922332,58.4188626907073,-113.46691680895,"kN/m","DE"
"biaxial-complete","Estado biaxial uniforme","Acciones prescritas","Proyección completa del estado biaxial","N",119,1.02831604195172,58.9181692094313,-113.975901361092,"kN/m","DE"
"biaxial-complete","Estado biaxial uniforme","Acciones prescritas","Proyección completa del estado biaxial","N",120,1.03703058468013,59.4174757281553,-114.480222841615,"kN/m","DE"
"biaxial-complete","Estado biaxial uniforme","Acciones prescritas","Proyección completa del estado biaxial","N",121,1.04574512740853,59.9167822468793,-114.979728055137,"kN/m","DE"
"biaxial-complete","Estado biaxial uniforme","Acciones prescritas","Proyección completa del estado biaxial","N",122,1.05445967013693,60.4160887656033,-115.474265269293,"kN/m","DE"
"biaxial-complete","Estado biaxial uniforme","Acciones prescritas","Proyección completa del estado biaxial","N",123,1.06317421286534,60.9153952843273,-115.963684260823,"kN/m","DE"
"biaxial-complete","Estado biaxial uniforme","Acciones prescritas","Proyección completa del estado biaxial","N",124,1.07188875559374,61.4147018030513,-116.447836361204,"kN/m","DE"
"biaxial-complete","Estado biaxial uniforme","Acciones prescritas","Proyección completa del estado biaxial","N",125,1.08060329832215,61.9140083217753,-116.926574501815,"kN/m","DE"
"biaxial-complete","Estado biaxial uniforme","Acciones prescritas","Proyección completa del estado biaxial","N",126,1.08931784105055,62.4133148404993,-117.399753258606,"kN/m","DE"
"biaxial-complete","Estado biaxial uniforme","Acciones prescritas","Proyección completa del estado biaxial","N",127,1.09803238377896,62.9126213592233,-117.867228896276,"kN/m","DE"
"biaxial-complete","Estado biaxial uniforme","Acciones prescritas","Proyección completa del estado biaxial","N",128,1.10674692650736,63.4119278779473,-118.328859411933,"kN/m","DE"
"biaxial-complete","Estado biaxial uniforme","Acciones prescritas","Proyección completa del estado biaxial","N",129,1.11546146923577,63.9112343966713,-118.784504578232,"kN/m","DE"
"biaxial-complete","Estado biaxial uniforme","Acciones prescritas","Proyección completa del estado biaxial","N",130,1.12417601196417,64.4105409153953,-119.234025985968,"kN/m","DE"
"biaxial-complete","Estado biaxial uniforme","Acciones prescritas","Proyección completa del estado biaxial","N",131,1.13289055469257,64.9098474341193,-119.677287086122,"kN/m","DE"
"biaxial-complete","Estado biaxial uniforme","Acciones prescritas","Proyección completa del estado biaxial","N",132,1.14160509742098,65.4091539528433,-120.11415323134,"kN/m","DE"
"biaxial-complete","Estado biaxial uniforme","Acciones prescritas","Proyección completa del estado biaxial","N",133,1.15031964014938,65.9084604715673,-120.544491716833,"kN/m","DE"
"biaxial-complete","Estado biaxial uniforme","Acciones prescritas","Proyección completa del estado biaxial","N",134,1.15903418287779,66.4077669902913,-120.968171820689,"kN/m","DE"
"biaxial-complete","Estado biaxial uniforme","Acciones prescritas","Proyección completa del estado biaxial","N",135,1.16774872560619,66.9070735090153,-121.385064843582,"kN/m","DE"
"biaxial-complete","Estado biaxial uniforme","Acciones prescritas","Proyección completa del estado biaxial","N",136,1.1764632683346,67.4063800277392,-121.795044147864,"kN/m","DE"
"biaxial-complete","Estado biaxial uniforme","Acciones prescritas","Proyección completa del estado biaxial","N",137,1.185177811063,67.9056865464632,-122.197985196037,"kN/m","DE"
"biaxial-complete","Estado biaxial uniforme","Acciones prescritas","Proyección completa del estado biaxial","N",138,1.19389235379141,68.4049930651872,-122.593765588581,"kN/m","DE"
"biaxial-complete","Estado biaxial uniforme","Acciones prescritas","Proyección completa del estado biaxial","N",139,1.20260689651981,68.9042995839112,-122.982265101133,"kN/m","DE"
"biaxial-complete","Estado biaxial uniforme","Acciones prescritas","Proyección completa del estado biaxial","N",140,1.21132143924821,69.4036061026352,-123.363365721012,"kN/m","DE"
"biaxial-complete","Estado biaxial uniforme","Acciones prescritas","Proyección completa del estado biaxial","N",141,1.22003598197662,69.9029126213592,-123.736951683061,"kN/m","DE"
"biaxial-complete","Estado biaxial uniforme","Acciones prescritas","Proyección completa del estado biaxial","N",142,1.22875052470502,70.4022191400832,-124.102909504818,"kN/m","DE"
"biaxial-complete","Estado biaxial uniforme","Acciones prescritas","Proyección completa del estado biaxial","N",143,1.23746506743343,70.9015256588072,-124.461128020983,"kN/m","DE"
"biaxial-complete","Estado biaxial uniforme","Acciones prescritas","Proyección completa del estado biaxial","N",144,1.24617961016183,71.4008321775312,-124.811498417192,"kN/m","DE"
"biaxial-complete","Estado biaxial uniforme","Acciones prescritas","Proyección completa del estado biaxial","N",145,1.25489415289024,71.9001386962552,-125.153914263065,"kN/m","DE"
"biaxial-complete","Estado biaxial uniforme","Acciones prescritas","Proyección completa del estado biaxial","N",146,1.26360869561864,72.3994452149792,-125.48827154454,"kN/m","DE"
"biaxial-complete","Estado biaxial uniforme","Acciones prescritas","Proyección completa del estado biaxial","N",147,1.27232323834705,72.8987517337032,-125.814468695466,"kN/m","DE"
"biaxial-complete","Estado biaxial uniforme","Acciones prescritas","Proyección completa del estado biaxial","N",148,1.28103778107545,73.3980582524272,-126.132406628459,"kN/m","DE"
"biaxial-complete","Estado biaxial uniforme","Acciones prescritas","Proyección completa del estado biaxial","N",149,1.28975232380385,73.8973647711512,-126.441988764997,"kN/m","DE"
"biaxial-complete","Estado biaxial uniforme","Acciones prescritas","Proyección completa del estado biaxial","N",150,1.29846686653226,74.3966712898752,-126.74312106476,"kN/m","DE"
"biaxial-complete","Estado biaxial uniforme","Acciones prescritas","Proyección completa del estado biaxial","N",151,1.30718140926066,74.8959778085992,-127.035712054197,"kN/m","DE"
"biaxial-complete","Estado biaxial uniforme","Acciones prescritas","Proyección completa del estado biaxial","N",152,1.31589595198907,75.3952843273232,-127.319672854307,"kN/m","DE"
"biaxial-complete","Estado biaxial uniforme","Acciones prescritas","Proyección completa del estado biaxial","N",153,1.32461049471747,75.8945908460472,-127.594917207646,"kN/m","DE"
"biaxial-complete","Estado biaxial uniforme","Acciones prescritas","Proyección completa del estado biaxial","N",154,1.33332503744588,76.3938973647712,-127.861361504522,"kN/m","DE"
"biaxial-complete","Estado biaxial uniforme","Acciones prescritas","Proyección completa del estado biaxial","N",155,1.34203958017428,76.8932038834951,-128.118924808394,"kN/m","DE"
"biaxial-complete","Estado biaxial uniforme","Acciones prescritas","Proyección completa del estado biaxial","N",156,1.35075412290268,77.3925104022191,-128.36752888046,"kN/m","DE"
"biaxial-complete","Estado biaxial uniforme","Acciones prescritas","Proyección completa del estado biaxial","N",157,1.35946866563109,77.8918169209431,-128.607098203424,"kN/m","DE"
"biaxial-complete","Estado biaxial uniforme","Acciones prescritas","Proyección completa del estado biaxial","N",158,1.36818320835949,78.3911234396671,-128.837560004429,"kN/m","DE"
"biaxial-complete","Estado biaxial uniforme","Acciones prescritas","Proyección completa del estado biaxial","N",159,1.3768977510879,78.8904299583911,-129.058844277171,"kN/m","DE"
"biaxial-complete","Estado biaxial uniforme","Acciones prescritas","Proyección completa del estado biaxial","N",160,1.3856122938163,79.3897364771151,-129.270883803161,"kN/m","DE"
"biaxial-complete","Estado biaxial uniforme","Acciones prescritas","Proyección completa del estado biaxial","N",161,1.39432683654471,79.8890429958391,-129.47361417214,"kN/m","DE"
"biaxial-complete","Estado biaxial uniforme","Acciones prescritas","Proyección completa del estado biaxial","N",162,1.40304137927311,80.3883495145631,-129.666973801653,"kN/m","DE"
"biaxial-complete","Estado biaxial uniforme","Acciones prescritas","Proyección completa del estado biaxial","N",163,1.41175592200152,80.8876560332871,-129.850903955746,"kN/m","DE"
"biaxial-complete","Estado biaxial uniforme","Acciones prescritas","Proyección completa del estado biaxial","N",164,1.42047046472992,81.3869625520111,-130.025348762817,"kN/m","DE"
"biaxial-complete","Estado biaxial uniforme","Acciones prescritas","Proyección completa del estado biaxial","N",165,1.42918500745832,81.8862690707351,-130.19025523258,"kN/m","DE"
"biaxial-complete","Estado biaxial uniforme","Acciones prescritas","Proyección completa del estado biaxial","N",166,1.43789955018673,82.3855755894591,-130.345573272168,"kN/m","DE"
"biaxial-complete","Estado biaxial uniforme","Acciones prescritas","Proyección completa del estado biaxial","N",167,1.44661409291513,82.8848821081831,-130.491255701345,"kN/m","DE"
"biaxial-complete","Estado biaxial uniforme","Acciones prescritas","Proyección completa del estado biaxial","N",168,1.45532863564354,83.3841886269071,-130.62725826684,"kN/m","DE"
"biaxial-complete","Estado biaxial uniforme","Acciones prescritas","Proyección completa del estado biaxial","N",169,1.46404317837194,83.8834951456311,-130.753539655788,"kN/m","DE"
"biaxial-complete","Estado biaxial uniforme","Acciones prescritas","Proyección completa del estado biaxial","N",170,1.47275772110035,84.3828016643551,-130.870061508283,"kN/m","DE"
"biaxial-complete","Estado biaxial uniforme","Acciones prescritas","Proyección completa del estado biaxial","N",171,1.48147226382875,84.882108183079,-130.976788429024,"kN/m","DE"
"biaxial-complete","Estado biaxial uniforme","Acciones prescritas","Proyección completa del estado biaxial","N",172,1.49018680655716,85.381414701803,-131.073687998073,"kN/m","DE"
"biaxial-complete","Estado biaxial uniforme","Acciones prescritas","Proyección completa del estado biaxial","N",173,1.49890134928556,85.880721220527,-131.160730780701,"kN/m","DE"
"biaxial-complete","Estado biaxial uniforme","Acciones prescritas","Proyección completa del estado biaxial","N",174,1.50761589201396,86.380027739251,-131.237890336329,"kN/m","DE"
"biaxial-complete","Estado biaxial uniforme","Acciones prescritas","Proyección completa del estado biaxial","N",175,1.51633043474237,86.879334257975,-131.305143226558,"kN/m","DE"
"biaxial-complete","Estado biaxial uniforme","Acciones prescritas","Proyección completa del estado biaxial","N",176,1.52504497747077,87.378640776699,-131.362469022292,"kN/m","DE"
"biaxial-complete","Estado biaxial uniforme","Acciones prescritas","Proyección completa del estado biaxial","N",177,1.53375952019918,87.877947295423,-131.409850309942,"kN/m","DE"
"biaxial-complete","Estado biaxial uniforme","Acciones prescritas","Proyección completa del estado biaxial","N",178,1.54247406292758,88.377253814147,-131.447272696715,"kN/m","DE"
"biaxial-complete","Estado biaxial uniforme","Acciones prescritas","Proyección completa del estado biaxial","N",179,1.55118860565599,88.876560332871,-131.474724814988,"kN/m","DE"
"biaxial-complete","Estado biaxial uniforme","Acciones prescritas","Proyección completa del estado biaxial","N",180,1.55990314838439,89.375866851595,-131.492198325759,"kN/m","DE"
"biaxial-complete","Estado biaxial uniforme","Acciones prescritas","Proyección completa del estado biaxial","N",181,1.5686176911128,89.875173370319,-131.49968792118,"kN/m","DE"
"biaxial-complete","Estado biaxial uniforme","Acciones prescritas","Proyección completa del estado biaxial","N",182,1.5707963267949,90,-131.5,"kN/m","DE"
"biaxial-complete","Estado biaxial uniforme","Acciones prescritas","Proyección completa del estado biaxial","N",183,1.5773322338412,90.374479889043,-131.497191326174,"kN/m","DE"
"biaxial-complete","Estado biaxial uniforme","Acciones prescritas","Proyección completa del estado biaxial","N",184,1.5860467765696,90.873786407767,-131.484709299118,"kN/m","DE"
"biaxial-complete","Estado biaxial uniforme","Acciones prescritas","Proyección completa del estado biaxial","N",185,1.59476131929801,91.373092926491,-131.462245631619,"kN/m","DE"
"biaxial-complete","Estado biaxial uniforme","Acciones prescritas","Proyección completa del estado biaxial","N",186,1.60347586202641,91.872399445215,-131.429807147362,"kN/m","DE"
"biaxial-complete","Estado biaxial uniforme","Acciones prescritas","Proyección completa del estado biaxial","N",187,1.61219040475482,92.371705963939,-131.387403700033,"kN/m","DE"
"biaxial-complete","Estado biaxial uniforme","Acciones prescritas","Proyección completa del estado biaxial","N",188,1.62090494748322,92.871012482663,-131.335048170329,"kN/m","DE"
"biaxial-complete","Estado biaxial uniforme","Acciones prescritas","Proyección completa del estado biaxial","N",189,1.62961949021163,93.370319001387,-131.272756462045,"kN/m","DE"
"biaxial-complete","Estado biaxial uniforme","Acciones prescritas","Proyección completa del estado biaxial","N",190,1.63833403294003,93.869625520111,-131.200547497242,"kN/m","DE"
"biaxial-complete","Estado biaxial uniforme","Acciones prescritas","Proyección completa del estado biaxial","N",191,1.64704857566844,94.3689320388349,-131.1184432105,"kN/m","DE"
"biaxial-complete","Estado biaxial uniforme","Acciones prescritas","Proyección completa del estado biaxial","N",192,1.65576311839684,94.868238557559,-131.026468542255,"kN/m","DE"
"biaxial-complete","Estado biaxial uniforme","Acciones prescritas","Proyección completa del estado biaxial","N",193,1.66447766112524,95.367545076283,-130.924651431223,"kN/m","DE"
"biaxial-complete","Estado biaxial uniforme","Acciones prescritas","Proyección completa del estado biaxial","N",194,1.67319220385365,95.8668515950069,-130.813022805912,"kN/m","DE"
"biaxial-complete","Estado biaxial uniforme","Acciones prescritas","Proyección completa del estado biaxial","N",195,1.68190674658205,96.3661581137309,-130.691616575228,"kN/m","DE"
"biaxial-complete","Estado biaxial uniforme","Acciones prescritas","Proyección completa del estado biaxial","N",196,1.69062128931046,96.8654646324549,-130.560469618174,"kN/m","DE"
"biaxial-complete","Estado biaxial uniforme","Acciones prescritas","Proyección completa del estado biaxial","N",197,1.69933583203886,97.3647711511789,-130.41962177265,"kN/m","DE"
"biaxial-complete","Estado biaxial uniforme","Acciones prescritas","Proyección completa del estado biaxial","N",198,1.70805037476727,97.8640776699029,-130.269115823348,"kN/m","DE"
"biaxial-complete","Estado biaxial uniforme","Acciones prescritas","Proyección completa del estado biaxial","N",199,1.71676491749567,98.3633841886269,-130.108997488757,"kN/m","DE"
"biaxial-complete","Estado biaxial uniforme","Acciones prescritas","Proyección completa del estado biaxial","N",200,1.72547946022408,98.8626907073509,-129.939315407276,"kN/m","DE"
"biaxial-complete","Estado biaxial uniforme","Acciones prescritas","Proyección completa del estado biaxial","N",201,1.73419400295248,99.3619972260749,-129.760121122438,"kN/m","DE"
"biaxial-complete","Estado biaxial uniforme","Acciones prescritas","Proyección completa del estado biaxial","N",202,1.74290854568088,99.8613037447989,-129.571469067255,"kN/m","DE"
"biaxial-complete","Estado biaxial uniforme","Acciones prescritas","Proyección completa del estado biaxial","N",203,1.75162308840929,100.360610263523,-129.37341654768,"kN/m","DE"
"biaxial-complete","Estado biaxial uniforme","Acciones prescritas","Proyección completa del estado biaxial","N",204,1.76033763113769,100.859916782247,-129.166023725203,"kN/m","DE"
"biaxial-complete","Estado biaxial uniforme","Acciones prescritas","Proyección completa del estado biaxial","N",205,1.7690521738661,101.359223300971,-128.949353598572,"kN/m","DE"
"biaxial-complete","Estado biaxial uniforme","Acciones prescritas","Proyección completa del estado biaxial","N",206,1.7777667165945,101.858529819695,-128.723471984659,"kN/m","DE"
"biaxial-complete","Estado biaxial uniforme","Acciones prescritas","Proyección completa del estado biaxial","N",207,1.78648125932291,102.357836338419,-128.488447498469,"kN/m","DE"
"biaxial-complete","Estado biaxial uniforme","Acciones prescritas","Proyección completa del estado biaxial","N",208,1.79519580205131,102.857142857143,-128.244351532292,"kN/m","DE"
"biaxial-complete","Estado biaxial uniforme","Acciones prescritas","Proyección completa del estado biaxial","N",209,1.80391034477971,103.356449375867,-127.991258234019,"kN/m","DE"
"biaxial-complete","Estado biaxial uniforme","Acciones prescritas","Proyección completa del estado biaxial","N",210,1.81262488750812,103.855755894591,-127.72924448462,"kN/m","DE"
"biaxial-complete","Estado biaxial uniforme","Acciones prescritas","Proyección completa del estado biaxial","N",211,1.82133943023652,104.355062413315,-127.458389874787,"kN/m","DE"
"biaxial-complete","Estado biaxial uniforme","Acciones prescritas","Proyección completa del estado biaxial","N",212,1.83005397296493,104.854368932039,-127.178776680762,"kN/m","DE"
"biaxial-complete","Estado biaxial uniforme","Acciones prescritas","Proyección completa del estado biaxial","N",213,1.83876851569333,105.353675450763,-126.890489839337,"kN/m","DE"
"biaxial-complete","Estado biaxial uniforme","Acciones prescritas","Proyección completa del estado biaxial","N",214,1.84748305842174,105.852981969487,-126.59361692206,"kN/m","DE"
"biaxial-complete","Estado biaxial uniforme","Acciones prescritas","Proyección completa del estado biaxial","N",215,1.85619760115014,106.352288488211,-126.288248108632,"kN/m","DE"
"biaxial-complete","Estado biaxial uniforme","Acciones prescritas","Proyección completa del estado biaxial","N",216,1.86491214387855,106.851595006935,-125.974476159511,"kN/m","DE"
"biaxial-complete","Estado biaxial uniforme","Acciones prescritas","Proyección completa del estado biaxial","N",217,1.87362668660695,107.350901525659,-125.652396387736,"kN/m","DE"
"biaxial-complete","Estado biaxial uniforme","Acciones prescritas","Proyección completa del estado biaxial","N",218,1.88234122933535,107.850208044383,-125.322106629975,"kN/m","DE"
"biaxial-complete","Estado biaxial uniforme","Acciones prescritas","Proyección completa del estado biaxial","N",219,1.89105577206376,108.349514563107,-124.983707216806,"kN/m","DE"
"biaxial-complete","Estado biaxial uniforme","Acciones prescritas","Proyección completa del estado biaxial","N",220,1.89977031479216,108.848821081831,-124.637300942238,"kN/m","DE"
"biaxial-complete","Estado biaxial uniforme","Acciones prescritas","Proyección completa del estado biaxial","N",221,1.90848485752057,109.348127600555,-124.282993032488,"kN/m","DE"
"biaxial-complete","Estado biaxial uniforme","Acciones prescritas","Proyección completa del estado biaxial","N",222,1.91719940024897,109.847434119279,-123.920891114015,"kN/m","DE"
"biaxial-complete","Estado biaxial uniforme","Acciones prescritas","Proyección completa del estado biaxial","N",223,1.92591394297738,110.346740638003,-123.551105180827,"kN/m","DE"
"biaxial-complete","Estado biaxial uniforme","Acciones prescritas","Proyección completa del estado biaxial","N",224,1.93462848570578,110.846047156727,-123.173747561071,"kN/m","DE"
"biaxial-complete","Estado biaxial uniforme","Acciones prescritas","Proyección completa del estado biaxial","N",225,1.94334302843419,111.345353675451,-122.788932882908,"kN/m","DE"
"biaxial-complete","Estado biaxial uniforme","Acciones prescritas","Proyección completa del estado biaxial","N",226,1.95205757116259,111.844660194175,-122.396778039697,"kN/m","DE"
"biaxial-complete","Estado biaxial uniforme","Acciones prescritas","Proyección completa del estado biaxial","N",227,1.96077211389099,112.343966712899,-121.997402154482,"kN/m","DE"
"biaxial-complete","Estado biaxial uniforme","Acciones prescritas","Proyección completa del estado biaxial","N",228,1.9694866566194,112.843273231623,-121.590926543812,"kN/m","DE"
"biaxial-complete","Estado biaxial uniforme","Acciones prescritas","Proyección completa del estado biaxial","N",229,1.9782011993478,113.342579750347,-121.177474680883,"kN/m","DE"
"biaxial-complete","Estado biaxial uniforme","Acciones prescritas","Proyección completa del estado biaxial","N",230,1.98691574207621,113.841886269071,-120.757172158039,"kN/m","DE"
"biaxial-complete","Estado biaxial uniforme","Acciones prescritas","Proyección completa del estado biaxial","N",231,1.99563028480461,114.341192787795,-120.330146648614,"kN/m","DE"
"biaxial-complete","Estado biaxial uniforme","Acciones prescritas","Proyección completa del estado biaxial","N",232,2.00434482753302,114.840499306519,-119.896527868152,"kN/m","DE"
"biaxial-complete","Estado biaxial uniforme","Acciones prescritas","Proyección completa del estado biaxial","N",233,2.01305937026142,115.339805825243,-119.456447535005,"kN/m","DE"
"biaxial-complete","Estado biaxial uniforme","Acciones prescritas","Proyección completa del estado biaxial","N",234,2.02177391298983,115.839112343967,-119.010039330321,"kN/m","DE"
"biaxial-complete","Estado biaxial uniforme","Acciones prescritas","Proyección completa del estado biaxial","N",235,2.03048845571823,116.338418862691,-118.557438857436,"kN/m","DE"
"biaxial-complete","Estado biaxial uniforme","Acciones prescritas","Proyección completa del estado biaxial","N",236,2.03920299844663,116.837725381415,-118.098783600682,"kN/m","DE"
"biaxial-complete","Estado biaxial uniforme","Acciones prescritas","Proyección completa del estado biaxial","N",237,2.04791754117504,117.337031900139,-117.634212883623,"kN/m","DE"
"biaxial-complete","Estado biaxial uniforme","Acciones prescritas","Proyección completa del estado biaxial","N",238,2.05663208390344,117.836338418863,-117.163867826739,"kN/m","DE"
"biaxial-complete","Estado biaxial uniforme","Acciones prescritas","Proyección completa del estado biaxial","N",239,2.06534662663185,118.335644937587,-116.687891304549,"kN/m","DE"
"biaxial-complete","Estado biaxial uniforme","Acciones prescritas","Proyección completa del estado biaxial","N",240,2.07406116936025,118.834951456311,-116.20642790222,"kN/m","DE"
"biaxial-complete","Estado biaxial uniforme","Acciones prescritas","Proyección completa del estado biaxial","N",241,2.08277571208866,119.334257975035,-115.71962387164,"kN/m","DE"
"biaxial-complete","Estado biaxial uniforme","Acciones prescritas","Proyección completa del estado biaxial","N",242,2.09149025481706,119.833564493759,-115.227627086997,"kN/m","DE"
"biaxial-complete","Estado biaxial uniforme","Acciones prescritas","Proyección completa del estado biaxial","N",243,2.10020479754546,120.332871012483,-114.730586999856,"kN/m","DE"
"biaxial-complete","Estado biaxial uniforme","Acciones prescritas","Proyección completa del estado biaxial","N",244,2.10891934027387,120.832177531207,-114.228654593763,"kN/m","DE"
"biaxial-complete","Estado biaxial uniforme","Acciones prescritas","Proyección completa del estado biaxial","N",245,2.11763388300227,121.331484049931,-113.721982338383,"kN/m","DE"
"biaxial-complete","Estado biaxial uniforme","Acciones prescritas","Proyección completa del estado biaxial","N",246,2.12634842573068,121.830790568655,-113.210724143178,"kN/m","DE"
"biaxial-complete","Estado biaxial uniforme","Acciones prescritas","Proyección completa del estado biaxial","N",247,2.13506296845908,122.330097087379,-112.695035310665,"kN/m","DE"
"biaxial-complete","Estado biaxial uniforme","Acciones prescritas","Proyección completa del estado biaxial","N",248,2.14377751118749,122.829403606103,-112.175072489231,"kN/m","DE"
"biaxial-complete","Estado biaxial uniforme","Acciones prescritas","Proyección completa del estado biaxial","N",249,2.15249205391589,123.328710124827,-111.650993625554,"kN/m","DE"
"biaxial-complete","Estado biaxial uniforme","Acciones prescritas","Proyección completa del estado biaxial","N",250,2.1612065966443,123.828016643551,-111.122957916624,"kN/m","DE"
"biaxial-complete","Estado biaxial uniforme","Acciones prescritas","Proyección completa del estado biaxial","N",251,2.1699211393727,124.327323162275,-110.591125761382,"kN/m","DE"
"biaxial-complete","Estado biaxial uniforme","Acciones prescritas","Proyección completa del estado biaxial","N",252,2.1786356821011,124.826629680999,-110.055658711997,"kN/m","DE"
"biaxial-complete","Estado biaxial uniforme","Acciones prescritas","Proyección completa del estado biaxial","N",253,2.18735022482951,125.325936199723,-109.516719424796,"kN/m","DE"
"biaxial-complete","Estado biaxial uniforme","Acciones prescritas","Proyección completa del estado biaxial","N",254,2.19606476755791,125.825242718447,-108.974471610848,"kN/m","DE"
"biaxial-complete","Estado biaxial uniforme","Acciones prescritas","Proyección completa del estado biaxial","N",255,2.20477931028632,126.324549237171,-108.42907998624,"kN/m","DE"
"biaxial-complete","Estado biaxial uniforme","Acciones prescritas","Proyección completa del estado biaxial","N",256,2.21349385301472,126.823855755895,-107.880710222039,"kN/m","DE"
"biaxial-complete","Estado biaxial uniforme","Acciones prescritas","Proyección completa del estado biaxial","N",257,2.22220839574313,127.323162274619,-107.329528893967,"kN/m","DE"
"biaxial-complete","Estado biaxial uniforme","Acciones prescritas","Proyección completa del estado biaxial","N",258,2.23092293847153,127.822468793343,-106.775703431802,"kN/m","DE"
"biaxial-complete","Estado biaxial uniforme","Acciones prescritas","Proyección completa del estado biaxial","N",259,2.23963748119994,128.321775312067,-106.219402068518,"kN/m","DE"
"biaxial-complete","Estado biaxial uniforme","Acciones prescritas","Proyección completa del estado biaxial","N",260,2.24835202392834,128.821081830791,-105.660793789183,"kN/m","DE"
"biaxial-complete","Estado biaxial uniforme","Acciones prescritas","Proyección completa del estado biaxial","N",261,2.25706656665674,129.320388349515,-105.100048279625,"kN/m","DE"
"biaxial-complete","Estado biaxial uniforme","Acciones prescritas","Proyección completa del estado biaxial","N",262,2.26578110938515,129.819694868239,-104.53733587489,"kN/m","DE"
"biaxial-complete","Estado biaxial uniforme","Acciones prescritas","Proyección completa del estado biaxial","N",263,2.27449565211355,130.319001386963,-103.972827507495,"kN/m","DE"
"biaxial-complete","Estado biaxial uniforme","Acciones prescritas","Proyección completa del estado biaxial","N",264,2.28321019484196,130.818307905687,-103.406694655512,"kN/m","DE"
"biaxial-complete","Estado biaxial uniforme","Acciones prescritas","Proyección completa del estado biaxial","N",265,2.29192473757036,131.317614424411,-102.839109290474,"kN/m","DE"
"biaxial-complete","Estado biaxial uniforme","Acciones prescritas","Proyección completa del estado biaxial","N",266,2.30063928029877,131.816920943135,-102.270243825136,"kN/m","DE"
"biaxial-complete","Estado biaxial uniforme","Acciones prescritas","Proyección completa del estado biaxial","N",267,2.30935382302717,132.316227461859,-101.700271061105,"kN/m","DE"
"biaxial-complete","Estado biaxial uniforme","Acciones prescritas","Proyección completa del estado biaxial","N",268,2.31806836575558,132.815533980583,-101.129364136344,"kN/m","DE"
"biaxial-complete","Estado biaxial uniforme","Acciones prescritas","Proyección completa del estado biaxial","N",269,2.32678290848398,133.314840499307,-100.557696472585,"kN/m","DE"
"biaxial-complete","Estado biaxial uniforme","Acciones prescritas","Proyección completa del estado biaxial","N",270,2.33549745121238,133.814147018031,-99.9854417226433,"kN/m","DE"
"biaxial-complete","Estado biaxial uniforme","Acciones prescritas","Proyección completa del estado biaxial","N",271,2.34421199394079,134.313453536755,-99.4127737176731,"kN/m","DE"
"biaxial-complete","Estado biaxial uniforme","Acciones prescritas","Proyección completa del estado biaxial","N",272,2.35292653666919,134.812760055478,-98.8398664143595,"kN/m","DE"
"biaxial-complete","Estado biaxial uniforme","Acciones prescritas","Proyección completa del estado biaxial","N",273,2.35619449019234,135,-98.625,"kN/m","DE"
"biaxial-complete","Estado biaxial uniforme","Acciones prescritas","Proyección completa del estado biaxial","N",274,2.3616410793976,135.312066574203,-98.2668938420785,"kN/m","DE"
"biaxial-complete","Estado biaxial uniforme","Acciones prescritas","Proyección completa del estado biaxial","N",275,2.370355622126,135.811373092926,-97.6940300500329,"kN/m","DE"
"biaxial-complete","Estado biaxial uniforme","Acciones prescritas","Proyección completa del estado biaxial","N",276,2.37907016485441,136.31067961165,-97.1214490543814,"kN/m","DE"
"biaxial-complete","Estado biaxial uniforme","Acciones prescritas","Proyección completa del estado biaxial","N",277,2.38778470758281,136.809986130374,-96.5493247853792,"kN/m","DE"
"biaxial-complete","Estado biaxial uniforme","Acciones prescritas","Proyección completa del estado biaxial","N",278,2.39649925031122,137.309292649098,-95.9778310345438,"kN/m","DE"
"biaxial-complete","Estado biaxial uniforme","Acciones prescritas","Proyección completa del estado biaxial","N",279,2.40521379303962,137.808599167822,-95.407141401863,"kN/m","DE"
"biaxial-complete","Estado biaxial uniforme","Acciones prescritas","Proyección completa del estado biaxial","N",280,2.41392833576802,138.307905686546,-94.8374292430615,"kN/m","DE"
"biaxial-complete","Estado biaxial uniforme","Acciones prescritas","Proyección completa del estado biaxial","N",281,2.42264287849643,138.80721220527,-94.2688676169413,"kN/m","DE"
"biaxial-complete","Estado biaxial uniforme","Acciones prescritas","Proyección completa del estado biaxial","N",282,2.43135742122483,139.306518723994,-93.7016292328123,"kN/m","DE"
"biaxial-complete","Estado biaxial uniforme","Acciones prescritas","Proyección completa del estado biaxial","N",283,2.44007196395324,139.805825242718,-93.1358863980297,"kN/m","DE"
"biaxial-complete","Estado biaxial uniforme","Acciones prescritas","Proyección completa del estado biaxial","N",284,2.44878650668164,140.305131761442,-92.5718109656523,"kN/m","DE"
"biaxial-complete","Estado biaxial uniforme","Acciones prescritas","Proyección completa del estado biaxial","N",285,2.45750104941005,140.804438280166,-92.0095742822402,"kN/m","DE"
"biaxial-complete","Estado biaxial uniforme","Acciones prescritas","Proyección completa del estado biaxial","N",286,2.46621559213845,141.30374479889,-91.4493471358049,"kN/m","DE"
"biaxial-complete","Estado biaxial uniforme","Acciones prescritas","Proyección completa del estado biaxial","N",287,2.47493013486686,141.803051317614,-90.8912997039306,"kN/m","DE"
"biaxial-complete","Estado biaxial uniforme","Acciones prescritas","Proyección completa del estado biaxial","N",288,2.48364467759526,142.302357836338,-90.3356015020797,"kN/m","DE"
"biaxial-complete","Estado biaxial uniforme","Acciones prescritas","Proyección completa del estado biaxial","N",289,2.49235922032366,142.801664355062,-89.7824213320998,"kN/m","DE"
"biaxial-complete","Estado biaxial uniforme","Acciones prescritas","Proyección completa del estado biaxial","N",290,2.50107376305207,143.300970873786,-89.2319272309479,"kN/m","DE"
"biaxial-complete","Estado biaxial uniforme","Acciones prescritas","Proyección completa del estado biaxial","N",291,2.50978830578047,143.80027739251,-88.6842864196464,"kN/m","DE"
"biaxial-complete","Estado biaxial uniforme","Acciones prescritas","Proyección completa del estado biaxial","N",292,2.51850284850888,144.299583911234,-88.139665252487,"kN/m","DE"
"biaxial-complete","Estado biaxial uniforme","Acciones prescritas","Proyección completa del estado biaxial","N",293,2.52721739123728,144.798890429958,-87.5982291664985,"kN/m","DE"
"biaxial-complete","Estado biaxial uniforme","Acciones prescritas","Proyección completa del estado biaxial","N",294,2.53593193396569,145.298196948682,-87.0601426311922,"kN/m","DE"
"biaxial-complete","Estado biaxial uniforme","Acciones prescritas","Proyección completa del estado biaxial","N",295,2.54464647669409,145.797503467406,-86.525569098602,"kN/m","DE"
"biaxial-complete","Estado biaxial uniforme","Acciones prescritas","Proyección completa del estado biaxial","N",296,2.55336101942249,146.29680998613,-85.9946709536337,"kN/m","DE"
"biaxial-complete","Estado biaxial uniforme","Acciones prescritas","Proyección completa del estado biaxial","N",297,2.5620755621509,146.796116504854,-85.4676094647374,"kN/m","DE"
"biaxial-complete","Estado biaxial uniforme","Acciones prescritas","Proyección completa del estado biaxial","N",298,2.5707901048793,147.295423023578,-84.9445447349203,"kN/m","DE"
"biaxial-complete","Estado biaxial uniforme","Acciones prescritas","Proyección completa del estado biaxial","N",299,2.57950464760771,147.794729542302,-84.4256356531127,"kN/m","DE"
"biaxial-complete","Estado biaxial uniforme","Acciones prescritas","Proyección completa del estado biaxial","N",300,2.58821919033611,148.294036061026,-83.9110398459033,"kN/m","DE"
"biaxial-complete","Estado biaxial uniforme","Acciones prescritas","Proyección completa del estado biaxial","N",301,2.59693373306452,148.79334257975,-83.4009136296571,"kN/m","DE"
"biaxial-complete","Estado biaxial uniforme","Acciones prescritas","Proyección completa del estado biaxial","N",302,2.60564827579292,149.292649098474,-82.8954119630327,"kN/m","DE"
"biaxial-complete","Estado biaxial uniforme","Acciones prescritas","Proyección completa del estado biaxial","N",303,2.61436281852133,149.791955617198,-82.3946883999108,"kN/m","DE"
"biaxial-complete","Estado biaxial uniforme","Acciones prescritas","Proyección completa del estado biaxial","N",304,2.62307736124973,150.291262135922,-81.8988950427496,"kN/m","DE"
"biaxial-complete","Estado biaxial uniforme","Acciones prescritas","Proyección completa del estado biaxial","N",305,2.63179190397813,150.790568654646,-81.4081824963822,"kN/m","DE"
"biaxial-complete","Estado biaxial uniforme","Acciones prescritas","Proyección completa del estado biaxial","N",306,2.64050644670654,151.28987517337,-80.922699822267,"kN/m","DE"
"biaxial-complete","Estado biaxial uniforme","Acciones prescritas","Proyección completa del estado biaxial","N",307,2.64922098943494,151.789181692094,-80.4425944932088,"kN/m","DE"
"biaxial-complete","Estado biaxial uniforme","Acciones prescritas","Proyección completa del estado biaxial","N",308,2.65793553216335,152.288488210818,-79.9680123485614,"kN/m","DE"
"biaxial-complete","Estado biaxial uniforme","Acciones prescritas","Proyección completa del estado biaxial","N",309,2.66665007489175,152.787794729542,-79.4990975499267,"kN/m","DE"
"biaxial-complete","Estado biaxial uniforme","Acciones prescritas","Proyección completa del estado biaxial","N",310,2.67536461762016,153.287101248266,-79.0359925373632,"kN/m","DE"
"biaxial-complete","Estado biaxial uniforme","Acciones prescritas","Proyección completa del estado biaxial","N",311,2.68407916034856,153.78640776699,-78.578837986118,"kN/m","DE"
"biaxial-complete","Estado biaxial uniforme","Acciones prescritas","Proyección completa del estado biaxial","N",312,2.69279370307697,154.285714285714,-78.1277727638941,"kN/m","DE"
"biaxial-complete","Estado biaxial uniforme","Acciones prescritas","Proyección completa del estado biaxial","N",313,2.70150824580537,154.785020804438,-77.6829338886678,"kN/m","DE"
"biaxial-complete","Estado biaxial uniforme","Acciones prescritas","Proyección completa del estado biaxial","N",314,2.71022278853377,155.284327323162,-77.2444564870669,"kN/m","DE"
"biaxial-complete","Estado biaxial uniforme","Acciones prescritas","Proyección completa del estado biaxial","N",315,2.71893733126218,155.783633841886,-76.8124737533238,"kN/m","DE"
"biaxial-complete","Estado biaxial uniforme","Acciones prescritas","Proyección completa del estado biaxial","N",316,2.72765187399058,156.28294036061,-76.3871169088165,"kN/m","DE"
"biaxial-complete","Estado biaxial uniforme","Acciones prescritas","Proyección completa del estado biaxial","N",317,2.73636641671899,156.782246879334,-75.968515162207,"kN/m","DE"
"biaxial-complete","Estado biaxial uniforme","Acciones prescritas","Proyección completa del estado biaxial","N",318,2.74508095944739,157.281553398058,-75.5567956701933,"kN/m","DE"
"biaxial-complete","Estado biaxial uniforme","Acciones prescritas","Proyección completa del estado biaxial","N",319,2.7537955021758,157.780859916782,-75.1520834988827,"kN/m","DE"
"biaxial-complete","Estado biaxial uniforme","Acciones prescritas","Proyección completa del estado biaxial","N",320,2.7625100449042,158.280166435506,-74.7545015858014,"kN/m","DE"
"biaxial-complete","Estado biaxial uniforme","Acciones prescritas","Proyección completa del estado biaxial","N",321,2.77122458763261,158.77947295423,-74.3641707025507,"kN/m","DE"
"biaxial-complete","Estado biaxial uniforme","Acciones prescritas","Proyección completa del estado biaxial","N",322,2.77993913036101,159.278779472954,-73.98120941812,"kN/m","DE"
"biaxial-complete","Estado biaxial uniforme","Acciones prescritas","Proyección completa del estado biaxial","N",323,2.78865367308941,159.778085991678,-73.6057340628703,"kN/m","DE"
"biaxial-complete","Estado biaxial uniforme","Acciones prescritas","Proyección completa del estado biaxial","N",324,2.79736821581782,160.277392510402,-73.237858693197,"kN/m","DE"
"biaxial-complete","Estado biaxial uniforme","Acciones prescritas","Proyección completa del estado biaxial","N",325,2.80608275854622,160.776699029126,-72.877695056883,"kN/m","DE"
"biaxial-complete","Estado biaxial uniforme","Acciones prescritas","Proyección completa del estado biaxial","N",326,2.81479730127463,161.27600554785,-72.5253525591543,"kN/m","DE"
"biaxial-complete","Estado biaxial uniforme","Acciones prescritas","Proyección completa del estado biaxial","N",327,2.82351184400303,161.775312066574,-72.180938229446,"kN/m","DE"
"biaxial-complete","Estado biaxial uniforme","Acciones prescritas","Proyección completa del estado biaxial","N",328,2.83222638673144,162.274618585298,-71.8445566888906,"kN/m","DE"
"biaxial-complete","Estado biaxial uniforme","Acciones prescritas","Proyección completa del estado biaxial","N",329,2.84094092945984,162.773925104022,-71.5163101185379,"kN/m","DE"
"biaxial-complete","Estado biaxial uniforme","Acciones prescritas","Proyección completa del estado biaxial","N",330,2.84965547218825,163.273231622746,-71.1962982283157,"kN/m","DE"
"biaxial-complete","Estado biaxial uniforme","Acciones prescritas","Proyección completa del estado biaxial","N",331,2.85837001491665,163.77253814147,-70.8846182267414,"kN/m","DE"
"biaxial-complete","Estado biaxial uniforme","Acciones prescritas","Proyección completa del estado biaxial","N",332,2.86708455764505,164.271844660194,-70.5813647913935,"kN/m","DE"
"biaxial-complete","Estado biaxial uniforme","Acciones prescritas","Proyección completa del estado biaxial","N",333,2.87579910037346,164.771151178918,-70.2866300401521,"kN/m","DE"
"biaxial-complete","Estado biaxial uniforme","Acciones prescritas","Proyección completa del estado biaxial","N",334,2.88451364310186,165.270457697642,-70.000503503216,"kN/m","DE"
"biaxial-complete","Estado biaxial uniforme","Acciones prescritas","Proyección completa del estado biaxial","N",335,2.89322818583027,165.769764216366,-69.7230720959073,"kN/m","DE"
"biaxial-complete","Estado biaxial uniforme","Acciones prescritas","Proyección completa del estado biaxial","N",336,2.90194272855867,166.26907073509,-69.4544200922689,"kN/m","DE"
"biaxial-complete","Estado biaxial uniforme","Acciones prescritas","Proyección completa del estado biaxial","N",337,2.91065727128708,166.768377253814,-69.1946290994655,"kN/m","DE"
"biaxial-complete","Estado biaxial uniforme","Acciones prescritas","Proyección completa del estado biaxial","N",338,2.91937181401548,167.267683772538,-68.9437780329936,"kN/m","DE"
"biaxial-complete","Estado biaxial uniforme","Acciones prescritas","Proyección completa del estado biaxial","N",339,2.92808635674389,167.766990291262,-68.7019430927104,"kN/m","DE"
"biaxial-complete","Estado biaxial uniforme","Acciones prescritas","Proyección completa del estado biaxial","N",340,2.93680089947229,168.266296809986,-68.4691977396863,"kN/m","DE"
"biaxial-complete","Estado biaxial uniforme","Acciones prescritas","Proyección completa del estado biaxial","N",341,2.94551544220069,168.76560332871,-68.2456126738902,"kN/m","DE"
"biaxial-complete","Estado biaxial uniforme","Acciones prescritas","Proyección completa del estado biaxial","N",342,2.9542299849291,169.264909847434,-68.0312558127135,"kN/m","DE"
"biaxial-complete","Estado biaxial uniforme","Acciones prescritas","Proyección completa del estado biaxial","N",343,2.9629445276575,169.764216366158,-67.8261922703389,"kN/m","DE"
"biaxial-complete","Estado biaxial uniforme","Acciones prescritas","Proyección completa del estado biaxial","N",344,2.97165907038591,170.263522884882,-67.630484337961,"kN/m","DE"
"biaxial-complete","Estado biaxial uniforme","Acciones prescritas","Proyección completa del estado biaxial","N",345,2.98037361311431,170.762829403606,-67.4441914648645,"kN/m","DE"
"biaxial-complete","Estado biaxial uniforme","Acciones prescritas","Proyección completa del estado biaxial","N",346,2.98908815584272,171.26213592233,-67.2673702403656,"kN/m","DE"
"biaxial-complete","Estado biaxial uniforme","Acciones prescritas","Proyección completa del estado biaxial","N",347,2.99780269857112,171.761442441054,-67.1000743766217,"kN/m","DE"
"biaxial-complete","Estado biaxial uniforme","Acciones prescritas","Proyección completa del estado biaxial","N",348,3.00651724129952,172.260748959778,-66.9423546923163,"kN/m","DE"
"biaxial-complete","Estado biaxial uniforme","Acciones prescritas","Proyección completa del estado biaxial","N",349,3.01523178402793,172.760055478502,-66.7942590972213,"kN/m","DE"
"biaxial-complete","Estado biaxial uniforme","Acciones prescritas","Proyección completa del estado biaxial","N",350,3.02394632675633,173.259361997226,-66.6558325776439,"kN/m","DE"
"biaxial-complete","Estado biaxial uniforme","Acciones prescritas","Proyección completa del estado biaxial","N",351,3.03266086948474,173.75866851595,-66.5271171827617,"kN/m","DE"
"biaxial-complete","Estado biaxial uniforme","Acciones prescritas","Proyección completa del estado biaxial","N",352,3.04137541221314,174.257975034674,-66.408152011849,"kN/m","DE"
"biaxial-complete","Estado biaxial uniforme","Acciones prescritas","Proyección completa del estado biaxial","N",353,3.05008995494155,174.757281553398,-66.2989732024002,"kN/m","DE"
"biaxial-complete","Estado biaxial uniforme","Acciones prescritas","Proyección completa del estado biaxial","N",354,3.05880449766995,175.256588072122,-66.1996139191525,"kN/m","DE"
"biaxial-complete","Estado biaxial uniforme","Acciones prescritas","Proyección completa del estado biaxial","N",355,3.06751904039836,175.755894590846,-66.1101043440113,"kN/m","DE"
"biaxial-complete","Estado biaxial uniforme","Acciones prescritas","Proyección completa del estado biaxial","N",356,3.07623358312676,176.25520110957,-66.0304716668822,"kN/m","DE"
"biaxial-complete","Estado biaxial uniforme","Acciones prescritas","Proyección completa del estado biaxial","N",357,3.08494812585516,176.754507628294,-65.9607400774117,"kN/m","DE"
"biaxial-complete","Estado biaxial uniforme","Acciones prescritas","Proyección completa del estado biaxial","N",358,3.09366266858357,177.253814147018,-65.9009307576392,"kN/m","DE"
"biaxial-complete","Estado biaxial uniforme","Acciones prescritas","Proyección completa del estado biaxial","N",359,3.10237721131197,177.753120665742,-65.8510618755623,"kN/m","DE"
"biaxial-complete","Estado biaxial uniforme","Acciones prescritas","Proyección completa del estado biaxial","N",360,3.11109175404038,178.252427184466,-65.8111485796185,"kN/m","DE"
"biaxial-complete","Estado biaxial uniforme","Acciones prescritas","Proyección completa del estado biaxial","N",361,3.11980629676878,178.75173370319,-65.7812029940833,"kN/m","DE"
"biaxial-complete","Estado biaxial uniforme","Acciones prescritas","Proyección completa del estado biaxial","N",362,3.12852083949719,179.251040221914,-65.7612342153874,"kN/m","DE"
"biaxial-complete","Estado biaxial uniforme","Acciones prescritas","Proyección completa del estado biaxial","N",363,3.13723538222559,179.750346740638,-65.7512483093534,"kN/m","DE"
"biaxial-complete","Estado biaxial uniforme","Acciones prescritas","Proyección completa del estado biaxial","N",364,3.14159265358979,180,-65.75,"kN/m","DE"
"biaxial-complete","Estado biaxial uniforme","Acciones prescritas","Proyección completa del estado biaxial","N",365,3.145949924954,180.249653259362,-65.7512483093534,"kN/m","DE"
"biaxial-complete","Estado biaxial uniforme","Acciones prescritas","Proyección completa del estado biaxial","N",366,3.1546644676824,180.748959778086,-65.7612342153874,"kN/m","DE"
"biaxial-complete","Estado biaxial uniforme","Acciones prescritas","Proyección completa del estado biaxial","N",367,3.1633790104108,181.24826629681,-65.7812029940833,"kN/m","DE"
"biaxial-complete","Estado biaxial uniforme","Acciones prescritas","Proyección completa del estado biaxial","N",368,3.17209355313921,181.747572815534,-65.8111485796185,"kN/m","DE"
"biaxial-complete","Estado biaxial uniforme","Acciones prescritas","Proyección completa del estado biaxial","N",369,3.18080809586761,182.246879334258,-65.8510618755623,"kN/m","DE"
"biaxial-complete","Estado biaxial uniforme","Acciones prescritas","Proyección completa del estado biaxial","N",370,3.18952263859602,182.746185852982,-65.9009307576392,"kN/m","DE"
"biaxial-complete","Estado biaxial uniforme","Acciones prescritas","Proyección completa del estado biaxial","N",371,3.19823718132442,183.245492371706,-65.9607400774117,"kN/m","DE"
"biaxial-complete","Estado biaxial uniforme","Acciones prescritas","Proyección completa del estado biaxial","N",372,3.20695172405283,183.74479889043,-66.0304716668822,"kN/m","DE"
"biaxial-complete","Estado biaxial uniforme","Acciones prescritas","Proyección completa del estado biaxial","N",373,3.21566626678123,184.244105409154,-66.1101043440113,"kN/m","DE"
"biaxial-complete","Estado biaxial uniforme","Acciones prescritas","Proyección completa del estado biaxial","N",374,3.22438080950963,184.743411927878,-66.1996139191525,"kN/m","DE"
"biaxial-complete","Estado biaxial uniforme","Acciones prescritas","Proyección completa del estado biaxial","N",375,3.23309535223804,185.242718446602,-66.2989732024002,"kN/m","DE"
"biaxial-complete","Estado biaxial uniforme","Acciones prescritas","Proyección completa del estado biaxial","N",376,3.24180989496644,185.742024965326,-66.408152011849,"kN/m","DE"
"biaxial-complete","Estado biaxial uniforme","Acciones prescritas","Proyección completa del estado biaxial","N",377,3.25052443769485,186.24133148405,-66.5271171827617,"kN/m","DE"
"biaxial-complete","Estado biaxial uniforme","Acciones prescritas","Proyección completa del estado biaxial","N",378,3.25923898042325,186.740638002774,-66.6558325776439,"kN/m","DE"
"biaxial-complete","Estado biaxial uniforme","Acciones prescritas","Proyección completa del estado biaxial","N",379,3.26795352315166,187.239944521498,-66.7942590972213,"kN/m","DE"
"biaxial-complete","Estado biaxial uniforme","Acciones prescritas","Proyección completa del estado biaxial","N",380,3.27666806588006,187.739251040222,-66.9423546923163,"kN/m","DE"
"biaxial-complete","Estado biaxial uniforme","Acciones prescritas","Proyección completa del estado biaxial","N",381,3.28538260860847,188.238557558946,-67.1000743766217,"kN/m","DE"
"biaxial-complete","Estado biaxial uniforme","Acciones prescritas","Proyección completa del estado biaxial","N",382,3.29409715133687,188.73786407767,-67.2673702403656,"kN/m","DE"
"biaxial-complete","Estado biaxial uniforme","Acciones prescritas","Proyección completa del estado biaxial","N",383,3.30281169406527,189.237170596394,-67.4441914648645,"kN/m","DE"
"biaxial-complete","Estado biaxial uniforme","Acciones prescritas","Proyección completa del estado biaxial","N",384,3.31152623679368,189.736477115118,-67.630484337961,"kN/m","DE"
"biaxial-complete","Estado biaxial uniforme","Acciones prescritas","Proyección completa del estado biaxial","N",385,3.32024077952208,190.235783633842,-67.8261922703389,"kN/m","DE"
"biaxial-complete","Estado biaxial uniforme","Acciones prescritas","Proyección completa del estado biaxial","N",386,3.32895532225049,190.735090152566,-68.0312558127135,"kN/m","DE"
"biaxial-complete","Estado biaxial uniforme","Acciones prescritas","Proyección completa del estado biaxial","N",387,3.33766986497889,191.23439667129,-68.2456126738902,"kN/m","DE"
"biaxial-complete","Estado biaxial uniforme","Acciones prescritas","Proyección completa del estado biaxial","N",388,3.3463844077073,191.733703190014,-68.4691977396862,"kN/m","DE"
"biaxial-complete","Estado biaxial uniforme","Acciones prescritas","Proyección completa del estado biaxial","N",389,3.3550989504357,192.233009708738,-68.7019430927104,"kN/m","DE"
"biaxial-complete","Estado biaxial uniforme","Acciones prescritas","Proyección completa del estado biaxial","N",390,3.36381349316411,192.732316227462,-68.9437780329936,"kN/m","DE"
"biaxial-complete","Estado biaxial uniforme","Acciones prescritas","Proyección completa del estado biaxial","N",391,3.37252803589251,193.231622746186,-69.1946290994655,"kN/m","DE"
"biaxial-complete","Estado biaxial uniforme","Acciones prescritas","Proyección completa del estado biaxial","N",392,3.38124257862091,193.73092926491,-69.4544200922689,"kN/m","DE"
"biaxial-complete","Estado biaxial uniforme","Acciones prescritas","Proyección completa del estado biaxial","N",393,3.38995712134932,194.230235783634,-69.7230720959073,"kN/m","DE"
"biaxial-complete","Estado biaxial uniforme","Acciones prescritas","Proyección completa del estado biaxial","N",394,3.39867166407772,194.729542302358,-70.000503503216,"kN/m","DE"
"biaxial-complete","Estado biaxial uniforme","Acciones prescritas","Proyección completa del estado biaxial","N",395,3.40738620680613,195.228848821082,-70.2866300401521,"kN/m","DE"
"biaxial-complete","Estado biaxial uniforme","Acciones prescritas","Proyección completa del estado biaxial","N",396,3.41610074953453,195.728155339806,-70.5813647913935,"kN/m","DE"
"biaxial-complete","Estado biaxial uniforme","Acciones prescritas","Proyección completa del estado biaxial","N",397,3.42481529226294,196.22746185853,-70.8846182267414,"kN/m","DE"
"biaxial-complete","Estado biaxial uniforme","Acciones prescritas","Proyección completa del estado biaxial","N",398,3.43352983499134,196.726768377254,-71.1962982283157,"kN/m","DE"
"biaxial-complete","Estado biaxial uniforme","Acciones prescritas","Proyección completa del estado biaxial","N",399,3.44224437771975,197.226074895978,-71.5163101185379,"kN/m","DE"
"biaxial-complete","Estado biaxial uniforme","Acciones prescritas","Proyección completa del estado biaxial","N",400,3.45095892044815,197.725381414702,-71.8445566888906,"kN/m","DE"
"biaxial-complete","Estado biaxial uniforme","Acciones prescritas","Proyección completa del estado biaxial","N",401,3.45967346317655,198.224687933426,-72.180938229446,"kN/m","DE"
"biaxial-complete","Estado biaxial uniforme","Acciones prescritas","Proyección completa del estado biaxial","N",402,3.46838800590496,198.72399445215,-72.5253525591543,"kN/m","DE"
"biaxial-complete","Estado biaxial uniforme","Acciones prescritas","Proyección completa del estado biaxial","N",403,3.47710254863336,199.223300970874,-72.877695056883,"kN/m","DE"
"biaxial-complete","Estado biaxial uniforme","Acciones prescritas","Proyección completa del estado biaxial","N",404,3.48581709136177,199.722607489598,-73.237858693197,"kN/m","DE"
"biaxial-complete","Estado biaxial uniforme","Acciones prescritas","Proyección completa del estado biaxial","N",405,3.49453163409017,200.221914008322,-73.6057340628703,"kN/m","DE"
"biaxial-complete","Estado biaxial uniforme","Acciones prescritas","Proyección completa del estado biaxial","N",406,3.50324617681858,200.721220527046,-73.98120941812,"kN/m","DE"
"biaxial-complete","Estado biaxial uniforme","Acciones prescritas","Proyección completa del estado biaxial","N",407,3.51196071954698,201.22052704577,-74.3641707025507,"kN/m","DE"
"biaxial-complete","Estado biaxial uniforme","Acciones prescritas","Proyección completa del estado biaxial","N",408,3.52067526227539,201.719833564494,-74.7545015858014,"kN/m","DE"
"biaxial-complete","Estado biaxial uniforme","Acciones prescritas","Proyección completa del estado biaxial","N",409,3.52938980500379,202.219140083218,-75.1520834988826,"kN/m","DE"
"biaxial-complete","Estado biaxial uniforme","Acciones prescritas","Proyección completa del estado biaxial","N",410,3.53810434773219,202.718446601942,-75.5567956701933,"kN/m","DE"
"biaxial-complete","Estado biaxial uniforme","Acciones prescritas","Proyección completa del estado biaxial","N",411,3.5468188904606,203.217753120666,-75.968515162207,"kN/m","DE"
"biaxial-complete","Estado biaxial uniforme","Acciones prescritas","Proyección completa del estado biaxial","N",412,3.555533433189,203.71705963939,-76.3871169088165,"kN/m","DE"
"biaxial-complete","Estado biaxial uniforme","Acciones prescritas","Proyección completa del estado biaxial","N",413,3.56424797591741,204.216366158114,-76.8124737533238,"kN/m","DE"
"biaxial-complete","Estado biaxial uniforme","Acciones prescritas","Proyección completa del estado biaxial","N",414,3.57296251864581,204.715672676838,-77.2444564870668,"kN/m","DE"
"biaxial-complete","Estado biaxial uniforme","Acciones prescritas","Proyección completa del estado biaxial","N",415,3.58167706137422,205.214979195562,-77.6829338886678,"kN/m","DE"
"biaxial-complete","Estado biaxial uniforme","Acciones prescritas","Proyección completa del estado biaxial","N",416,3.59039160410262,205.714285714286,-78.1277727638941,"kN/m","DE"
"biaxial-complete","Estado biaxial uniforme","Acciones prescritas","Proyección completa del estado biaxial","N",417,3.59910614683103,206.21359223301,-78.578837986118,"kN/m","DE"
"biaxial-complete","Estado biaxial uniforme","Acciones prescritas","Proyección completa del estado biaxial","N",418,3.60782068955943,206.712898751734,-79.0359925373632,"kN/m","DE"
"biaxial-complete","Estado biaxial uniforme","Acciones prescritas","Proyección completa del estado biaxial","N",419,3.61653523228783,207.212205270458,-79.4990975499267,"kN/m","DE"
"biaxial-complete","Estado biaxial uniforme","Acciones prescritas","Proyección completa del estado biaxial","N",420,3.62524977501624,207.711511789182,-79.9680123485614,"kN/m","DE"
"biaxial-complete","Estado biaxial uniforme","Acciones prescritas","Proyección completa del estado biaxial","N",421,3.63396431774464,208.210818307906,-80.4425944932088,"kN/m","DE"
"biaxial-complete","Estado biaxial uniforme","Acciones prescritas","Proyección completa del estado biaxial","N",422,3.64267886047305,208.71012482663,-80.922699822267,"kN/m","DE"
"biaxial-complete","Estado biaxial uniforme","Acciones prescritas","Proyección completa del estado biaxial","N",423,3.65139340320145,209.209431345354,-81.4081824963821,"kN/m","DE"
"biaxial-complete","Estado biaxial uniforme","Acciones prescritas","Proyección completa del estado biaxial","N",424,3.66010794592986,209.708737864078,-81.8988950427496,"kN/m","DE"
"biaxial-complete","Estado biaxial uniforme","Acciones prescritas","Proyección completa del estado biaxial","N",425,3.66882248865826,210.208044382802,-82.3946883999107,"kN/m","DE"
"biaxial-complete","Estado biaxial uniforme","Acciones prescritas","Proyección completa del estado biaxial","N",426,3.67753703138666,210.707350901526,-82.8954119630327,"kN/m","DE"
"biaxial-complete","Estado biaxial uniforme","Acciones prescritas","Proyección completa del estado biaxial","N",427,3.68625157411507,211.20665742025,-83.4009136296571,"kN/m","DE"
"biaxial-complete","Estado biaxial uniforme","Acciones prescritas","Proyección completa del estado biaxial","N",428,3.69496611684347,211.705963938974,-83.9110398459033,"kN/m","DE"
"biaxial-complete","Estado biaxial uniforme","Acciones prescritas","Proyección completa del estado biaxial","N",429,3.70368065957188,212.205270457698,-84.4256356531127,"kN/m","DE"
"biaxial-complete","Estado biaxial uniforme","Acciones prescritas","Proyección completa del estado biaxial","N",430,3.71239520230028,212.704576976422,-84.9445447349203,"kN/m","DE"
"biaxial-complete","Estado biaxial uniforme","Acciones prescritas","Proyección completa del estado biaxial","N",431,3.72110974502869,213.203883495146,-85.4676094647374,"kN/m","DE"
"biaxial-complete","Estado biaxial uniforme","Acciones prescritas","Proyección completa del estado biaxial","N",432,3.72982428775709,213.70319001387,-85.9946709536336,"kN/m","DE"
"biaxial-complete","Estado biaxial uniforme","Acciones prescritas","Proyección completa del estado biaxial","N",433,3.7385388304855,214.202496532594,-86.525569098602,"kN/m","DE"
"biaxial-complete","Estado biaxial uniforme","Acciones prescritas","Proyección completa del estado biaxial","N",434,3.7472533732139,214.701803051318,-87.0601426311921,"kN/m","DE"
"biaxial-complete","Estado biaxial uniforme","Acciones prescritas","Proyección completa del estado biaxial","N",435,3.7559679159423,215.201109570042,-87.5982291664985,"kN/m","DE"
"biaxial-complete","Estado biaxial uniforme","Acciones prescritas","Proyección completa del estado biaxial","N",436,3.76468245867071,215.700416088766,-88.139665252487,"kN/m","DE"
"biaxial-complete","Estado biaxial uniforme","Acciones prescritas","Proyección completa del estado biaxial","N",437,3.77339700139911,216.19972260749,-88.6842864196464,"kN/m","DE"
"biaxial-complete","Estado biaxial uniforme","Acciones prescritas","Proyección completa del estado biaxial","N",438,3.78211154412752,216.699029126214,-89.2319272309479,"kN/m","DE"
"biaxial-complete","Estado biaxial uniforme","Acciones prescritas","Proyección completa del estado biaxial","N",439,3.79082608685592,217.198335644938,-89.7824213320998,"kN/m","DE"
"biaxial-complete","Estado biaxial uniforme","Acciones prescritas","Proyección completa del estado biaxial","N",440,3.79954062958433,217.697642163662,-90.3356015020796,"kN/m","DE"
"biaxial-complete","Estado biaxial uniforme","Acciones prescritas","Proyección completa del estado biaxial","N",441,3.80825517231273,218.196948682386,-90.8912997039306,"kN/m","DE"
"biaxial-complete","Estado biaxial uniforme","Acciones prescritas","Proyección completa del estado biaxial","N",442,3.81696971504114,218.69625520111,-91.4493471358049,"kN/m","DE"
"biaxial-complete","Estado biaxial uniforme","Acciones prescritas","Proyección completa del estado biaxial","N",443,3.82568425776954,219.195561719834,-92.0095742822401,"kN/m","DE"
"biaxial-complete","Estado biaxial uniforme","Acciones prescritas","Proyección completa del estado biaxial","N",444,3.83439880049794,219.694868238558,-92.5718109656523,"kN/m","DE"
"biaxial-complete","Estado biaxial uniforme","Acciones prescritas","Proyección completa del estado biaxial","N",445,3.84311334322635,220.194174757282,-93.1358863980297,"kN/m","DE"
"biaxial-complete","Estado biaxial uniforme","Acciones prescritas","Proyección completa del estado biaxial","N",446,3.85182788595475,220.693481276006,-93.7016292328123,"kN/m","DE"
"biaxial-complete","Estado biaxial uniforme","Acciones prescritas","Proyección completa del estado biaxial","N",447,3.86054242868316,221.19278779473,-94.2688676169412,"kN/m","DE"
"biaxial-complete","Estado biaxial uniforme","Acciones prescritas","Proyección completa del estado biaxial","N",448,3.86925697141156,221.692094313454,-94.8374292430615,"kN/m","DE"
"biaxial-complete","Estado biaxial uniforme","Acciones prescritas","Proyección completa del estado biaxial","N",449,3.87797151413997,222.191400832178,-95.407141401863,"kN/m","DE"
"biaxial-complete","Estado biaxial uniforme","Acciones prescritas","Proyección completa del estado biaxial","N",450,3.88668605686837,222.690707350902,-95.9778310345438,"kN/m","DE"
"biaxial-complete","Estado biaxial uniforme","Acciones prescritas","Proyección completa del estado biaxial","N",451,3.89540059959677,223.190013869625,-96.5493247853792,"kN/m","DE"
"biaxial-complete","Estado biaxial uniforme","Acciones prescritas","Proyección completa del estado biaxial","N",452,3.90411514232518,223.68932038835,-97.1214490543814,"kN/m","DE"
"biaxial-complete","Estado biaxial uniforme","Acciones prescritas","Proyección completa del estado biaxial","N",453,3.91282968505358,224.188626907074,-97.6940300500329,"kN/m","DE"
"biaxial-complete","Estado biaxial uniforme","Acciones prescritas","Proyección completa del estado biaxial","N",454,3.92154422778199,224.687933425798,-98.2668938420785,"kN/m","DE"
"biaxial-complete","Estado biaxial uniforme","Acciones prescritas","Proyección completa del estado biaxial","N",455,3.92699081698724,225,-98.625,"kN/m","DE"
"biaxial-complete","Estado biaxial uniforme","Acciones prescritas","Proyección completa del estado biaxial","N",456,3.93025877051039,225.187239944522,-98.8398664143594,"kN/m","DE"
"biaxial-complete","Estado biaxial uniforme","Acciones prescritas","Proyección completa del estado biaxial","N",457,3.9389733132388,225.686546463245,-99.4127737176731,"kN/m","DE"
"biaxial-complete","Estado biaxial uniforme","Acciones prescritas","Proyección completa del estado biaxial","N",458,3.9476878559672,226.18585298197,-99.9854417226433,"kN/m","DE"
"biaxial-complete","Estado biaxial uniforme","Acciones prescritas","Proyección completa del estado biaxial","N",459,3.95640239869561,226.685159500693,-100.557696472585,"kN/m","DE"
"biaxial-complete","Estado biaxial uniforme","Acciones prescritas","Proyección completa del estado biaxial","N",460,3.96511694142401,227.184466019417,-101.129364136344,"kN/m","DE"
"biaxial-complete","Estado biaxial uniforme","Acciones prescritas","Proyección completa del estado biaxial","N",461,3.97383148415241,227.683772538141,-101.700271061105,"kN/m","DE"
"biaxial-complete","Estado biaxial uniforme","Acciones prescritas","Proyección completa del estado biaxial","N",462,3.98254602688082,228.183079056865,-102.270243825136,"kN/m","DE"
"biaxial-complete","Estado biaxial uniforme","Acciones prescritas","Proyección completa del estado biaxial","N",463,3.99126056960922,228.682385575589,-102.839109290474,"kN/m","DE"
"biaxial-complete","Estado biaxial uniforme","Acciones prescritas","Proyección completa del estado biaxial","N",464,3.99997511233763,229.181692094313,-103.406694655512,"kN/m","DE"
"biaxial-complete","Estado biaxial uniforme","Acciones prescritas","Proyección completa del estado biaxial","N",465,4.00868965506603,229.680998613037,-103.972827507495,"kN/m","DE"
"biaxial-complete","Estado biaxial uniforme","Acciones prescritas","Proyección completa del estado biaxial","N",466,4.01740419779444,230.180305131761,-104.53733587489,"kN/m","DE"
"biaxial-complete","Estado biaxial uniforme","Acciones prescritas","Proyección completa del estado biaxial","N",467,4.02611874052284,230.679611650485,-105.100048279625,"kN/m","DE"
"biaxial-complete","Estado biaxial uniforme","Acciones prescritas","Proyección completa del estado biaxial","N",468,4.03483328325125,231.178918169209,-105.660793789183,"kN/m","DE"
"biaxial-complete","Estado biaxial uniforme","Acciones prescritas","Proyección completa del estado biaxial","N",469,4.04354782597965,231.678224687933,-106.219402068518,"kN/m","DE"
"biaxial-complete","Estado biaxial uniforme","Acciones prescritas","Proyección completa del estado biaxial","N",470,4.05226236870806,232.177531206657,-106.775703431802,"kN/m","DE"
"biaxial-complete","Estado biaxial uniforme","Acciones prescritas","Proyección completa del estado biaxial","N",471,4.06097691143646,232.676837725381,-107.329528893967,"kN/m","DE"
"biaxial-complete","Estado biaxial uniforme","Acciones prescritas","Proyección completa del estado biaxial","N",472,4.06969145416486,233.176144244105,-107.880710222039,"kN/m","DE"
"biaxial-complete","Estado biaxial uniforme","Acciones prescritas","Proyección completa del estado biaxial","N",473,4.07840599689327,233.675450762829,-108.42907998624,"kN/m","DE"
"biaxial-complete","Estado biaxial uniforme","Acciones prescritas","Proyección completa del estado biaxial","N",474,4.08712053962167,234.174757281553,-108.974471610848,"kN/m","DE"
"biaxial-complete","Estado biaxial uniforme","Acciones prescritas","Proyección completa del estado biaxial","N",475,4.09583508235008,234.674063800277,-109.516719424796,"kN/m","DE"
"biaxial-complete","Estado biaxial uniforme","Acciones prescritas","Proyección completa del estado biaxial","N",476,4.10454962507848,235.173370319001,-110.055658711997,"kN/m","DE"
"biaxial-complete","Estado biaxial uniforme","Acciones prescritas","Proyección completa del estado biaxial","N",477,4.11326416780689,235.672676837725,-110.591125761382,"kN/m","DE"
"biaxial-complete","Estado biaxial uniforme","Acciones prescritas","Proyección completa del estado biaxial","N",478,4.12197871053529,236.171983356449,-111.122957916624,"kN/m","DE"
"biaxial-complete","Estado biaxial uniforme","Acciones prescritas","Proyección completa del estado biaxial","N",479,4.13069325326369,236.671289875173,-111.650993625554,"kN/m","DE"
"biaxial-complete","Estado biaxial uniforme","Acciones prescritas","Proyección completa del estado biaxial","N",480,4.1394077959921,237.170596393897,-112.175072489231,"kN/m","DE"
"biaxial-complete","Estado biaxial uniforme","Acciones prescritas","Proyección completa del estado biaxial","N",481,4.1481223387205,237.669902912621,-112.695035310665,"kN/m","DE"
"biaxial-complete","Estado biaxial uniforme","Acciones prescritas","Proyección completa del estado biaxial","N",482,4.15683688144891,238.169209431345,-113.210724143178,"kN/m","DE"
"biaxial-complete","Estado biaxial uniforme","Acciones prescritas","Proyección completa del estado biaxial","N",483,4.16555142417731,238.668515950069,-113.721982338383,"kN/m","DE"
"biaxial-complete","Estado biaxial uniforme","Acciones prescritas","Proyección completa del estado biaxial","N",484,4.17426596690572,239.167822468793,-114.228654593763,"kN/m","DE"
"biaxial-complete","Estado biaxial uniforme","Acciones prescritas","Proyección completa del estado biaxial","N",485,4.18298050963412,239.667128987517,-114.730586999856,"kN/m","DE"
"biaxial-complete","Estado biaxial uniforme","Acciones prescritas","Proyección completa del estado biaxial","N",486,4.19169505236253,240.166435506241,-115.227627086997,"kN/m","DE"
"biaxial-complete","Estado biaxial uniforme","Acciones prescritas","Proyección completa del estado biaxial","N",487,4.20040959509093,240.665742024965,-115.71962387164,"kN/m","DE"
"biaxial-complete","Estado biaxial uniforme","Acciones prescritas","Proyección completa del estado biaxial","N",488,4.20912413781933,241.165048543689,-116.20642790222,"kN/m","DE"
"biaxial-complete","Estado biaxial uniforme","Acciones prescritas","Proyección completa del estado biaxial","N",489,4.21783868054774,241.664355062413,-116.687891304549,"kN/m","DE"
"biaxial-complete","Estado biaxial uniforme","Acciones prescritas","Proyección completa del estado biaxial","N",490,4.22655322327614,242.163661581137,-117.163867826739,"kN/m","DE"
"biaxial-complete","Estado biaxial uniforme","Acciones prescritas","Proyección completa del estado biaxial","N",491,4.23526776600455,242.662968099861,-117.634212883623,"kN/m","DE"
"biaxial-complete","Estado biaxial uniforme","Acciones prescritas","Proyección completa del estado biaxial","N",492,4.24398230873295,243.162274618585,-118.098783600682,"kN/m","DE"
"biaxial-complete","Estado biaxial uniforme","Acciones prescritas","Proyección completa del estado biaxial","N",493,4.25269685146136,243.661581137309,-118.557438857436,"kN/m","DE"
"biaxial-complete","Estado biaxial uniforme","Acciones prescritas","Proyección completa del estado biaxial","N",494,4.26141139418976,244.160887656033,-119.010039330321,"kN/m","DE"
"biaxial-complete","Estado biaxial uniforme","Acciones prescritas","Proyección completa del estado biaxial","N",495,4.27012593691817,244.660194174757,-119.456447535005,"kN/m","DE"
"biaxial-complete","Estado biaxial uniforme","Acciones prescritas","Proyección completa del estado biaxial","N",496,4.27884047964657,245.159500693481,-119.896527868152,"kN/m","DE"
"biaxial-complete","Estado biaxial uniforme","Acciones prescritas","Proyección completa del estado biaxial","N",497,4.28755502237497,245.658807212205,-120.330146648614,"kN/m","DE"
"biaxial-complete","Estado biaxial uniforme","Acciones prescritas","Proyección completa del estado biaxial","N",498,4.29626956510338,246.158113730929,-120.757172158039,"kN/m","DE"
"biaxial-complete","Estado biaxial uniforme","Acciones prescritas","Proyección completa del estado biaxial","N",499,4.30498410783178,246.657420249653,-121.177474680883,"kN/m","DE"
"biaxial-complete","Estado biaxial uniforme","Acciones prescritas","Proyección completa del estado biaxial","N",500,4.31369865056019,247.156726768377,-121.590926543812,"kN/m","DE"
"biaxial-complete","Estado biaxial uniforme","Acciones prescritas","Proyección completa del estado biaxial","N",501,4.32241319328859,247.656033287101,-121.997402154482,"kN/m","DE"
"biaxial-complete","Estado biaxial uniforme","Acciones prescritas","Proyección completa del estado biaxial","N",502,4.331127736017,248.155339805825,-122.396778039697,"kN/m","DE"
"biaxial-complete","Estado biaxial uniforme","Acciones prescritas","Proyección completa del estado biaxial","N",503,4.3398422787454,248.654646324549,-122.788932882908,"kN/m","DE"
"biaxial-complete","Estado biaxial uniforme","Acciones prescritas","Proyección completa del estado biaxial","N",504,4.3485568214738,249.153952843273,-123.173747561071,"kN/m","DE"
"biaxial-complete","Estado biaxial uniforme","Acciones prescritas","Proyección completa del estado biaxial","N",505,4.35727136420221,249.653259361997,-123.551105180827,"kN/m","DE"
"biaxial-complete","Estado biaxial uniforme","Acciones prescritas","Proyección completa del estado biaxial","N",506,4.36598590693061,250.152565880721,-123.920891114015,"kN/m","DE"
"biaxial-complete","Estado biaxial uniforme","Acciones prescritas","Proyección completa del estado biaxial","N",507,4.37470044965902,250.651872399445,-124.282993032488,"kN/m","DE"
"biaxial-complete","Estado biaxial uniforme","Acciones prescritas","Proyección completa del estado biaxial","N",508,4.38341499238742,251.151178918169,-124.637300942238,"kN/m","DE"
"biaxial-complete","Estado biaxial uniforme","Acciones prescritas","Proyección completa del estado biaxial","N",509,4.39212953511583,251.650485436893,-124.983707216806,"kN/m","DE"
"biaxial-complete","Estado biaxial uniforme","Acciones prescritas","Proyección completa del estado biaxial","N",510,4.40084407784423,252.149791955617,-125.322106629975,"kN/m","DE"
"biaxial-complete","Estado biaxial uniforme","Acciones prescritas","Proyección completa del estado biaxial","N",511,4.40955862057264,252.649098474341,-125.652396387736,"kN/m","DE"
"biaxial-complete","Estado biaxial uniforme","Acciones prescritas","Proyección completa del estado biaxial","N",512,4.41827316330104,253.148404993065,-125.974476159511,"kN/m","DE"
"biaxial-complete","Estado biaxial uniforme","Acciones prescritas","Proyección completa del estado biaxial","N",513,4.42698770602945,253.647711511789,-126.288248108632,"kN/m","DE"
"biaxial-complete","Estado biaxial uniforme","Acciones prescritas","Proyección completa del estado biaxial","N",514,4.43570224875785,254.147018030513,-126.59361692206,"kN/m","DE"
"biaxial-complete","Estado biaxial uniforme","Acciones prescritas","Proyección completa del estado biaxial","N",515,4.44441679148625,254.646324549237,-126.890489839337,"kN/m","DE"
"biaxial-complete","Estado biaxial uniforme","Acciones prescritas","Proyección completa del estado biaxial","N",516,4.45313133421466,255.145631067961,-127.178776680762,"kN/m","DE"
"biaxial-complete","Estado biaxial uniforme","Acciones prescritas","Proyección completa del estado biaxial","N",517,4.46184587694306,255.644937586685,-127.458389874787,"kN/m","DE"
"biaxial-complete","Estado biaxial uniforme","Acciones prescritas","Proyección completa del estado biaxial","N",518,4.47056041967147,256.144244105409,-127.72924448462,"kN/m","DE"
"biaxial-complete","Estado biaxial uniforme","Acciones prescritas","Proyección completa del estado biaxial","N",519,4.47927496239987,256.643550624133,-127.991258234019,"kN/m","DE"
"biaxial-complete","Estado biaxial uniforme","Acciones prescritas","Proyección completa del estado biaxial","N",520,4.48798950512828,257.142857142857,-128.244351532292,"kN/m","DE"
"biaxial-complete","Estado biaxial uniforme","Acciones prescritas","Proyección completa del estado biaxial","N",521,4.49670404785668,257.642163661581,-128.488447498469,"kN/m","DE"
"biaxial-complete","Estado biaxial uniforme","Acciones prescritas","Proyección completa del estado biaxial","N",522,4.50541859058508,258.141470180305,-128.723471984659,"kN/m","DE"
"biaxial-complete","Estado biaxial uniforme","Acciones prescritas","Proyección completa del estado biaxial","N",523,4.51413313331349,258.640776699029,-128.949353598572,"kN/m","DE"
"biaxial-complete","Estado biaxial uniforme","Acciones prescritas","Proyección completa del estado biaxial","N",524,4.52284767604189,259.140083217753,-129.166023725203,"kN/m","DE"
"biaxial-complete","Estado biaxial uniforme","Acciones prescritas","Proyección completa del estado biaxial","N",525,4.5315622187703,259.639389736477,-129.37341654768,"kN/m","DE"
"biaxial-complete","Estado biaxial uniforme","Acciones prescritas","Proyección completa del estado biaxial","N",526,4.5402767614987,260.138696255201,-129.571469067255,"kN/m","DE"
"biaxial-complete","Estado biaxial uniforme","Acciones prescritas","Proyección completa del estado biaxial","N",527,4.54899130422711,260.638002773925,-129.760121122438,"kN/m","DE"
"biaxial-complete","Estado biaxial uniforme","Acciones prescritas","Proyección completa del estado biaxial","N",528,4.55770584695551,261.137309292649,-129.939315407276,"kN/m","DE"
"biaxial-complete","Estado biaxial uniforme","Acciones prescritas","Proyección completa del estado biaxial","N",529,4.56642038968392,261.636615811373,-130.108997488757,"kN/m","DE"
"biaxial-complete","Estado biaxial uniforme","Acciones prescritas","Proyección completa del estado biaxial","N",530,4.57513493241232,262.135922330097,-130.269115823348,"kN/m","DE"
"biaxial-complete","Estado biaxial uniforme","Acciones prescritas","Proyección completa del estado biaxial","N",531,4.58384947514072,262.635228848821,-130.41962177265,"kN/m","DE"
"biaxial-complete","Estado biaxial uniforme","Acciones prescritas","Proyección completa del estado biaxial","N",532,4.59256401786913,263.134535367545,-130.560469618174,"kN/m","DE"
"biaxial-complete","Estado biaxial uniforme","Acciones prescritas","Proyección completa del estado biaxial","N",533,4.60127856059753,263.633841886269,-130.691616575228,"kN/m","DE"
"biaxial-complete","Estado biaxial uniforme","Acciones prescritas","Proyección completa del estado biaxial","N",534,4.60999310332594,264.133148404993,-130.813022805912,"kN/m","DE"
"biaxial-complete","Estado biaxial uniforme","Acciones prescritas","Proyección completa del estado biaxial","N",535,4.61870764605434,264.632454923717,-130.924651431223,"kN/m","DE"
"biaxial-complete","Estado biaxial uniforme","Acciones prescritas","Proyección completa del estado biaxial","N",536,4.62742218878275,265.131761442441,-131.026468542255,"kN/m","DE"
"biaxial-complete","Estado biaxial uniforme","Acciones prescritas","Proyección completa del estado biaxial","N",537,4.63613673151115,265.631067961165,-131.1184432105,"kN/m","DE"
"biaxial-complete","Estado biaxial uniforme","Acciones prescritas","Proyección completa del estado biaxial","N",538,4.64485127423955,266.130374479889,-131.200547497242,"kN/m","DE"
"biaxial-complete","Estado biaxial uniforme","Acciones prescritas","Proyección completa del estado biaxial","N",539,4.65356581696796,266.629680998613,-131.272756462045,"kN/m","DE"
"biaxial-complete","Estado biaxial uniforme","Acciones prescritas","Proyección completa del estado biaxial","N",540,4.66228035969636,267.128987517337,-131.335048170329,"kN/m","DE"
"biaxial-complete","Estado biaxial uniforme","Acciones prescritas","Proyección completa del estado biaxial","N",541,4.67099490242477,267.628294036061,-131.387403700033,"kN/m","DE"
"biaxial-complete","Estado biaxial uniforme","Acciones prescritas","Proyección completa del estado biaxial","N",542,4.67970944515317,268.127600554785,-131.429807147362,"kN/m","DE"
"biaxial-complete","Estado biaxial uniforme","Acciones prescritas","Proyección completa del estado biaxial","N",543,4.68842398788158,268.626907073509,-131.462245631619,"kN/m","DE"
"biaxial-complete","Estado biaxial uniforme","Acciones prescritas","Proyección completa del estado biaxial","N",544,4.69713853060998,269.126213592233,-131.484709299118,"kN/m","DE"
"biaxial-complete","Estado biaxial uniforme","Acciones prescritas","Proyección completa del estado biaxial","N",545,4.70585307333839,269.625520110957,-131.497191326174,"kN/m","DE"
"biaxial-complete","Estado biaxial uniforme","Acciones prescritas","Proyección completa del estado biaxial","N",546,4.71238898038469,270,-131.5,"kN/m","DE"
"biaxial-complete","Estado biaxial uniforme","Acciones prescritas","Proyección completa del estado biaxial","N",547,4.71456761606679,270.124826629681,-131.49968792118,"kN/m","DE"
"biaxial-complete","Estado biaxial uniforme","Acciones prescritas","Proyección completa del estado biaxial","N",548,4.7232821587952,270.624133148405,-131.492198325759,"kN/m","DE"
"biaxial-complete","Estado biaxial uniforme","Acciones prescritas","Proyección completa del estado biaxial","N",549,4.7319967015236,271.123439667129,-131.474724814988,"kN/m","DE"
"biaxial-complete","Estado biaxial uniforme","Acciones prescritas","Proyección completa del estado biaxial","N",550,4.740711244252,271.622746185853,-131.447272696715,"kN/m","DE"
"biaxial-complete","Estado biaxial uniforme","Acciones prescritas","Proyección completa del estado biaxial","N",551,4.74942578698041,272.122052704577,-131.409850309942,"kN/m","DE"
"biaxial-complete","Estado biaxial uniforme","Acciones prescritas","Proyección completa del estado biaxial","N",552,4.75814032970881,272.621359223301,-131.362469022292,"kN/m","DE"
"biaxial-complete","Estado biaxial uniforme","Acciones prescritas","Proyección completa del estado biaxial","N",553,4.76685487243722,273.120665742025,-131.305143226558,"kN/m","DE"
"biaxial-complete","Estado biaxial uniforme","Acciones prescritas","Proyección completa del estado biaxial","N",554,4.77556941516562,273.619972260749,-131.237890336329,"kN/m","DE"
"biaxial-complete","Estado biaxial uniforme","Acciones prescritas","Proyección completa del estado biaxial","N",555,4.78428395789403,274.119278779473,-131.160730780701,"kN/m","DE"
"biaxial-complete","Estado biaxial uniforme","Acciones prescritas","Proyección completa del estado biaxial","N",556,4.79299850062243,274.618585298197,-131.073687998073,"kN/m","DE"
"biaxial-complete","Estado biaxial uniforme","Acciones prescritas","Proyección completa del estado biaxial","N",557,4.80171304335083,275.117891816921,-130.976788429024,"kN/m","DE"
"biaxial-complete","Estado biaxial uniforme","Acciones prescritas","Proyección completa del estado biaxial","N",558,4.81042758607924,275.617198335645,-130.870061508283,"kN/m","DE"
"biaxial-complete","Estado biaxial uniforme","Acciones prescritas","Proyección completa del estado biaxial","N",559,4.81914212880764,276.116504854369,-130.753539655788,"kN/m","DE"
"biaxial-complete","Estado biaxial uniforme","Acciones prescritas","Proyección completa del estado biaxial","N",560,4.82785667153605,276.615811373093,-130.62725826684,"kN/m","DE"
"biaxial-complete","Estado biaxial uniforme","Acciones prescritas","Proyección completa del estado biaxial","N",561,4.83657121426445,277.115117891817,-130.491255701345,"kN/m","DE"
"biaxial-complete","Estado biaxial uniforme","Acciones prescritas","Proyección completa del estado biaxial","N",562,4.84528575699286,277.614424410541,-130.345573272168,"kN/m","DE"
"biaxial-complete","Estado biaxial uniforme","Acciones prescritas","Proyección completa del estado biaxial","N",563,4.85400029972126,278.113730929265,-130.19025523258,"kN/m","DE"
"biaxial-complete","Estado biaxial uniforme","Acciones prescritas","Proyección completa del estado biaxial","N",564,4.86271484244967,278.613037447989,-130.025348762817,"kN/m","DE"
"biaxial-complete","Estado biaxial uniforme","Acciones prescritas","Proyección completa del estado biaxial","N",565,4.87142938517807,279.112343966713,-129.850903955746,"kN/m","DE"
"biaxial-complete","Estado biaxial uniforme","Acciones prescritas","Proyección completa del estado biaxial","N",566,4.88014392790647,279.611650485437,-129.666973801653,"kN/m","DE"
"biaxial-complete","Estado biaxial uniforme","Acciones prescritas","Proyección completa del estado biaxial","N",567,4.88885847063488,280.110957004161,-129.47361417214,"kN/m","DE"
"biaxial-complete","Estado biaxial uniforme","Acciones prescritas","Proyección completa del estado biaxial","N",568,4.89757301336328,280.610263522885,-129.270883803161,"kN/m","DE"
"biaxial-complete","Estado biaxial uniforme","Acciones prescritas","Proyección completa del estado biaxial","N",569,4.90628755609169,281.109570041609,-129.058844277171,"kN/m","DE"
"biaxial-complete","Estado biaxial uniforme","Acciones prescritas","Proyección completa del estado biaxial","N",570,4.91500209882009,281.608876560333,-128.837560004429,"kN/m","DE"
"biaxial-complete","Estado biaxial uniforme","Acciones prescritas","Proyección completa del estado biaxial","N",571,4.9237166415485,282.108183079057,-128.607098203424,"kN/m","DE"
"biaxial-complete","Estado biaxial uniforme","Acciones prescritas","Proyección completa del estado biaxial","N",572,4.9324311842769,282.607489597781,-128.36752888046,"kN/m","DE"
"biaxial-complete","Estado biaxial uniforme","Acciones prescritas","Proyección completa del estado biaxial","N",573,4.94114572700531,283.106796116505,-128.118924808394,"kN/m","DE"
"biaxial-complete","Estado biaxial uniforme","Acciones prescritas","Proyección completa del estado biaxial","N",574,4.94986026973371,283.606102635229,-127.861361504522,"kN/m","DE"
"biaxial-complete","Estado biaxial uniforme","Acciones prescritas","Proyección completa del estado biaxial","N",575,4.95857481246211,284.105409153953,-127.594917207646,"kN/m","DE"
"biaxial-complete","Estado biaxial uniforme","Acciones prescritas","Proyección completa del estado biaxial","N",576,4.96728935519052,284.604715672677,-127.319672854307,"kN/m","DE"
"biaxial-complete","Estado biaxial uniforme","Acciones prescritas","Proyección completa del estado biaxial","N",577,4.97600389791892,285.104022191401,-127.035712054197,"kN/m","DE"
"biaxial-complete","Estado biaxial uniforme","Acciones prescritas","Proyección completa del estado biaxial","N",578,4.98471844064733,285.603328710125,-126.74312106476,"kN/m","DE"
"biaxial-complete","Estado biaxial uniforme","Acciones prescritas","Proyección completa del estado biaxial","N",579,4.99343298337573,286.102635228849,-126.441988764997,"kN/m","DE"
"biaxial-complete","Estado biaxial uniforme","Acciones prescritas","Proyección completa del estado biaxial","N",580,5.00214752610414,286.601941747573,-126.132406628459,"kN/m","DE"
"biaxial-complete","Estado biaxial uniforme","Acciones prescritas","Proyección completa del estado biaxial","N",581,5.01086206883254,287.101248266297,-125.814468695466,"kN/m","DE"
"biaxial-complete","Estado biaxial uniforme","Acciones prescritas","Proyección completa del estado biaxial","N",582,5.01957661156095,287.600554785021,-125.48827154454,"kN/m","DE"
"biaxial-complete","Estado biaxial uniforme","Acciones prescritas","Proyección completa del estado biaxial","N",583,5.02829115428935,288.099861303745,-125.153914263065,"kN/m","DE"
"biaxial-complete","Estado biaxial uniforme","Acciones prescritas","Proyección completa del estado biaxial","N",584,5.03700569701775,288.599167822469,-124.811498417192,"kN/m","DE"
"biaxial-complete","Estado biaxial uniforme","Acciones prescritas","Proyección completa del estado biaxial","N",585,5.04572023974616,289.098474341193,-124.461128020983,"kN/m","DE"
"biaxial-complete","Estado biaxial uniforme","Acciones prescritas","Proyección completa del estado biaxial","N",586,5.05443478247456,289.597780859917,-124.102909504818,"kN/m","DE"
"biaxial-complete","Estado biaxial uniforme","Acciones prescritas","Proyección completa del estado biaxial","N",587,5.06314932520297,290.097087378641,-123.736951683061,"kN/m","DE"
"biaxial-complete","Estado biaxial uniforme","Acciones prescritas","Proyección completa del estado biaxial","N",588,5.07186386793137,290.596393897365,-123.363365721012,"kN/m","DE"
"biaxial-complete","Estado biaxial uniforme","Acciones prescritas","Proyección completa del estado biaxial","N",589,5.08057841065978,291.095700416089,-122.982265101133,"kN/m","DE"
"biaxial-complete","Estado biaxial uniforme","Acciones prescritas","Proyección completa del estado biaxial","N",590,5.08929295338818,291.595006934813,-122.593765588581,"kN/m","DE"
"biaxial-complete","Estado biaxial uniforme","Acciones prescritas","Proyección completa del estado biaxial","N",591,5.09800749611659,292.094313453537,-122.197985196037,"kN/m","DE"
"biaxial-complete","Estado biaxial uniforme","Acciones prescritas","Proyección completa del estado biaxial","N",592,5.10672203884499,292.593619972261,-121.795044147864,"kN/m","DE"
"biaxial-complete","Estado biaxial uniforme","Acciones prescritas","Proyección completa del estado biaxial","N",593,5.11543658157339,293.092926490985,-121.385064843582,"kN/m","DE"
"biaxial-complete","Estado biaxial uniforme","Acciones prescritas","Proyección completa del estado biaxial","N",594,5.1241511243018,293.592233009709,-120.968171820689,"kN/m","DE"
"biaxial-complete","Estado biaxial uniforme","Acciones prescritas","Proyección completa del estado biaxial","N",595,5.1328656670302,294.091539528433,-120.544491716833,"kN/m","DE"
"biaxial-complete","Estado biaxial uniforme","Acciones prescritas","Proyección completa del estado biaxial","N",596,5.14158020975861,294.590846047157,-120.11415323134,"kN/m","DE"
"biaxial-complete","Estado biaxial uniforme","Acciones prescritas","Proyección completa del estado biaxial","N",597,5.15029475248701,295.090152565881,-119.677287086122,"kN/m","DE"
"biaxial-complete","Estado biaxial uniforme","Acciones prescritas","Proyección completa del estado biaxial","N",598,5.15900929521542,295.589459084605,-119.234025985968,"kN/m","DE"
"biaxial-complete","Estado biaxial uniforme","Acciones prescritas","Proyección completa del estado biaxial","N",599,5.16772383794382,296.088765603329,-118.784504578232,"kN/m","DE"
"biaxial-complete","Estado biaxial uniforme","Acciones prescritas","Proyección completa del estado biaxial","N",600,5.17643838067223,296.588072122053,-118.328859411933,"kN/m","DE"
"biaxial-complete","Estado biaxial uniforme","Acciones prescritas","Proyección completa del estado biaxial","N",601,5.18515292340063,297.087378640777,-117.867228896276,"kN/m","DE"
"biaxial-complete","Estado biaxial uniforme","Acciones prescritas","Proyección completa del estado biaxial","N",602,5.19386746612903,297.586685159501,-117.399753258606,"kN/m","DE"
"biaxial-complete","Estado biaxial uniforme","Acciones prescritas","Proyección completa del estado biaxial","N",603,5.20258200885744,298.085991678225,-116.926574501815,"kN/m","DE"
"biaxial-complete","Estado biaxial uniforme","Acciones prescritas","Proyección completa del estado biaxial","N",604,5.21129655158584,298.585298196949,-116.447836361204,"kN/m","DE"
"biaxial-complete","Estado biaxial uniforme","Acciones prescritas","Proyección completa del estado biaxial","N",605,5.22001109431425,299.084604715673,-115.963684260823,"kN/m","DE"
"biaxial-complete","Estado biaxial uniforme","Acciones prescritas","Proyección completa del estado biaxial","N",606,5.22872563704265,299.583911234397,-115.474265269293,"kN/m","DE"
"biaxial-complete","Estado biaxial uniforme","Acciones prescritas","Proyección completa del estado biaxial","N",607,5.23744017977106,300.083217753121,-114.979728055137,"kN/m","DE"
"biaxial-complete","Estado biaxial uniforme","Acciones prescritas","Proyección completa del estado biaxial","N",608,5.24615472249946,300.582524271845,-114.480222841615,"kN/m","DE"
"biaxial-complete","Estado biaxial uniforme","Acciones prescritas","Proyección completa del estado biaxial","N",609,5.25486926522786,301.081830790569,-113.975901361092,"kN/m","DE"
"biaxial-complete","Estado biaxial uniforme","Acciones prescritas","Proyección completa del estado biaxial","N",610,5.26358380795627,301.581137309293,-113.46691680895,"kN/m","DE"
"biaxial-complete","Estado biaxial uniforme","Acciones prescritas","Proyección completa del estado biaxial","N",611,5.27229835068467,302.080443828017,-112.953423797049,"kN/m","DE"
"biaxial-complete","Estado biaxial uniforme","Acciones prescritas","Proyección completa del estado biaxial","N",612,5.28101289341308,302.579750346741,-112.435578306764,"kN/m","DE"
"biaxial-complete","Estado biaxial uniforme","Acciones prescritas","Proyección completa del estado biaxial","N",613,5.28972743614148,303.079056865465,-111.9135376416,"kN/m","DE"
"biaxial-complete","Estado biaxial uniforme","Acciones prescritas","Proyección completa del estado biaxial","N",614,5.29844197886989,303.578363384189,-111.387460379413,"kN/m","DE"
"biaxial-complete","Estado biaxial uniforme","Acciones prescritas","Proyección completa del estado biaxial","N",615,5.30715652159829,304.077669902913,-110.857506324236,"kN/m","DE"
"biaxial-complete","Estado biaxial uniforme","Acciones prescritas","Proyección completa del estado biaxial","N",616,5.3158710643267,304.576976421637,-110.323836457738,"kN/m","DE"
"biaxial-complete","Estado biaxial uniforme","Acciones prescritas","Proyección completa del estado biaxial","N",617,5.3245856070551,305.076282940361,-109.786612890321,"kN/m","DE"
"biaxial-complete","Estado biaxial uniforme","Acciones prescritas","Proyección completa del estado biaxial","N",618,5.3333001497835,305.575589459085,-109.24599881188,"kN/m","DE"
"biaxial-complete","Estado biaxial uniforme","Acciones prescritas","Proyección completa del estado biaxial","N",619,5.34201469251191,306.074895977809,-108.702158442229,"kN/m","DE"
"biaxial-complete","Estado biaxial uniforme","Acciones prescritas","Proyección completa del estado biaxial","N",620,5.35072923524031,306.574202496533,-108.155256981217,"kN/m","DE"
"biaxial-complete","Estado biaxial uniforme","Acciones prescritas","Proyección completa del estado biaxial","N",621,5.35944377796872,307.073509015257,-107.605460558548,"kN/m","DE"
"biaxial-complete","Estado biaxial uniforme","Acciones prescritas","Proyección completa del estado biaxial","N",622,5.36815832069712,307.572815533981,-107.052936183312,"kN/m","DE"
"biaxial-complete","Estado biaxial uniforme","Acciones prescritas","Proyección completa del estado biaxial","N",623,5.37687286342553,308.072122052705,-106.49785169326,"kN/m","DE"
"biaxial-complete","Estado biaxial uniforme","Acciones prescritas","Proyección completa del estado biaxial","N",624,5.38558740615393,308.571428571429,-105.940375703814,"kN/m","DE"
"biaxial-complete","Estado biaxial uniforme","Acciones prescritas","Proyección completa del estado biaxial","N",625,5.39430194888234,309.070735090153,-105.380677556852,"kN/m","DE"
"biaxial-complete","Estado biaxial uniforme","Acciones prescritas","Proyección completa del estado biaxial","N",626,5.40301649161074,309.570041608877,-104.818927269268,"kN/m","DE"
"biaxial-complete","Estado biaxial uniforme","Acciones prescritas","Proyección completa del estado biaxial","N",627,5.41173103433914,310.069348127601,-104.255295481322,"kN/m","DE"
"biaxial-complete","Estado biaxial uniforme","Acciones prescritas","Proyección completa del estado biaxial","N",628,5.42044557706755,310.568654646325,-103.689953404811,"kN/m","DE"
"biaxial-complete","Estado biaxial uniforme","Acciones prescritas","Proyección completa del estado biaxial","N",629,5.42916011979595,311.067961165049,-103.123072771056,"kN/m","DE"
"biaxial-complete","Estado biaxial uniforme","Acciones prescritas","Proyección completa del estado biaxial","N",630,5.43787466252436,311.567267683773,-102.554825778742,"kN/m","DE"
"biaxial-complete","Estado biaxial uniforme","Acciones prescritas","Proyección completa del estado biaxial","N",631,5.44658920525276,312.066574202496,-101.985385041602,"kN/m","DE"
"biaxial-complete","Estado biaxial uniforme","Acciones prescritas","Proyección completa del estado biaxial","N",632,5.45530374798117,312.565880721221,-101.414923535991,"kN/m","DE"
"biaxial-complete","Estado biaxial uniforme","Acciones prescritas","Proyección completa del estado biaxial","N",633,5.46401829070957,313.065187239944,-100.843614548336,"kN/m","DE"
"biaxial-complete","Estado biaxial uniforme","Acciones prescritas","Proyección completa del estado biaxial","N",634,5.47273283343798,313.564493758669,-100.271631622501,"kN/m","DE"
"biaxial-complete","Estado biaxial uniforme","Acciones prescritas","Proyección completa del estado biaxial","N",635,5.48144737616638,314.063800277393,-99.699148507067,"kN/m","DE"
"biaxial-complete","Estado biaxial uniforme","Acciones prescritas","Proyección completa del estado biaxial","N",636,5.49016191889478,314.563106796117,-99.1263391025574,"kN/m","DE"
"biaxial-complete","Estado biaxial uniforme","Acciones prescritas","Proyección completa del estado biaxial","N",637,5.49778714378214,315,-98.625,"kN/m","DE"
"biaxial-complete","Estado biaxial uniforme","Acciones prescritas","Proyección completa del estado biaxial","N",638,5.49887646162319,315.06241331484,-98.5533774086098,"kN/m","DE"
"biaxial-complete","Estado biaxial uniforme","Acciones prescritas","Proyección completa del estado biaxial","N",639,5.50759100435159,315.561719833564,-97.9804374711223,"kN/m","DE"
"biaxial-complete","Estado biaxial uniforme","Acciones prescritas","Proyección completa del estado biaxial","N",640,5.51630554708,316.061026352288,-97.4076933293842,"kN/m","DE"
"biaxial-complete","Estado biaxial uniforme","Acciones prescritas","Proyección completa del estado biaxial","N",641,5.5250200898084,316.560332871013,-96.8353189632087,"kN/m","DE"
"biaxial-complete","Estado biaxial uniforme","Acciones prescritas","Proyección completa del estado biaxial","N",642,5.53373463253681,317.059639389736,-96.2634882400842,"kN/m","DE"
"biaxial-complete","Estado biaxial uniforme","Acciones prescritas","Proyección completa del estado biaxial","N",643,5.54244917526521,317.55894590846,-95.6923748623589,"kN/m","DE"
"biaxial-complete","Estado biaxial uniforme","Acciones prescritas","Proyección completa del estado biaxial","N",644,5.55116371799361,318.058252427184,-95.1221523144766,"kN/m","DE"
"biaxial-complete","Estado biaxial uniforme","Acciones prescritas","Proyección completa del estado biaxial","N",645,5.55987826072202,318.557558945908,-94.5529938102778,"kN/m","DE"
"biaxial-complete","Estado biaxial uniforme","Acciones prescritas","Proyección completa del estado biaxial","N",646,5.56859280345042,319.056865464632,-93.9850722403834,"kN/m","DE"
"biaxial-complete","Estado biaxial uniforme","Acciones prescritas","Proyección completa del estado biaxial","N",647,5.57730734617883,319.556171983356,-93.4185601196765,"kN/m","DE"
"biaxial-complete","Estado biaxial uniforme","Acciones prescritas","Proyección completa del estado biaxial","N",648,5.58602188890723,320.05547850208,-92.8536295348985,"kN/m","DE"
"biaxial-complete","Estado biaxial uniforme","Acciones prescritas","Proyección completa del estado biaxial","N",649,5.59473643163564,320.554785020804,-92.2904520923751,"kN/m","DE"
"biaxial-complete","Estado biaxial uniforme","Acciones prescritas","Proyección completa del estado biaxial","N",650,5.60345097436404,321.054091539528,-91.7291988658878,"kN/m","DE"
"biaxial-complete","Estado biaxial uniforme","Acciones prescritas","Proyección completa del estado biaxial","N",651,5.61216551709245,321.553398058252,-91.1700403447083,"kN/m","DE"
"biaxial-complete","Estado biaxial uniforme","Acciones prescritas","Proyección completa del estado biaxial","N",652,5.62088005982085,322.052704576976,-90.6131463818094,"kN/m","DE"
"biaxial-complete","Estado biaxial uniforme","Acciones prescritas","Proyección completa del estado biaxial","N",653,5.62959460254925,322.5520110957,-90.0586861422696,"kN/m","DE"
"biaxial-complete","Estado biaxial uniforme","Acciones prescritas","Proyección completa del estado biaxial","N",654,5.63830914527766,323.051317614424,-89.5068280518864,"kN/m","DE"
"biaxial-complete","Estado biaxial uniforme","Acciones prescritas","Proyección completa del estado biaxial","N",655,5.64702368800606,323.550624133148,-88.9577397460151,"kN/m","DE"
"biaxial-complete","Estado biaxial uniforme","Acciones prescritas","Proyección completa del estado biaxial","N",656,5.65573823073447,324.049930651872,-88.411588018646,"kN/m","DE"
"biaxial-complete","Estado biaxial uniforme","Acciones prescritas","Proyección completa del estado biaxial","N",657,5.66445277346287,324.549237170596,-87.8685387717388,"kN/m","DE"
"biaxial-complete","Estado biaxial uniforme","Acciones prescritas","Proyección completa del estado biaxial","N",658,5.67316731619128,325.04854368932,-87.3287569648274,"kN/m","DE"
"biaxial-complete","Estado biaxial uniforme","Acciones prescritas","Proyección completa del estado biaxial","N",659,5.68188185891968,325.547850208044,-86.7924065649105,"kN/m","DE"
"biaxial-complete","Estado biaxial uniforme","Acciones prescritas","Proyección completa del estado biaxial","N",660,5.69059640164809,326.047156726768,-86.2596504966442,"kN/m","DE"
"biaxial-complete","Estado biaxial uniforme","Acciones prescritas","Proyección completa del estado biaxial","N",661,5.69931094437649,326.546463245492,-85.7306505928518,"kN/m","DE"
"biaxial-complete","Estado biaxial uniforme","Acciones prescritas","Proyección completa del estado biaxial","N",662,5.70802548710489,327.045769764216,-85.2055675453634,"kN/m","DE"
"biaxial-complete","Estado biaxial uniforme","Acciones prescritas","Proyección completa del estado biaxial","N",663,5.7167400298333,327.54507628294,-84.6845608562045,"kN/m","DE"
"biaxial-complete","Estado biaxial uniforme","Acciones prescritas","Proyección completa del estado biaxial","N",664,5.7254545725617,328.044382801664,-84.1677887891436,"kN/m","DE"
"biaxial-complete","Estado biaxial uniforme","Acciones prescritas","Proyección completa del estado biaxial","N",665,5.73416911529011,328.543689320388,-83.6554083216187,"kN/m","DE"
"biaxial-complete","Estado biaxial uniforme","Acciones prescritas","Proyección completa del estado biaxial","N",666,5.74288365801851,329.042995839112,-83.1475750970515,"kN/m","DE"
"biaxial-complete","Estado biaxial uniforme","Acciones prescritas","Proyección completa del estado biaxial","N",667,5.75159820074692,329.542302357836,-82.644443377569,"kN/m","DE"
"biaxial-complete","Estado biaxial uniforme","Acciones prescritas","Proyección completa del estado biaxial","N",668,5.76031274347532,330.04160887656,-82.1461659971441,"kN/m","DE"
"biaxial-complete","Estado biaxial uniforme","Acciones prescritas","Proyección completa del estado biaxial","N",669,5.76902728620373,330.540915395284,-81.6528943151698,"kN/m","DE"
"biaxial-complete","Estado biaxial uniforme","Acciones prescritas","Proyección completa del estado biaxial","N",670,5.77774182893213,331.040221914008,-81.1647781704813,"kN/m","DE"
"biaxial-complete","Estado biaxial uniforme","Acciones prescritas","Proyección completa del estado biaxial","N",671,5.78645637166053,331.539528432732,-80.6819658358405,"kN/m","DE"
"biaxial-complete","Estado biaxial uniforme","Acciones prescritas","Proyección completa del estado biaxial","N",672,5.79517091438894,332.038834951456,-80.2046039728956,"kN/m","DE"
"biaxial-complete","Estado biaxial uniforme","Acciones prescritas","Proyección completa del estado biaxial","N",673,5.80388545711734,332.53814147018,-79.7328375876305,"kN/m","DE"
"biaxial-complete","Estado biaxial uniforme","Acciones prescritas","Proyección completa del estado biaxial","N",674,5.81259999984575,333.037447988904,-79.266809986317,"kN/m","DE"
"biaxial-complete","Estado biaxial uniforme","Acciones prescritas","Proyección completa del estado biaxial","N",675,5.82131454257415,333.536754507628,-78.806662731983,"kN/m","DE"
"biaxial-complete","Estado biaxial uniforme","Acciones prescritas","Proyección completa del estado biaxial","N",676,5.83002908530256,334.036061026352,-78.3525356014114,"kN/m","DE"
"biaxial-complete","Estado biaxial uniforme","Acciones prescritas","Proyección completa del estado biaxial","N",677,5.83874362803096,334.535367545076,-77.9045665426798,"kN/m","DE"
"biaxial-complete","Estado biaxial uniforme","Acciones prescritas","Proyección completa del estado biaxial","N",678,5.84745817075936,335.0346740638,-77.4628916332572,"kN/m","DE"
"biaxial-complete","Estado biaxial uniforme","Acciones prescritas","Proyección completa del estado biaxial","N",679,5.85617271348777,335.533980582524,-77.0276450386681,"kN/m","DE"
"biaxial-complete","Estado biaxial uniforme","Acciones prescritas","Proyección completa del estado biaxial","N",680,5.86488725621617,336.033287101248,-76.5989589717383,"kN/m","DE"
"biaxial-complete","Estado biaxial uniforme","Acciones prescritas","Proyección completa del estado biaxial","N",681,5.87360179894458,336.532593619972,-76.1769636524323,"kN/m","DE"
"biaxial-complete","Estado biaxial uniforme","Acciones prescritas","Proyección completa del estado biaxial","N",682,5.88231634167298,337.031900138696,-75.7617872682974,"kN/m","DE"
"biaxial-complete","Estado biaxial uniforme","Acciones prescritas","Proyección completa del estado biaxial","N",683,5.89103088440139,337.53120665742,-75.3535559355253,"kN/m","DE"
"biaxial-complete","Estado biaxial uniforme","Acciones prescritas","Proyección completa del estado biaxial","N",684,5.89974542712979,338.030513176144,-74.9523936606413,"kN/m","DE"
"biaxial-complete","Estado biaxial uniforme","Acciones prescritas","Proyección completa del estado biaxial","N",685,5.9084599698582,338.529819694868,-74.5584223028363,"kN/m","DE"
"biaxial-complete","Estado biaxial uniforme","Acciones prescritas","Proyección completa del estado biaxial","N",686,5.9171745125866,339.029126213592,-74.1717615369499,"kN/m","DE"
"biaxial-complete","Estado biaxial uniforme","Acciones prescritas","Proyección completa del estado biaxial","N",687,5.925889055315,339.528432732316,-73.7925288171173,"kN/m","DE"
"biaxial-complete","Estado biaxial uniforme","Acciones prescritas","Proyección completa del estado biaxial","N",688,5.93460359804341,340.02773925104,-73.4208393410908,"kN/m","DE"
"biaxial-complete","Estado biaxial uniforme","Acciones prescritas","Proyección completa del estado biaxial","N",689,5.94331814077181,340.527045769764,-73.0568060152468,"kN/m","DE"
"biaxial-complete","Estado biaxial uniforme","Acciones prescritas","Proyección completa del estado biaxial","N",690,5.95203268350022,341.026352288488,-72.7005394202886,"kN/m","DE"
"biaxial-complete","Estado biaxial uniforme","Acciones prescritas","Proyección completa del estado biaxial","N",691,5.96074722622862,341.525658807212,-72.3521477776562,"kN/m","DE"
"biaxial-complete","Estado biaxial uniforme","Acciones prescritas","Proyección completa del estado biaxial","N",692,5.96946176895703,342.024965325936,-72.0117369166518,"kN/m","DE"
"biaxial-complete","Estado biaxial uniforme","Acciones prescritas","Proyección completa del estado biaxial","N",693,5.97817631168543,342.52427184466,-71.6794102422929,"kN/m","DE"
"biaxial-complete","Estado biaxial uniforme","Acciones prescritas","Proyección completa del estado biaxial","N",694,5.98689085441384,343.023578363384,-71.3552687039016,"kN/m","DE"
"biaxial-complete","Estado biaxial uniforme","Acciones prescritas","Proyección completa del estado biaxial","N",695,5.99560539714224,343.522884882108,-71.0394107644392,"kN/m","DE"
"biaxial-complete","Estado biaxial uniforme","Acciones prescritas","Proyección completa del estado biaxial","N",696,6.00431993987064,344.022191400832,-70.731932370597,"kN/m","DE"
"biaxial-complete","Estado biaxial uniforme","Acciones prescritas","Proyección completa del estado biaxial","N",697,6.01303448259905,344.521497919556,-70.4329269236507,"kN/m","DE"
"biaxial-complete","Estado biaxial uniforme","Acciones prescritas","Proyección completa del estado biaxial","N",698,6.02174902532745,345.02080443828,-70.1424852510888,"kN/m","DE"
"biaxial-complete","Estado biaxial uniforme","Acciones prescritas","Proyección completa del estado biaxial","N",699,6.03046356805586,345.520110957004,-69.8606955790217,"kN/m","DE"
"biaxial-complete","Estado biaxial uniforme","Acciones prescritas","Proyección completa del estado biaxial","N",700,6.03917811078426,346.019417475728,-69.5876435053821,"kN/m","DE"
"biaxial-complete","Estado biaxial uniforme","Acciones prescritas","Proyección completa del estado biaxial","N",701,6.04789265351267,346.518723994452,-69.3234119739234,"kN/m","DE"
"biaxial-complete","Estado biaxial uniforme","Acciones prescritas","Proyección completa del estado biaxial","N",702,6.05660719624107,347.018030513176,-69.068081249024,"kN/m","DE"
"biaxial-complete","Estado biaxial uniforme","Acciones prescritas","Proyección completa del estado biaxial","N",703,6.06532173896948,347.5173370319,-68.8217288913056,"kN/m","DE"
"biaxial-complete","Estado biaxial uniforme","Acciones prescritas","Proyección completa del estado biaxial","N",704,6.07403628169788,348.016643550624,-68.5844297340738,"kN/m","DE"
"biaxial-complete","Estado biaxial uniforme","Acciones prescritas","Proyección completa del estado biaxial","N",705,6.08275082442628,348.515950069348,-68.3562558605852,"kN/m","DE"
"biaxial-complete","Estado biaxial uniforme","Acciones prescritas","Proyección completa del estado biaxial","N",706,6.09146536715469,349.015256588072,-68.1372765821518,"kN/m","DE"
"biaxial-complete","Estado biaxial uniforme","Acciones prescritas","Proyección completa del estado biaxial","N",707,6.10017990988309,349.514563106796,-67.9275584170865,"kN/m","DE"
"biaxial-complete","Estado biaxial uniforme","Acciones prescritas","Proyección completa del estado biaxial","N",708,6.1088944526115,350.01386962552,-67.7271650704969,"kN/m","DE"
"biaxial-complete","Estado biaxial uniforme","Acciones prescritas","Proyección completa del estado biaxial","N",709,6.1176089953399,350.513176144244,-67.5361574149341,"kN/m","DE"
"biaxial-complete","Estado biaxial uniforme","Acciones prescritas","Proyección completa del estado biaxial","N",710,6.12632353806831,351.012482662968,-67.3545934719016,"kN/m","DE"
"biaxial-complete","Estado biaxial uniforme","Acciones prescritas","Proyección completa del estado biaxial","N",711,6.13503808079671,351.511789181692,-67.1825283942306,"kN/m","DE"
"biaxial-complete","Estado biaxial uniforme","Acciones prescritas","Proyección completa del estado biaxial","N",712,6.14375262352512,352.011095700416,-67.020014449326,"kN/m","DE"
"biaxial-complete","Estado biaxial uniforme","Acciones prescritas","Proyección completa del estado biaxial","N",713,6.15246716625352,352.51040221914,-66.8671010032901,"kN/m","DE"
"biaxial-complete","Estado biaxial uniforme","Acciones prescritas","Proyección completa del estado biaxial","N",714,6.16118170898192,353.009708737864,-66.7238345059263,"kN/m","DE"
"biaxial-complete","Estado biaxial uniforme","Acciones prescritas","Proyección completa del estado biaxial","N",715,6.16989625171033,353.509015256588,-66.5902584766293,"kN/m","DE"
"biaxial-complete","Estado biaxial uniforme","Acciones prescritas","Proyección completa del estado biaxial","N",716,6.17861079443873,354.008321775312,-66.466413491166,"kN/m","DE"
"biaxial-complete","Estado biaxial uniforme","Acciones prescritas","Proyección completa del estado biaxial","N",717,6.18732533716714,354.507628294036,-66.352337169349,"kN/m","DE"
"biaxial-complete","Estado biaxial uniforme","Acciones prescritas","Proyección completa del estado biaxial","N",718,6.19603987989554,355.00693481276,-66.2480641636101,"kN/m","DE"
"biaxial-complete","Estado biaxial uniforme","Acciones prescritas","Proyección completa del estado biaxial","N",719,6.20475442262395,355.506241331484,-66.1536261484732,"kN/m","DE"
"biaxial-complete","Estado biaxial uniforme","Acciones prescritas","Proyección completa del estado biaxial","N",720,6.21346896535235,356.005547850208,-66.0690518109332,"kN/m","DE"
"biaxial-complete","Estado biaxial uniforme","Acciones prescritas","Proyección completa del estado biaxial","N",721,6.22218350808075,356.504854368932,-65.9943668417415,"kN/m","DE"
"biaxial-complete","Estado biaxial uniforme","Acciones prescritas","Proyección completa del estado biaxial","N",722,6.23089805080916,357.004160887656,-65.9295939276026,"kN/m","DE"
"biaxial-complete","Estado biaxial uniforme","Acciones prescritas","Proyección completa del estado biaxial","N",723,6.23961259353756,357.50346740638,-65.8747527442821,"kN/m","DE"
"biaxial-complete","Estado biaxial uniforme","Acciones prescritas","Proyección completa del estado biaxial","N",724,6.24832713626597,358.002773925104,-65.8298599506301,"kN/m","DE"
"biaxial-complete","Estado biaxial uniforme","Acciones prescritas","Proyección completa del estado biaxial","N",725,6.25704167899437,358.502080443828,-65.7949291835209,"kN/m","DE"
"biaxial-complete","Estado biaxial uniforme","Acciones prescritas","Proyección completa del estado biaxial","N",726,6.26575622172278,359.001386962552,-65.7699710537105,"kN/m","DE"
"biaxial-complete","Estado biaxial uniforme","Acciones prescritas","Proyección completa del estado biaxial","N",727,6.27447076445118,359.500693481276,-65.7549931426135,"kN/m","DE"
"biaxial-complete","Estado biaxial uniforme","Acciones prescritas","Proyección completa del estado biaxial","M",0,0,0,21.6095245731444,"kN m/m","DE"
"biaxial-complete","Estado biaxial uniforme","Acciones prescritas","Proyección completa del estado biaxial","M",1,0.00871454272840442,0.499306518723994,21.606241581876,"kN m/m","DE"
"biaxial-complete","Estado biaxial uniforme","Acciones prescritas","Proyección completa del estado biaxial","M",2,0.0174290854568088,0.998613037447989,21.5963936053297,"kN m/m","DE"
"biaxial-complete","Estado biaxial uniforme","Acciones prescritas","Proyección completa del estado biaxial","M",3,0.0261436281852133,1.49791955617198,21.5799836349794,"kN m/m","DE"
"biaxial-complete","Estado biaxial uniforme","Acciones prescritas","Proyección completa del estado biaxial","M",4,0.0348581709136177,1.99722607489598,21.5570166556051,"kN m/m","DE"
"biaxial-complete","Estado biaxial uniforme","Acciones prescritas","Proyección completa del estado biaxial","M",5,0.0435727136420221,2.49653259361997,21.5274996437789,"kN m/m","DE"
"biaxial-complete","Estado biaxial uniforme","Acciones prescritas","Proyección completa del estado biaxial","M",6,0.0522872563704265,2.99583911234397,21.4914415657457,"kN m/m","DE"
"biaxial-complete","Estado biaxial uniforme","Acciones prescritas","Proyección completa del estado biaxial","M",7,0.0610017990988309,3.49514563106796,21.4488533746993,"kN m/m","DE"
"biaxial-complete","Estado biaxial uniforme","Acciones prescritas","Proyección completa del estado biaxial","M",8,0.0697163418272354,3.99445214979196,21.3997480074558,"kN m/m","DE"
"biaxial-complete","Estado biaxial uniforme","Acciones prescritas","Proyección completa del estado biaxial","M",9,0.0784308845556398,4.49375866851595,21.3441403805232,"kN m/m","DE"
"biaxial-complete","Estado biaxial uniforme","Acciones prescritas","Proyección completa del estado biaxial","M",10,0.0871454272840442,4.99306518723994,21.2820473855707,"kN m/m","DE"
"biaxial-complete","Estado biaxial uniforme","Acciones prescritas","Proyección completa del estado biaxial","M",11,0.0958599700124486,5.49237170596394,21.2134878842974,"kN m/m","DE"
"biaxial-complete","Estado biaxial uniforme","Acciones prescritas","Proyección completa del estado biaxial","M",12,0.104574512740853,5.99167822468793,21.1384827027028,"kN m/m","DE"
"biaxial-complete","Estado biaxial uniforme","Acciones prescritas","Proyección completa del estado biaxial","M",13,0.113289055469257,6.49098474341193,21.0570546247606,"kN m/m","DE"
"biaxial-complete","Estado biaxial uniforme","Acciones prescritas","Proyección completa del estado biaxial","M",14,0.122003598197662,6.99029126213592,20.9692283854979,"kN m/m","DE"
"biaxial-complete","Estado biaxial uniforme","Acciones prescritas","Proyección completa del estado biaxial","M",15,0.130718140926066,7.48959778085992,20.8750306634812,"kN m/m","DE"
"biaxial-complete","Estado biaxial uniforme","Acciones prescritas","Proyección completa del estado biaxial","M",16,0.139432683654471,7.98890429958391,20.7744900727125,"kN m/m","DE"
"biaxial-complete","Estado biaxial uniforme","Acciones prescritas","Proyección completa del estado biaxial","M",17,0.148147226382875,8.4882108183079,20.6676371539378,"kN m/m","DE"
"biaxial-complete","Estado biaxial uniforme","Acciones prescritas","Proyección completa del estado biaxial","M",18,0.15686176911128,8.9875173370319,20.5545043653691,"kN m/m","DE"
"biaxial-complete","Estado biaxial uniforme","Acciones prescritas","Proyección completa del estado biaxial","M",19,0.165576311839684,9.4868238557559,20.4351260728252,"kN m/m","DE"
"biaxial-complete","Estado biaxial uniforme","Acciones prescritas","Proyección completa del estado biaxial","M",20,0.174290854568088,9.98613037447989,20.3095385392927,"kN m/m","DE"
"biaxial-complete","Estado biaxial uniforme","Acciones prescritas","Proyección completa del estado biaxial","M",21,0.183005397296493,10.4854368932039,20.17777991391,"kN m/m","DE"
"biaxial-complete","Estado biaxial uniforme","Acciones prescritas","Proyección completa del estado biaxial","M",22,0.191719940024897,10.9847434119279,20.0398902203796,"kN m/m","DE"
"biaxial-complete","Estado biaxial uniforme","Acciones prescritas","Proyección completa del estado biaxial","M",23,0.200434482753302,11.4840499306519,19.8959113448097,"kN m/m","DE"
"biaxial-complete","Estado biaxial uniforme","Acciones prescritas","Proyección completa del estado biaxial","M",24,0.209149025481706,11.9833564493759,19.7458870229909,"kN m/m","DE"
"biaxial-complete","Estado biaxial uniforme","Acciones prescritas","Proyección completa del estado biaxial","M",25,0.21786356821011,12.4826629680999,19.5898628271109,"kN m/m","DE"
"biaxial-complete","Estado biaxial uniforme","Acciones prescritas","Proyección completa del estado biaxial","M",26,0.226578110938515,12.9819694868239,19.4278861519112,"kN m/m","DE"
"biaxial-complete","Estado biaxial uniforme","Acciones prescritas","Proyección completa del estado biaxial","M",27,0.235292653666919,13.4812760055479,19.2600062002898,"kN m/m","DE"
"biaxial-complete","Estado biaxial uniforme","Acciones prescritas","Proyección completa del estado biaxial","M",28,0.244007196395324,13.9805825242718,19.0862739683557,"kN m/m","DE"
"biaxial-complete","Estado biaxial uniforme","Acciones prescritas","Proyección completa del estado biaxial","M",29,0.252721739123728,14.4798890429958,18.9067422299376,"kN m/m","DE"
"biaxial-complete","Estado biaxial uniforme","Acciones prescritas","Proyección completa del estado biaxial","M",30,0.261436281852133,14.9791955617198,18.7214655205535,"kN m/m","DE"
"biaxial-complete","Estado biaxial uniforme","Acciones prescritas","Proyección completa del estado biaxial","M",31,0.270150824580537,15.4785020804438,18.530500120844,"kN m/m","DE"
"biaxial-complete","Estado biaxial uniforme","Acciones prescritas","Proyección completa del estado biaxial","M",32,0.278865367308941,15.9778085991678,18.3339040394769,"kN m/m","DE"
"biaxial-complete","Estado biaxial uniforme","Acciones prescritas","Proyección completa del estado biaxial","M",33,0.287579910037346,16.4771151178918,18.1317369955256,"kN m/m","DE"
"biaxial-complete","Estado biaxial uniforme","Acciones prescritas","Proyección completa del estado biaxial","M",34,0.29629445276575,16.9764216366158,17.9240604003291,"kN m/m","DE"
"biaxial-complete","Estado biaxial uniforme","Acciones prescritas","Proyección completa del estado biaxial","M",35,0.305008995494155,17.4757281553398,17.7109373388368,"kN m/m","DE"
"biaxial-complete","Estado biaxial uniforme","Acciones prescritas","Proyección completa del estado biaxial","M",36,0.313723538222559,17.9750346740638,17.4924325504459,"kN m/m","DE"
"biaxial-complete","Estado biaxial uniforme","Acciones prescritas","Proyección completa del estado biaxial","M",37,0.322438080950964,18.4743411927878,17.2686124093355,"kN m/m","DE"
"biaxial-complete","Estado biaxial uniforme","Acciones prescritas","Proyección completa del estado biaxial","M",38,0.331152623679368,18.9736477115118,17.0395449043046,"kN m/m","DE"
"biaxial-complete","Estado biaxial uniforme","Acciones prescritas","Proyección completa del estado biaxial","M",39,0.339867166407772,19.4729542302358,16.8052996181196,"kN m/m","DE"
"biaxial-complete","Estado biaxial uniforme","Acciones prescritas","Proyección completa del estado biaxial","M",40,0.348581709136177,19.9722607489598,16.5659477063772,"kN m/m","DE"
"biaxial-complete","Estado biaxial uniforme","Acciones prescritas","Proyección completa del estado biaxial","M",41,0.357296251864581,20.4715672676838,16.3215618758898,"kN m/m","DE"
"biaxial-complete","Estado biaxial uniforme","Acciones prescritas","Proyección completa del estado biaxial","M",42,0.366010794592986,20.9708737864078,16.0722163625998,"kN m/m","DE"
"biaxial-complete","Estado biaxial uniforme","Acciones prescritas","Proyección completa del estado biaxial","M",43,0.37472533732139,21.4701803051318,15.8179869090295,"kN m/m","DE"
"biaxial-complete","Estado biaxial uniforme","Acciones prescritas","Proyección completa del estado biaxial","M",44,0.383439880049794,21.9694868238558,15.5589507412728,"kN m/m","DE"
"biaxial-complete","Estado biaxial uniforme","Acciones prescritas","Proyección completa del estado biaxial","M",45,0.392154422778199,22.4687933425798,15.2951865455365,"kN m/m","DE"
"biaxial-complete","Estado biaxial uniforme","Acciones prescritas","Proyección completa del estado biaxial","M",46,0.400868965506603,22.9680998613037,15.0267744442388,"kN m/m","DE"
"biaxial-complete","Estado biaxial uniforme","Acciones prescritas","Proyección completa del estado biaxial","M",47,0.409583508235008,23.4674063800277,14.7537959716702,"kN m/m","DE"
"biaxial-complete","Estado biaxial uniforme","Acciones prescritas","Proyección completa del estado biaxial","M",48,0.418298050963412,23.9667128987517,14.4763340492265,"kN m/m","DE"
"biaxial-complete","Estado biaxial uniforme","Acciones prescritas","Proyección completa del estado biaxial","M",49,0.427012593691816,24.4660194174757,14.1944729602201,"kN m/m","DE"
"biaxial-complete","Estado biaxial uniforme","Acciones prescritas","Proyección completa del estado biaxial","M",50,0.435727136420221,24.9653259361997,13.9082983242778,"kN m/m","DE"
"biaxial-complete","Estado biaxial uniforme","Acciones prescritas","Proyección completa del estado biaxial","M",51,0.444441679148625,25.4646324549237,13.6178970713325,"kN m/m","DE"
"biaxial-complete","Estado biaxial uniforme","Acciones prescritas","Proyección completa del estado biaxial","M",52,0.45315622187703,25.9639389736477,13.3233574152164,"kN m/m","DE"
"biaxial-complete","Estado biaxial uniforme","Acciones prescritas","Proyección completa del estado biaxial","M",53,0.461870764605434,26.4632454923717,13.0247688268656,"kN m/m","DE"
"biaxial-complete","Estado biaxial uniforme","Acciones prescritas","Proyección completa del estado biaxial","M",54,0.470585307333839,26.9625520110957,12.722222007141,"kN m/m","DE"
"biaxial-complete","Estado biaxial uniforme","Acciones prescritas","Proyección completa del estado biaxial","M",55,0.479299850062243,27.4618585298197,12.4158088592773,"kN m/m","DE"
"biaxial-complete","Estado biaxial uniforme","Acciones prescritas","Proyección completa del estado biaxial","M",56,0.488014392790647,27.9611650485437,12.1056224609655,"kN m/m","DE"
"biaxial-complete","Estado biaxial uniforme","Acciones prescritas","Proyección completa del estado biaxial","M",57,0.496728935519052,28.4604715672677,11.7917570360793,"kN m/m","DE"
"biaxial-complete","Estado biaxial uniforme","Acciones prescritas","Proyección completa del estado biaxial","M",58,0.505443478247456,28.9597780859917,11.474307926053,"kN m/m","DE"
"biaxial-complete","Estado biaxial uniforme","Acciones prescritas","Proyección completa del estado biaxial","M",59,0.514158020975861,29.4590846047157,11.1533715609203,"kN m/m","DE"
"biaxial-complete","Estado biaxial uniforme","Acciones prescritas","Proyección completa del estado biaxial","M",60,0.522872563704265,29.9583911234397,10.8290454300222,"kN m/m","DE"
"biaxial-complete","Estado biaxial uniforme","Acciones prescritas","Proyección completa del estado biaxial","M",61,0.53158710643267,30.4576976421637,10.5014280523928,"kN m/m","DE"
"biaxial-complete","Estado biaxial uniforme","Acciones prescritas","Proyección completa del estado biaxial","M",62,0.540301649161074,30.9570041608877,10.1706189468331,"kN m/m","DE"
"biaxial-complete","Estado biaxial uniforme","Acciones prescritas","Proyección completa del estado biaxial","M",63,0.549016191889478,31.4563106796117,9.83671860168008,"kN m/m","DE"
"biaxial-complete","Estado biaxial uniforme","Acciones prescritas","Proyección completa del estado biaxial","M",64,0.557730734617883,31.9556171983356,9.49982844428244,"kN m/m","DE"
"biaxial-complete","Estado biaxial uniforme","Acciones prescritas","Proyección completa del estado biaxial","M",65,0.566445277346287,32.4549237170596,9.16005081019,"kN m/m","DE"
"biaxial-complete","Estado biaxial uniforme","Acciones prescritas","Proyección completa del estado biaxial","M",66,0.575159820074692,32.9542302357836,8.81748891206794,"kN m/m","DE"
"biaxial-complete","Estado biaxial uniforme","Acciones prescritas","Proyección completa del estado biaxial","M",67,0.583874362803096,33.4535367545076,8.47224680834434,"kN m/m","DE"
"biaxial-complete","Estado biaxial uniforme","Acciones prescritas","Proyección completa del estado biaxial","M",68,0.592588905531501,33.9528432732316,8.12442937160079,"kN m/m","DE"
"biaxial-complete","Estado biaxial uniforme","Acciones prescritas","Proyección completa del estado biaxial","M",69,0.601303448259905,34.4521497919556,7.77414225671578,"kN m/m","DE"
"biaxial-complete","Estado biaxial uniforme","Acciones prescritas","Proyección completa del estado biaxial","M",70,0.610017990988309,34.9514563106796,7.42149186877039,"kN m/m","DE"
"biaxial-complete","Estado biaxial uniforme","Acciones prescritas","Proyección completa del estado biaxial","M",71,0.618732533716714,35.4507628294036,7.06658533072612,"kN m/m","DE"
"biaxial-complete","Estado biaxial uniforme","Acciones prescritas","Proyección completa del estado biaxial","M",72,0.627447076445118,35.9500693481276,6.70953045088467,"kN m/m","DE"
"biaxial-complete","Estado biaxial uniforme","Acciones prescritas","Proyección completa del estado biaxial","M",73,0.636161619173523,36.4493758668516,6.35043569013947,"kN m/m","DE"
"biaxial-complete","Estado biaxial uniforme","Acciones prescritas","Proyección completa del estado biaxial","M",74,0.644876161901927,36.9486823855756,5.98941012902905,"kN m/m","DE"
"biaxial-complete","Estado biaxial uniforme","Acciones prescritas","Proyección completa del estado biaxial","M",75,0.653590704630331,37.4479889042996,5.62656343460217,"kN m/m","DE"
"biaxial-complete","Estado biaxial uniforme","Acciones prescritas","Proyección completa del estado biaxial","M",76,0.662305247358736,37.9472954230236,5.26200582710472,"kN m/m","DE"
"biaxial-complete","Estado biaxial uniforme","Acciones prescritas","Proyección completa del estado biaxial","M",77,0.67101979008714,38.4466019417476,4.8958480464987,"kN m/m","DE"
"biaxial-complete","Estado biaxial uniforme","Acciones prescritas","Proyección completa del estado biaxial","M",78,0.679734332815545,38.9459084604716,4.5282013188232,"kN m/m","DE"
"biaxial-complete","Estado biaxial uniforme","Acciones prescritas","Proyección completa del estado biaxial","M",79,0.688448875543949,39.4452149791956,4.1591773224078,"kN m/m","DE"
"biaxial-complete","Estado biaxial uniforme","Acciones prescritas","Proyección completa del estado biaxial","M",80,0.697163418272354,39.9445214979196,3.78888815394861,"kN m/m","DE"
"biaxial-complete","Estado biaxial uniforme","Acciones prescritas","Proyección completa del estado biaxial","M",81,0.705877961000758,40.4438280166436,3.41744629445709,"kN m/m","DE"
"biaxial-complete","Estado biaxial uniforme","Acciones prescritas","Proyección completa del estado biaxial","M",82,0.714592503729162,40.9431345353675,3.04496457509234,"kN m/m","DE"
"biaxial-complete","Estado biaxial uniforme","Acciones prescritas","Proyección completa del estado biaxial","M",83,0.723307046457567,41.4424410540915,2.67155614288676,"kN m/m","DE"
"biaxial-complete","Estado biaxial uniforme","Acciones prescritas","Proyección completa del estado biaxial","M",84,0.732021589185971,41.9417475728155,2.29733442637604,"kN m/m","DE"
"biaxial-complete","Estado biaxial uniforme","Acciones prescritas","Proyección completa del estado biaxial","M",85,0.740736131914376,42.4410540915395,1.92241310114344,"kN m/m","DE"
"biaxial-complete","Estado biaxial uniforme","Acciones prescritas","Proyección completa del estado biaxial","M",86,0.74945067464278,42.9403606102635,1.54690605528906,"kN m/m","DE"
"biaxial-complete","Estado biaxial uniforme","Acciones prescritas","Proyección completa del estado biaxial","M",87,0.758165217371184,43.4396671289875,1.17092735483465,"kN m/m","DE"
"biaxial-complete","Estado biaxial uniforme","Acciones prescritas","Proyección completa del estado biaxial","M",88,0.766879760099589,43.9389736477115,0.794591209074268,"kN m/m","DE"
"biaxial-complete","Estado biaxial uniforme","Acciones prescritas","Proyección completa del estado biaxial","M",89,0.775594302827993,44.4382801664355,0.418011935881442,"kN m/m","DE"
"biaxial-complete","Estado biaxial uniforme","Acciones prescritas","Proyección completa del estado biaxial","M",90,0.784308845556398,44.9375866851595,0.04130392698342,"kN m/m","DE"
"biaxial-complete","Estado biaxial uniforme","Acciones prescritas","Proyección completa del estado biaxial","M",91,0.785398163397448,45,-0.0057879268556073,"kN m/m","DE"
"biaxial-complete","Estado biaxial uniforme","Acciones prescritas","Proyección completa del estado biaxial","M",92,0.793023388284802,45.4368932038835,-0.335418386787124,"kN m/m","DE"
"biaxial-complete","Estado biaxial uniforme","Acciones prescritas","Proyección completa del estado biaxial","M",93,0.801737931013207,45.9361997226075,-0.7120405702522,"kN m/m","DE"
"biaxial-complete","Estado biaxial uniforme","Acciones prescritas","Proyección completa del estado biaxial","M",94,0.810452473741611,46.4355062413315,-1.08844821864992,"kN m/m","DE"
"biaxial-complete","Estado biaxial uniforme","Acciones prescritas","Proyección completa del estado biaxial","M",95,0.819167016470015,46.9348127600555,-1.46452699238672,"kN m/m","DE"
"biaxial-complete","Estado biaxial uniforme","Acciones prescritas","Proyección completa del estado biaxial","M",96,0.82788155919842,47.4341192787795,-1.84016265176974,"kN m/m","DE"
"biaxial-complete","Estado biaxial uniforme","Acciones prescritas","Proyección completa del estado biaxial","M",97,0.836596101926824,47.9334257975035,-2.21524109170891,"kN m/m","DE"
"biaxial-complete","Estado biaxial uniforme","Acciones prescritas","Proyección completa del estado biaxial","M",98,0.845310644655229,48.4327323162275,-2.58964837637813,"kN m/m","DE"
"biaxial-complete","Estado biaxial uniforme","Acciones prescritas","Proyección completa del estado biaxial","M",99,0.854025187383633,48.9320388349515,-2.96327077382495,"kN m/m","DE"
"biaxial-complete","Estado biaxial uniforme","Acciones prescritas","Proyección completa del estado biaxial","M",100,0.862739730112038,49.4313453536755,-3.33599479051851,"kN m/m","DE"
"biaxial-complete","Estado biaxial uniforme","Acciones prescritas","Proyección completa del estado biaxial","M",101,0.871454272840442,49.9306518723995,-3.70770720582481,"kN m/m","DE"
"biaxial-complete","Estado biaxial uniforme","Acciones prescritas","Proyección completa del estado biaxial","M",102,0.880168815568846,50.4299583911234,-4.07829510639933,"kN m/m","DE"
"biaxial-complete","Estado biaxial uniforme","Acciones prescritas","Proyección completa del estado biaxial","M",103,0.888883358297251,50.9292649098474,-4.44764592048612,"kN m/m","DE"
"biaxial-complete","Estado biaxial uniforme","Acciones prescritas","Proyección completa del estado biaxial","M",104,0.897597901025655,51.4285714285714,-4.8156474521132,"kN m/m","DE"
"biaxial-complete","Estado biaxial uniforme","Acciones prescritas","Proyección completa del estado biaxial","M",105,0.90631244375406,51.9278779472954,-5.18218791517387,"kN m/m","DE"
"biaxial-complete","Estado biaxial uniforme","Acciones prescritas","Proyección completa del estado biaxial","M",106,0.915026986482464,52.4271844660194,-5.54715596738333,"kN m/m","DE"
"biaxial-complete","Estado biaxial uniforme","Acciones prescritas","Proyección completa del estado biaxial","M",107,0.923741529210868,52.9264909847434,-5.91044074410076,"kN m/m","DE"
"biaxial-complete","Estado biaxial uniforme","Acciones prescritas","Proyección completa del estado biaxial","M",108,0.932456071939273,53.4257975034674,-6.27193189200601,"kN m/m","DE"
"biaxial-complete","Estado biaxial uniforme","Acciones prescritas","Proyección completa del estado biaxial","M",109,0.941170614667677,53.9251040221914,-6.63151960262124,"kN m/m","DE"
"biaxial-complete","Estado biaxial uniforme","Acciones prescritas","Proyección completa del estado biaxial","M",110,0.949885157396082,54.4244105409154,-6.98909464566681,"kN m/m","DE"
"biaxial-complete","Estado biaxial uniforme","Acciones prescritas","Proyección completa del estado biaxial","M",111,0.958599700124486,54.9237170596394,-7.34454840224175,"kN m/m","DE"
"biaxial-complete","Estado biaxial uniforme","Acciones prescritas","Proyección completa del estado biaxial","M",112,0.967314242852891,55.4230235783634,-7.69777289781834,"kN m/m","DE"
"biaxial-complete","Estado biaxial uniforme","Acciones prescritas","Proyección completa del estado biaxial","M",113,0.976028785581295,55.9223300970874,-8.04866083504109,"kN m/m","DE"
"biaxial-complete","Estado biaxial uniforme","Acciones prescritas","Proyección completa del estado biaxial","M",114,0.984743328309699,56.4216366158114,-8.39710562631993,"kN m/m","DE"
"biaxial-complete","Estado biaxial uniforme","Acciones prescritas","Proyección completa del estado biaxial","M",115,0.993457871038104,56.9209431345354,-8.7430014262078,"kN m/m","DE"
"biaxial-complete","Estado biaxial uniforme","Acciones prescritas","Proyección completa del estado biaxial","M",116,1.00217241376651,57.4202496532594,-9.08624316355289,"kN m/m","DE"
"biaxial-complete","Estado biaxial uniforme","Acciones prescritas","Proyección completa del estado biaxial","M",117,1.01088695649491,57.9195561719834,-9.42672657341552,"kN m/m","DE"
"biaxial-complete","Estado biaxial uniforme","Acciones prescritas","Proyección completa del estado biaxial","M",118,1.01960149922332,58.4188626907073,-9.76434822874032,"kN m/m","DE"
"biaxial-complete","Estado biaxial uniforme","Acciones prescritas","Proyección completa del estado biaxial","M",119,1.02831604195172,58.9181692094313,-10.0990055717737,"kN m/m","DE"
"biaxial-complete","Estado biaxial uniforme","Acciones prescritas","Proyección completa del estado biaxial","M",120,1.03703058468013,59.4174757281553,-10.4305969452174,"kN m/m","DE"
"biaxial-complete","Estado biaxial uniforme","Acciones prescritas","Proyección completa del estado biaxial","M",121,1.04574512740853,59.9167822468793,-10.7590216231084,"kN m/m","DE"
"biaxial-complete","Estado biaxial uniforme","Acciones prescritas","Proyección completa del estado biaxial","M",122,1.05445967013693,60.4160887656033,-11.084179841416,"kN m/m","DE"
"biaxial-complete","Estado biaxial uniforme","Acciones prescritas","Proyección completa del estado biaxial","M",123,1.06317421286534,60.9153952843273,-11.4059728283466,"kN m/m","DE"
"biaxial-complete","Estado biaxial uniforme","Acciones prescritas","Proyección completa del estado biaxial","M",124,1.07188875559374,61.4147018030513,-11.7243028343475,"kN m/m","DE"
"biaxial-complete","Estado biaxial uniforme","Acciones prescritas","Proyección completa del estado biaxial","M",125,1.08060329832215,61.9140083217753,-12.0390731617991,"kN m/m","DE"
"biaxial-complete","Estado biaxial uniforme","Acciones prescritas","Proyección completa del estado biaxial","M",126,1.08931784105055,62.4133148404993,-12.3501881943892,"kN m/m","DE"
"biaxial-complete","Estado biaxial uniforme","Acciones prescritas","Proyección completa del estado biaxial","M",127,1.09803238377896,62.9126213592233,-12.6575534261571,"kN m/m","DE"
"biaxial-complete","Estado biaxial uniforme","Acciones prescritas","Proyección completa del estado biaxial","M",128,1.10674692650736,63.4119278779473,-12.9610754902018,"kN m/m","DE"
"biaxial-complete","Estado biaxial uniforme","Acciones prescritas","Proyección completa del estado biaxial","M",129,1.11546146923577,63.9112343966713,-13.2606621870432,"kN m/m","DE"
"biaxial-complete","Estado biaxial uniforme","Acciones prescritas","Proyección completa del estado biaxial","M",130,1.12417601196417,64.4105409153953,-13.5562225126295,"kN m/m","DE"
"biaxial-complete","Estado biaxial uniforme","Acciones prescritas","Proyección completa del estado biaxial","M",131,1.13289055469257,64.9098474341193,-13.8476666859809,"kN m/m","DE"
"biaxial-complete","Estado biaxial uniforme","Acciones prescritas","Proyección completa del estado biaxial","M",132,1.14160509742098,65.4091539528433,-14.1349061764617,"kN m/m","DE"
"biaxial-complete","Estado biaxial uniforme","Acciones prescritas","Proyección completa del estado biaxial","M",133,1.15031964014938,65.9084604715673,-14.4178537306735,"kN m/m","DE"
"biaxial-complete","Estado biaxial uniforme","Acciones prescritas","Proyección completa del estado biaxial","M",134,1.15903418287779,66.4077669902913,-14.6964233989589,"kN m/m","DE"
"biaxial-complete","Estado biaxial uniforme","Acciones prescritas","Proyección completa del estado biaxial","M",135,1.16774872560619,66.9070735090153,-14.9705305615107,"kN m/m","DE"
"biaxial-complete","Estado biaxial uniforme","Acciones prescritas","Proyección completa del estado biaxial","M",136,1.1764632683346,67.4063800277392,-15.2400919540762,"kN m/m","DE"
"biaxial-complete","Estado biaxial uniforme","Acciones prescritas","Proyección completa del estado biaxial","M",137,1.185177811063,67.9056865464632,-15.50502569325,"kN m/m","DE"
"biaxial-complete","Estado biaxial uniforme","Acciones prescritas","Proyección completa del estado biaxial","M",138,1.19389235379141,68.4049930651872,-15.7652513013474,"kN m/m","DE"
"biaxial-complete","Estado biaxial uniforme","Acciones prescritas","Proyección completa del estado biaxial","M",139,1.20260689651981,68.9042995839112,-16.0206897308506,"kN m/m","DE"
"biaxial-complete","Estado biaxial uniforme","Acciones prescritas","Proyección completa del estado biaxial","M",140,1.21132143924821,69.4036061026352,-16.2712633884208,"kN m/m","DE"
"biaxial-complete","Estado biaxial uniforme","Acciones prescritas","Proyección completa del estado biaxial","M",141,1.22003598197662,69.9029126213592,-16.5168961584682,"kN m/m","DE"
"biaxial-complete","Estado biaxial uniforme","Acciones prescritas","Proyección completa del estado biaxial","M",142,1.22875052470502,70.4022191400832,-16.7575134262732,"kN m/m","DE"
"biaxial-complete","Estado biaxial uniforme","Acciones prescritas","Proyección completa del estado biaxial","M",143,1.23746506743343,70.9015256588072,-16.9930421006522,"kN m/m","DE"
"biaxial-complete","Estado biaxial uniforme","Acciones prescritas","Proyección completa del estado biaxial","M",144,1.24617961016183,71.4008321775312,-17.2234106361595,"kN m/m","DE"
"biaxial-complete","Estado biaxial uniforme","Acciones prescritas","Proyección completa del estado biaxial","M",145,1.25489415289024,71.9001386962552,-17.448549054821,"kN m/m","DE"
"biaxial-complete","Estado biaxial uniforme","Acciones prescritas","Proyección completa del estado biaxial","M",146,1.26360869561864,72.3994452149792,-17.6683889673905,"kN m/m","DE"
"biaxial-complete","Estado biaxial uniforme","Acciones prescritas","Proyección completa del estado biaxial","M",147,1.27232323834705,72.8987517337032,-17.8828635941245,"kN m/m","DE"
"biaxial-complete","Estado biaxial uniforme","Acciones prescritas","Proyección completa del estado biaxial","M",148,1.28103778107545,73.3980582524272,-18.0919077850673,"kN m/m","DE"
"biaxial-complete","Estado biaxial uniforme","Acciones prescritas","Proyección completa del estado biaxial","M",149,1.28975232380385,73.8973647711512,-18.295458039841,"kN m/m","DE"
"biaxial-complete","Estado biaxial uniforme","Acciones prescritas","Proyección completa del estado biaxial","M",150,1.29846686653226,74.3966712898752,-18.4934525269354,"kN m/m","DE"
"biaxial-complete","Estado biaxial uniforme","Acciones prescritas","Proyección completa del estado biaxial","M",151,1.30718140926066,74.8959778085992,-18.6858311024898,"kN m/m","DE"
"biaxial-complete","Estado biaxial uniforme","Acciones prescritas","Proyección completa del estado biaxial","M",152,1.31589595198907,75.3952843273232,-18.8725353285626,"kN m/m","DE"
"biaxial-complete","Estado biaxial uniforme","Acciones prescritas","Proyección completa del estado biaxial","M",153,1.32461049471747,75.8945908460472,-19.053508490883,"kN m/m","DE"
"biaxial-complete","Estado biaxial uniforme","Acciones prescritas","Proyección completa del estado biaxial","M",154,1.33332503744588,76.3938973647712,-19.2286956160786,"kN m/m","DE"
"biaxial-complete","Estado biaxial uniforme","Acciones prescritas","Proyección completa del estado biaxial","M",155,1.34203958017428,76.8932038834951,-19.3980434883745,"kN m/m","DE"
"biaxial-complete","Estado biaxial uniforme","Acciones prescritas","Proyección completa del estado biaxial","M",156,1.35075412290268,77.3925104022191,-19.5615006657583,"kN m/m","DE"
"biaxial-complete","Estado biaxial uniforme","Acciones prescritas","Proyección completa del estado biaxial","M",157,1.35946866563109,77.8918169209431,-19.7190174956066,"kN m/m","DE"
"biaxial-complete","Estado biaxial uniforme","Acciones prescritas","Proyección completa del estado biaxial","M",158,1.36818320835949,78.3911234396671,-19.8705461297677,"kN m/m","DE"
"biaxial-complete","Estado biaxial uniforme","Acciones prescritas","Proyección completa del estado biaxial","M",159,1.3768977510879,78.8904299583911,-20.0160405390958,"kN m/m","DE"
"biaxial-complete","Estado biaxial uniforme","Acciones prescritas","Proyección completa del estado biaxial","M",160,1.3856122938163,79.3897364771151,-20.1554565274337,"kN m/m","DE"
"biaxial-complete","Estado biaxial uniforme","Acciones prescritas","Proyección completa del estado biaxial","M",161,1.39432683654471,79.8890429958391,-20.2887517450378,"kN m/m","DE"
"biaxial-complete","Estado biaxial uniforme","Acciones prescritas","Proyección completa del estado biaxial","M",162,1.40304137927311,80.3883495145631,-20.4158857014422,"kN m/m","DE"
"biaxial-complete","Estado biaxial uniforme","Acciones prescritas","Proyección completa del estado biaxial","M",163,1.41175592200152,80.8876560332871,-20.5368197777587,"kN m/m","DE"
"biaxial-complete","Estado biaxial uniforme","Acciones prescritas","Proyección completa del estado biaxial","M",164,1.42047046472992,81.3869625520111,-20.6515172384077,"kN m/m","DE"
"biaxial-complete","Estado biaxial uniforme","Acciones prescritas","Proyección completa del estado biaxial","M",165,1.42918500745832,81.8862690707351,-20.7599432422772,"kN m/m","DE"
"biaxial-complete","Estado biaxial uniforme","Acciones prescritas","Proyección completa del estado biaxial","M",166,1.43789955018673,82.3855755894591,-20.8620648533063,"kN m/m","DE"
"biaxial-complete","Estado biaxial uniforme","Acciones prescritas","Proyección completa del estado biaxial","M",167,1.44661409291513,82.8848821081831,-20.9578510504902,"kN m/m","DE"
"biaxial-complete","Estado biaxial uniforme","Acciones prescritas","Proyección completa del estado biaxial","M",168,1.45532863564354,83.3841886269071,-21.047272737303,"kN m/m","DE"
"biaxial-complete","Estado biaxial uniforme","Acciones prescritas","Proyección completa del estado biaxial","M",169,1.46404317837194,83.8834951456311,-21.1303027505365,"kN m/m","DE"
"biaxial-complete","Estado biaxial uniforme","Acciones prescritas","Proyección completa del estado biaxial","M",170,1.47275772110035,84.3828016643551,-21.2069158685514,"kN m/m","DE"
"biaxial-complete","Estado biaxial uniforme","Acciones prescritas","Proyección completa del estado biaxial","M",171,1.48147226382875,84.882108183079,-21.2770888189386,"kN m/m","DE"
"biaxial-complete","Estado biaxial uniforme","Acciones prescritas","Proyección completa del estado biaxial","M",172,1.49018680655716,85.381414701803,-21.3408002855886,"kN m/m","DE"
"biaxial-complete","Estado biaxial uniforme","Acciones prescritas","Proyección completa del estado biaxial","M",173,1.49890134928556,85.880721220527,-21.3980309151668,"kN m/m","DE"
"biaxial-complete","Estado biaxial uniforme","Acciones prescritas","Proyección completa del estado biaxial","M",174,1.50761589201396,86.380027739251,-21.448763322992,"kN m/m","DE"
"biaxial-complete","Estado biaxial uniforme","Acciones prescritas","Proyección completa del estado biaxial","M",175,1.51633043474237,86.879334257975,-21.4929820983176,"kN m/m","DE"
"biaxial-complete","Estado biaxial uniforme","Acciones prescritas","Proyección completa del estado biaxial","M",176,1.52504497747077,87.378640776699,-21.5306738090128,"kN m/m","DE"
"biaxial-complete","Estado biaxial uniforme","Acciones prescritas","Proyección completa del estado biaxial","M",177,1.53375952019918,87.877947295423,-21.5618270056426,"kN m/m","DE"
"biaxial-complete","Estado biaxial uniforme","Acciones prescritas","Proyección completa del estado biaxial","M",178,1.54247406292758,88.377253814147,-21.5864322249459,"kN m/m","DE"
"biaxial-complete","Estado biaxial uniforme","Acciones prescritas","Proyección completa del estado biaxial","M",179,1.55118860565599,88.876560332871,-21.6044819927103,"kN m/m","DE"
"biaxial-complete","Estado biaxial uniforme","Acciones prescritas","Proyección completa del estado biaxial","M",180,1.55990314838439,89.375866851595,-21.615970826042,"kN m/m","DE"
"biaxial-complete","Estado biaxial uniforme","Acciones prescritas","Proyección completa del estado biaxial","M",181,1.5686176911128,89.875173370319,-21.6208952350317,"kN m/m","DE"
"biaxial-complete","Estado biaxial uniforme","Acciones prescritas","Proyección completa del estado biaxial","M",182,1.5707963267949,90,-21.6211004268556,"kN m/m","DE"
"biaxial-complete","Estado biaxial uniforme","Acciones prescritas","Proyección completa del estado biaxial","M",183,1.5773322338412,90.374479889043,-21.6192537238148,"kN m/m","DE"
"biaxial-complete","Estado biaxial uniforme","Acciones prescritas","Proyección completa del estado biaxial","M",184,1.5860467765696,90.873786407767,-21.6110467910255,"kN m/m","DE"
"biaxial-complete","Estado biaxial uniforme","Acciones prescritas","Proyección completa del estado biaxial","M",185,1.59476131929801,91.373092926491,-21.5962769296453,"kN m/m","DE"
"biaxial-complete","Estado biaxial uniforme","Acciones prescritas","Proyección completa del estado biaxial","M",186,1.60347586202641,91.872399445215,-21.5749486262462,"kN m/m","DE"
"biaxial-complete","Estado biaxial uniforme","Acciones prescritas","Proyección completa del estado biaxial","M",187,1.61219040475482,92.371705963939,-21.5470683596273,"kN m/m","DE"
"biaxial-complete","Estado biaxial uniforme","Acciones prescritas","Proyección completa del estado biaxial","M",188,1.62090494748322,92.871012482663,-21.5126445988468,"kN m/m","DE"
"biaxial-complete","Estado biaxial uniforme","Acciones prescritas","Proyección completa del estado biaxial","M",189,1.62961949021163,93.370319001387,-21.47168780065,"kN m/m","DE"
"biaxial-complete","Estado biaxial uniforme","Acciones prescritas","Proyección completa del estado biaxial","M",190,1.63833403294003,93.869625520111,-21.424210406292,"kN m/m","DE"
"biaxial-complete","Estado biaxial uniforme","Acciones prescritas","Proyección completa del estado biaxial","M",191,1.64704857566844,94.3689320388349,-21.3702268377594,"kN m/m","DE"
"biaxial-complete","Estado biaxial uniforme","Acciones prescritas","Proyección completa del estado biaxial","M",192,1.65576311839684,94.868238557559,-21.3097534933885,"kN m/m","DE"
"biaxial-complete","Estado biaxial uniforme","Acciones prescritas","Proyección completa del estado biaxial","M",193,1.66447766112524,95.367545076283,-21.2428087428849,"kN m/m","DE"
"biaxial-complete","Estado biaxial uniforme","Acciones prescritas","Proyección completa del estado biaxial","M",194,1.67319220385365,95.8668515950069,-21.1694129217427,"kN m/m","DE"
"biaxial-complete","Estado biaxial uniforme","Acciones prescritas","Proyección completa del estado biaxial","M",195,1.68190674658205,96.3661581137309,-21.0895883250678,"kN m/m","DE"
"biaxial-complete","Estado biaxial uniforme","Acciones prescritas","Proyección completa del estado biaxial","M",196,1.69062128931046,96.8654646324549,-21.0033592008052,"kN m/m","DE"
"biaxial-complete","Estado biaxial uniforme","Acciones prescritas","Proyección completa del estado biaxial","M",197,1.69933583203886,97.3647711511789,-20.9107517423732,"kN m/m","DE"
"biaxial-complete","Estado biaxial uniforme","Acciones prescritas","Proyección completa del estado biaxial","M",198,1.70805037476727,97.8640776699029,-20.811794080707,"kN m/m","DE"
"biaxial-complete","Estado biaxial uniforme","Acciones prescritas","Proyección completa del estado biaxial","M",199,1.71676491749567,98.3633841886269,-20.7065162757134,"kN m/m","DE"
"biaxial-complete","Estado biaxial uniforme","Acciones prescritas","Proyección completa del estado biaxial","M",200,1.72547946022408,98.8626907073509,-20.5949503071395,"kN m/m","DE"
"biaxial-complete","Estado biaxial uniforme","Acciones prescritas","Proyección completa del estado biaxial","M",201,1.73419400295248,99.3619972260749,-20.4771300648588,"kN m/m","DE"
"biaxial-complete","Estado biaxial uniforme","Acciones prescritas","Proyección completa del estado biaxial","M",202,1.74290854568088,99.8613037447989,-20.3530913385758,"kN m/m","DE"
"biaxial-complete","Estado biaxial uniforme","Acciones prescritas","Proyección completa del estado biaxial","M",203,1.75162308840929,100.360610263523,-20.2228718069553,"kN m/m","DE"
"biaxial-complete","Estado biaxial uniforme","Acciones prescritas","Proyección completa del estado biaxial","M",204,1.76033763113769,100.859916782247,-20.0865110261763,"kN m/m","DE"
"biaxial-complete","Estado biaxial uniforme","Acciones prescritas","Proyección completa del estado biaxial","M",205,1.7690521738661,101.359223300971,-19.9440504179164,"kN m/m","DE"
"biaxial-complete","Estado biaxial uniforme","Acciones prescritas","Proyección completa del estado biaxial","M",206,1.7777667165945,101.858529819695,-19.7955332567692,"kN m/m","DE"
"biaxial-complete","Estado biaxial uniforme","Acciones prescritas","Proyección completa del estado biaxial","M",207,1.78648125932291,102.357836338419,-19.6410046570992,"kN m/m","DE"
"biaxial-complete","Estado biaxial uniforme","Acciones prescritas","Proyección completa del estado biaxial","M",208,1.79519580205131,102.857142857143,-19.4805115593376,"kN m/m","DE"
"biaxial-complete","Estado biaxial uniforme","Acciones prescritas","Proyección completa del estado biaxial","M",209,1.80391034477971,103.356449375867,-19.3141027157231,"kN m/m","DE"
"biaxial-complete","Estado biaxial uniforme","Acciones prescritas","Proyección completa del estado biaxial","M",210,1.81262488750812,103.855755894591,-19.1418286754931,"kN m/m","DE"
"biaxial-complete","Estado biaxial uniforme","Acciones prescritas","Proyección completa del estado biaxial","M",211,1.82133943023652,104.355062413315,-18.9637417695283,"kN m/m","DE"
"biaxial-complete","Estado biaxial uniforme","Acciones prescritas","Proyección completa del estado biaxial","M",212,1.83005397296493,104.854368932039,-18.7798960944563,"kN m/m","DE"
"biaxial-complete","Estado biaxial uniforme","Acciones prescritas","Proyección completa del estado biaxial","M",213,1.83876851569333,105.353675450763,-18.5903474962195,"kN m/m","DE"
"biaxial-complete","Estado biaxial uniforme","Acciones prescritas","Proyección completa del estado biaxial","M",214,1.84748305842174,105.852981969487,-18.3951535531103,"kN m/m","DE"
"biaxial-complete","Estado biaxial uniforme","Acciones prescritas","Proyección completa del estado biaxial","M",215,1.85619760115014,106.352288488211,-18.1943735582813,"kN m/m","DE"
"biaxial-complete","Estado biaxial uniforme","Acciones prescritas","Proyección completa del estado biaxial","M",216,1.86491214387855,106.851595006935,-17.9880685017339,"kN m/m","DE"
"biaxial-complete","Estado biaxial uniforme","Acciones prescritas","Proyección completa del estado biaxial","M",217,1.87362668660695,107.350901525659,-17.7763010517917,"kN m/m","DE"
"biaxial-complete","Estado biaxial uniforme","Acciones prescritas","Proyección completa del estado biaxial","M",218,1.88234122933535,107.850208044383,-17.559135536064,"kN m/m","DE"
"biaxial-complete","Estado biaxial uniforme","Acciones prescritas","Proyección completa del estado biaxial","M",219,1.89105577206376,108.349514563107,-17.3366379219055,"kN m/m","DE"
"biaxial-complete","Estado biaxial uniforme","Acciones prescritas","Proyección completa del estado biaxial","M",220,1.89977031479216,108.848821081831,-17.1088757963772,"kN m/m","DE"
"biaxial-complete","Estado biaxial uniforme","Acciones prescritas","Proyección completa del estado biaxial","M",221,1.90848485752057,109.348127600555,-16.8759183457165,"kN m/m","DE"
"biaxial-complete","Estado biaxial uniforme","Acciones prescritas","Proyección completa del estado biaxial","M",222,1.91719940024897,109.847434119279,-16.6378363343203,"kN m/m","DE"
"biaxial-complete","Estado biaxial uniforme","Acciones prescritas","Proyección completa del estado biaxial","M",223,1.92591394297738,110.346740638003,-16.3947020832493,"kN m/m","DE"
"biaxial-complete","Estado biaxial uniforme","Acciones prescritas","Proyección completa del estado biaxial","M",224,1.93462848570578,110.846047156727,-16.1465894482596,"kN m/m","DE"
"biaxial-complete","Estado biaxial uniforme","Acciones prescritas","Proyección completa del estado biaxial","M",225,1.94334302843419,111.345353675451,-15.8935737973677,"kN m/m","DE"
"biaxial-complete","Estado biaxial uniforme","Acciones prescritas","Proyección completa del estado biaxial","M",226,1.95205757116259,111.844660194175,-15.6357319879562,"kN m/m","DE"
"biaxial-complete","Estado biaxial uniforme","Acciones prescritas","Proyección completa del estado biaxial","M",227,1.96077211389099,112.343966712899,-15.3731423434275,"kN m/m","DE"
"biaxial-complete","Estado biaxial uniforme","Acciones prescritas","Proyección completa del estado biaxial","M",228,1.9694866566194,112.843273231623,-15.1058846294117,"kN m/m","DE"
"biaxial-complete","Estado biaxial uniforme","Acciones prescritas","Proyección completa del estado biaxial","M",229,1.9782011993478,113.342579750347,-14.8340400295365,"kN m/m","DE"
"biaxial-complete","Estado biaxial uniforme","Acciones prescritas","Proyección completa del estado biaxial","M",230,1.98691574207621,113.841886269071,-14.5576911207665,"kN m/m","DE"
"biaxial-complete","Estado biaxial uniforme","Acciones prescritas","Proyección completa del estado biaxial","M",231,1.99563028480461,114.341192787795,-14.2769218483192,"kN m/m","DE"
"biaxial-complete","Estado biaxial uniforme","Acciones prescritas","Proyección completa del estado biaxial","M",232,2.00434482753302,114.840499306519,-13.9918175001653,"kN m/m","DE"
"biaxial-complete","Estado biaxial uniforme","Acciones prescritas","Proyección completa del estado biaxial","M",233,2.01305937026142,115.339805825243,-13.7024646811213,"kN m/m","DE"
"biaxial-complete","Estado biaxial uniforme","Acciones prescritas","Proyección completa del estado biaxial","M",234,2.02177391298983,115.839112343967,-13.4089512865417,"kN m/m","DE"
"biaxial-complete","Estado biaxial uniforme","Acciones prescritas","Proyección completa del estado biaxial","M",235,2.03048845571823,116.338418862691,-13.1113664756197,"kN m/m","DE"
"biaxial-complete","Estado biaxial uniforme","Acciones prescritas","Proyección completa del estado biaxial","M",236,2.03920299844663,116.837725381415,-12.8098006443038,"kN m/m","DE"
"biaxial-complete","Estado biaxial uniforme","Acciones prescritas","Proyección completa del estado biaxial","M",237,2.04791754117504,117.337031900139,-12.504345397838,"kN m/m","DE"
"biaxial-complete","Estado biaxial uniforme","Acciones prescritas","Proyección completa del estado biaxial","M",238,2.05663208390344,117.836338418863,-12.1950935229364,"kN m/m","DE"
"biaxial-complete","Estado biaxial uniforme","Acciones prescritas","Proyección completa del estado biaxial","M",239,2.06534662663185,118.335644937587,-11.8821389595966,"kN m/m","DE"
"biaxial-complete","Estado biaxial uniforme","Acciones prescritas","Proyección completa del estado biaxial","M",240,2.07406116936025,118.834951456311,-11.565576772565,"kN m/m","DE"
"biaxial-complete","Estado biaxial uniforme","Acciones prescritas","Proyección completa del estado biaxial","M",241,2.08277571208866,119.334257975035,-11.2455031224587,"kN m/m","DE"
"biaxial-complete","Estado biaxial uniforme","Acciones prescritas","Proyección completa del estado biaxial","M",242,2.09149025481706,119.833564493759,-10.9220152365558,"kN m/m","DE"
"biaxial-complete","Estado biaxial uniforme","Acciones prescritas","Proyección completa del estado biaxial","M",243,2.10020479754546,120.332871012483,-10.5952113792608,"kN m/m","DE"
"biaxial-complete","Estado biaxial uniforme","Acciones prescritas","Proyección completa del estado biaxial","M",244,2.10891934027387,120.832177531207,-10.2651908222551,"kN m/m","DE"
"biaxial-complete","Estado biaxial uniforme","Acciones prescritas","Proyección completa del estado biaxial","M",245,2.11763388300227,121.331484049931,-9.93205381434223,"kN m/m","DE"
"biaxial-complete","Estado biaxial uniforme","Acciones prescritas","Proyección completa del estado biaxial","M",246,2.12634842573068,121.830790568655,-9.5959015509954,"kN m/m","DE"
"biaxial-complete","Estado biaxial uniforme","Acciones prescritas","Proyección completa del estado biaxial","M",247,2.13506296845908,122.330097087379,-9.25683614361783,"kN m/m","DE"
"biaxial-complete","Estado biaxial uniforme","Acciones prescritas","Proyección completa del estado biaxial","M",248,2.14377751118749,122.829403606103,-8.91496058852491,"kN m/m","DE"
"biaxial-complete","Estado biaxial uniforme","Acciones prescritas","Proyección completa del estado biaxial","M",249,2.15249205391589,123.328710124827,-8.57037873565748,"kN m/m","DE"
"biaxial-complete","Estado biaxial uniforme","Acciones prescritas","Proyección completa del estado biaxial","M",250,2.1612065966443,123.828016643551,-8.22319525703584,"kN m/m","DE"
"biaxial-complete","Estado biaxial uniforme","Acciones prescritas","Proyección completa del estado biaxial","M",251,2.1699211393727,124.327323162275,-7.87351561496396,"kN m/m","DE"
"biaxial-complete","Estado biaxial uniforme","Acciones prescritas","Proyección completa del estado biaxial","M",252,2.1786356821011,124.826629680999,-7.52144602999376,"kN m/m","DE"
"biaxial-complete","Estado biaxial uniforme","Acciones prescritas","Proyección completa del estado biaxial","M",253,2.18735022482951,125.325936199723,-7.16709344865892,"kN m/m","DE"
"biaxial-complete","Estado biaxial uniforme","Acciones prescritas","Proyección completa del estado biaxial","M",254,2.19606476755791,125.825242718447,-6.81056551098831,"kN m/m","DE"
"biaxial-complete","Estado biaxial uniforme","Acciones prescritas","Proyección completa del estado biaxial","M",255,2.20477931028632,126.324549237171,-6.45197051780859,"kN m/m","DE"
"biaxial-complete","Estado biaxial uniforme","Acciones prescritas","Proyección completa del estado biaxial","M",256,2.21349385301472,126.823855755895,-6.09141739784624,"kN m/m","DE"
"biaxial-complete","Estado biaxial uniforme","Acciones prescritas","Proyección completa del estado biaxial","M",257,2.22220839574313,127.323162274619,-5.72901567463875,"kN m/m","DE"
"biaxial-complete","Estado biaxial uniforme","Acciones prescritas","Proyección completa del estado biaxial","M",258,2.23092293847153,127.822468793343,-5.36487543326522,"kN m/m","DE"
"biaxial-complete","Estado biaxial uniforme","Acciones prescritas","Proyección completa del estado biaxial","M",259,2.23963748119994,128.321775312067,-4.99910728690626,"kN m/m","DE"
"biaxial-complete","Estado biaxial uniforme","Acciones prescritas","Proyección completa del estado biaxial","M",260,2.24835202392834,128.821081830791,-4.63182234324359,"kN m/m","DE"
"biaxial-complete","Estado biaxial uniforme","Acciones prescritas","Proyección completa del estado biaxial","M",261,2.25706656665674,129.320388349515,-4.26313217070935,"kN m/m","DE"
"biaxial-complete","Estado biaxial uniforme","Acciones prescritas","Proyección completa del estado biaxial","M",262,2.26578110938515,129.819694868239,-3.89314876459554,"kN m/m","DE"
"biaxial-complete","Estado biaxial uniforme","Acciones prescritas","Proyección completa del estado biaxial","M",263,2.27449565211355,130.319001386963,-3.52198451303363,"kN m/m","DE"
"biaxial-complete","Estado biaxial uniforme","Acciones prescritas","Proyección completa del estado biaxial","M",264,2.28321019484196,130.818307905687,-3.149752162855,"kN m/m","DE"
"biaxial-complete","Estado biaxial uniforme","Acciones prescritas","Proyección completa del estado biaxial","M",265,2.29192473757036,131.317614424411,-2.77656478534241,"kN m/m","DE"
"biaxial-complete","Estado biaxial uniforme","Acciones prescritas","Proyección completa del estado biaxial","M",266,2.30063928029877,131.816920943135,-2.40253574188277,"kN m/m","DE"
"biaxial-complete","Estado biaxial uniforme","Acciones prescritas","Proyección completa del estado biaxial","M",267,2.30935382302717,132.316227461859,-2.02777864953193,"kN m/m","DE"
"biaxial-complete","Estado biaxial uniforme","Acciones prescritas","Proyección completa del estado biaxial","M",268,2.31806836575558,132.815533980583,-1.65240734650175,"kN m/m","DE"
"biaxial-complete","Estado biaxial uniforme","Acciones prescritas","Proyección completa del estado biaxial","M",269,2.32678290848398,133.314840499307,-1.27653585758001,"kN m/m","DE"
"biaxial-complete","Estado biaxial uniforme","Acciones prescritas","Proyección completa del estado biaxial","M",270,2.33549745121238,133.814147018031,-0.900278359493601,"kN m/m","DE"
"biaxial-complete","Estado biaxial uniforme","Acciones prescritas","Proyección completa del estado biaxial","M",271,2.34421199394079,134.313453536755,-0.523749146225668,"kN m/m","DE"
"biaxial-complete","Estado biaxial uniforme","Acciones prescritas","Proyección completa del estado biaxial","M",272,2.35292653666919,134.812760055478,-0.147062594296953,"kN m/m","DE"
"biaxial-complete","Estado biaxial uniforme","Acciones prescritas","Proyección completa del estado biaxial","M",273,2.35619449019234,135,-0.00578792685561259,"kN m/m","DE"
"biaxial-complete","Estado biaxial uniforme","Acciones prescritas","Proyección completa del estado biaxial","M",274,2.3616410793976,135.312066574203,0.229666871977752,"kN m/m","DE"
"biaxial-complete","Estado biaxial uniforme","Acciones prescritas","Proyección completa del estado biaxial","M",275,2.370355622126,135.811373092926,0.606324815247785,"kN m/m","DE"
"biaxial-complete","Estado biaxial uniforme","Acciones prescritas","Proyección completa del estado biaxial","M",276,2.37907016485441,136.31067961165,0.982796819888635,"kN m/m","DE"
"biaxial-complete","Estado biaxial uniforme","Acciones prescritas","Proyección completa del estado biaxial","M",277,2.38778470758281,136.809986130374,1.35896852675756,"kN m/m","DE"
"biaxial-complete","Estado biaxial uniforme","Acciones prescritas","Proyección completa del estado biaxial","M",278,2.39649925031122,137.309292649098,1.73472566793184,"kN m/m","DE"
"biaxial-complete","Estado biaxial uniforme","Acciones prescritas","Proyección completa del estado biaxial","M",279,2.40521379303962,137.808599167822,2.10995410141945,"kN m/m","DE"
"biaxial-complete","Estado biaxial uniforme","Acciones prescritas","Proyección completa del estado biaxial","M",280,2.41392833576802,138.307905686546,2.48453984583144,"kN m/m","DE"
"biaxial-complete","Estado biaxial uniforme","Acciones prescritas","Proyección completa del estado biaxial","M",281,2.42264287849643,138.80721220527,2.85836911500552,"kN m/m","DE"
"biaxial-complete","Estado biaxial uniforme","Acciones prescritas","Proyección completa del estado biaxial","M",282,2.43135742122483,139.306518723994,3.23132835257029,"kN m/m","DE"
"biaxial-complete","Estado biaxial uniforme","Acciones prescritas","Proyección completa del estado biaxial","M",283,2.44007196395324,139.805825242718,3.60330426643987,"kN m/m","DE"
"biaxial-complete","Estado biaxial uniforme","Acciones prescritas","Proyección completa del estado biaxial","M",284,2.44878650668164,140.305131761442,3.97418386322798,"kN m/m","DE"
"biaxial-complete","Estado biaxial uniforme","Acciones prescritas","Proyección completa del estado biaxial","M",285,2.45750104941005,140.804438280166,4.34385448257149,"kN m/m","DE"
"biaxial-complete","Estado biaxial uniforme","Acciones prescritas","Proyección completa del estado biaxial","M",286,2.46621559213845,141.30374479889,4.71220383135269,"kN m/m","DE"
"biaxial-complete","Estado biaxial uniforme","Acciones prescritas","Proyección completa del estado biaxial","M",287,2.47493013486686,141.803051317614,5.07912001781003,"kN m/m","DE"
"biaxial-complete","Estado biaxial uniforme","Acciones prescritas","Proyección completa del estado biaxial","M",288,2.48364467759526,142.302357836338,5.44449158552702,"kN m/m","DE"
"biaxial-complete","Estado biaxial uniforme","Acciones prescritas","Proyección completa del estado biaxial","M",289,2.49235922032366,142.801664355062,5.80820754728879,"kN m/m","DE"
"biaxial-complete","Estado biaxial uniforme","Acciones prescritas","Proyección completa del estado biaxial","M",290,2.50107376305207,143.300970873786,6.17015741879616,"kN m/m","DE"
"biaxial-complete","Estado biaxial uniforme","Acciones prescritas","Proyección completa del estado biaxial","M",291,2.50978830578047,143.80027739251,6.53023125222691,"kN m/m","DE"
"biaxial-complete","Estado biaxial uniforme","Acciones prescritas","Proyección completa del estado biaxial","M",292,2.51850284850888,144.299583911234,6.88831966963417,"kN m/m","DE"
"biaxial-complete","Estado biaxial uniforme","Acciones prescritas","Proyección completa del estado biaxial","M",293,2.52721739123728,144.798890429958,7.24431389617163,"kN m/m","DE"
"biaxial-complete","Estado biaxial uniforme","Acciones prescritas","Proyección completa del estado biaxial","M",294,2.53593193396569,145.298196948682,7.59810579313556,"kN m/m","DE"
"biaxial-complete","Estado biaxial uniforme","Acciones prescritas","Proyección completa del estado biaxial","M",295,2.54464647669409,145.797503467406,7.94958789081357,"kN m/m","DE"
"biaxial-complete","Estado biaxial uniforme","Acciones prescritas","Proyección completa del estado biaxial","M",296,2.55336101942249,146.29680998613,8.29865342113025,"kN m/m","DE"
"biaxial-complete","Estado biaxial uniforme","Acciones prescritas","Proyección completa del estado biaxial","M",297,2.5620755621509,146.796116504854,8.64519635007957,"kN m/m","DE"
"biaxial-complete","Estado biaxial uniforme","Acciones prescritas","Proyección completa del estado biaxial","M",298,2.5707901048793,147.295423023578,8.98911140993429,"kN m/m","DE"
"biaxial-complete","Estado biaxial uniforme","Acciones prescritas","Proyección completa del estado biaxial","M",299,2.57950464760771,147.794729542302,9.33029413122276,"kN m/m","DE"
"biaxial-complete","Estado biaxial uniforme","Acciones prescritas","Proyección completa del estado biaxial","M",300,2.58821919033611,148.294036061026,9.66864087446298,"kN m/m","DE"
"biaxial-complete","Estado biaxial uniforme","Acciones prescritas","Proyección completa del estado biaxial","M",301,2.59693373306452,148.79334257975,10.0040488616448,"kN m/m","DE"
"biaxial-complete","Estado biaxial uniforme","Acciones prescritas","Proyección completa del estado biaxial","M",302,2.60564827579292,149.292649098474,10.3364162074504,"kN m/m","DE"
"biaxial-complete","Estado biaxial uniforme","Acciones prescritas","Proyección completa del estado biaxial","M",303,2.61436281852133,149.791955617198,10.6656419502031,"kN m/m","DE"
"biaxial-complete","Estado biaxial uniforme","Acciones prescritas","Proyección completa del estado biaxial","M",304,2.62307736124973,150.291262135922,10.9916260825365,"kN m/m","DE"
"biaxial-complete","Estado biaxial uniforme","Acciones prescritas","Proyección completa del estado biaxial","M",305,2.63179190397813,150.790568654646,11.3142695817731,"kN m/m","DE"
"biaxial-complete","Estado biaxial uniforme","Acciones prescritas","Proyección completa del estado biaxial","M",306,2.64050644670654,151.28987517337,11.6334744400039,"kN m/m","DE"
"biaxial-complete","Estado biaxial uniforme","Acciones prescritas","Proyección completa del estado biaxial","M",307,2.64922098943494,151.789181692094,11.9491436938596,"kN m/m","DE"
"biaxial-complete","Estado biaxial uniforme","Acciones prescritas","Proyección completa del estado biaxial","M",308,2.65793553216335,152.288488210818,12.2611814539653,"kN m/m","DE"
"biaxial-complete","Estado biaxial uniforme","Acciones prescritas","Proyección completa del estado biaxial","M",309,2.66665007489175,152.787794729542,12.5694929340676,"kN m/m","DE"
"biaxial-complete","Estado biaxial uniforme","Acciones prescritas","Proyección completa del estado biaxial","M",310,2.67536461762016,153.287101248266,12.8739844798281,"kN m/m","DE"
"biaxial-complete","Estado biaxial uniforme","Acciones prescritas","Proyección completa del estado biaxial","M",311,2.68407916034856,153.78640776699,13.1745635972718,"kN m/m","DE"
"biaxial-complete","Estado biaxial uniforme","Acciones prescritas","Proyección completa del estado biaxial","M",312,2.69279370307697,154.285714285714,13.471138980884,"kN m/m","DE"
"biaxial-complete","Estado biaxial uniforme","Acciones prescritas","Proyección completa del estado biaxial","M",313,2.70150824580537,154.785020804438,13.7636205413453,"kN m/m","DE"
"biaxial-complete","Estado biaxial uniforme","Acciones prescritas","Proyección completa del estado biaxial","M",314,2.71022278853377,155.284327323162,14.0519194328979,"kN m/m","DE"
"biaxial-complete","Estado biaxial uniforme","Acciones prescritas","Proyección completa del estado biaxial","M",315,2.71893733126218,155.783633841886,14.335948080334,"kN m/m","DE"
"biaxial-complete","Estado biaxial uniforme","Acciones prescritas","Proyección completa del estado biaxial","M",316,2.72765187399058,156.28294036061,14.6156202055976,"kN m/m","DE"
"biaxial-complete","Estado biaxial uniforme","Acciones prescritas","Proyección completa del estado biaxial","M",317,2.73636641671899,156.782246879334,14.8908508539933,"kN m/m","DE"
"biaxial-complete","Estado biaxial uniforme","Acciones prescritas","Proyección completa del estado biaxial","M",318,2.74508095944739,157.281553398058,15.1615564199923,"kN m/m","DE"
"biaxial-complete","Estado biaxial uniforme","Acciones prescritas","Proyección completa del estado biaxial","M",319,2.7537955021758,157.780859916782,15.427654672629,"kN m/m","DE"
"biaxial-complete","Estado biaxial uniforme","Acciones prescritas","Proyección completa del estado biaxial","M",320,2.7625100449042,158.280166435506,15.68906478048,"kN m/m","DE"
"biaxial-complete","Estado biaxial uniforme","Acciones prescritas","Proyección completa del estado biaxial","M",321,2.77122458763261,158.77947295423,15.9457073362173,"kN m/m","DE"
"biaxial-complete","Estado biaxial uniforme","Acciones prescritas","Proyección completa del estado biaxial","M",322,2.77993913036101,159.278779472954,16.1975043807305,"kN m/m","DE"
"biaxial-complete","Estado biaxial uniforme","Acciones prescritas","Proyección completa del estado biaxial","M",323,2.78865367308941,159.778085991678,16.4443794268071,"kN m/m","DE"
"biaxial-complete","Estado biaxial uniforme","Acciones prescritas","Proyección completa del estado biaxial","M",324,2.79736821581782,160.277392510402,16.6862574823674,"kN m/m","DE"
"biaxial-complete","Estado biaxial uniforme","Acciones prescritas","Proyección completa del estado biaxial","M",325,2.80608275854622,160.776699029126,16.9230650732438,"kN m/m","DE"
"biaxial-complete","Estado biaxial uniforme","Acciones prescritas","Proyección completa del estado biaxial","M",326,2.81479730127463,161.27600554785,17.1547302655005,"kN m/m","DE"
"biaxial-complete","Estado biaxial uniforme","Acciones prescritas","Proyección completa del estado biaxial","M",327,2.82351184400303,161.775312066574,17.3811826872837,"kN m/m","DE"
"biaxial-complete","Estado biaxial uniforme","Acciones prescritas","Proyección completa del estado biaxial","M",328,2.83222638673144,162.274618585298,17.6023535501988,"kN m/m","DE"
"biaxial-complete","Estado biaxial uniforme","Acciones prescritas","Proyección completa del estado biaxial","M",329,2.84094092945984,162.773925104022,17.8181756702057,"kN m/m","DE"
"biaxial-complete","Estado biaxial uniforme","Acciones prescritas","Proyección completa del estado biaxial","M",330,2.84965547218825,163.273231622746,18.0285834880268,"kN m/m","DE"
"biaxial-complete","Estado biaxial uniforme","Acciones prescritas","Proyección completa del estado biaxial","M",331,2.85837001491665,163.77253814147,18.2335130890619,"kN m/m","DE"
"biaxial-complete","Estado biaxial uniforme","Acciones prescritas","Proyección completa del estado biaxial","M",332,2.86708455764505,164.271844660194,18.4329022228031,"kN m/m","DE"
"biaxial-complete","Estado biaxial uniforme","Acciones prescritas","Proyección completa del estado biaxial","M",333,2.87579910037346,164.771151178918,18.6266903217444,"kN m/m","DE"
"biaxial-complete","Estado biaxial uniforme","Acciones prescritas","Proyección completa del estado biaxial","M",334,2.88451364310186,165.270457697642,18.8148185197798,"kN m/m","DE"
"biaxial-complete","Estado biaxial uniforme","Acciones prescritas","Proyección completa del estado biaxial","M",335,2.89322818583027,165.769764216366,18.9972296700853,"kN m/m","DE"
"biaxial-complete","Estado biaxial uniforme","Acciones prescritas","Proyección completa del estado biaxial","M",336,2.90194272855867,166.26907073509,19.1738683624776,"kN m/m","DE"
"biaxial-complete","Estado biaxial uniforme","Acciones prescritas","Proyección completa del estado biaxial","M",337,2.91065727128708,166.768377253814,19.3446809402458,"kN m/m","DE"
"biaxial-complete","Estado biaxial uniforme","Acciones prescritas","Proyección completa del estado biaxial","M",338,2.91937181401548,167.267683772538,19.5096155164511,"kN m/m","DE"
"biaxial-complete","Estado biaxial uniforme","Acciones prescritas","Proyección completa del estado biaxial","M",339,2.92808635674389,167.766990291262,19.6686219896873,"kN m/m","DE"
"biaxial-complete","Estado biaxial uniforme","Acciones prescritas","Proyección completa del estado biaxial","M",340,2.93680089947229,168.266296809986,19.8216520593007,"kN m/m","DE"
"biaxial-complete","Estado biaxial uniforme","Acciones prescritas","Proyección completa del estado biaxial","M",341,2.94551544220069,168.76560332871,19.9686592400616,"kN m/m","DE"
"biaxial-complete","Estado biaxial uniforme","Acciones prescritas","Proyección completa del estado biaxial","M",342,2.9542299849291,169.264909847434,20.1095988762853,"kN m/m","DE"
"biaxial-complete","Estado biaxial uniforme","Acciones prescritas","Proyección completa del estado biaxial","M",343,2.9629445276575,169.764216366158,20.2444281553966,"kN m/m","DE"
"biaxial-complete","Estado biaxial uniforme","Acciones prescritas","Proyección completa del estado biaxial","M",344,2.97165907038591,170.263522884882,20.373106120935,"kN m/m","DE"
"biaxial-complete","Estado biaxial uniforme","Acciones prescritas","Proyección completa del estado biaxial","M",345,2.98037361311431,170.762829403606,20.495593684996,"kN m/m","DE"
"biaxial-complete","Estado biaxial uniforme","Acciones prescritas","Proyección completa del estado biaxial","M",346,2.98908815584272,171.26213592233,20.611853640104,"kN m/m","DE"
"biaxial-complete","Estado biaxial uniforme","Acciones prescritas","Proyección completa del estado biaxial","M",347,2.99780269857112,171.761442441054,20.7218506705156,"kN m/m","DE"
"biaxial-complete","Estado biaxial uniforme","Acciones prescritas","Proyección completa del estado biaxial","M",348,3.00651724129952,172.260748959778,20.8255513629464,"kN m/m","DE"
"biaxial-complete","Estado biaxial uniforme","Acciones prescritas","Proyección completa del estado biaxial","M",349,3.01523178402793,172.760055478502,20.9229242167214,"kN m/m","DE"
"biaxial-complete","Estado biaxial uniforme","Acciones prescritas","Proyección completa del estado biaxial","M",350,3.02394632675633,173.259361997226,21.0139396533435,"kN m/m","DE"
"biaxial-complete","Estado biaxial uniforme","Acciones prescritas","Proyección completa del estado biaxial","M",351,3.03266086948474,173.75866851595,21.0985700254786,"kN m/m","DE"
"biaxial-complete","Estado biaxial uniforme","Acciones prescritas","Proyección completa del estado biaxial","M",352,3.04137541221314,174.257975034674,21.1767896253537,"kN m/m","DE"
"biaxial-complete","Estado biaxial uniforme","Acciones prescritas","Proyección completa del estado biaxial","M",353,3.05008995494155,174.757281553398,21.2485746925663,"kN m/m","DE"
"biaxial-complete","Estado biaxial uniforme","Acciones prescritas","Proyección completa del estado biaxial","M",354,3.05880449766995,175.256588072122,21.3139034213016,"kN m/m","DE"
"biaxial-complete","Estado biaxial uniforme","Acciones prescritas","Proyección completa del estado biaxial","M",355,3.06751904039836,175.755894590846,21.372755966957,"kN m/m","DE"
"biaxial-complete","Estado biaxial uniforme","Acciones prescritas","Proyección completa del estado biaxial","M",356,3.07623358312676,176.25520110957,21.4251144521693,"kN m/m","DE"
"biaxial-complete","Estado biaxial uniforme","Acciones prescritas","Proyección completa del estado biaxial","M",357,3.08494812585516,176.754507628294,21.4709629722462,"kN m/m","DE"
"biaxial-complete","Estado biaxial uniforme","Acciones prescritas","Proyección completa del estado biaxial","M",358,3.09366266858357,177.253814147018,21.5102875999966,"kN m/m","DE"
"biaxial-complete","Estado biaxial uniforme","Acciones prescritas","Proyección completa del estado biaxial","M",359,3.10237721131197,177.753120665742,21.5430763899622,"kN m/m","DE"
"biaxial-complete","Estado biaxial uniforme","Acciones prescritas","Proyección completa del estado biaxial","M",360,3.11109175404038,178.252427184466,21.5693193820452,"kN m/m","DE"
"biaxial-complete","Estado biaxial uniforme","Acciones prescritas","Proyección completa del estado biaxial","M",361,3.11980629676878,178.75173370319,21.5890086045346,"kN m/m","DE"
"biaxial-complete","Estado biaxial uniforme","Acciones prescritas","Proyección completa del estado biaxial","M",362,3.12852083949719,179.251040221914,21.6021380765272,"kN m/m","DE"
"biaxial-complete","Estado biaxial uniforme","Acciones prescritas","Proyección completa del estado biaxial","M",363,3.13723538222559,179.750346740638,21.6087038097445,"kN m/m","DE"
"biaxial-complete","Estado biaxial uniforme","Acciones prescritas","Proyección completa del estado biaxial","M",364,3.14159265358979,180,21.6095245731444,"kN m/m","DE"
"biaxial-complete","Estado biaxial uniforme","Acciones prescritas","Proyección completa del estado biaxial","M",365,3.145949924954,180.249653259362,21.6087038097445,"kN m/m","DE"
"biaxial-complete","Estado biaxial uniforme","Acciones prescritas","Proyección completa del estado biaxial","M",366,3.1546644676824,180.748959778086,21.6021380765272,"kN m/m","DE"
"biaxial-complete","Estado biaxial uniforme","Acciones prescritas","Proyección completa del estado biaxial","M",367,3.1633790104108,181.24826629681,21.5890086045346,"kN m/m","DE"
"biaxial-complete","Estado biaxial uniforme","Acciones prescritas","Proyección completa del estado biaxial","M",368,3.17209355313921,181.747572815534,21.5693193820452,"kN m/m","DE"
"biaxial-complete","Estado biaxial uniforme","Acciones prescritas","Proyección completa del estado biaxial","M",369,3.18080809586761,182.246879334258,21.5430763899622,"kN m/m","DE"
"biaxial-complete","Estado biaxial uniforme","Acciones prescritas","Proyección completa del estado biaxial","M",370,3.18952263859602,182.746185852982,21.5102875999966,"kN m/m","DE"
"biaxial-complete","Estado biaxial uniforme","Acciones prescritas","Proyección completa del estado biaxial","M",371,3.19823718132442,183.245492371706,21.4709629722462,"kN m/m","DE"
"biaxial-complete","Estado biaxial uniforme","Acciones prescritas","Proyección completa del estado biaxial","M",372,3.20695172405283,183.74479889043,21.4251144521693,"kN m/m","DE"
"biaxial-complete","Estado biaxial uniforme","Acciones prescritas","Proyección completa del estado biaxial","M",373,3.21566626678123,184.244105409154,21.372755966957,"kN m/m","DE"
"biaxial-complete","Estado biaxial uniforme","Acciones prescritas","Proyección completa del estado biaxial","M",374,3.22438080950963,184.743411927878,21.3139034213016,"kN m/m","DE"
"biaxial-complete","Estado biaxial uniforme","Acciones prescritas","Proyección completa del estado biaxial","M",375,3.23309535223804,185.242718446602,21.2485746925663,"kN m/m","DE"
"biaxial-complete","Estado biaxial uniforme","Acciones prescritas","Proyección completa del estado biaxial","M",376,3.24180989496644,185.742024965326,21.1767896253537,"kN m/m","DE"
"biaxial-complete","Estado biaxial uniforme","Acciones prescritas","Proyección completa del estado biaxial","M",377,3.25052443769485,186.24133148405,21.0985700254786,"kN m/m","DE"
"biaxial-complete","Estado biaxial uniforme","Acciones prescritas","Proyección completa del estado biaxial","M",378,3.25923898042325,186.740638002774,21.0139396533435,"kN m/m","DE"
"biaxial-complete","Estado biaxial uniforme","Acciones prescritas","Proyección completa del estado biaxial","M",379,3.26795352315166,187.239944521498,20.9229242167214,"kN m/m","DE"
"biaxial-complete","Estado biaxial uniforme","Acciones prescritas","Proyección completa del estado biaxial","M",380,3.27666806588006,187.739251040222,20.8255513629464,"kN m/m","DE"
"biaxial-complete","Estado biaxial uniforme","Acciones prescritas","Proyección completa del estado biaxial","M",381,3.28538260860847,188.238557558946,20.7218506705156,"kN m/m","DE"
"biaxial-complete","Estado biaxial uniforme","Acciones prescritas","Proyección completa del estado biaxial","M",382,3.29409715133687,188.73786407767,20.611853640104,"kN m/m","DE"
"biaxial-complete","Estado biaxial uniforme","Acciones prescritas","Proyección completa del estado biaxial","M",383,3.30281169406527,189.237170596394,20.495593684996,"kN m/m","DE"
"biaxial-complete","Estado biaxial uniforme","Acciones prescritas","Proyección completa del estado biaxial","M",384,3.31152623679368,189.736477115118,20.373106120935,"kN m/m","DE"
"biaxial-complete","Estado biaxial uniforme","Acciones prescritas","Proyección completa del estado biaxial","M",385,3.32024077952208,190.235783633842,20.2444281553966,"kN m/m","DE"
"biaxial-complete","Estado biaxial uniforme","Acciones prescritas","Proyección completa del estado biaxial","M",386,3.32895532225049,190.735090152566,20.1095988762853,"kN m/m","DE"
"biaxial-complete","Estado biaxial uniforme","Acciones prescritas","Proyección completa del estado biaxial","M",387,3.33766986497889,191.23439667129,19.9686592400616,"kN m/m","DE"
"biaxial-complete","Estado biaxial uniforme","Acciones prescritas","Proyección completa del estado biaxial","M",388,3.3463844077073,191.733703190014,19.8216520593007,"kN m/m","DE"
"biaxial-complete","Estado biaxial uniforme","Acciones prescritas","Proyección completa del estado biaxial","M",389,3.3550989504357,192.233009708738,19.6686219896873,"kN m/m","DE"
"biaxial-complete","Estado biaxial uniforme","Acciones prescritas","Proyección completa del estado biaxial","M",390,3.36381349316411,192.732316227462,19.5096155164511,"kN m/m","DE"
"biaxial-complete","Estado biaxial uniforme","Acciones prescritas","Proyección completa del estado biaxial","M",391,3.37252803589251,193.231622746186,19.3446809402458,"kN m/m","DE"
"biaxial-complete","Estado biaxial uniforme","Acciones prescritas","Proyección completa del estado biaxial","M",392,3.38124257862091,193.73092926491,19.1738683624776,"kN m/m","DE"
"biaxial-complete","Estado biaxial uniforme","Acciones prescritas","Proyección completa del estado biaxial","M",393,3.38995712134932,194.230235783634,18.9972296700853,"kN m/m","DE"
"biaxial-complete","Estado biaxial uniforme","Acciones prescritas","Proyección completa del estado biaxial","M",394,3.39867166407772,194.729542302358,18.8148185197799,"kN m/m","DE"
"biaxial-complete","Estado biaxial uniforme","Acciones prescritas","Proyección completa del estado biaxial","M",395,3.40738620680613,195.228848821082,18.6266903217444,"kN m/m","DE"
"biaxial-complete","Estado biaxial uniforme","Acciones prescritas","Proyección completa del estado biaxial","M",396,3.41610074953453,195.728155339806,18.4329022228032,"kN m/m","DE"
"biaxial-complete","Estado biaxial uniforme","Acciones prescritas","Proyección completa del estado biaxial","M",397,3.42481529226294,196.22746185853,18.233513089062,"kN m/m","DE"
"biaxial-complete","Estado biaxial uniforme","Acciones prescritas","Proyección completa del estado biaxial","M",398,3.43352983499134,196.726768377254,18.0285834880268,"kN m/m","DE"
"biaxial-complete","Estado biaxial uniforme","Acciones prescritas","Proyección completa del estado biaxial","M",399,3.44224437771975,197.226074895978,17.8181756702057,"kN m/m","DE"
"biaxial-complete","Estado biaxial uniforme","Acciones prescritas","Proyección completa del estado biaxial","M",400,3.45095892044815,197.725381414702,17.6023535501988,"kN m/m","DE"
"biaxial-complete","Estado biaxial uniforme","Acciones prescritas","Proyección completa del estado biaxial","M",401,3.45967346317655,198.224687933426,17.3811826872837,"kN m/m","DE"
"biaxial-complete","Estado biaxial uniforme","Acciones prescritas","Proyección completa del estado biaxial","M",402,3.46838800590496,198.72399445215,17.1547302655004,"kN m/m","DE"
"biaxial-complete","Estado biaxial uniforme","Acciones prescritas","Proyección completa del estado biaxial","M",403,3.47710254863336,199.223300970874,16.9230650732438,"kN m/m","DE"
"biaxial-complete","Estado biaxial uniforme","Acciones prescritas","Proyección completa del estado biaxial","M",404,3.48581709136177,199.722607489598,16.6862574823674,"kN m/m","DE"
"biaxial-complete","Estado biaxial uniforme","Acciones prescritas","Proyección completa del estado biaxial","M",405,3.49453163409017,200.221914008322,16.4443794268072,"kN m/m","DE"
"biaxial-complete","Estado biaxial uniforme","Acciones prescritas","Proyección completa del estado biaxial","M",406,3.50324617681858,200.721220527046,16.1975043807305,"kN m/m","DE"
"biaxial-complete","Estado biaxial uniforme","Acciones prescritas","Proyección completa del estado biaxial","M",407,3.51196071954698,201.22052704577,15.9457073362173,"kN m/m","DE"
"biaxial-complete","Estado biaxial uniforme","Acciones prescritas","Proyección completa del estado biaxial","M",408,3.52067526227539,201.719833564494,15.68906478048,"kN m/m","DE"
"biaxial-complete","Estado biaxial uniforme","Acciones prescritas","Proyección completa del estado biaxial","M",409,3.52938980500379,202.219140083218,15.427654672629,"kN m/m","DE"
"biaxial-complete","Estado biaxial uniforme","Acciones prescritas","Proyección completa del estado biaxial","M",410,3.53810434773219,202.718446601942,15.1615564199923,"kN m/m","DE"
"biaxial-complete","Estado biaxial uniforme","Acciones prescritas","Proyección completa del estado biaxial","M",411,3.5468188904606,203.217753120666,14.8908508539932,"kN m/m","DE"
"biaxial-complete","Estado biaxial uniforme","Acciones prescritas","Proyección completa del estado biaxial","M",412,3.555533433189,203.71705963939,14.6156202055976,"kN m/m","DE"
"biaxial-complete","Estado biaxial uniforme","Acciones prescritas","Proyección completa del estado biaxial","M",413,3.56424797591741,204.216366158114,14.335948080334,"kN m/m","DE"
"biaxial-complete","Estado biaxial uniforme","Acciones prescritas","Proyección completa del estado biaxial","M",414,3.57296251864581,204.715672676838,14.0519194328979,"kN m/m","DE"
"biaxial-complete","Estado biaxial uniforme","Acciones prescritas","Proyección completa del estado biaxial","M",415,3.58167706137422,205.214979195562,13.7636205413453,"kN m/m","DE"
"biaxial-complete","Estado biaxial uniforme","Acciones prescritas","Proyección completa del estado biaxial","M",416,3.59039160410262,205.714285714286,13.471138980884,"kN m/m","DE"
"biaxial-complete","Estado biaxial uniforme","Acciones prescritas","Proyección completa del estado biaxial","M",417,3.59910614683103,206.21359223301,13.1745635972718,"kN m/m","DE"
"biaxial-complete","Estado biaxial uniforme","Acciones prescritas","Proyección completa del estado biaxial","M",418,3.60782068955943,206.712898751734,12.8739844798281,"kN m/m","DE"
"biaxial-complete","Estado biaxial uniforme","Acciones prescritas","Proyección completa del estado biaxial","M",419,3.61653523228783,207.212205270458,12.5694929340676,"kN m/m","DE"
"biaxial-complete","Estado biaxial uniforme","Acciones prescritas","Proyección completa del estado biaxial","M",420,3.62524977501624,207.711511789182,12.2611814539652,"kN m/m","DE"
"biaxial-complete","Estado biaxial uniforme","Acciones prescritas","Proyección completa del estado biaxial","M",421,3.63396431774464,208.210818307906,11.9491436938596,"kN m/m","DE"
"biaxial-complete","Estado biaxial uniforme","Acciones prescritas","Proyección completa del estado biaxial","M",422,3.64267886047305,208.71012482663,11.6334744400039,"kN m/m","DE"
"biaxial-complete","Estado biaxial uniforme","Acciones prescritas","Proyección completa del estado biaxial","M",423,3.65139340320145,209.209431345354,11.3142695817731,"kN m/m","DE"
"biaxial-complete","Estado biaxial uniforme","Acciones prescritas","Proyección completa del estado biaxial","M",424,3.66010794592986,209.708737864078,10.9916260825365,"kN m/m","DE"
"biaxial-complete","Estado biaxial uniforme","Acciones prescritas","Proyección completa del estado biaxial","M",425,3.66882248865826,210.208044382802,10.6656419502031,"kN m/m","DE"
"biaxial-complete","Estado biaxial uniforme","Acciones prescritas","Proyección completa del estado biaxial","M",426,3.67753703138666,210.707350901526,10.3364162074504,"kN m/m","DE"
"biaxial-complete","Estado biaxial uniforme","Acciones prescritas","Proyección completa del estado biaxial","M",427,3.68625157411507,211.20665742025,10.0040488616448,"kN m/m","DE"
"biaxial-complete","Estado biaxial uniforme","Acciones prescritas","Proyección completa del estado biaxial","M",428,3.69496611684347,211.705963938974,9.66864087446297,"kN m/m","DE"
"biaxial-complete","Estado biaxial uniforme","Acciones prescritas","Proyección completa del estado biaxial","M",429,3.70368065957188,212.205270457698,9.33029413122276,"kN m/m","DE"
"biaxial-complete","Estado biaxial uniforme","Acciones prescritas","Proyección completa del estado biaxial","M",430,3.71239520230028,212.704576976422,8.9891114099343,"kN m/m","DE"
"biaxial-complete","Estado biaxial uniforme","Acciones prescritas","Proyección completa del estado biaxial","M",431,3.72110974502869,213.203883495146,8.64519635007956,"kN m/m","DE"
"biaxial-complete","Estado biaxial uniforme","Acciones prescritas","Proyección completa del estado biaxial","M",432,3.72982428775709,213.70319001387,8.29865342113028,"kN m/m","DE"
"biaxial-complete","Estado biaxial uniforme","Acciones prescritas","Proyección completa del estado biaxial","M",433,3.7385388304855,214.202496532594,7.94958789081358,"kN m/m","DE"
"biaxial-complete","Estado biaxial uniforme","Acciones prescritas","Proyección completa del estado biaxial","M",434,3.7472533732139,214.701803051318,7.59810579313558,"kN m/m","DE"
"biaxial-complete","Estado biaxial uniforme","Acciones prescritas","Proyección completa del estado biaxial","M",435,3.7559679159423,215.201109570042,7.24431389617164,"kN m/m","DE"
"biaxial-complete","Estado biaxial uniforme","Acciones prescritas","Proyección completa del estado biaxial","M",436,3.76468245867071,215.700416088766,6.88831966963418,"kN m/m","DE"
"biaxial-complete","Estado biaxial uniforme","Acciones prescritas","Proyección completa del estado biaxial","M",437,3.77339700139911,216.19972260749,6.5302312522269,"kN m/m","DE"
"biaxial-complete","Estado biaxial uniforme","Acciones prescritas","Proyección completa del estado biaxial","M",438,3.78211154412752,216.699029126214,6.17015741879617,"kN m/m","DE"
"biaxial-complete","Estado biaxial uniforme","Acciones prescritas","Proyección completa del estado biaxial","M",439,3.79082608685592,217.198335644938,5.8082075472888,"kN m/m","DE"
"biaxial-complete","Estado biaxial uniforme","Acciones prescritas","Proyección completa del estado biaxial","M",440,3.79954062958433,217.697642163662,5.44449158552705,"kN m/m","DE"
"biaxial-complete","Estado biaxial uniforme","Acciones prescritas","Proyección completa del estado biaxial","M",441,3.80825517231273,218.196948682386,5.07912001781004,"kN m/m","DE"
"biaxial-complete","Estado biaxial uniforme","Acciones prescritas","Proyección completa del estado biaxial","M",442,3.81696971504114,218.69625520111,4.71220383135268,"kN m/m","DE"
"biaxial-complete","Estado biaxial uniforme","Acciones prescritas","Proyección completa del estado biaxial","M",443,3.82568425776954,219.195561719834,4.34385448257152,"kN m/m","DE"
"biaxial-complete","Estado biaxial uniforme","Acciones prescritas","Proyección completa del estado biaxial","M",444,3.83439880049794,219.694868238558,3.97418386322799,"kN m/m","DE"
"biaxial-complete","Estado biaxial uniforme","Acciones prescritas","Proyección completa del estado biaxial","M",445,3.84311334322635,220.194174757282,3.60330426643988,"kN m/m","DE"
"biaxial-complete","Estado biaxial uniforme","Acciones prescritas","Proyección completa del estado biaxial","M",446,3.85182788595475,220.693481276006,3.23132835257028,"kN m/m","DE"
"biaxial-complete","Estado biaxial uniforme","Acciones prescritas","Proyección completa del estado biaxial","M",447,3.86054242868316,221.19278779473,2.85836911500553,"kN m/m","DE"
"biaxial-complete","Estado biaxial uniforme","Acciones prescritas","Proyección completa del estado biaxial","M",448,3.86925697141156,221.692094313454,2.48453984583145,"kN m/m","DE"
"biaxial-complete","Estado biaxial uniforme","Acciones prescritas","Proyección completa del estado biaxial","M",449,3.87797151413997,222.191400832178,2.10995410141948,"kN m/m","DE"
"biaxial-complete","Estado biaxial uniforme","Acciones prescritas","Proyección completa del estado biaxial","M",450,3.88668605686837,222.690707350902,1.73472566793185,"kN m/m","DE"
"biaxial-complete","Estado biaxial uniforme","Acciones prescritas","Proyección completa del estado biaxial","M",451,3.89540059959677,223.190013869625,1.35896852675759,"kN m/m","DE"
"biaxial-complete","Estado biaxial uniforme","Acciones prescritas","Proyección completa del estado biaxial","M",452,3.90411514232518,223.68932038835,0.982796819888645,"kN m/m","DE"
"biaxial-complete","Estado biaxial uniforme","Acciones prescritas","Proyección completa del estado biaxial","M",453,3.91282968505358,224.188626907074,0.606324815247777,"kN m/m","DE"
"biaxial-complete","Estado biaxial uniforme","Acciones prescritas","Proyección completa del estado biaxial","M",454,3.92154422778199,224.687933425798,0.229666871977763,"kN m/m","DE"
"biaxial-complete","Estado biaxial uniforme","Acciones prescritas","Proyección completa del estado biaxial","M",455,3.92699081698724,225,-0.005787926855602,"kN m/m","DE"
"biaxial-complete","Estado biaxial uniforme","Acciones prescritas","Proyección completa del estado biaxial","M",456,3.93025877051039,225.187239944522,-0.147062594296942,"kN m/m","DE"
"biaxial-complete","Estado biaxial uniforme","Acciones prescritas","Proyección completa del estado biaxial","M",457,3.9389733132388,225.686546463245,-0.523749146225657,"kN m/m","DE"
"biaxial-complete","Estado biaxial uniforme","Acciones prescritas","Proyección completa del estado biaxial","M",458,3.9476878559672,226.18585298197,-0.90027835949361,"kN m/m","DE"
"biaxial-complete","Estado biaxial uniforme","Acciones prescritas","Proyección completa del estado biaxial","M",459,3.95640239869561,226.685159500693,-1.27653585757998,"kN m/m","DE"
"biaxial-complete","Estado biaxial uniforme","Acciones prescritas","Proyección completa del estado biaxial","M",460,3.96511694142401,227.184466019417,-1.65240734650174,"kN m/m","DE"
"biaxial-complete","Estado biaxial uniforme","Acciones prescritas","Proyección completa del estado biaxial","M",461,3.97383148415241,227.683772538141,-2.0277786495319,"kN m/m","DE"
"biaxial-complete","Estado biaxial uniforme","Acciones prescritas","Proyección completa del estado biaxial","M",462,3.98254602688082,228.183079056865,-2.40253574188276,"kN m/m","DE"
"biaxial-complete","Estado biaxial uniforme","Acciones prescritas","Proyección completa del estado biaxial","M",463,3.99126056960922,228.682385575589,-2.7765647853424,"kN m/m","DE"
"biaxial-complete","Estado biaxial uniforme","Acciones prescritas","Proyección completa del estado biaxial","M",464,3.99997511233763,229.181692094313,-3.14975216285501,"kN m/m","DE"
"biaxial-complete","Estado biaxial uniforme","Acciones prescritas","Proyección completa del estado biaxial","M",465,4.00868965506603,229.680998613037,-3.52198451303362,"kN m/m","DE"
"biaxial-complete","Estado biaxial uniforme","Acciones prescritas","Proyección completa del estado biaxial","M",466,4.01740419779444,230.180305131761,-3.89314876459551,"kN m/m","DE"
"biaxial-complete","Estado biaxial uniforme","Acciones prescritas","Proyección completa del estado biaxial","M",467,4.02611874052284,230.679611650485,-4.26313217070934,"kN m/m","DE"
"biaxial-complete","Estado biaxial uniforme","Acciones prescritas","Proyección completa del estado biaxial","M",468,4.03483328325125,231.178918169209,-4.63182234324358,"kN m/m","DE"
"biaxial-complete","Estado biaxial uniforme","Acciones prescritas","Proyección completa del estado biaxial","M",469,4.04354782597965,231.678224687933,-4.99910728690623,"kN m/m","DE"
"biaxial-complete","Estado biaxial uniforme","Acciones prescritas","Proyección completa del estado biaxial","M",470,4.05226236870806,232.177531206657,-5.36487543326521,"kN m/m","DE"
"biaxial-complete","Estado biaxial uniforme","Acciones prescritas","Proyección completa del estado biaxial","M",471,4.06097691143646,232.676837725381,-5.72901567463876,"kN m/m","DE"
"biaxial-complete","Estado biaxial uniforme","Acciones prescritas","Proyección completa del estado biaxial","M",472,4.06969145416486,233.176144244105,-6.09141739784623,"kN m/m","DE"
"biaxial-complete","Estado biaxial uniforme","Acciones prescritas","Proyección completa del estado biaxial","M",473,4.07840599689327,233.675450762829,-6.4519705178086,"kN m/m","DE"
"biaxial-complete","Estado biaxial uniforme","Acciones prescritas","Proyección completa del estado biaxial","M",474,4.08712053962167,234.174757281553,-6.8105655109883,"kN m/m","DE"
"biaxial-complete","Estado biaxial uniforme","Acciones prescritas","Proyección completa del estado biaxial","M",475,4.09583508235008,234.674063800277,-7.16709344865893,"kN m/m","DE"
"biaxial-complete","Estado biaxial uniforme","Acciones prescritas","Proyección completa del estado biaxial","M",476,4.10454962507848,235.173370319001,-7.52144602999377,"kN m/m","DE"
"biaxial-complete","Estado biaxial uniforme","Acciones prescritas","Proyección completa del estado biaxial","M",477,4.11326416780689,235.672676837725,-7.87351561496395,"kN m/m","DE"
"biaxial-complete","Estado biaxial uniforme","Acciones prescritas","Proyección completa del estado biaxial","M",478,4.12197871053529,236.171983356449,-8.22319525703583,"kN m/m","DE"
"biaxial-complete","Estado biaxial uniforme","Acciones prescritas","Proyección completa del estado biaxial","M",479,4.13069325326369,236.671289875173,-8.57037873565746,"kN m/m","DE"
"biaxial-complete","Estado biaxial uniforme","Acciones prescritas","Proyección completa del estado biaxial","M",480,4.1394077959921,237.170596393897,-8.9149605885249,"kN m/m","DE"
"biaxial-complete","Estado biaxial uniforme","Acciones prescritas","Proyección completa del estado biaxial","M",481,4.1481223387205,237.669902912621,-9.2568361436178,"kN m/m","DE"
"biaxial-complete","Estado biaxial uniforme","Acciones prescritas","Proyección completa del estado biaxial","M",482,4.15683688144891,238.169209431345,-9.59590155099539,"kN m/m","DE"
"biaxial-complete","Estado biaxial uniforme","Acciones prescritas","Proyección completa del estado biaxial","M",483,4.16555142417731,238.668515950069,-9.9320538143422,"kN m/m","DE"
"biaxial-complete","Estado biaxial uniforme","Acciones prescritas","Proyección completa del estado biaxial","M",484,4.17426596690572,239.167822468793,-10.2651908222551,"kN m/m","DE"
"biaxial-complete","Estado biaxial uniforme","Acciones prescritas","Proyección completa del estado biaxial","M",485,4.18298050963412,239.667128987517,-10.5952113792608,"kN m/m","DE"
"biaxial-complete","Estado biaxial uniforme","Acciones prescritas","Proyección completa del estado biaxial","M",486,4.19169505236253,240.166435506241,-10.9220152365558,"kN m/m","DE"
"biaxial-complete","Estado biaxial uniforme","Acciones prescritas","Proyección completa del estado biaxial","M",487,4.20040959509093,240.665742024965,-11.2455031224587,"kN m/m","DE"
"biaxial-complete","Estado biaxial uniforme","Acciones prescritas","Proyección completa del estado biaxial","M",488,4.20912413781933,241.165048543689,-11.565576772565,"kN m/m","DE"
"biaxial-complete","Estado biaxial uniforme","Acciones prescritas","Proyección completa del estado biaxial","M",489,4.21783868054774,241.664355062413,-11.8821389595966,"kN m/m","DE"
"biaxial-complete","Estado biaxial uniforme","Acciones prescritas","Proyección completa del estado biaxial","M",490,4.22655322327614,242.163661581137,-12.1950935229364,"kN m/m","DE"
"biaxial-complete","Estado biaxial uniforme","Acciones prescritas","Proyección completa del estado biaxial","M",491,4.23526776600455,242.662968099861,-12.5043453978381,"kN m/m","DE"
"biaxial-complete","Estado biaxial uniforme","Acciones prescritas","Proyección completa del estado biaxial","M",492,4.24398230873295,243.162274618585,-12.8098006443037,"kN m/m","DE"
"biaxial-complete","Estado biaxial uniforme","Acciones prescritas","Proyección completa del estado biaxial","M",493,4.25269685146136,243.661581137309,-13.1113664756197,"kN m/m","DE"
"biaxial-complete","Estado biaxial uniforme","Acciones prescritas","Proyección completa del estado biaxial","M",494,4.26141139418976,244.160887656033,-13.4089512865416,"kN m/m","DE"
"biaxial-complete","Estado biaxial uniforme","Acciones prescritas","Proyección completa del estado biaxial","M",495,4.27012593691817,244.660194174757,-13.7024646811212,"kN m/m","DE"
"biaxial-complete","Estado biaxial uniforme","Acciones prescritas","Proyección completa del estado biaxial","M",496,4.27884047964657,245.159500693481,-13.9918175001653,"kN m/m","DE"
"biaxial-complete","Estado biaxial uniforme","Acciones prescritas","Proyección completa del estado biaxial","M",497,4.28755502237497,245.658807212205,-14.2769218483192,"kN m/m","DE"
"biaxial-complete","Estado biaxial uniforme","Acciones prescritas","Proyección completa del estado biaxial","M",498,4.29626956510338,246.158113730929,-14.5576911207665,"kN m/m","DE"
"biaxial-complete","Estado biaxial uniforme","Acciones prescritas","Proyección completa del estado biaxial","M",499,4.30498410783178,246.657420249653,-14.8340400295365,"kN m/m","DE"
"biaxial-complete","Estado biaxial uniforme","Acciones prescritas","Proyección completa del estado biaxial","M",500,4.31369865056019,247.156726768377,-15.1058846294117,"kN m/m","DE"
"biaxial-complete","Estado biaxial uniforme","Acciones prescritas","Proyección completa del estado biaxial","M",501,4.32241319328859,247.656033287101,-15.3731423434275,"kN m/m","DE"
"biaxial-complete","Estado biaxial uniforme","Acciones prescritas","Proyección completa del estado biaxial","M",502,4.331127736017,248.155339805825,-15.6357319879562,"kN m/m","DE"
"biaxial-complete","Estado biaxial uniforme","Acciones prescritas","Proyección completa del estado biaxial","M",503,4.3398422787454,248.654646324549,-15.8935737973677,"kN m/m","DE"
"biaxial-complete","Estado biaxial uniforme","Acciones prescritas","Proyección completa del estado biaxial","M",504,4.3485568214738,249.153952843273,-16.1465894482596,"kN m/m","DE"
"biaxial-complete","Estado biaxial uniforme","Acciones prescritas","Proyección completa del estado biaxial","M",505,4.35727136420221,249.653259361997,-16.3947020832493,"kN m/m","DE"
"biaxial-complete","Estado biaxial uniforme","Acciones prescritas","Proyección completa del estado biaxial","M",506,4.36598590693061,250.152565880721,-16.6378363343203,"kN m/m","DE"
"biaxial-complete","Estado biaxial uniforme","Acciones prescritas","Proyección completa del estado biaxial","M",507,4.37470044965902,250.651872399445,-16.8759183457165,"kN m/m","DE"
"biaxial-complete","Estado biaxial uniforme","Acciones prescritas","Proyección completa del estado biaxial","M",508,4.38341499238742,251.151178918169,-17.1088757963772,"kN m/m","DE"
"biaxial-complete","Estado biaxial uniforme","Acciones prescritas","Proyección completa del estado biaxial","M",509,4.39212953511583,251.650485436893,-17.3366379219055,"kN m/m","DE"
"biaxial-complete","Estado biaxial uniforme","Acciones prescritas","Proyección completa del estado biaxial","M",510,4.40084407784423,252.149791955617,-17.559135536064,"kN m/m","DE"
"biaxial-complete","Estado biaxial uniforme","Acciones prescritas","Proyección completa del estado biaxial","M",511,4.40955862057264,252.649098474341,-17.7763010517917,"kN m/m","DE"
"biaxial-complete","Estado biaxial uniforme","Acciones prescritas","Proyección completa del estado biaxial","M",512,4.41827316330104,253.148404993065,-17.9880685017339,"kN m/m","DE"
"biaxial-complete","Estado biaxial uniforme","Acciones prescritas","Proyección completa del estado biaxial","M",513,4.42698770602945,253.647711511789,-18.1943735582813,"kN m/m","DE"
"biaxial-complete","Estado biaxial uniforme","Acciones prescritas","Proyección completa del estado biaxial","M",514,4.43570224875785,254.147018030513,-18.3951535531103,"kN m/m","DE"
"biaxial-complete","Estado biaxial uniforme","Acciones prescritas","Proyección completa del estado biaxial","M",515,4.44441679148625,254.646324549237,-18.5903474962195,"kN m/m","DE"
"biaxial-complete","Estado biaxial uniforme","Acciones prescritas","Proyección completa del estado biaxial","M",516,4.45313133421466,255.145631067961,-18.7798960944563,"kN m/m","DE"
"biaxial-complete","Estado biaxial uniforme","Acciones prescritas","Proyección completa del estado biaxial","M",517,4.46184587694306,255.644937586685,-18.9637417695283,"kN m/m","DE"
"biaxial-complete","Estado biaxial uniforme","Acciones prescritas","Proyección completa del estado biaxial","M",518,4.47056041967147,256.144244105409,-19.1418286754931,"kN m/m","DE"
"biaxial-complete","Estado biaxial uniforme","Acciones prescritas","Proyección completa del estado biaxial","M",519,4.47927496239987,256.643550624133,-19.3141027157231,"kN m/m","DE"
"biaxial-complete","Estado biaxial uniforme","Acciones prescritas","Proyección completa del estado biaxial","M",520,4.48798950512828,257.142857142857,-19.4805115593376,"kN m/m","DE"
"biaxial-complete","Estado biaxial uniforme","Acciones prescritas","Proyección completa del estado biaxial","M",521,4.49670404785668,257.642163661581,-19.6410046570992,"kN m/m","DE"
"biaxial-complete","Estado biaxial uniforme","Acciones prescritas","Proyección completa del estado biaxial","M",522,4.50541859058508,258.141470180305,-19.7955332567692,"kN m/m","DE"
"biaxial-complete","Estado biaxial uniforme","Acciones prescritas","Proyección completa del estado biaxial","M",523,4.51413313331349,258.640776699029,-19.9440504179164,"kN m/m","DE"
"biaxial-complete","Estado biaxial uniforme","Acciones prescritas","Proyección completa del estado biaxial","M",524,4.52284767604189,259.140083217753,-20.0865110261763,"kN m/m","DE"
"biaxial-complete","Estado biaxial uniforme","Acciones prescritas","Proyección completa del estado biaxial","M",525,4.5315622187703,259.639389736477,-20.2228718069553,"kN m/m","DE"
"biaxial-complete","Estado biaxial uniforme","Acciones prescritas","Proyección completa del estado biaxial","M",526,4.5402767614987,260.138696255201,-20.3530913385758,"kN m/m","DE"
"biaxial-complete","Estado biaxial uniforme","Acciones prescritas","Proyección completa del estado biaxial","M",527,4.54899130422711,260.638002773925,-20.4771300648588,"kN m/m","DE"
"biaxial-complete","Estado biaxial uniforme","Acciones prescritas","Proyección completa del estado biaxial","M",528,4.55770584695551,261.137309292649,-20.5949503071395,"kN m/m","DE"
"biaxial-complete","Estado biaxial uniforme","Acciones prescritas","Proyección completa del estado biaxial","M",529,4.56642038968392,261.636615811373,-20.7065162757134,"kN m/m","DE"
"biaxial-complete","Estado biaxial uniforme","Acciones prescritas","Proyección completa del estado biaxial","M",530,4.57513493241232,262.135922330097,-20.811794080707,"kN m/m","DE"
"biaxial-complete","Estado biaxial uniforme","Acciones prescritas","Proyección completa del estado biaxial","M",531,4.58384947514072,262.635228848821,-20.9107517423732,"kN m/m","DE"
"biaxial-complete","Estado biaxial uniforme","Acciones prescritas","Proyección completa del estado biaxial","M",532,4.59256401786913,263.134535367545,-21.0033592008052,"kN m/m","DE"
"biaxial-complete","Estado biaxial uniforme","Acciones prescritas","Proyección completa del estado biaxial","M",533,4.60127856059753,263.633841886269,-21.0895883250678,"kN m/m","DE"
"biaxial-complete","Estado biaxial uniforme","Acciones prescritas","Proyección completa del estado biaxial","M",534,4.60999310332594,264.133148404993,-21.1694129217427,"kN m/m","DE"
"biaxial-complete","Estado biaxial uniforme","Acciones prescritas","Proyección completa del estado biaxial","M",535,4.61870764605434,264.632454923717,-21.2428087428849,"kN m/m","DE"
"biaxial-complete","Estado biaxial uniforme","Acciones prescritas","Proyección completa del estado biaxial","M",536,4.62742218878275,265.131761442441,-21.3097534933885,"kN m/m","DE"
"biaxial-complete","Estado biaxial uniforme","Acciones prescritas","Proyección completa del estado biaxial","M",537,4.63613673151115,265.631067961165,-21.3702268377594,"kN m/m","DE"
"biaxial-complete","Estado biaxial uniforme","Acciones prescritas","Proyección completa del estado biaxial","M",538,4.64485127423955,266.130374479889,-21.424210406292,"kN m/m","DE"
"biaxial-complete","Estado biaxial uniforme","Acciones prescritas","Proyección completa del estado biaxial","M",539,4.65356581696796,266.629680998613,-21.47168780065,"kN m/m","DE"
"biaxial-complete","Estado biaxial uniforme","Acciones prescritas","Proyección completa del estado biaxial","M",540,4.66228035969636,267.128987517337,-21.5126445988468,"kN m/m","DE"
"biaxial-complete","Estado biaxial uniforme","Acciones prescritas","Proyección completa del estado biaxial","M",541,4.67099490242477,267.628294036061,-21.5470683596273,"kN m/m","DE"
"biaxial-complete","Estado biaxial uniforme","Acciones prescritas","Proyección completa del estado biaxial","M",542,4.67970944515317,268.127600554785,-21.5749486262462,"kN m/m","DE"
"biaxial-complete","Estado biaxial uniforme","Acciones prescritas","Proyección completa del estado biaxial","M",543,4.68842398788158,268.626907073509,-21.5962769296453,"kN m/m","DE"
"biaxial-complete","Estado biaxial uniforme","Acciones prescritas","Proyección completa del estado biaxial","M",544,4.69713853060998,269.126213592233,-21.6110467910255,"kN m/m","DE"
"biaxial-complete","Estado biaxial uniforme","Acciones prescritas","Proyección completa del estado biaxial","M",545,4.70585307333839,269.625520110957,-21.6192537238148,"kN m/m","DE"
"biaxial-complete","Estado biaxial uniforme","Acciones prescritas","Proyección completa del estado biaxial","M",546,4.71238898038469,270,-21.6211004268556,"kN m/m","DE"
"biaxial-complete","Estado biaxial uniforme","Acciones prescritas","Proyección completa del estado biaxial","M",547,4.71456761606679,270.124826629681,-21.6208952350317,"kN m/m","DE"
"biaxial-complete","Estado biaxial uniforme","Acciones prescritas","Proyección completa del estado biaxial","M",548,4.7232821587952,270.624133148405,-21.615970826042,"kN m/m","DE"
"biaxial-complete","Estado biaxial uniforme","Acciones prescritas","Proyección completa del estado biaxial","M",549,4.7319967015236,271.123439667129,-21.6044819927103,"kN m/m","DE"
"biaxial-complete","Estado biaxial uniforme","Acciones prescritas","Proyección completa del estado biaxial","M",550,4.740711244252,271.622746185853,-21.5864322249459,"kN m/m","DE"
"biaxial-complete","Estado biaxial uniforme","Acciones prescritas","Proyección completa del estado biaxial","M",551,4.74942578698041,272.122052704577,-21.5618270056426,"kN m/m","DE"
"biaxial-complete","Estado biaxial uniforme","Acciones prescritas","Proyección completa del estado biaxial","M",552,4.75814032970881,272.621359223301,-21.5306738090128,"kN m/m","DE"
"biaxial-complete","Estado biaxial uniforme","Acciones prescritas","Proyección completa del estado biaxial","M",553,4.76685487243722,273.120665742025,-21.4929820983176,"kN m/m","DE"
"biaxial-complete","Estado biaxial uniforme","Acciones prescritas","Proyección completa del estado biaxial","M",554,4.77556941516562,273.619972260749,-21.448763322992,"kN m/m","DE"
"biaxial-complete","Estado biaxial uniforme","Acciones prescritas","Proyección completa del estado biaxial","M",555,4.78428395789403,274.119278779473,-21.3980309151668,"kN m/m","DE"
"biaxial-complete","Estado biaxial uniforme","Acciones prescritas","Proyección completa del estado biaxial","M",556,4.79299850062243,274.618585298197,-21.3408002855886,"kN m/m","DE"
"biaxial-complete","Estado biaxial uniforme","Acciones prescritas","Proyección completa del estado biaxial","M",557,4.80171304335083,275.117891816921,-21.2770888189386,"kN m/m","DE"
"biaxial-complete","Estado biaxial uniforme","Acciones prescritas","Proyección completa del estado biaxial","M",558,4.81042758607924,275.617198335645,-21.2069158685514,"kN m/m","DE"
"biaxial-complete","Estado biaxial uniforme","Acciones prescritas","Proyección completa del estado biaxial","M",559,4.81914212880764,276.116504854369,-21.1303027505365,"kN m/m","DE"
"biaxial-complete","Estado biaxial uniforme","Acciones prescritas","Proyección completa del estado biaxial","M",560,4.82785667153605,276.615811373093,-21.047272737303,"kN m/m","DE"
"biaxial-complete","Estado biaxial uniforme","Acciones prescritas","Proyección completa del estado biaxial","M",561,4.83657121426445,277.115117891817,-20.9578510504902,"kN m/m","DE"
"biaxial-complete","Estado biaxial uniforme","Acciones prescritas","Proyección completa del estado biaxial","M",562,4.84528575699286,277.614424410541,-20.8620648533063,"kN m/m","DE"
"biaxial-complete","Estado biaxial uniforme","Acciones prescritas","Proyección completa del estado biaxial","M",563,4.85400029972126,278.113730929265,-20.7599432422772,"kN m/m","DE"
"biaxial-complete","Estado biaxial uniforme","Acciones prescritas","Proyección completa del estado biaxial","M",564,4.86271484244967,278.613037447989,-20.6515172384077,"kN m/m","DE"
"biaxial-complete","Estado biaxial uniforme","Acciones prescritas","Proyección completa del estado biaxial","M",565,4.87142938517807,279.112343966713,-20.5368197777587,"kN m/m","DE"
"biaxial-complete","Estado biaxial uniforme","Acciones prescritas","Proyección completa del estado biaxial","M",566,4.88014392790647,279.611650485437,-20.4158857014422,"kN m/m","DE"
"biaxial-complete","Estado biaxial uniforme","Acciones prescritas","Proyección completa del estado biaxial","M",567,4.88885847063488,280.110957004161,-20.2887517450378,"kN m/m","DE"
"biaxial-complete","Estado biaxial uniforme","Acciones prescritas","Proyección completa del estado biaxial","M",568,4.89757301336328,280.610263522885,-20.1554565274337,"kN m/m","DE"
"biaxial-complete","Estado biaxial uniforme","Acciones prescritas","Proyección completa del estado biaxial","M",569,4.90628755609169,281.109570041609,-20.0160405390958,"kN m/m","DE"
"biaxial-complete","Estado biaxial uniforme","Acciones prescritas","Proyección completa del estado biaxial","M",570,4.91500209882009,281.608876560333,-19.8705461297677,"kN m/m","DE"
"biaxial-complete","Estado biaxial uniforme","Acciones prescritas","Proyección completa del estado biaxial","M",571,4.9237166415485,282.108183079057,-19.7190174956067,"kN m/m","DE"
"biaxial-complete","Estado biaxial uniforme","Acciones prescritas","Proyección completa del estado biaxial","M",572,4.9324311842769,282.607489597781,-19.5615006657583,"kN m/m","DE"
"biaxial-complete","Estado biaxial uniforme","Acciones prescritas","Proyección completa del estado biaxial","M",573,4.94114572700531,283.106796116505,-19.3980434883745,"kN m/m","DE"
"biaxial-complete","Estado biaxial uniforme","Acciones prescritas","Proyección completa del estado biaxial","M",574,4.94986026973371,283.606102635229,-19.2286956160786,"kN m/m","DE"
"biaxial-complete","Estado biaxial uniforme","Acciones prescritas","Proyección completa del estado biaxial","M",575,4.95857481246211,284.105409153953,-19.0535084908831,"kN m/m","DE"
"biaxial-complete","Estado biaxial uniforme","Acciones prescritas","Proyección completa del estado biaxial","M",576,4.96728935519052,284.604715672677,-18.8725353285626,"kN m/m","DE"
"biaxial-complete","Estado biaxial uniforme","Acciones prescritas","Proyección completa del estado biaxial","M",577,4.97600389791892,285.104022191401,-18.6858311024898,"kN m/m","DE"
"biaxial-complete","Estado biaxial uniforme","Acciones prescritas","Proyección completa del estado biaxial","M",578,4.98471844064733,285.603328710125,-18.4934525269354,"kN m/m","DE"
"biaxial-complete","Estado biaxial uniforme","Acciones prescritas","Proyección completa del estado biaxial","M",579,4.99343298337573,286.102635228849,-18.295458039841,"kN m/m","DE"
"biaxial-complete","Estado biaxial uniforme","Acciones prescritas","Proyección completa del estado biaxial","M",580,5.00214752610414,286.601941747573,-18.0919077850673,"kN m/m","DE"
"biaxial-complete","Estado biaxial uniforme","Acciones prescritas","Proyección completa del estado biaxial","M",581,5.01086206883254,287.101248266297,-17.8828635941246,"kN m/m","DE"
"biaxial-complete","Estado biaxial uniforme","Acciones prescritas","Proyección completa del estado biaxial","M",582,5.01957661156095,287.600554785021,-17.6683889673905,"kN m/m","DE"
"biaxial-complete","Estado biaxial uniforme","Acciones prescritas","Proyección completa del estado biaxial","M",583,5.02829115428935,288.099861303745,-17.4485490548209,"kN m/m","DE"
"biaxial-complete","Estado biaxial uniforme","Acciones prescritas","Proyección completa del estado biaxial","M",584,5.03700569701775,288.599167822469,-17.2234106361595,"kN m/m","DE"
"biaxial-complete","Estado biaxial uniforme","Acciones prescritas","Proyección completa del estado biaxial","M",585,5.04572023974616,289.098474341193,-16.9930421006522,"kN m/m","DE"
"biaxial-complete","Estado biaxial uniforme","Acciones prescritas","Proyección completa del estado biaxial","M",586,5.05443478247456,289.597780859917,-16.7575134262732,"kN m/m","DE"
"biaxial-complete","Estado biaxial uniforme","Acciones prescritas","Proyección completa del estado biaxial","M",587,5.06314932520297,290.097087378641,-16.5168961584682,"kN m/m","DE"
"biaxial-complete","Estado biaxial uniforme","Acciones prescritas","Proyección completa del estado biaxial","M",588,5.07186386793137,290.596393897365,-16.2712633884208,"kN m/m","DE"
"biaxial-complete","Estado biaxial uniforme","Acciones prescritas","Proyección completa del estado biaxial","M",589,5.08057841065978,291.095700416089,-16.0206897308506,"kN m/m","DE"
"biaxial-complete","Estado biaxial uniforme","Acciones prescritas","Proyección completa del estado biaxial","M",590,5.08929295338818,291.595006934813,-15.7652513013474,"kN m/m","DE"
"biaxial-complete","Estado biaxial uniforme","Acciones prescritas","Proyección completa del estado biaxial","M",591,5.09800749611659,292.094313453537,-15.50502569325,"kN m/m","DE"
"biaxial-complete","Estado biaxial uniforme","Acciones prescritas","Proyección completa del estado biaxial","M",592,5.10672203884499,292.593619972261,-15.2400919540762,"kN m/m","DE"
"biaxial-complete","Estado biaxial uniforme","Acciones prescritas","Proyección completa del estado biaxial","M",593,5.11543658157339,293.092926490985,-14.9705305615107,"kN m/m","DE"
"biaxial-complete","Estado biaxial uniforme","Acciones prescritas","Proyección completa del estado biaxial","M",594,5.1241511243018,293.592233009709,-14.6964233989589,"kN m/m","DE"
"biaxial-complete","Estado biaxial uniforme","Acciones prescritas","Proyección completa del estado biaxial","M",595,5.1328656670302,294.091539528433,-14.4178537306735,"kN m/m","DE"
"biaxial-complete","Estado biaxial uniforme","Acciones prescritas","Proyección completa del estado biaxial","M",596,5.14158020975861,294.590846047157,-14.1349061764617,"kN m/m","DE"
"biaxial-complete","Estado biaxial uniforme","Acciones prescritas","Proyección completa del estado biaxial","M",597,5.15029475248701,295.090152565881,-13.8476666859809,"kN m/m","DE"
"biaxial-complete","Estado biaxial uniforme","Acciones prescritas","Proyección completa del estado biaxial","M",598,5.15900929521542,295.589459084605,-13.5562225126295,"kN m/m","DE"
"biaxial-complete","Estado biaxial uniforme","Acciones prescritas","Proyección completa del estado biaxial","M",599,5.16772383794382,296.088765603329,-13.2606621870432,"kN m/m","DE"
"biaxial-complete","Estado biaxial uniforme","Acciones prescritas","Proyección completa del estado biaxial","M",600,5.17643838067223,296.588072122053,-12.9610754902018,"kN m/m","DE"
"biaxial-complete","Estado biaxial uniforme","Acciones prescritas","Proyección completa del estado biaxial","M",601,5.18515292340063,297.087378640777,-12.6575534261571,"kN m/m","DE"
"biaxial-complete","Estado biaxial uniforme","Acciones prescritas","Proyección completa del estado biaxial","M",602,5.19386746612903,297.586685159501,-12.3501881943892,"kN m/m","DE"
"biaxial-complete","Estado biaxial uniforme","Acciones prescritas","Proyección completa del estado biaxial","M",603,5.20258200885744,298.085991678225,-12.0390731617992,"kN m/m","DE"
"biaxial-complete","Estado biaxial uniforme","Acciones prescritas","Proyección completa del estado biaxial","M",604,5.21129655158584,298.585298196949,-11.7243028343475,"kN m/m","DE"
"biaxial-complete","Estado biaxial uniforme","Acciones prescritas","Proyección completa del estado biaxial","M",605,5.22001109431425,299.084604715673,-11.4059728283466,"kN m/m","DE"
"biaxial-complete","Estado biaxial uniforme","Acciones prescritas","Proyección completa del estado biaxial","M",606,5.22872563704265,299.583911234397,-11.084179841416,"kN m/m","DE"
"biaxial-complete","Estado biaxial uniforme","Acciones prescritas","Proyección completa del estado biaxial","M",607,5.23744017977106,300.083217753121,-10.7590216231084,"kN m/m","DE"
"biaxial-complete","Estado biaxial uniforme","Acciones prescritas","Proyección completa del estado biaxial","M",608,5.24615472249946,300.582524271845,-10.4305969452174,"kN m/m","DE"
"biaxial-complete","Estado biaxial uniforme","Acciones prescritas","Proyección completa del estado biaxial","M",609,5.25486926522786,301.081830790569,-10.0990055717737,"kN m/m","DE"
"biaxial-complete","Estado biaxial uniforme","Acciones prescritas","Proyección completa del estado biaxial","M",610,5.26358380795627,301.581137309293,-9.76434822874034,"kN m/m","DE"
"biaxial-complete","Estado biaxial uniforme","Acciones prescritas","Proyección completa del estado biaxial","M",611,5.27229835068467,302.080443828017,-9.42672657341553,"kN m/m","DE"
"biaxial-complete","Estado biaxial uniforme","Acciones prescritas","Proyección completa del estado biaxial","M",612,5.28101289341308,302.579750346741,-9.08624316355292,"kN m/m","DE"
"biaxial-complete","Estado biaxial uniforme","Acciones prescritas","Proyección completa del estado biaxial","M",613,5.28972743614148,303.079056865465,-8.74300142620783,"kN m/m","DE"
"biaxial-complete","Estado biaxial uniforme","Acciones prescritas","Proyección completa del estado biaxial","M",614,5.29844197886989,303.578363384189,-8.39710562631994,"kN m/m","DE"
"biaxial-complete","Estado biaxial uniforme","Acciones prescritas","Proyección completa del estado biaxial","M",615,5.30715652159829,304.077669902913,-8.04866083504109,"kN m/m","DE"
"biaxial-complete","Estado biaxial uniforme","Acciones prescritas","Proyección completa del estado biaxial","M",616,5.3158710643267,304.576976421637,-7.69777289781836,"kN m/m","DE"
"biaxial-complete","Estado biaxial uniforme","Acciones prescritas","Proyección completa del estado biaxial","M",617,5.3245856070551,305.076282940361,-7.34454840224175,"kN m/m","DE"
"biaxial-complete","Estado biaxial uniforme","Acciones prescritas","Proyección completa del estado biaxial","M",618,5.3333001497835,305.575589459085,-6.9890946456668,"kN m/m","DE"
"biaxial-complete","Estado biaxial uniforme","Acciones prescritas","Proyección completa del estado biaxial","M",619,5.34201469251191,306.074895977809,-6.63151960262125,"kN m/m","DE"
"biaxial-complete","Estado biaxial uniforme","Acciones prescritas","Proyección completa del estado biaxial","M",620,5.35072923524031,306.574202496533,-6.27193189200601,"kN m/m","DE"
"biaxial-complete","Estado biaxial uniforme","Acciones prescritas","Proyección completa del estado biaxial","M",621,5.35944377796872,307.073509015257,-5.91044074410077,"kN m/m","DE"
"biaxial-complete","Estado biaxial uniforme","Acciones prescritas","Proyección completa del estado biaxial","M",622,5.36815832069712,307.572815533981,-5.54715596738333,"kN m/m","DE"
"biaxial-complete","Estado biaxial uniforme","Acciones prescritas","Proyección completa del estado biaxial","M",623,5.37687286342553,308.072122052705,-5.18218791517389,"kN m/m","DE"
"biaxial-complete","Estado biaxial uniforme","Acciones prescritas","Proyección completa del estado biaxial","M",624,5.38558740615393,308.571428571429,-4.81564745211321,"kN m/m","DE"
"biaxial-complete","Estado biaxial uniforme","Acciones prescritas","Proyección completa del estado biaxial","M",625,5.39430194888234,309.070735090153,-4.44764592048611,"kN m/m","DE"
"biaxial-complete","Estado biaxial uniforme","Acciones prescritas","Proyección completa del estado biaxial","M",626,5.40301649161074,309.570041608877,-4.07829510639935,"kN m/m","DE"
"biaxial-complete","Estado biaxial uniforme","Acciones prescritas","Proyección completa del estado biaxial","M",627,5.41173103433914,310.069348127601,-3.70770720582482,"kN m/m","DE"
"biaxial-complete","Estado biaxial uniforme","Acciones prescritas","Proyección completa del estado biaxial","M",628,5.42044557706755,310.568654646325,-3.33599479051853,"kN m/m","DE"
"biaxial-complete","Estado biaxial uniforme","Acciones prescritas","Proyección completa del estado biaxial","M",629,5.42916011979595,311.067961165049,-2.96327077382497,"kN m/m","DE"
"biaxial-complete","Estado biaxial uniforme","Acciones prescritas","Proyección completa del estado biaxial","M",630,5.43787466252436,311.567267683773,-2.58964837637816,"kN m/m","DE"
"biaxial-complete","Estado biaxial uniforme","Acciones prescritas","Proyección completa del estado biaxial","M",631,5.44658920525276,312.066574202496,-2.21524109170893,"kN m/m","DE"
"biaxial-complete","Estado biaxial uniforme","Acciones prescritas","Proyección completa del estado biaxial","M",632,5.45530374798117,312.565880721221,-1.84016265176974,"kN m/m","DE"
"biaxial-complete","Estado biaxial uniforme","Acciones prescritas","Proyección completa del estado biaxial","M",633,5.46401829070957,313.065187239944,-1.46452699238674,"kN m/m","DE"
"biaxial-complete","Estado biaxial uniforme","Acciones prescritas","Proyección completa del estado biaxial","M",634,5.47273283343798,313.564493758669,-1.08844821864993,"kN m/m","DE"
"biaxial-complete","Estado biaxial uniforme","Acciones prescritas","Proyección completa del estado biaxial","M",635,5.48144737616638,314.063800277393,-0.712040570252196,"kN m/m","DE"
"biaxial-complete","Estado biaxial uniforme","Acciones prescritas","Proyección completa del estado biaxial","M",636,5.49016191889478,314.563106796117,-0.335418386787106,"kN m/m","DE"
"biaxial-complete","Estado biaxial uniforme","Acciones prescritas","Proyección completa del estado biaxial","M",637,5.49778714378214,315,-0.00578792685561788,"kN m/m","DE"
"biaxial-complete","Estado biaxial uniforme","Acciones prescritas","Proyección completa del estado biaxial","M",638,5.49887646162319,315.06241331484,0.041303926983419,"kN m/m","DE"
"biaxial-complete","Estado biaxial uniforme","Acciones prescritas","Proyección completa del estado biaxial","M",639,5.50759100435159,315.561719833564,0.418011935881456,"kN m/m","DE"
"biaxial-complete","Estado biaxial uniforme","Acciones prescritas","Proyección completa del estado biaxial","M",640,5.51630554708,316.061026352288,0.794591209074253,"kN m/m","DE"
"biaxial-complete","Estado biaxial uniforme","Acciones prescritas","Proyección completa del estado biaxial","M",641,5.5250200898084,316.560332871013,1.17092735483466,"kN m/m","DE"
"biaxial-complete","Estado biaxial uniforme","Acciones prescritas","Proyección completa del estado biaxial","M",642,5.53373463253681,317.059639389736,1.54690605528904,"kN m/m","DE"
"biaxial-complete","Estado biaxial uniforme","Acciones prescritas","Proyección completa del estado biaxial","M",643,5.54244917526521,317.55894590846,1.92241310114344,"kN m/m","DE"
"biaxial-complete","Estado biaxial uniforme","Acciones prescritas","Proyección completa del estado biaxial","M",644,5.55116371799361,318.058252427184,2.29733442637602,"kN m/m","DE"
"biaxial-complete","Estado biaxial uniforme","Acciones prescritas","Proyección completa del estado biaxial","M",645,5.55987826072202,318.557558945908,2.67155614288675,"kN m/m","DE"
"biaxial-complete","Estado biaxial uniforme","Acciones prescritas","Proyección completa del estado biaxial","M",646,5.56859280345042,319.056865464632,3.0449645750923,"kN m/m","DE"
"biaxial-complete","Estado biaxial uniforme","Acciones prescritas","Proyección completa del estado biaxial","M",647,5.57730734617883,319.556171983356,3.41744629445707,"kN m/m","DE"
"biaxial-complete","Estado biaxial uniforme","Acciones prescritas","Proyección completa del estado biaxial","M",648,5.58602188890723,320.05547850208,3.7888881539486,"kN m/m","DE"
"biaxial-complete","Estado biaxial uniforme","Acciones prescritas","Proyección completa del estado biaxial","M",649,5.59473643163564,320.554785020804,4.15917732240777,"kN m/m","DE"
"biaxial-complete","Estado biaxial uniforme","Acciones prescritas","Proyección completa del estado biaxial","M",650,5.60345097436404,321.054091539528,4.52820131882318,"kN m/m","DE"
"biaxial-complete","Estado biaxial uniforme","Acciones prescritas","Proyección completa del estado biaxial","M",651,5.61216551709245,321.553398058252,4.8958480464987,"kN m/m","DE"
"biaxial-complete","Estado biaxial uniforme","Acciones prescritas","Proyección completa del estado biaxial","M",652,5.62088005982085,322.052704576976,5.2620058271047,"kN m/m","DE"
"biaxial-complete","Estado biaxial uniforme","Acciones prescritas","Proyección completa del estado biaxial","M",653,5.62959460254925,322.5520110957,5.62656343460216,"kN m/m","DE"
"biaxial-complete","Estado biaxial uniforme","Acciones prescritas","Proyección completa del estado biaxial","M",654,5.63830914527766,323.051317614424,5.98941012902906,"kN m/m","DE"
"biaxial-complete","Estado biaxial uniforme","Acciones prescritas","Proyección completa del estado biaxial","M",655,5.64702368800606,323.550624133148,6.35043569013946,"kN m/m","DE"
"biaxial-complete","Estado biaxial uniforme","Acciones prescritas","Proyección completa del estado biaxial","M",656,5.65573823073447,324.049930651872,6.70953045088467,"kN m/m","DE"
"biaxial-complete","Estado biaxial uniforme","Acciones prescritas","Proyección completa del estado biaxial","M",657,5.66445277346287,324.549237170596,7.0665853307261,"kN m/m","DE"
"biaxial-complete","Estado biaxial uniforme","Acciones prescritas","Proyección completa del estado biaxial","M",658,5.67316731619128,325.04854368932,7.42149186877038,"kN m/m","DE"
"biaxial-complete","Estado biaxial uniforme","Acciones prescritas","Proyección completa del estado biaxial","M",659,5.68188185891968,325.547850208044,7.77414225671575,"kN m/m","DE"
"biaxial-complete","Estado biaxial uniforme","Acciones prescritas","Proyección completa del estado biaxial","M",660,5.69059640164809,326.047156726768,8.12442937160081,"kN m/m","DE"
"biaxial-complete","Estado biaxial uniforme","Acciones prescritas","Proyección completa del estado biaxial","M",661,5.69931094437649,326.546463245492,8.47224680834434,"kN m/m","DE"
"biaxial-complete","Estado biaxial uniforme","Acciones prescritas","Proyección completa del estado biaxial","M",662,5.70802548710489,327.045769764216,8.81748891206793,"kN m/m","DE"
"biaxial-complete","Estado biaxial uniforme","Acciones prescritas","Proyección completa del estado biaxial","M",663,5.7167400298333,327.54507628294,9.16005081018996,"kN m/m","DE"
"biaxial-complete","Estado biaxial uniforme","Acciones prescritas","Proyección completa del estado biaxial","M",664,5.7254545725617,328.044382801664,9.49982844428244,"kN m/m","DE"
"biaxial-complete","Estado biaxial uniforme","Acciones prescritas","Proyección completa del estado biaxial","M",665,5.73416911529011,328.543689320388,9.83671860168007,"kN m/m","DE"
"biaxial-complete","Estado biaxial uniforme","Acciones prescritas","Proyección completa del estado biaxial","M",666,5.74288365801851,329.042995839112,10.170618946833,"kN m/m","DE"
"biaxial-complete","Estado biaxial uniforme","Acciones prescritas","Proyección completa del estado biaxial","M",667,5.75159820074692,329.542302357836,10.5014280523928,"kN m/m","DE"
"biaxial-complete","Estado biaxial uniforme","Acciones prescritas","Proyección completa del estado biaxial","M",668,5.76031274347532,330.04160887656,10.8290454300222,"kN m/m","DE"
"biaxial-complete","Estado biaxial uniforme","Acciones prescritas","Proyección completa del estado biaxial","M",669,5.76902728620373,330.540915395284,11.1533715609203,"kN m/m","DE"
"biaxial-complete","Estado biaxial uniforme","Acciones prescritas","Proyección completa del estado biaxial","M",670,5.77774182893213,331.040221914008,11.4743079260529,"kN m/m","DE"
"biaxial-complete","Estado biaxial uniforme","Acciones prescritas","Proyección completa del estado biaxial","M",671,5.78645637166053,331.539528432732,11.7917570360793,"kN m/m","DE"
"biaxial-complete","Estado biaxial uniforme","Acciones prescritas","Proyección completa del estado biaxial","M",672,5.79517091438894,332.038834951456,12.1056224609655,"kN m/m","DE"
"biaxial-complete","Estado biaxial uniforme","Acciones prescritas","Proyección completa del estado biaxial","M",673,5.80388545711734,332.53814147018,12.4158088592773,"kN m/m","DE"
"biaxial-complete","Estado biaxial uniforme","Acciones prescritas","Proyección completa del estado biaxial","M",674,5.81259999984575,333.037447988904,12.722222007141,"kN m/m","DE"
"biaxial-complete","Estado biaxial uniforme","Acciones prescritas","Proyección completa del estado biaxial","M",675,5.82131454257415,333.536754507628,13.0247688268656,"kN m/m","DE"
"biaxial-complete","Estado biaxial uniforme","Acciones prescritas","Proyección completa del estado biaxial","M",676,5.83002908530256,334.036061026352,13.3233574152164,"kN m/m","DE"
"biaxial-complete","Estado biaxial uniforme","Acciones prescritas","Proyección completa del estado biaxial","M",677,5.83874362803096,334.535367545076,13.6178970713325,"kN m/m","DE"
"biaxial-complete","Estado biaxial uniforme","Acciones prescritas","Proyección completa del estado biaxial","M",678,5.84745817075936,335.0346740638,13.9082983242778,"kN m/m","DE"
"biaxial-complete","Estado biaxial uniforme","Acciones prescritas","Proyección completa del estado biaxial","M",679,5.85617271348777,335.533980582524,14.1944729602201,"kN m/m","DE"
"biaxial-complete","Estado biaxial uniforme","Acciones prescritas","Proyección completa del estado biaxial","M",680,5.86488725621617,336.033287101248,14.4763340492264,"kN m/m","DE"
"biaxial-complete","Estado biaxial uniforme","Acciones prescritas","Proyección completa del estado biaxial","M",681,5.87360179894458,336.532593619972,14.7537959716702,"kN m/m","DE"
"biaxial-complete","Estado biaxial uniforme","Acciones prescritas","Proyección completa del estado biaxial","M",682,5.88231634167298,337.031900138696,15.0267744442388,"kN m/m","DE"
"biaxial-complete","Estado biaxial uniforme","Acciones prescritas","Proyección completa del estado biaxial","M",683,5.89103088440139,337.53120665742,15.2951865455365,"kN m/m","DE"
"biaxial-complete","Estado biaxial uniforme","Acciones prescritas","Proyección completa del estado biaxial","M",684,5.89974542712979,338.030513176144,15.5589507412727,"kN m/m","DE"
"biaxial-complete","Estado biaxial uniforme","Acciones prescritas","Proyección completa del estado biaxial","M",685,5.9084599698582,338.529819694868,15.8179869090295,"kN m/m","DE"
"biaxial-complete","Estado biaxial uniforme","Acciones prescritas","Proyección completa del estado biaxial","M",686,5.9171745125866,339.029126213592,16.0722163625998,"kN m/m","DE"
"biaxial-complete","Estado biaxial uniforme","Acciones prescritas","Proyección completa del estado biaxial","M",687,5.925889055315,339.528432732316,16.3215618758897,"kN m/m","DE"
"biaxial-complete","Estado biaxial uniforme","Acciones prescritas","Proyección completa del estado biaxial","M",688,5.93460359804341,340.02773925104,16.5659477063772,"kN m/m","DE"
"biaxial-complete","Estado biaxial uniforme","Acciones prescritas","Proyección completa del estado biaxial","M",689,5.94331814077181,340.527045769764,16.8052996181196,"kN m/m","DE"
"biaxial-complete","Estado biaxial uniforme","Acciones prescritas","Proyección completa del estado biaxial","M",690,5.95203268350022,341.026352288488,17.0395449043046,"kN m/m","DE"
"biaxial-complete","Estado biaxial uniforme","Acciones prescritas","Proyección completa del estado biaxial","M",691,5.96074722622862,341.525658807212,17.2686124093355,"kN m/m","DE"
"biaxial-complete","Estado biaxial uniforme","Acciones prescritas","Proyección completa del estado biaxial","M",692,5.96946176895703,342.024965325936,17.4924325504459,"kN m/m","DE"
"biaxial-complete","Estado biaxial uniforme","Acciones prescritas","Proyección completa del estado biaxial","M",693,5.97817631168543,342.52427184466,17.7109373388368,"kN m/m","DE"
"biaxial-complete","Estado biaxial uniforme","Acciones prescritas","Proyección completa del estado biaxial","M",694,5.98689085441384,343.023578363384,17.9240604003291,"kN m/m","DE"
"biaxial-complete","Estado biaxial uniforme","Acciones prescritas","Proyección completa del estado biaxial","M",695,5.99560539714224,343.522884882108,18.1317369955256,"kN m/m","DE"
"biaxial-complete","Estado biaxial uniforme","Acciones prescritas","Proyección completa del estado biaxial","M",696,6.00431993987064,344.022191400832,18.3339040394769,"kN m/m","DE"
"biaxial-complete","Estado biaxial uniforme","Acciones prescritas","Proyección completa del estado biaxial","M",697,6.01303448259905,344.521497919556,18.530500120844,"kN m/m","DE"
"biaxial-complete","Estado biaxial uniforme","Acciones prescritas","Proyección completa del estado biaxial","M",698,6.02174902532745,345.02080443828,18.7214655205535,"kN m/m","DE"
"biaxial-complete","Estado biaxial uniforme","Acciones prescritas","Proyección completa del estado biaxial","M",699,6.03046356805586,345.520110957004,18.9067422299376,"kN m/m","DE"
"biaxial-complete","Estado biaxial uniforme","Acciones prescritas","Proyección completa del estado biaxial","M",700,6.03917811078426,346.019417475728,19.0862739683556,"kN m/m","DE"
"biaxial-complete","Estado biaxial uniforme","Acciones prescritas","Proyección completa del estado biaxial","M",701,6.04789265351267,346.518723994452,19.2600062002898,"kN m/m","DE"
"biaxial-complete","Estado biaxial uniforme","Acciones prescritas","Proyección completa del estado biaxial","M",702,6.05660719624107,347.018030513176,19.4278861519111,"kN m/m","DE"
"biaxial-complete","Estado biaxial uniforme","Acciones prescritas","Proyección completa del estado biaxial","M",703,6.06532173896948,347.5173370319,19.5898628271109,"kN m/m","DE"
"biaxial-complete","Estado biaxial uniforme","Acciones prescritas","Proyección completa del estado biaxial","M",704,6.07403628169788,348.016643550624,19.7458870229909,"kN m/m","DE"
"biaxial-complete","Estado biaxial uniforme","Acciones prescritas","Proyección completa del estado biaxial","M",705,6.08275082442628,348.515950069348,19.8959113448096,"kN m/m","DE"
"biaxial-complete","Estado biaxial uniforme","Acciones prescritas","Proyección completa del estado biaxial","M",706,6.09146536715469,349.015256588072,20.0398902203796,"kN m/m","DE"
"biaxial-complete","Estado biaxial uniforme","Acciones prescritas","Proyección completa del estado biaxial","M",707,6.10017990988309,349.514563106796,20.17777991391,"kN m/m","DE"
"biaxial-complete","Estado biaxial uniforme","Acciones prescritas","Proyección completa del estado biaxial","M",708,6.1088944526115,350.01386962552,20.3095385392927,"kN m/m","DE"
"biaxial-complete","Estado biaxial uniforme","Acciones prescritas","Proyección completa del estado biaxial","M",709,6.1176089953399,350.513176144244,20.4351260728252,"kN m/m","DE"
"biaxial-complete","Estado biaxial uniforme","Acciones prescritas","Proyección completa del estado biaxial","M",710,6.12632353806831,351.012482662968,20.5545043653691,"kN m/m","DE"
"biaxial-complete","Estado biaxial uniforme","Acciones prescritas","Proyección completa del estado biaxial","M",711,6.13503808079671,351.511789181692,20.6676371539378,"kN m/m","DE"
"biaxial-complete","Estado biaxial uniforme","Acciones prescritas","Proyección completa del estado biaxial","M",712,6.14375262352512,352.011095700416,20.7744900727125,"kN m/m","DE"
"biaxial-complete","Estado biaxial uniforme","Acciones prescritas","Proyección completa del estado biaxial","M",713,6.15246716625352,352.51040221914,20.8750306634812,"kN m/m","DE"
"biaxial-complete","Estado biaxial uniforme","Acciones prescritas","Proyección completa del estado biaxial","M",714,6.16118170898192,353.009708737864,20.9692283854979,"kN m/m","DE"
"biaxial-complete","Estado biaxial uniforme","Acciones prescritas","Proyección completa del estado biaxial","M",715,6.16989625171033,353.509015256588,21.0570546247606,"kN m/m","DE"
"biaxial-complete","Estado biaxial uniforme","Acciones prescritas","Proyección completa del estado biaxial","M",716,6.17861079443873,354.008321775312,21.1384827027028,"kN m/m","DE"
"biaxial-complete","Estado biaxial uniforme","Acciones prescritas","Proyección completa del estado biaxial","M",717,6.18732533716714,354.507628294036,21.2134878842974,"kN m/m","DE"
"biaxial-complete","Estado biaxial uniforme","Acciones prescritas","Proyección completa del estado biaxial","M",718,6.19603987989554,355.00693481276,21.2820473855707,"kN m/m","DE"
"biaxial-complete","Estado biaxial uniforme","Acciones prescritas","Proyección completa del estado biaxial","M",719,6.20475442262395,355.506241331484,21.3441403805232,"kN m/m","DE"
"biaxial-complete","Estado biaxial uniforme","Acciones prescritas","Proyección completa del estado biaxial","M",720,6.21346896535235,356.005547850208,21.3997480074558,"kN m/m","DE"
"biaxial-complete","Estado biaxial uniforme","Acciones prescritas","Proyección completa del estado biaxial","M",721,6.22218350808075,356.504854368932,21.4488533746993,"kN m/m","DE"
"biaxial-complete","Estado biaxial uniforme","Acciones prescritas","Proyección completa del estado biaxial","M",722,6.23089805080916,357.004160887656,21.4914415657457,"kN m/m","DE"
"biaxial-complete","Estado biaxial uniforme","Acciones prescritas","Proyección completa del estado biaxial","M",723,6.23961259353756,357.50346740638,21.5274996437789,"kN m/m","DE"
"biaxial-complete","Estado biaxial uniforme","Acciones prescritas","Proyección completa del estado biaxial","M",724,6.24832713626597,358.002773925104,21.5570166556051,"kN m/m","DE"
"biaxial-complete","Estado biaxial uniforme","Acciones prescritas","Proyección completa del estado biaxial","M",725,6.25704167899437,358.502080443828,21.5799836349794,"kN m/m","DE"
"biaxial-complete","Estado biaxial uniforme","Acciones prescritas","Proyección completa del estado biaxial","M",726,6.26575622172278,359.001386962552,21.5963936053297,"kN m/m","DE"
"biaxial-complete","Estado biaxial uniforme","Acciones prescritas","Proyección completa del estado biaxial","M",727,6.27447076445118,359.500693481276,21.606241581876,"kN m/m","DE"
"biaxial-complete","Estado biaxial uniforme","Acciones prescritas","Proyección completa del estado biaxial","Q",0,0,0,0,"kN/m","DE"
"biaxial-complete","Estado biaxial uniforme","Acciones prescritas","Proyección completa del estado biaxial","Q",1,0.00871454272840442,0.499306518723994,-0.572952175462416,"kN/m","DE"
"biaxial-complete","Estado biaxial uniforme","Acciones prescritas","Proyección completa del estado biaxial","Q",2,0.0174290854568088,0.998613037447989,-1.14573030791812,"kN/m","DE"
"biaxial-complete","Estado biaxial uniforme","Acciones prescritas","Proyección completa del estado biaxial","Q",3,0.0261436281852133,1.49791955617198,-1.71816040722863,"kN/m","DE"
"biaxial-complete","Estado biaxial uniforme","Acciones prescritas","Proyección completa del estado biaxial","Q",4,0.0348581709136177,1.99722607489598,-2.29006858897588,"kN/m","DE"
"biaxial-complete","Estado biaxial uniforme","Acciones prescritas","Proyección completa del estado biaxial","Q",5,0.0435727136420221,2.49653259361997,-2.86128112728224,"kN/m","DE"
"biaxial-complete","Estado biaxial uniforme","Acciones prescritas","Proyección completa del estado biaxial","Q",6,0.0522872563704265,2.99583911234397,-3.43162450758245,"kN/m","DE"
"biaxial-complete","Estado biaxial uniforme","Acciones prescritas","Proyección completa del estado biaxial","Q",7,0.0610017990988309,3.49514563106796,-4.00092547933134,"kN/m","DE"
"biaxial-complete","Estado biaxial uniforme","Acciones prescritas","Proyección completa del estado biaxial","Q",8,0.0697163418272354,3.99445214979196,-4.56901110863129,"kN/m","DE"
"biaxial-complete","Estado biaxial uniforme","Acciones prescritas","Proyección completa del estado biaxial","Q",9,0.0784308845556398,4.49375866851595,-5.13570883076359,"kN/m","DE"
"biaxial-complete","Estado biaxial uniforme","Acciones prescritas","Proyección completa del estado biaxial","Q",10,0.0871454272840442,4.99306518723994,-5.7008465026076,"kN/m","DE"
"biaxial-complete","Estado biaxial uniforme","Acciones prescritas","Proyección completa del estado biaxial","Q",11,0.0958599700124486,5.49237170596394,-6.2642524549319,"kN/m","DE"
"biaxial-complete","Estado biaxial uniforme","Acciones prescritas","Proyección completa del estado biaxial","Q",12,0.104574512740853,5.99167822468793,-6.82575554454139,"kN/m","DE"
"biaxial-complete","Estado biaxial uniforme","Acciones prescritas","Proyección completa del estado biaxial","Q",13,0.113289055469257,6.49098474341193,-7.38518520626469,"kN/m","DE"
"biaxial-complete","Estado biaxial uniforme","Acciones prescritas","Proyección completa del estado biaxial","Q",14,0.122003598197662,6.99029126213592,-7.94237150476596,"kN/m","DE"
"biaxial-complete","Estado biaxial uniforme","Acciones prescritas","Proyección completa del estado biaxial","Q",15,0.130718140926066,7.48959778085992,-8.49714518616529,"kN/m","DE"
"biaxial-complete","Estado biaxial uniforme","Acciones prescritas","Proyección completa del estado biaxial","Q",16,0.139432683654471,7.98890429958391,-9.04933772945223,"kN/m","DE"
"biaxial-complete","Estado biaxial uniforme","Acciones prescritas","Proyección completa del estado biaxial","Q",17,0.148147226382875,8.4882108183079,-9.59878139767659,"kN/m","DE"
"biaxial-complete","Estado biaxial uniforme","Acciones prescritas","Proyección completa del estado biaxial","Q",18,0.15686176911128,8.9875173370319,-10.1453092889011,"kN/m","DE"
"biaxial-complete","Estado biaxial uniforme","Acciones prescritas","Proyección completa del estado biaxial","Q",19,0.165576311839684,9.4868238557559,-10.6887553869005,"kN/m","DE"
"biaxial-complete","Estado biaxial uniforme","Acciones prescritas","Proyección completa del estado biaxial","Q",20,0.174290854568088,9.98613037447989,-11.2289546115914,"kN/m","DE"
"biaxial-complete","Estado biaxial uniforme","Acciones prescritas","Proyección completa del estado biaxial","Q",21,0.183005397296493,10.4854368932039,-11.7657428691781,"kN/m","DE"
"biaxial-complete","Estado biaxial uniforme","Acciones prescritas","Proyección completa del estado biaxial","Q",22,0.191719940024897,10.9847434119279,-12.2989571019982,"kN/m","DE"
"biaxial-complete","Estado biaxial uniforme","Acciones prescritas","Proyección completa del estado biaxial","Q",23,0.200434482753302,11.4840499306519,-12.8284353380543,"kN/m","DE"
"biaxial-complete","Estado biaxial uniforme","Acciones prescritas","Proyección completa del estado biaxial","Q",24,0.209149025481706,11.9833564493759,-13.3540167402152,"kN/m","DE"
"biaxial-complete","Estado biaxial uniforme","Acciones prescritas","Proyección completa del estado biaxial","Q",25,0.21786356821011,12.4826629680999,-13.8755416550729,"kN/m","DE"
"biaxial-complete","Estado biaxial uniforme","Acciones prescritas","Proyección completa del estado biaxial","Q",26,0.226578110938515,12.9819694868239,-14.3928516614394,"kN/m","DE"
"biaxial-complete","Estado biaxial uniforme","Acciones prescritas","Proyección completa del estado biaxial","Q",27,0.235292653666919,13.4812760055479,-14.9057896184699,"kN/m","DE"
"biaxial-complete","Estado biaxial uniforme","Acciones prescritas","Proyección completa del estado biaxial","Q",28,0.244007196395324,13.9805825242718,-15.4141997133965,"kN/m","DE"
"biaxial-complete","Estado biaxial uniforme","Acciones prescritas","Proyección completa del estado biaxial","Q",29,0.252721739123728,14.4798890429958,-15.9179275088589,"kN/m","DE"
"biaxial-complete","Estado biaxial uniforme","Acciones prescritas","Proyección completa del estado biaxial","Q",30,0.261436281852133,14.9791955617198,-16.416819989817,"kN/m","DE"
"biaxial-complete","Estado biaxial uniforme","Acciones prescritas","Proyección completa del estado biaxial","Q",31,0.270150824580537,15.4785020804438,-16.9107256100317,"kN/m","DE"
"biaxial-complete","Estado biaxial uniforme","Acciones prescritas","Proyección completa del estado biaxial","Q",32,0.278865367308941,15.9778085991678,-17.3994943380993,"kN/m","DE"
"biaxial-complete","Estado biaxial uniforme","Acciones prescritas","Proyección completa del estado biaxial","Q",33,0.287579910037346,16.4771151178918,-17.8829777030256,"kN/m","DE"
"biaxial-complete","Estado biaxial uniforme","Acciones prescritas","Proyección completa del estado biaxial","Q",34,0.29629445276575,16.9764216366158,-18.3610288393268,"kN/m","DE"
"biaxial-complete","Estado biaxial uniforme","Acciones prescritas","Proyección completa del estado biaxial","Q",35,0.305008995494155,17.4757281553398,-18.8335025316416,"kN/m","DE"
"biaxial-complete","Estado biaxial uniforme","Acciones prescritas","Proyección completa del estado biaxial","Q",36,0.313723538222559,17.9750346740638,-19.3002552588429,"kN/m","DE"
"biaxial-complete","Estado biaxial uniforme","Acciones prescritas","Proyección completa del estado biaxial","Q",37,0.322438080950964,18.4743411927878,-19.7611452376345,"kN/m","DE"
"biaxial-complete","Estado biaxial uniforme","Acciones prescritas","Proyección completa del estado biaxial","Q",38,0.331152623679368,18.9736477115118,-20.2160324656198,"kN/m","DE"
"biaxial-complete","Estado biaxial uniforme","Acciones prescritas","Proyección completa del estado biaxial","Q",39,0.339867166407772,19.4729542302358,-20.6647787638298,"kN/m","DE"
"biaxial-complete","Estado biaxial uniforme","Acciones prescritas","Proyección completa del estado biaxial","Q",40,0.348581709136177,19.9722607489598,-21.1072478186971,"kN/m","DE"
"biaxial-complete","Estado biaxial uniforme","Acciones prescritas","Proyección completa del estado biaxial","Q",41,0.357296251864581,20.4715672676838,-21.5433052234633,"kN/m","DE"
"biaxial-complete","Estado biaxial uniforme","Acciones prescritas","Proyección completa del estado biaxial","Q",42,0.366010794592986,20.9708737864078,-21.9728185190068,"kN/m","DE"
"biaxial-complete","Estado biaxial uniforme","Acciones prescritas","Proyección completa del estado biaxial","Q",43,0.37472533732139,21.4701803051318,-22.3956572340796,"kN/m","DE"
"biaxial-complete","Estado biaxial uniforme","Acciones prescritas","Proyección completa del estado biaxial","Q",44,0.383439880049794,21.9694868238558,-22.8116929249399,"kN/m","DE"
"biaxial-complete","Estado biaxial uniforme","Acciones prescritas","Proyección completa del estado biaxial","Q",45,0.392154422778199,22.4687933425798,-23.2207992143687,"kN/m","DE"
"biaxial-complete","Estado biaxial uniforme","Acciones prescritas","Proyección completa del estado biaxial","Q",46,0.400868965506603,22.9680998613037,-23.6228518300588,"kN/m","DE"
"biaxial-complete","Estado biaxial uniforme","Acciones prescritas","Proyección completa del estado biaxial","Q",47,0.409583508235008,23.4674063800277,-24.017728642365,"kN/m","DE"
"biaxial-complete","Estado biaxial uniforme","Acciones prescritas","Proyección completa del estado biaxial","Q",48,0.418298050963412,23.9667128987517,-24.4053097014017,"kN/m","DE"
"biaxial-complete","Estado biaxial uniforme","Acciones prescritas","Proyección completa del estado biaxial","Q",49,0.427012593691816,24.4660194174757,-24.7854772734808,"kN/m","DE"
"biaxial-complete","Estado biaxial uniforme","Acciones prescritas","Proyección completa del estado biaxial","Q",50,0.435727136420221,24.9653259361997,-25.1581158768742,"kN/m","DE"
"biaxial-complete","Estado biaxial uniforme","Acciones prescritas","Proyección completa del estado biaxial","Q",51,0.444441679148625,25.4646324549237,-25.5231123168935,"kN/m","DE"
"biaxial-complete","Estado biaxial uniforme","Acciones prescritas","Proyección completa del estado biaxial","Q",52,0.45315622187703,25.9639389736477,-25.8803557202747,"kN/m","DE"
"biaxial-complete","Estado biaxial uniforme","Acciones prescritas","Proyección completa del estado biaxial","Q",53,0.461870764605434,26.4632454923717,-26.2297375688574,"kN/m","DE"
"biaxial-complete","Estado biaxial uniforme","Acciones prescritas","Proyección completa del estado biaxial","Q",54,0.470585307333839,26.9625520110957,-26.571151732549,"kN/m","DE"
"biaxial-complete","Estado biaxial uniforme","Acciones prescritas","Proyección completa del estado biaxial","Q",55,0.479299850062243,27.4618585298197,-26.9044945015634,"kN/m","DE"
"biaxial-complete","Estado biaxial uniforme","Acciones prescritas","Proyección completa del estado biaxial","Q",56,0.488014392790647,27.9611650485437,-27.2296646179243,"kN/m","DE"
"biaxial-complete","Estado biaxial uniforme","Acciones prescritas","Proyección completa del estado biaxial","Q",57,0.496728935519052,28.4604715672677,-27.546563306224,"kN/m","DE"
"biaxial-complete","Estado biaxial uniforme","Acciones prescritas","Proyección completa del estado biaxial","Q",58,0.505443478247456,28.9597780859917,-27.8550943036278,"kN/m","DE"
"biaxial-complete","Estado biaxial uniforme","Acciones prescritas","Proyección completa del estado biaxial","Q",59,0.514158020975861,29.4590846047157,-28.1551638891155,"kN/m","DE"
"biaxial-complete","Estado biaxial uniforme","Acciones prescritas","Proyección completa del estado biaxial","Q",60,0.522872563704265,29.9583911234397,-28.4466809119503,"kN/m","DE"
"biaxial-complete","Estado biaxial uniforme","Acciones prescritas","Proyección completa del estado biaxial","Q",61,0.53158710643267,30.4576976421637,-28.7295568193677,"kN/m","DE"
"biaxial-complete","Estado biaxial uniforme","Acciones prescritas","Proyección completa del estado biaxial","Q",62,0.540301649161074,30.9570041608877,-29.0037056834741,"kN/m","DE"
"biaxial-complete","Estado biaxial uniforme","Acciones prescritas","Proyección completa del estado biaxial","Q",63,0.549016191889478,31.4563106796117,-29.2690442273495,"kN/m","DE"
"biaxial-complete","Estado biaxial uniforme","Acciones prescritas","Proyección completa del estado biaxial","Q",64,0.557730734617883,31.9556171983356,-29.5254918503433,"kN/m","DE"
"biaxial-complete","Estado biaxial uniforme","Acciones prescritas","Proyección completa del estado biaxial","Q",65,0.566445277346287,32.4549237170596,-29.7729706525589,"kN/m","DE"
"biaxial-complete","Estado biaxial uniforme","Acciones prescritas","Proyección completa del estado biaxial","Q",66,0.575159820074692,32.9542302357836,-30.011405458516,"kN/m","DE"
"biaxial-complete","Estado biaxial uniforme","Acciones prescritas","Proyección completa del estado biaxial","Q",67,0.583874362803096,33.4535367545076,-30.2407238399873,"kN/m","DE"
"biaxial-complete","Estado biaxial uniforme","Acciones prescritas","Proyección completa del estado biaxial","Q",68,0.592588905531501,33.9528432732316,-30.4608561379988,"kN/m","DE"
"biaxial-complete","Estado biaxial uniforme","Acciones prescritas","Proyección completa del estado biaxial","Q",69,0.601303448259905,34.4521497919556,-30.6717354839904,"kN/m","DE"
"biaxial-complete","Estado biaxial uniforme","Acciones prescritas","Proyección completa del estado biaxial","Q",70,0.610017990988309,34.9514563106796,-30.8732978201279,"kN/m","DE"
"biaxial-complete","Estado biaxial uniforme","Acciones prescritas","Proyección completa del estado biaxial","Q",71,0.618732533716714,35.4507628294036,-31.0654819187618,"kN/m","DE"
"biaxial-complete","Estado biaxial uniforme","Acciones prescritas","Proyección completa del estado biaxial","Q",72,0.627447076445118,35.9500693481276,-31.2482294010258,"kN/m","DE"
"biaxial-complete","Estado biaxial uniforme","Acciones prescritas","Proyección completa del estado biaxial","Q",73,0.636161619173523,36.4493758668516,-31.4214847545708,"kN/m","DE"
"biaxial-complete","Estado biaxial uniforme","Acciones prescritas","Proyección completa del estado biaxial","Q",74,0.644876161901927,36.9486823855756,-31.585195350427,"kN/m","DE"
"biaxial-complete","Estado biaxial uniforme","Acciones prescritas","Proyección completa del estado biaxial","Q",75,0.653590704630331,37.4479889042996,-31.7393114589913,"kN/m","DE"
"biaxial-complete","Estado biaxial uniforme","Acciones prescritas","Proyección completa del estado biaxial","Q",76,0.662305247358736,37.9472954230236,-31.883786265133,"kN/m","DE"
"biaxial-complete","Estado biaxial uniforme","Acciones prescritas","Proyección completa del estado biaxial","Q",77,0.67101979008714,38.4466019417476,-32.0185758824151,"kN/m","DE"
"biaxial-complete","Estado biaxial uniforme","Acciones prescritas","Proyección completa del estado biaxial","Q",78,0.679734332815545,38.9459084604716,-32.1436393664248,"kN/m","DE"
"biaxial-complete","Estado biaxial uniforme","Acciones prescritas","Proyección completa del estado biaxial","Q",79,0.688448875543949,39.4452149791956,-32.2589387272118,"kN/m","DE"
"biaxial-complete","Estado biaxial uniforme","Acciones prescritas","Proyección completa del estado biaxial","Q",80,0.697163418272354,39.9445214979196,-32.3644389408275,"kN/m","DE"
"biaxial-complete","Estado biaxial uniforme","Acciones prescritas","Proyección completa del estado biaxial","Q",81,0.705877961000758,40.4438280166436,-32.4601079599649,"kN/m","DE"
"biaxial-complete","Estado biaxial uniforme","Acciones prescritas","Proyección completa del estado biaxial","Q",82,0.714592503729162,40.9431345353675,-32.5459167236927,"kN/m","DE"
"biaxial-complete","Estado biaxial uniforme","Acciones prescritas","Proyección completa del estado biaxial","Q",83,0.723307046457567,41.4424410540915,-32.6218391662834,"kN/m","DE"
"biaxial-complete","Estado biaxial uniforme","Acciones prescritas","Proyección completa del estado biaxial","Q",84,0.732021589185971,41.9417475728155,-32.6878522251313,"kN/m","DE"
"biaxial-complete","Estado biaxial uniforme","Acciones prescritas","Proyección completa del estado biaxial","Q",85,0.740736131914376,42.4410540915395,-32.7439358477578,"kN/m","DE"
"biaxial-complete","Estado biaxial uniforme","Acciones prescritas","Proyección completa del estado biaxial","Q",86,0.74945067464278,42.9403606102635,-32.7900729979026,"kN/m","DE"
"biaxial-complete","Estado biaxial uniforme","Acciones prescritas","Proyección completa del estado biaxial","Q",87,0.758165217371184,43.4396671289875,-32.8262496606991,"kN/m","DE"
"biaxial-complete","Estado biaxial uniforme","Acciones prescritas","Proyección completa del estado biaxial","Q",88,0.766879760099589,43.9389736477115,-32.8524548469315,"kN/m","DE"
"biaxial-complete","Estado biaxial uniforme","Acciones prescritas","Proyección completa del estado biaxial","Q",89,0.775594302827993,44.4382801664355,-32.8686805963727,"kN/m","DE"
"biaxial-complete","Estado biaxial uniforme","Acciones prescritas","Proyección completa del estado biaxial","Q",90,0.784308845556398,44.9375866851595,-32.8749219802025,"kN/m","DE"
"biaxial-complete","Estado biaxial uniforme","Acciones prescritas","Proyección completa del estado biaxial","Q",91,0.785398163397448,45,-32.875,"kN/m","DE"
"biaxial-complete","Estado biaxial uniforme","Acciones prescritas","Proyección completa del estado biaxial","Q",92,0.793023388284802,45.4368932038835,-32.871177102505,"kN/m","DE"
"biaxial-complete","Estado biaxial uniforme","Acciones prescritas","Proyección completa del estado biaxial","Q",93,0.801737931013207,45.9361997226075,-32.8574471008441,"kN/m","DE"
"biaxial-complete","Estado biaxial uniforme","Acciones prescritas","Proyección completa del estado biaxial","Q",94,0.810452473741611,46.4355062413315,-32.8337361459183,"kN/m","DE"
"biaxial-complete","Estado biaxial uniforme","Acciones prescritas","Proyección completa del estado biaxial","Q",95,0.819167016470015,46.9348127600555,-32.8000514402937,"kN/m","DE"
"biaxial-complete","Estado biaxial uniforme","Acciones prescritas","Proyección completa del estado biaxial","Q",96,0.82788155919842,47.4341192787795,-32.756403216216,"kN/m","DE"
"biaxial-complete","Estado biaxial uniforme","Acciones prescritas","Proyección completa del estado biaxial","Q",97,0.836596101926824,47.9334257975035,-32.7028047325023,"kN/m","DE"
"biaxial-complete","Estado biaxial uniforme","Acciones prescritas","Proyección completa del estado biaxial","Q",98,0.845310644655229,48.4327323162275,-32.6392722705139,"kN/m","DE"
"biaxial-complete","Estado biaxial uniforme","Acciones prescritas","Proyección completa del estado biaxial","Q",99,0.854025187383633,48.9320388349515,-32.56582512921,"kN/m","DE"
"biaxial-complete","Estado biaxial uniforme","Acciones prescritas","Proyección completa del estado biaxial","Q",100,0.862739730112038,49.4313453536755,-32.4824856192856,"kN/m","DE"
"biaxial-complete","Estado biaxial uniforme","Acciones prescritas","Proyección completa del estado biaxial","Q",101,0.871454272840442,49.9306518723995,-32.3892790563947,"kN/m","DE"
"biaxial-complete","Estado biaxial uniforme","Acciones prescritas","Proyección completa del estado biaxial","Q",102,0.880168815568846,50.4299583911234,-32.2862337534594,"kN/m","DE"
"biaxial-complete","Estado biaxial uniforme","Acciones prescritas","Proyección completa del estado biaxial","Q",103,0.888883358297251,50.9292649098474,-32.1733810120702,"kN/m","DE"
"biaxial-complete","Estado biaxial uniforme","Acciones prescritas","Proyección completa del estado biaxial","Q",104,0.897597901025655,51.4285714285714,-32.0507551129774,"kN/m","DE"
"biaxial-complete","Estado biaxial uniforme","Acciones prescritas","Proyección completa del estado biaxial","Q",105,0.90631244375406,51.9278779472954,-31.9183933056778,"kN/m","DE"
"biaxial-complete","Estado biaxial uniforme","Acciones prescritas","Proyección completa del estado biaxial","Q",106,0.915026986482464,52.4271844660194,-31.7763357970994,"kN/m","DE"
"biaxial-complete","Estado biaxial uniforme","Acciones prescritas","Proyección completa del estado biaxial","Q",107,0.923741529210868,52.9264909847434,-31.6246257393881,"kN/m","DE"
"biaxial-complete","Estado biaxial uniforme","Acciones prescritas","Proyección completa del estado biaxial","Q",108,0.932456071939273,53.4257975034674,-31.4633092167998,"kN/m","DE"
"biaxial-complete","Estado biaxial uniforme","Acciones prescritas","Proyección completa del estado biaxial","Q",109,0.941170614667677,53.9251040221914,-31.2924352317011,"kN/m","DE"
"biaxial-complete","Estado biaxial uniforme","Acciones prescritas","Proyección completa del estado biaxial","Q",110,0.949885157396082,54.4244105409154,-31.1120556896847,"kN/m","DE"
"biaxial-complete","Estado biaxial uniforme","Acciones prescritas","Proyección completa del estado biaxial","Q",111,0.958599700124486,54.9237170596394,-30.9222253838015,"kN/m","DE"
"biaxial-complete","Estado biaxial uniforme","Acciones prescritas","Proyección completa del estado biaxial","Q",112,0.967314242852891,55.4230235783634,-30.7230019779171,"kN/m","DE"
"biaxial-complete","Estado biaxial uniforme","Acciones prescritas","Proyección completa del estado biaxial","Q",113,0.976028785581295,55.9223300970874,-30.5144459891953,"kN/m","DE"
"biaxial-complete","Estado biaxial uniforme","Acciones prescritas","Proyección completa del estado biaxial","Q",114,0.984743328309699,56.4216366158114,-30.2966207697146,"kN/m","DE"
"biaxial-complete","Estado biaxial uniforme","Acciones prescritas","Proyección completa del estado biaxial","Q",115,0.993457871038104,56.9209431345354,-30.0695924872249,"kN/m","DE"
"biaxial-complete","Estado biaxial uniforme","Acciones prescritas","Proyección completa del estado biaxial","Q",116,1.00217241376651,57.4202496532594,-29.8334301050473,"kN/m","DE"
"biaxial-complete","Estado biaxial uniforme","Acciones prescritas","Proyección completa del estado biaxial","Q",117,1.01088695649491,57.9195561719834,-29.5882053611258,"kN/m","DE"
"biaxial-complete","Estado biaxial uniforme","Acciones prescritas","Proyección completa del estado biaxial","Q",118,1.01960149922332,58.4188626907073,-29.3339927462356,"kN/m","DE"
"biaxial-complete","Estado biaxial uniforme","Acciones prescritas","Proyección completa del estado biaxial","Q",119,1.02831604195172,58.9181692094313,-29.0708694813557,"kN/m","DE"
"biaxial-complete","Estado biaxial uniforme","Acciones prescritas","Proyección completa del estado biaxial","Q",120,1.03703058468013,59.4174757281553,-28.7989154942115,"kN/m","DE"
"biaxial-complete","Estado biaxial uniforme","Acciones prescritas","Proyección completa del estado biaxial","Q",121,1.04574512740853,59.9167822468793,-28.5182133949956,"kN/m","DE"
"biaxial-complete","Estado biaxial uniforme","Acciones prescritas","Proyección completa del estado biaxial","Q",122,1.05445967013693,60.4160887656033,-28.2288484512739,"kN/m","DE"
"biaxial-complete","Estado biaxial uniforme","Acciones prescritas","Proyección completa del estado biaxial","Q",123,1.06317421286534,60.9153952843273,-27.930908562084,"kN/m","DE"
"biaxial-complete","Estado biaxial uniforme","Acciones prescritas","Proyección completa del estado biaxial","Q",124,1.07188875559374,61.4147018030513,-27.6244842312347,"kN/m","DE"
"biaxial-complete","Estado biaxial uniforme","Acciones prescritas","Proyección completa del estado biaxial","Q",125,1.08060329832215,61.9140083217753,-27.309668539814,"kN/m","DE"
"biaxial-complete","Estado biaxial uniforme","Acciones prescritas","Proyección completa del estado biaxial","Q",126,1.08931784105055,62.4133148404993,-26.9865571179144,"kN/m","DE"
"biaxial-complete","Estado biaxial uniforme","Acciones prescritas","Proyección completa del estado biaxial","Q",127,1.09803238377896,62.9126213592233,-26.6552481155835,"kN/m","DE"
"biaxial-complete","Estado biaxial uniforme","Acciones prescritas","Proyección completa del estado biaxial","Q",128,1.10674692650736,63.4119278779473,-26.3158421730099,"kN/m","DE"
"biaxial-complete","Estado biaxial uniforme","Acciones prescritas","Proyección completa del estado biaxial","Q",129,1.11546146923577,63.9112343966713,-25.9684423899517,"kN/m","DE"
"biaxial-complete","Estado biaxial uniforme","Acciones prescritas","Proyección completa del estado biaxial","Q",130,1.12417601196417,64.4105409153953,-25.6131542944187,"kN/m","DE"
"biaxial-complete","Estado biaxial uniforme","Acciones prescritas","Proyección completa del estado biaxial","Q",131,1.13289055469257,64.9098474341193,-25.2500858106165,"kN/m","DE"
"biaxial-complete","Estado biaxial uniforme","Acciones prescritas","Proyección completa del estado biaxial","Q",132,1.14160509742098,65.4091539528433,-24.879347226163,"kN/m","DE"
"biaxial-complete","Estado biaxial uniforme","Acciones prescritas","Proyección completa del estado biaxial","Q",133,1.15031964014938,65.9084604715673,-24.5010511585866,"kN/m","DE"
"biaxial-complete","Estado biaxial uniforme","Acciones prescritas","Proyección completa del estado biaxial","Q",134,1.15903418287779,66.4077669902913,-24.1153125211172,"kN/m","DE"
"biaxial-complete","Estado biaxial uniforme","Acciones prescritas","Proyección completa del estado biaxial","Q",135,1.16774872560619,66.9070735090153,-23.7222484877794,"kN/m","DE"
"biaxial-complete","Estado biaxial uniforme","Acciones prescritas","Proyección completa del estado biaxial","Q",136,1.1764632683346,67.4063800277392,-23.3219784577988,"kN/m","DE"
"biaxial-complete","Estado biaxial uniforme","Acciones prescritas","Proyección completa del estado biaxial","Q",137,1.185177811063,67.9056865464632,-22.9146240193335,"kN/m","DE"
"biaxial-complete","Estado biaxial uniforme","Acciones prescritas","Proyección completa del estado biaxial","Q",138,1.19389235379141,68.4049930651872,-22.5003089125388,"kN/m","DE"
"biaxial-complete","Estado biaxial uniforme","Acciones prescritas","Proyección completa del estado biaxial","Q",139,1.20260689651981,68.9042995839112,-22.0791589919798,"kN/m","DE"
"biaxial-complete","Estado biaxial uniforme","Acciones prescritas","Proyección completa del estado biaxial","Q",140,1.21132143924821,69.4036061026352,-21.6513021884013,"kN/m","DE"
"biaxial-complete","Estado biaxial uniforme","Acciones prescritas","Proyección completa del estado biaxial","Q",141,1.22003598197662,69.9029126213592,-21.2168684698665,"kN/m","DE"
"biaxial-complete","Estado biaxial uniforme","Acciones prescritas","Proyección completa del estado biaxial","Q",142,1.22875052470502,70.4022191400832,-20.7759898022771,"kN/m","DE"
"biaxial-complete","Estado biaxial uniforme","Acciones prescritas","Proyección completa del estado biaxial","Q",143,1.23746506743343,70.9015256588072,-20.3288001092873,"kN/m","DE"
"biaxial-complete","Estado biaxial uniforme","Acciones prescritas","Proyección completa del estado biaxial","Q",144,1.24617961016183,71.4008321775312,-19.8754352316217,"kN/m","DE"
"biaxial-complete","Estado biaxial uniforme","Acciones prescritas","Proyección completa del estado biaxial","Q",145,1.25489415289024,71.9001386962552,-19.4160328858121,"kN/m","DE"
"biaxial-complete","Estado biaxial uniforme","Acciones prescritas","Proyección completa del estado biaxial","Q",146,1.26360869561864,72.3994452149792,-18.9507326223637,"kN/m","DE"
"biaxial-complete","Estado biaxial uniforme","Acciones prescritas","Proyección completa del estado biaxial","Q",147,1.27232323834705,72.8987517337032,-18.4796757833646,"kN/m","DE"
"biaxial-complete","Estado biaxial uniforme","Acciones prescritas","Proyección completa del estado biaxial","Q",148,1.28103778107545,73.3980582524272,-18.0030054595509,"kN/m","DE"
"biaxial-complete","Estado biaxial uniforme","Acciones prescritas","Proyección completa del estado biaxial","Q",149,1.28975232380385,73.8973647711512,-17.5208664468411,"kN/m","DE"
"biaxial-complete","Estado biaxial uniforme","Acciones prescritas","Proyección completa del estado biaxial","Q",150,1.29846686653226,74.3966712898752,-17.0334052023513,"kN/m","DE"
"biaxial-complete","Estado biaxial uniforme","Acciones prescritas","Proyección completa del estado biaxial","Q",151,1.30718140926066,74.8959778085992,-16.5407697999075,"kN/m","DE"
"biaxial-complete","Estado biaxial uniforme","Acciones prescritas","Proyección completa del estado biaxial","Q",152,1.31589595198907,75.3952843273232,-16.0431098850654,"kN/m","DE"
"biaxial-complete","Estado biaxial uniforme","Acciones prescritas","Proyección completa del estado biaxial","Q",153,1.32461049471747,75.8945908460472,-15.5405766296531,"kN/m","DE"
"biaxial-complete","Estado biaxial uniforme","Acciones prescritas","Proyección completa del estado biaxial","Q",154,1.33332503744588,76.3938973647712,-15.0333226858509,"kN/m","DE"
"biaxial-complete","Estado biaxial uniforme","Acciones prescritas","Proyección completa del estado biaxial","Q",155,1.34203958017428,76.8932038834951,-14.5215021398206,"kN/m","DE"
"biaxial-complete","Estado biaxial uniforme","Acciones prescritas","Proyección completa del estado biaxial","Q",156,1.35075412290268,77.3925104022191,-14.0052704648992,"kN/m","DE"
"biaxial-complete","Estado biaxial uniforme","Acciones prescritas","Proyección completa del estado biaxial","Q",157,1.35946866563109,77.8918169209431,-13.4847844743719,"kN/m","DE"
"biaxial-complete","Estado biaxial uniforme","Acciones prescritas","Proyección completa del estado biaxial","Q",158,1.36818320835949,78.3911234396671,-12.9602022738373,"kN/m","DE"
"biaxial-complete","Estado biaxial uniforme","Acciones prescritas","Proyección completa del estado biaxial","Q",159,1.3768977510879,78.8904299583911,-12.4316832131809,"kN/m","DE"
"biaxial-complete","Estado biaxial uniforme","Acciones prescritas","Proyección completa del estado biaxial","Q",160,1.3856122938163,79.3897364771151,-11.8993878381695,"kN/m","DE"
"biaxial-complete","Estado biaxial uniforme","Acciones prescritas","Proyección completa del estado biaxial","Q",161,1.39432683654471,79.8890429958391,-11.3634778416835,"kN/m","DE"
"biaxial-complete","Estado biaxial uniforme","Acciones prescritas","Proyección completa del estado biaxial","Q",162,1.40304137927311,80.3883495145631,-10.8241160145997,"kN/m","DE"
"biaxial-complete","Estado biaxial uniforme","Acciones prescritas","Proyección completa del estado biaxial","Q",163,1.41175592200152,80.8876560332871,-10.2814661963418,"kN/m","DE"
"biaxial-complete","Estado biaxial uniforme","Acciones prescritas","Proyección completa del estado biaxial","Q",164,1.42047046472992,81.3869625520111,-9.73569322511074,"kN/m","DE"
"biaxial-complete","Estado biaxial uniforme","Acciones prescritas","Proyección completa del estado biaxial","Q",165,1.42918500745832,81.8862690707351,-9.18696288781344,"kN/m","DE"
"biaxial-complete","Estado biaxial uniforme","Acciones prescritas","Proyección completa del estado biaxial","Q",166,1.43789955018673,82.3855755894591,-8.63544186970187,"kN/m","DE"
"biaxial-complete","Estado biaxial uniforme","Acciones prescritas","Proyección completa del estado biaxial","Q",167,1.44661409291513,82.8848821081831,-8.08129770374018,"kN/m","DE"
"biaxial-complete","Estado biaxial uniforme","Acciones prescritas","Proyección completa del estado biaxial","Q",168,1.45532863564354,83.3841886269071,-7.52469871971387,"kN/m","DE"
"biaxial-complete","Estado biaxial uniforme","Acciones prescritas","Proyección completa del estado biaxial","Q",169,1.46404317837194,83.8834951456311,-6.96581399309707,"kN/m","DE"
"biaxial-complete","Estado biaxial uniforme","Acciones prescritas","Proyección completa del estado biaxial","Q",170,1.47275772110035,84.3828016643551,-6.40481329369323,"kN/m","DE"
"biaxial-complete","Estado biaxial uniforme","Acciones prescritas","Proyección completa del estado biaxial","Q",171,1.48147226382875,84.882108183079,-5.84186703406499,"kN/m","DE"
"biaxial-complete","Estado biaxial uniforme","Acciones prescritas","Proyección completa del estado biaxial","Q",172,1.49018680655716,85.381414701803,-5.27714621776873,"kN/m","DE"
"biaxial-complete","Estado biaxial uniforme","Acciones prescritas","Proyección completa del estado biaxial","Q",173,1.49890134928556,85.880721220527,-4.71082238740965,"kN/m","DE"
"biaxial-complete","Estado biaxial uniforme","Acciones prescritas","Proyección completa del estado biaxial","Q",174,1.50761589201396,86.380027739251,-4.14306757253301,"kN/m","DE"
"biaxial-complete","Estado biaxial uniforme","Acciones prescritas","Proyección completa del estado biaxial","Q",175,1.51633043474237,86.879334257975,-3.57405423736755,"kN/m","DE"
"biaxial-complete","Estado biaxial uniforme","Acciones prescritas","Proyección completa del estado biaxial","Q",176,1.52504497747077,87.378640776699,-3.0039552284369,"kN/m","DE"
"biaxial-complete","Estado biaxial uniforme","Acciones prescritas","Proyección completa del estado biaxial","Q",177,1.53375952019918,87.877947295423,-2.43294372205466,"kN/m","DE"
"biaxial-complete","Estado biaxial uniforme","Acciones prescritas","Proyección completa del estado biaxial","Q",178,1.54247406292758,88.377253814147,-1.86119317171955,"kN/m","DE"
"biaxial-complete","Estado biaxial uniforme","Acciones prescritas","Proyección completa del estado biaxial","Q",179,1.55118860565599,88.876560332871,-1.28887725542628,"kN/m","DE"
"biaxial-complete","Estado biaxial uniforme","Acciones prescritas","Proyección completa del estado biaxial","Q",180,1.55990314838439,89.375866851595,-0.716169822908058,"kN/m","DE"
"biaxial-complete","Estado biaxial uniforme","Acciones prescritas","Proyección completa del estado biaxial","Q",181,1.5686176911128,89.875173370319,-0.143244842827155,"kN/m","DE"
"biaxial-complete","Estado biaxial uniforme","Acciones prescritas","Proyección completa del estado biaxial","Q",182,1.5707963267949,90,-4.02602635219692e-15,"kN/m","DE"
"biaxial-complete","Estado biaxial uniforme","Acciones prescritas","Proyección completa del estado biaxial","Q",183,1.5773322338412,90.374479889043,0.429723650070701,"kN/m","DE"
"biaxial-complete","Estado biaxial uniforme","Acciones prescritas","Proyección completa del estado biaxial","Q",184,1.5860467765696,90.873786407767,1.00256160782214,"kN/m","DE"
"biaxial-complete","Estado biaxial uniforme","Acciones prescritas","Proyección completa del estado biaxial","Q",185,1.59476131929801,91.373092926491,1.57509502211583,"kN/m","DE"
"biaxial-complete","Estado biaxial uniforme","Acciones prescritas","Proyección completa del estado biaxial","Q",186,1.60347586202641,91.872399445215,2.14714997715021,"kN/m","DE"
"biaxial-complete","Estado biaxial uniforme","Acciones prescritas","Proyección completa del estado biaxial","Q",187,1.61219040475482,92.371705963939,2.71855270246298,"kN/m","DE"
"biaxial-complete","Estado biaxial uniforme","Acciones prescritas","Proyección completa del estado biaxial","Q",188,1.62090494748322,92.871012482663,3.28912962571669,"kN/m","DE"
"biaxial-complete","Estado biaxial uniforme","Acciones prescritas","Proyección completa del estado biaxial","Q",189,1.62961949021163,93.370319001387,3.85870742542393,"kN/m","DE"
"biaxial-complete","Estado biaxial uniforme","Acciones prescritas","Proyección completa del estado biaxial","Q",190,1.63833403294003,93.869625520111,4.42711308359629,"kN/m","DE"
"biaxial-complete","Estado biaxial uniforme","Acciones prescritas","Proyección completa del estado biaxial","Q",191,1.64704857566844,94.3689320388349,4.99417393830142,"kN/m","DE"
"biaxial-complete","Estado biaxial uniforme","Acciones prescritas","Proyección completa del estado biaxial","Q",192,1.65576311839684,94.868238557559,5.55971773611161,"kN/m","DE"
"biaxial-complete","Estado biaxial uniforme","Acciones prescritas","Proyección completa del estado biaxial","Q",193,1.66447766112524,95.367545076283,6.1235726844284,"kN/m","DE"
"biaxial-complete","Estado biaxial uniforme","Acciones prescritas","Proyección completa del estado biaxial","Q",194,1.67319220385365,95.8668515950069,6.68556750366731,"kN/m","DE"
"biaxial-complete","Estado biaxial uniforme","Acciones prescritas","Proyección completa del estado biaxial","Q",195,1.68190674658205,96.3661581137309,7.24553147928657,"kN/m","DE"
"biaxial-complete","Estado biaxial uniforme","Acciones prescritas","Proyección completa del estado biaxial","Q",196,1.69062128931046,96.8654646324549,7.80329451364425,"kN/m","DE"
"biaxial-complete","Estado biaxial uniforme","Acciones prescritas","Proyección completa del estado biaxial","Q",197,1.69933583203886,97.3647711511789,8.35868717766812,"kN/m","DE"
"biaxial-complete","Estado biaxial uniforme","Acciones prescritas","Proyección completa del estado biaxial","Q",198,1.70805037476727,97.8640776699029,8.91154076232224,"kN/m","DE"
"biaxial-complete","Estado biaxial uniforme","Acciones prescritas","Proyección completa del estado biaxial","Q",199,1.71676491749567,98.3633841886269,9.46168732985501,"kN/m","DE"
"biaxial-complete","Estado biaxial uniforme","Acciones prescritas","Proyección completa del estado biaxial","Q",200,1.72547946022408,98.8626907073509,10.0089597648127,"kN/m","DE"
"biaxial-complete","Estado biaxial uniforme","Acciones prescritas","Proyección completa del estado biaxial","Q",201,1.73419400295248,99.3619972260749,10.5531918248035,"kN/m","DE"
"biaxial-complete","Estado biaxial uniforme","Acciones prescritas","Proyección completa del estado biaxial","Q",202,1.74290854568088,99.8613037447989,11.0942181909959,"kN/m","DE"
"biaxial-complete","Estado biaxial uniforme","Acciones prescritas","Proyección completa del estado biaxial","Q",203,1.75162308840929,100.360610263523,11.6318745183374,"kN/m","DE"
"biaxial-complete","Estado biaxial uniforme","Acciones prescritas","Proyección completa del estado biaxial","Q",204,1.76033763113769,100.859916782247,12.1659974854761,"kN/m","DE"
"biaxial-complete","Estado biaxial uniforme","Acciones prescritas","Proyección completa del estado biaxial","Q",205,1.7690521738661,101.359223300971,12.6964248443726,"kN/m","DE"
"biaxial-complete","Estado biaxial uniforme","Acciones prescritas","Proyección completa del estado biaxial","Q",206,1.7777667165945,101.858529819695,13.2229954695852,"kN/m","DE"
"biaxial-complete","Estado biaxial uniforme","Acciones prescritas","Proyección completa del estado biaxial","Q",207,1.78648125932291,102.357836338419,13.745549407214,"kN/m","DE"
"biaxial-complete","Estado biaxial uniforme","Acciones prescritas","Proyección completa del estado biaxial","Q",208,1.79519580205131,102.857142857143,14.2639279234897,"kN/m","DE"
"biaxial-complete","Estado biaxial uniforme","Acciones prescritas","Proyección completa del estado biaxial","Q",209,1.80391034477971,103.356449375867,14.7779735529912,"kN/m","DE"
"biaxial-complete","Estado biaxial uniforme","Acciones prescritas","Proyección completa del estado biaxial","Q",210,1.81262488750812,103.855755894591,15.2875301464782,"kN/m","DE"
"biaxial-complete","Estado biaxial uniforme","Acciones prescritas","Proyección completa del estado biaxial","Q",211,1.82133943023652,104.355062413315,15.7924429183237,"kN/m","DE"
"biaxial-complete","Estado biaxial uniforme","Acciones prescritas","Proyección completa del estado biaxial","Q",212,1.83005397296493,104.854368932039,16.2925584935331,"kN/m","DE"
"biaxial-complete","Estado biaxial uniforme","Acciones prescritas","Proyección completa del estado biaxial","Q",213,1.83876851569333,105.353675450763,16.7877249543335,"kN/m","DE"
"biaxial-complete","Estado biaxial uniforme","Acciones prescritas","Proyección completa del estado biaxial","Q",214,1.84748305842174,105.852981969487,17.2777918863215,"kN/m","DE"
"biaxial-complete","Estado biaxial uniforme","Acciones prescritas","Proyección completa del estado biaxial","Q",215,1.85619760115014,106.352288488211,17.7626104241537,"kN/m","DE"
"biaxial-complete","Estado biaxial uniforme","Acciones prescritas","Proyección completa del estado biaxial","Q",216,1.86491214387855,106.851595006935,18.2420332967669,"kN/m","DE"
"biaxial-complete","Estado biaxial uniforme","Acciones prescritas","Proyección completa del estado biaxial","Q",217,1.87362668660695,107.350901525659,18.7159148721141,"kN/m","DE"
"biaxial-complete","Estado biaxial uniforme","Acciones prescritas","Proyección completa del estado biaxial","Q",218,1.88234122933535,107.850208044383,19.1841112014019,"kN/m","DE"
"biaxial-complete","Estado biaxial uniforme","Acciones prescritas","Proyección completa del estado biaxial","Q",219,1.89105577206376,108.349514563107,19.646480062818,"kN/m","DE"
"biaxial-complete","Estado biaxial uniforme","Acciones prescritas","Proyección completa del estado biaxial","Q",220,1.89977031479216,108.848821081831,20.1028810047325,"kN/m","DE"
"biaxial-complete","Estado biaxial uniforme","Acciones prescritas","Proyección completa del estado biaxial","Q",221,1.90848485752057,109.348127600555,20.5531753883626,"kN/m","DE"
"biaxial-complete","Estado biaxial uniforme","Acciones prescritas","Proyección completa del estado biaxial","Q",222,1.91719940024897,109.847434119279,20.9972264298862,"kN/m","DE"
"biaxial-complete","Estado biaxial uniforme","Acciones prescritas","Proyección completa del estado biaxial","Q",223,1.92591394297738,110.346740638003,21.4348992419921,"kN/m","DE"
"biaxial-complete","Estado biaxial uniforme","Acciones prescritas","Proyección completa del estado biaxial","Q",224,1.93462848570578,110.846047156727,21.8660608748541,"kN/m","DE"
"biaxial-complete","Estado biaxial uniforme","Acciones prescritas","Proyección completa del estado biaxial","Q",225,1.94334302843419,111.345353675451,22.2905803565164,"kN/m","DE"
"biaxial-complete","Estado biaxial uniforme","Acciones prescritas","Proyección completa del estado biaxial","Q",226,1.95205757116259,111.844660194175,22.7083287326785,"kN/m","DE"
"biaxial-complete","Estado biaxial uniforme","Acciones prescritas","Proyección completa del estado biaxial","Q",227,1.96077211389099,112.343966712899,23.1191791058672,"kN/m","DE"
"biaxial-complete","Estado biaxial uniforme","Acciones prescritas","Proyección completa del estado biaxial","Q",228,1.9694866566194,112.843273231623,23.523006673983,"kN/m","DE"
"biaxial-complete","Estado biaxial uniforme","Acciones prescritas","Proyección completa del estado biaxial","Q",229,1.9782011993478,113.342579750347,23.9196887682116,"kN/m","DE"
"biaxial-complete","Estado biaxial uniforme","Acciones prescritas","Proyección completa del estado biaxial","Q",230,1.98691574207621,113.841886269071,24.3091048902856,"kN/m","DE"
"biaxial-complete","Estado biaxial uniforme","Acciones prescritas","Proyección completa del estado biaxial","Q",231,1.99563028480461,114.341192787795,24.6911367490881,"kN/m","DE"
"biaxial-complete","Estado biaxial uniforme","Acciones prescritas","Proyección completa del estado biaxial","Q",232,2.00434482753302,114.840499306519,25.0656682965855,"kN/m","DE"
"biaxial-complete","Estado biaxial uniforme","Acciones prescritas","Proyección completa del estado biaxial","Q",233,2.01305937026142,115.339805825243,25.4325857630785,"kN/m","DE"
"biaxial-complete","Estado biaxial uniforme","Acciones prescritas","Proyección completa del estado biaxial","Q",234,2.02177391298983,115.839112343967,25.7917776917619,"kN/m","DE"
"biaxial-complete","Estado biaxial uniforme","Acciones prescritas","Proyección completa del estado biaxial","Q",235,2.03048845571823,116.338418862691,26.1431349725808,"kN/m","DE"
"biaxial-complete","Estado biaxial uniforme","Acciones prescritas","Proyección completa del estado biaxial","Q",236,2.03920299844663,116.837725381415,26.4865508753749,"kN/m","DE"
"biaxial-complete","Estado biaxial uniforme","Acciones prescritas","Proyección completa del estado biaxial","Q",237,2.04791754117504,117.337031900139,26.8219210822991,"kN/m","DE"
"biaxial-complete","Estado biaxial uniforme","Acciones prescritas","Proyección completa del estado biaxial","Q",238,2.05663208390344,117.836338418863,27.1491437195118,"kN/m","DE"
"biaxial-complete","Estado biaxial uniforme","Acciones prescritas","Proyección completa del estado biaxial","Q",239,2.06534662663185,118.335644937587,27.4681193881206,"kN/m","DE"
"biaxial-complete","Estado biaxial uniforme","Acciones prescritas","Proyección completa del estado biaxial","Q",240,2.07406116936025,118.834951456311,27.7787511943762,"kN/m","DE"
"biaxial-complete","Estado biaxial uniforme","Acciones prescritas","Proyección completa del estado biaxial","Q",241,2.08277571208866,119.334257975035,28.0809447791054,"kN/m","DE"
"biaxial-complete","Estado biaxial uniforme","Acciones prescritas","Proyección completa del estado biaxial","Q",242,2.09149025481706,119.833564493759,28.3746083463742,"kN/m","DE"
"biaxial-complete","Estado biaxial uniforme","Acciones prescritas","Proyección completa del estado biaxial","Q",243,2.10020479754546,120.332871012483,28.6596526913722,"kN/m","DE"
"biaxial-complete","Estado biaxial uniforme","Acciones prescritas","Proyección completa del estado biaxial","Q",244,2.10891934027387,120.832177531207,28.9359912275098,"kN/m","DE"
"biaxial-complete","Estado biaxial uniforme","Acciones prescritas","Proyección completa del estado biaxial","Q",245,2.11763388300227,121.331484049931,29.2035400127204,"kN/m","DE"
"biaxial-complete","Estado biaxial uniforme","Acciones prescritas","Proyección completa del estado biaxial","Q",246,2.12634842573068,121.830790568655,29.4622177749589,"kN/m","DE"
"biaxial-complete","Estado biaxial uniforme","Acciones prescritas","Proyección completa del estado biaxial","Q",247,2.13506296845908,122.330097087379,29.7119459368894,"kN/m","DE"
"biaxial-complete","Estado biaxial uniforme","Acciones prescritas","Proyección completa del estado biaxial","Q",248,2.14377751118749,122.829403606103,29.9526486397545,"kN/m","DE"
"biaxial-complete","Estado biaxial uniforme","Acciones prescritas","Proyección completa del estado biaxial","Q",249,2.15249205391589,123.328710124827,30.1842527664181,"kN/m","DE"
"biaxial-complete","Estado biaxial uniforme","Acciones prescritas","Proyección completa del estado biaxial","Q",250,2.1612065966443,123.828016643551,30.4066879635763,"kN/m","DE"
"biaxial-complete","Estado biaxial uniforme","Acciones prescritas","Proyección completa del estado biaxial","Q",251,2.1699211393727,124.327323162275,30.619886663128,"kN/m","DE"
"biaxial-complete","Estado biaxial uniforme","Acciones prescritas","Proyección completa del estado biaxial","Q",252,2.1786356821011,124.826629680999,30.8237841026997,"kN/m","DE"
"biaxial-complete","Estado biaxial uniforme","Acciones prescritas","Proyección completa del estado biaxial","Q",253,2.18735022482951,125.325936199723,31.0183183453185,"kN/m","DE"
"biaxial-complete","Estado biaxial uniforme","Acciones prescritas","Proyección completa del estado biaxial","Q",254,2.19606476755791,125.825242718447,31.203430298226,"kN/m","DE"
"biaxial-complete","Estado biaxial uniforme","Acciones prescritas","Proyección completa del estado biaxial","Q",255,2.20477931028632,126.324549237171,31.3790637308286,"kN/m","DE"
"biaxial-complete","Estado biaxial uniforme","Acciones prescritas","Proyección completa del estado biaxial","Q",256,2.21349385301472,126.823855755895,31.5451652917788,"kN/m","DE"
"biaxial-complete","Estado biaxial uniforme","Acciones prescritas","Proyección completa del estado biaxial","Q",257,2.22220839574313,127.323162274619,31.701684525181,"kN/m","DE"
"biaxial-complete","Estado biaxial uniforme","Acciones prescritas","Proyección completa del estado biaxial","Q",258,2.23092293847153,127.822468793343,31.8485738859186,"kN/m","DE"
"biaxial-complete","Estado biaxial uniforme","Acciones prescritas","Proyección completa del estado biaxial","Q",259,2.23963748119994,128.321775312067,31.9857887540965,"kN/m","DE"
"biaxial-complete","Estado biaxial uniforme","Acciones prescritas","Proyección completa del estado biaxial","Q",260,2.24835202392834,128.821081830791,32.113287448595,"kN/m","DE"
"biaxial-complete","Estado biaxial uniforme","Acciones prescritas","Proyección completa del estado biaxial","Q",261,2.25706656665674,129.320388349515,32.2310312397311,"kN/m","DE"
"biaxial-complete","Estado biaxial uniforme","Acciones prescritas","Proyección completa del estado biaxial","Q",262,2.26578110938515,129.819694868239,32.338984361023,"kN/m","DE"
"biaxial-complete","Estado biaxial uniforme","Acciones prescritas","Proyección completa del estado biaxial","Q",263,2.27449565211355,130.319001386963,32.4371140200555,"kN/m","DE"
"biaxial-complete","Estado biaxial uniforme","Acciones prescritas","Proyección completa del estado biaxial","Q",264,2.28321019484196,130.818307905687,32.5253904084401,"kN/m","DE"
"biaxial-complete","Estado biaxial uniforme","Acciones prescritas","Proyección completa del estado biaxial","Q",265,2.29192473757036,131.317614424411,32.6037867108705,"kN/m","DE"
"biaxial-complete","Estado biaxial uniforme","Acciones prescritas","Proyección completa del estado biaxial","Q",266,2.30063928029877,131.816920943135,32.6722791132683,"kN/m","DE"
"biaxial-complete","Estado biaxial uniforme","Acciones prescritas","Proyección completa del estado biaxial","Q",267,2.30935382302717,132.316227461859,32.730846810016,"kN/m","DE"
"biaxial-complete","Estado biaxial uniforme","Acciones prescritas","Proyección completa del estado biaxial","Q",268,2.31806836575558,132.815533980583,32.7794720102779,"kN/m","DE"
"biaxial-complete","Estado biaxial uniforme","Acciones prescritas","Proyección completa del estado biaxial","Q",269,2.32678290848398,133.314840499307,32.8181399434041,"kN/m","DE"
"biaxial-complete","Estado biaxial uniforme","Acciones prescritas","Proyección completa del estado biaxial","Q",270,2.33549745121238,133.814147018031,32.8468388634171,"kN/m","DE"
"biaxial-complete","Estado biaxial uniforme","Acciones prescritas","Proyección completa del estado biaxial","Q",271,2.34421199394079,134.313453536755,32.86556005258,"kN/m","DE"
"biaxial-complete","Estado biaxial uniforme","Acciones prescritas","Proyección completa del estado biaxial","Q",272,2.35292653666919,134.812760055478,32.8742978240445,"kN/m","DE"
"biaxial-complete","Estado biaxial uniforme","Acciones prescritas","Proyección completa del estado biaxial","Q",273,2.35619449019234,135,32.875,"kN/m","DE"
"biaxial-complete","Estado biaxial uniforme","Acciones prescritas","Proyección completa del estado biaxial","Q",274,2.3616410793976,135.312066574203,32.8730495235787,"kN/m","DE"
"biaxial-complete","Estado biaxial uniforme","Acciones prescritas","Proyección completa del estado biaxial","Q",275,2.370355622126,135.811373092926,32.8618155303729,"kN/m","DE"
"biaxial-complete","Estado biaxial uniforme","Acciones prescritas","Proyección completa del estado biaxial","Q",276,2.37907016485441,136.31067961165,32.8405992569248,"kN/m","DE"
"biaxial-complete","Estado biaxial uniforme","Acciones prescritas","Proyección completa del estado biaxial","Q",277,2.38778470758281,136.809986130374,32.8094071480027,"kN/m","DE"
"biaxial-complete","Estado biaxial uniforme","Acciones prescritas","Proyección completa del estado biaxial","Q",278,2.39649925031122,137.309292649098,32.7682486786878,"kN/m","DE"
"biaxial-complete","Estado biaxial uniforme","Acciones prescritas","Proyección completa del estado biaxial","Q",279,2.40521379303962,137.808599167822,32.7171363514962,"kN/m","DE"
"biaxial-complete","Estado biaxial uniforme","Acciones prescritas","Proyección completa del estado biaxial","Q",280,2.41392833576802,138.307905686546,32.6560856925809,"kN/m","DE"
"biaxial-complete","Estado biaxial uniforme","Acciones prescritas","Proyección completa del estado biaxial","Q",281,2.42264287849643,138.80721220527,32.5851152470153,"kN/m","DE"
"biaxial-complete","Estado biaxial uniforme","Acciones prescritas","Proyección completa del estado biaxial","Q",282,2.43135742122483,139.306518723994,32.5042465731603,"kN/m","DE"
"biaxial-complete","Estado biaxial uniforme","Acciones prescritas","Proyección completa del estado biaxial","Q",283,2.44007196395324,139.805825242718,32.4135042361153,"kN/m","DE"
"biaxial-complete","Estado biaxial uniforme","Acciones prescritas","Proyección completa del estado biaxial","Q",284,2.44878650668164,140.305131761442,32.3129158002563,"kN/m","DE"
"biaxial-complete","Estado biaxial uniforme","Acciones prescritas","Proyección completa del estado biaxial","Q",285,2.45750104941005,140.804438280166,32.2025118208627,"kN/m","DE"
"biaxial-complete","Estado biaxial uniforme","Acciones prescritas","Proyección completa del estado biaxial","Q",286,2.46621559213845,141.30374479889,32.0823258348357,"kN/m","DE"
"biaxial-complete","Estado biaxial uniforme","Acciones prescritas","Proyección completa del estado biaxial","Q",287,2.47493013486686,141.803051317614,31.9523943505111,"kN/m","DE"
"biaxial-complete","Estado biaxial uniforme","Acciones prescritas","Proyección completa del estado biaxial","Q",288,2.48364467759526,142.302357836338,31.8127568365691,"kN/m","DE"
"biaxial-complete","Estado biaxial uniforme","Acciones prescritas","Proyección completa del estado biaxial","Q",289,2.49235922032366,142.801664355062,31.6634557100452,"kN/m","DE"
"biaxial-complete","Estado biaxial uniforme","Acciones prescritas","Proyección completa del estado biaxial","Q",290,2.50107376305207,143.300970873786,31.5045363234454,"kN/m","DE"
"biaxial-complete","Estado biaxial uniforme","Acciones prescritas","Proyección completa del estado biaxial","Q",291,2.50978830578047,143.80027739251,31.3360469509696,"kN/m","DE"
"biaxial-complete","Estado biaxial uniforme","Acciones prescritas","Proyección completa del estado biaxial","Q",292,2.51850284850888,144.299583911234,31.1580387738477,"kN/m","DE"
"biaxial-complete","Estado biaxial uniforme","Acciones prescritas","Proyección completa del estado biaxial","Q",293,2.52721739123728,144.798890429958,30.9705658647923,"kN/m","DE"
"biaxial-complete","Estado biaxial uniforme","Acciones prescritas","Proyección completa del estado biaxial","Q",294,2.53593193396569,145.298196948682,30.7736851715736,"kN/m","DE"
"biaxial-complete","Estado biaxial uniforme","Acciones prescritas","Proyección completa del estado biaxial","Q",295,2.54464647669409,145.797503467406,30.5674564997203,"kN/m","DE"
"biaxial-complete","Estado biaxial uniforme","Acciones prescritas","Proyección completa del estado biaxial","Q",296,2.55336101942249,146.29680998613,30.3519424943531,"kN/m","DE"
"biaxial-complete","Estado biaxial uniforme","Acciones prescritas","Proyección completa del estado biaxial","Q",297,2.5620755621509,146.796116504854,30.1272086211548,"kN/m","DE"
"biaxial-complete","Estado biaxial uniforme","Acciones prescritas","Proyección completa del estado biaxial","Q",298,2.5707901048793,147.295423023578,29.8933231464846,"kN/m","DE"
"biaxial-complete","Estado biaxial uniforme","Acciones prescritas","Proyección completa del estado biaxial","Q",299,2.57950464760771,147.794729542302,29.6503571166411,"kN/m","DE"
"biaxial-complete","Estado biaxial uniforme","Acciones prescritas","Proyección completa del estado biaxial","Q",300,2.58821919033611,148.294036061026,29.3983843362804,"kN/m","DE"
"biaxial-complete","Estado biaxial uniforme","Acciones prescritas","Proyección completa del estado biaxial","Q",301,2.59693373306452,148.79334257975,29.1374813459973,"kN/m","DE"
"biaxial-complete","Estado biaxial uniforme","Acciones prescritas","Proyección completa del estado biaxial","Q",302,2.60564827579292,149.292649098474,28.8677273990748,"kN/m","DE"
"biaxial-complete","Estado biaxial uniforme","Acciones prescritas","Proyección completa del estado biaxial","Q",303,2.61436281852133,149.791955617198,28.5892044374097,"kN/m","DE"
"biaxial-complete","Estado biaxial uniforme","Acciones prescritas","Proyección completa del estado biaxial","Q",304,2.62307736124973,150.291262135922,28.3019970666214,"kN/m","DE"
"biaxial-complete","Estado biaxial uniforme","Acciones prescritas","Proyección completa del estado biaxial","Q",305,2.63179190397813,150.790568654646,28.0061925303515,"kN/m","DE"
"biaxial-complete","Estado biaxial uniforme","Acciones prescritas","Proyección completa del estado biaxial","Q",306,2.64050644670654,151.28987517337,27.7018806837628,"kN/m","DE"
"biaxial-complete","Estado biaxial uniforme","Acciones prescritas","Proyección completa del estado biaxial","Q",307,2.64922098943494,151.789181692094,27.3891539662438,"kN/m","DE"
"biaxial-complete","Estado biaxial uniforme","Acciones prescritas","Proyección completa del estado biaxial","Q",308,2.65793553216335,152.288488210818,27.068107373329,"kN/m","DE"
"biaxial-complete","Estado biaxial uniforme","Acciones prescritas","Proyección completa del estado biaxial","Q",309,2.66665007489175,152.787794729542,26.7388384278427,"kN/m","DE"
"biaxial-complete","Estado biaxial uniforme","Acciones prescritas","Proyección completa del estado biaxial","Q",310,2.67536461762016,153.287101248266,26.4014471502749,"kN/m","DE"
"biaxial-complete","Estado biaxial uniforme","Acciones prescritas","Proyección completa del estado biaxial","Q",311,2.68407916034856,153.78640776699,26.0560360283984,"kN/m","DE"
"biaxial-complete","Estado biaxial uniforme","Acciones prescritas","Proyección completa del estado biaxial","Q",312,2.69279370307697,154.285714285714,25.7027099861365,"kN/m","DE"
"biaxial-complete","Estado biaxial uniforme","Acciones prescritas","Proyección completa del estado biaxial","Q",313,2.70150824580537,154.785020804438,25.3415763516912,"kN/m","DE"
"biaxial-complete","Estado biaxial uniforme","Acciones prescritas","Proyección completa del estado biaxial","Q",314,2.71022278853377,155.284327323162,24.9727448249401,"kN/m","DE"
"biaxial-complete","Estado biaxial uniforme","Acciones prescritas","Proyección completa del estado biaxial","Q",315,2.71893733126218,155.783633841886,24.5963274441138,"kN/m","DE"
"biaxial-complete","Estado biaxial uniforme","Acciones prescritas","Proyección completa del estado biaxial","Q",316,2.72765187399058,156.28294036061,24.2124385517621,"kN/m","DE"
"biaxial-complete","Estado biaxial uniforme","Acciones prescritas","Proyección completa del estado biaxial","Q",317,2.73636641671899,156.782246879334,23.8211947600211,"kN/m","DE"
"biaxial-complete","Estado biaxial uniforme","Acciones prescritas","Proyección completa del estado biaxial","Q",318,2.74508095944739,157.281553398058,23.4227149151905,"kN/m","DE"
"biaxial-complete","Estado biaxial uniforme","Acciones prescritas","Proyección completa del estado biaxial","Q",319,2.7537955021758,157.780859916782,23.0171200616318,"kN/m","DE"
"biaxial-complete","Estado biaxial uniforme","Acciones prescritas","Proyección completa del estado biaxial","Q",320,2.7625100449042,158.280166435506,22.6045334049996,"kN/m","DE"
"biaxial-complete","Estado biaxial uniforme","Acciones prescritas","Proyección completa del estado biaxial","Q",321,2.77122458763261,158.77947295423,22.1850802748159,"kN/m","DE"
"biaxial-complete","Estado biaxial uniforme","Acciones prescritas","Proyección completa del estado biaxial","Q",322,2.77993913036101,159.278779472954,21.7588880863991,"kN/m","DE"
"biaxial-complete","Estado biaxial uniforme","Acciones prescritas","Proyección completa del estado biaxial","Q",323,2.78865367308941,159.778085991678,21.3260863021602,"kN/m","DE"
"biaxial-complete","Estado biaxial uniforme","Acciones prescritas","Proyección completa del estado biaxial","Q",324,2.79736821581782,160.277392510402,20.8868063922759,"kN/m","DE"
"biaxial-complete","Estado biaxial uniforme","Acciones prescritas","Proyección completa del estado biaxial","Q",325,2.80608275854622,160.776699029126,20.441181794753,"kN/m","DE"
"biaxial-complete","Estado biaxial uniforme","Acciones prescritas","Proyección completa del estado biaxial","Q",326,2.81479730127463,161.27600554785,19.9893478748947,"kN/m","DE"
"biaxial-complete","Estado biaxial uniforme","Acciones prescritas","Proyección completa del estado biaxial","Q",327,2.82351184400303,161.775312066574,19.5314418841806,"kN/m","DE"
"biaxial-complete","Estado biaxial uniforme","Acciones prescritas","Proyección completa del estado biaxial","Q",328,2.83222638673144,162.274618585298,19.0676029185752,"kN/m","DE"
"biaxial-complete","Estado biaxial uniforme","Acciones prescritas","Proyección completa del estado biaxial","Q",329,2.84094092945984,162.773925104022,18.597971876275,"kN/m","DE"
"biaxial-complete","Estado biaxial uniforme","Acciones prescritas","Proyección completa del estado biaxial","Q",330,2.84965547218825,163.273231622746,18.1226914149086,"kN/m","DE"
"biaxial-complete","Estado biaxial uniforme","Acciones prescritas","Proyección completa del estado biaxial","Q",331,2.85837001491665,163.77253814147,17.6419059082022,"kN/m","DE"
"biaxial-complete","Estado biaxial uniforme","Acciones prescritas","Proyección completa del estado biaxial","Q",332,2.86708455764505,164.271844660194,17.155761402124,"kN/m","DE"
"biaxial-complete","Estado biaxial uniforme","Acciones prescritas","Proyección completa del estado biaxial","Q",333,2.87579910037346,164.771151178918,16.6644055705204,"kN/m","DE"
"biaxial-complete","Estado biaxial uniforme","Acciones prescritas","Proyección completa del estado biaxial","Q",334,2.88451364310186,165.270457697642,16.1679876702576,"kN/m","DE"
"biaxial-complete","Estado biaxial uniforme","Acciones prescritas","Proyección completa del estado biaxial","Q",335,2.89322818583027,165.769764216366,15.6666584958832,"kN/m","DE"
"biaxial-complete","Estado biaxial uniforme","Acciones prescritas","Proyección completa del estado biaxial","Q",336,2.90194272855867,166.26907073509,15.1605703338191,"kN/m","DE"
"biaxial-complete","Estado biaxial uniforme","Acciones prescritas","Proyección completa del estado biaxial","Q",337,2.91065727128708,166.768377253814,14.6498769161031,"kN/m","DE"
"biaxial-complete","Estado biaxial uniforme","Acciones prescritas","Proyección completa del estado biaxial","Q",338,2.91937181401548,167.267683772538,14.1347333736897,"kN/m","DE"
"biaxial-complete","Estado biaxial uniforme","Acciones prescritas","Proyección completa del estado biaxial","Q",339,2.92808635674389,167.766990291262,13.6152961893272,"kN/m","DE"
"biaxial-complete","Estado biaxial uniforme","Acciones prescritas","Proyección completa del estado biaxial","Q",340,2.93680089947229,168.266296809986,13.0917231500233,"kN/m","DE"
"biaxial-complete","Estado biaxial uniforme","Acciones prescritas","Proyección completa del estado biaxial","Q",341,2.94551544220069,168.76560332871,12.5641732991151,"kN/m","DE"
"biaxial-complete","Estado biaxial uniforme","Acciones prescritas","Proyección completa del estado biaxial","Q",342,2.9542299849291,169.264909847434,12.0328068879573,"kN/m","DE"
"biaxial-complete","Estado biaxial uniforme","Acciones prescritas","Proyección completa del estado biaxial","Q",343,2.9629445276575,169.764216366158,11.4977853272431,"kN/m","DE"
"biaxial-complete","Estado biaxial uniforme","Acciones prescritas","Proyección completa del estado biaxial","Q",344,2.97165907038591,170.263522884882,10.9592711379735,"kN/m","DE"
"biaxial-complete","Estado biaxial uniforme","Acciones prescritas","Proyección completa del estado biaxial","Q",345,2.98037361311431,170.762829403606,10.417427902089,"kN/m","DE"
"biaxial-complete","Estado biaxial uniforme","Acciones prescritas","Proyección completa del estado biaxial","Q",346,2.98908815584272,171.26213592233,9.87242021277909,"kN/m","DE"
"biaxial-complete","Estado biaxial uniforme","Acciones prescritas","Proyección completa del estado biaxial","Q",347,2.99780269857112,171.761442441054,9.32441362448434,"kN/m","DE"
"biaxial-complete","Estado biaxial uniforme","Acciones prescritas","Proyección completa del estado biaxial","Q",348,3.00651724129952,172.260748959778,8.7735746026069,"kN/m","DE"
"biaxial-complete","Estado biaxial uniforme","Acciones prescritas","Proyección completa del estado biaxial","Q",349,3.01523178402793,172.760055478502,8.22007047294419,"kN/m","DE"
"biaxial-complete","Estado biaxial uniforme","Acciones prescritas","Proyección completa del estado biaxial","Q",350,3.02394632675633,173.259361997226,7.66406937086075,"kN/m","DE"
"biaxial-complete","Estado biaxial uniforme","Acciones prescritas","Proyección completa del estado biaxial","Q",351,3.03266086948474,173.75866851595,7.10574019021498,"kN/m","DE"
"biaxial-complete","Estado biaxial uniforme","Acciones prescritas","Proyección completa del estado biaxial","Q",352,3.04137541221314,174.257975034674,6.54525253205471,"kN/m","DE"
"biaxial-complete","Estado biaxial uniforme","Acciones prescritas","Proyección completa del estado biaxial","Q",353,3.05008995494155,174.757281553398,5.98277665309845,"kN/m","DE"
"biaxial-complete","Estado biaxial uniforme","Acciones prescritas","Proyección completa del estado biaxial","Q",354,3.05880449766995,175.256588072122,5.41848341401721,"kN/m","DE"
"biaxial-complete","Estado biaxial uniforme","Acciones prescritas","Proyección completa del estado biaxial","Q",355,3.06751904039836,175.755894590846,4.85254422753312,"kN/m","DE"
"biaxial-complete","Estado biaxial uniforme","Acciones prescritas","Proyección completa del estado biaxial","Q",356,3.07623358312676,176.25520110957,4.28513100634986,"kN/m","DE"
"biaxial-complete","Estado biaxial uniforme","Acciones prescritas","Proyección completa del estado biaxial","Q",357,3.08494812585516,176.754507628294,3.71641611093194,"kN/m","DE"
"biaxial-complete","Estado biaxial uniforme","Acciones prescritas","Proyección completa del estado biaxial","Q",358,3.09366266858357,177.253814147018,3.14657229714734,"kN/m","DE"
"biaxial-complete","Estado biaxial uniforme","Acciones prescritas","Proyección completa del estado biaxial","Q",359,3.10237721131197,177.753120665742,2.57577266379015,"kN/m","DE"
"biaxial-complete","Estado biaxial uniforme","Acciones prescritas","Proyección completa del estado biaxial","Q",360,3.11109175404038,178.252427184466,2.00419059999953,"kN/m","DE"
"biaxial-complete","Estado biaxial uniforme","Acciones prescritas","Proyección completa del estado biaxial","Q",361,3.11980629676878,178.75173370319,1.43199973258967,"kN/m","DE"
"biaxial-complete","Estado biaxial uniforme","Acciones prescritas","Proyección completa del estado biaxial","Q",362,3.12852083949719,179.251040221914,0.859373873308354,"kN/m","DE"
"biaxial-complete","Estado biaxial uniforme","Acciones prescritas","Proyección completa del estado biaxial","Q",363,3.13723538222559,179.750346740638,0.286486966038707,"kN/m","DE"
"biaxial-complete","Estado biaxial uniforme","Acciones prescritas","Proyección completa del estado biaxial","Q",364,3.14159265358979,180,8.05205270439385e-15,"kN/m","DE"
"biaxial-complete","Estado biaxial uniforme","Acciones prescritas","Proyección completa del estado biaxial","Q",365,3.145949924954,180.249653259362,-0.286486966038691,"kN/m","DE"
"biaxial-complete","Estado biaxial uniforme","Acciones prescritas","Proyección completa del estado biaxial","Q",366,3.1546644676824,180.748959778086,-0.859373873308338,"kN/m","DE"
"biaxial-complete","Estado biaxial uniforme","Acciones prescritas","Proyección completa del estado biaxial","Q",367,3.1633790104108,181.24826629681,-1.43199973258968,"kN/m","DE"
"biaxial-complete","Estado biaxial uniforme","Acciones prescritas","Proyección completa del estado biaxial","Q",368,3.17209355313921,181.747572815534,-2.00419059999949,"kN/m","DE"
"biaxial-complete","Estado biaxial uniforme","Acciones prescritas","Proyección completa del estado biaxial","Q",369,3.18080809586761,182.246879334258,-2.57577266379016,"kN/m","DE"
"biaxial-complete","Estado biaxial uniforme","Acciones prescritas","Proyección completa del estado biaxial","Q",370,3.18952263859602,182.746185852982,-3.14657229714729,"kN/m","DE"
"biaxial-complete","Estado biaxial uniforme","Acciones prescritas","Proyección completa del estado biaxial","Q",371,3.19823718132442,183.245492371706,-3.71641611093195,"kN/m","DE"
"biaxial-complete","Estado biaxial uniforme","Acciones prescritas","Proyección completa del estado biaxial","Q",372,3.20695172405283,183.74479889043,-4.28513100634985,"kN/m","DE"
"biaxial-complete","Estado biaxial uniforme","Acciones prescritas","Proyección completa del estado biaxial","Q",373,3.21566626678123,184.244105409154,-4.8525442275331,"kN/m","DE"
"biaxial-complete","Estado biaxial uniforme","Acciones prescritas","Proyección completa del estado biaxial","Q",374,3.22438080950963,184.743411927878,-5.4184834140172,"kN/m","DE"
"biaxial-complete","Estado biaxial uniforme","Acciones prescritas","Proyección completa del estado biaxial","Q",375,3.23309535223804,185.242718446602,-5.98277665309844,"kN/m","DE"
"biaxial-complete","Estado biaxial uniforme","Acciones prescritas","Proyección completa del estado biaxial","Q",376,3.24180989496644,185.742024965326,-6.54525253205467,"kN/m","DE"
"biaxial-complete","Estado biaxial uniforme","Acciones prescritas","Proyección completa del estado biaxial","Q",377,3.25052443769485,186.24133148405,-7.10574019021496,"kN/m","DE"
"biaxial-complete","Estado biaxial uniforme","Acciones prescritas","Proyección completa del estado biaxial","Q",378,3.25923898042325,186.740638002774,-7.66406937086076,"kN/m","DE"
"biaxial-complete","Estado biaxial uniforme","Acciones prescritas","Proyección completa del estado biaxial","Q",379,3.26795352315166,187.239944521498,-8.22007047294415,"kN/m","DE"
"biaxial-complete","Estado biaxial uniforme","Acciones prescritas","Proyección completa del estado biaxial","Q",380,3.27666806588006,187.739251040222,-8.77357460260692,"kN/m","DE"
"biaxial-complete","Estado biaxial uniforme","Acciones prescritas","Proyección completa del estado biaxial","Q",381,3.28538260860847,188.238557558946,-9.32441362448433,"kN/m","DE"
"biaxial-complete","Estado biaxial uniforme","Acciones prescritas","Proyección completa del estado biaxial","Q",382,3.29409715133687,188.73786407767,-9.8724202127791,"kN/m","DE"
"biaxial-complete","Estado biaxial uniforme","Acciones prescritas","Proyección completa del estado biaxial","Q",383,3.30281169406527,189.237170596394,-10.417427902089,"kN/m","DE"
"biaxial-complete","Estado biaxial uniforme","Acciones prescritas","Proyección completa del estado biaxial","Q",384,3.31152623679368,189.736477115118,-10.9592711379735,"kN/m","DE"
"biaxial-complete","Estado biaxial uniforme","Acciones prescritas","Proyección completa del estado biaxial","Q",385,3.32024077952208,190.235783633842,-11.497785327243,"kN/m","DE"
"biaxial-complete","Estado biaxial uniforme","Acciones prescritas","Proyección completa del estado biaxial","Q",386,3.32895532225049,190.735090152566,-12.0328068879573,"kN/m","DE"
"biaxial-complete","Estado biaxial uniforme","Acciones prescritas","Proyección completa del estado biaxial","Q",387,3.33766986497889,191.23439667129,-12.5641732991151,"kN/m","DE"
"biaxial-complete","Estado biaxial uniforme","Acciones prescritas","Proyección completa del estado biaxial","Q",388,3.3463844077073,191.733703190014,-13.0917231500233,"kN/m","DE"
"biaxial-complete","Estado biaxial uniforme","Acciones prescritas","Proyección completa del estado biaxial","Q",389,3.3550989504357,192.233009708738,-13.6152961893272,"kN/m","DE"
"biaxial-complete","Estado biaxial uniforme","Acciones prescritas","Proyección completa del estado biaxial","Q",390,3.36381349316411,192.732316227462,-14.1347333736897,"kN/m","DE"
"biaxial-complete","Estado biaxial uniforme","Acciones prescritas","Proyección completa del estado biaxial","Q",391,3.37252803589251,193.231622746186,-14.6498769161031,"kN/m","DE"
"biaxial-complete","Estado biaxial uniforme","Acciones prescritas","Proyección completa del estado biaxial","Q",392,3.38124257862091,193.73092926491,-15.1605703338191,"kN/m","DE"
"biaxial-complete","Estado biaxial uniforme","Acciones prescritas","Proyección completa del estado biaxial","Q",393,3.38995712134932,194.230235783634,-15.6666584958832,"kN/m","DE"
"biaxial-complete","Estado biaxial uniforme","Acciones prescritas","Proyección completa del estado biaxial","Q",394,3.39867166407772,194.729542302358,-16.1679876702576,"kN/m","DE"
"biaxial-complete","Estado biaxial uniforme","Acciones prescritas","Proyección completa del estado biaxial","Q",395,3.40738620680613,195.228848821082,-16.6644055705203,"kN/m","DE"
"biaxial-complete","Estado biaxial uniforme","Acciones prescritas","Proyección completa del estado biaxial","Q",396,3.41610074953453,195.728155339806,-17.155761402124,"kN/m","DE"
"biaxial-complete","Estado biaxial uniforme","Acciones prescritas","Proyección completa del estado biaxial","Q",397,3.42481529226294,196.22746185853,-17.6419059082022,"kN/m","DE"
"biaxial-complete","Estado biaxial uniforme","Acciones prescritas","Proyección completa del estado biaxial","Q",398,3.43352983499134,196.726768377254,-18.1226914149086,"kN/m","DE"
"biaxial-complete","Estado biaxial uniforme","Acciones prescritas","Proyección completa del estado biaxial","Q",399,3.44224437771975,197.226074895978,-18.597971876275,"kN/m","DE"
"biaxial-complete","Estado biaxial uniforme","Acciones prescritas","Proyección completa del estado biaxial","Q",400,3.45095892044815,197.725381414702,-19.0676029185752,"kN/m","DE"
"biaxial-complete","Estado biaxial uniforme","Acciones prescritas","Proyección completa del estado biaxial","Q",401,3.45967346317655,198.224687933426,-19.5314418841806,"kN/m","DE"
"biaxial-complete","Estado biaxial uniforme","Acciones prescritas","Proyección completa del estado biaxial","Q",402,3.46838800590496,198.72399445215,-19.9893478748947,"kN/m","DE"
"biaxial-complete","Estado biaxial uniforme","Acciones prescritas","Proyección completa del estado biaxial","Q",403,3.47710254863336,199.223300970874,-20.441181794753,"kN/m","DE"
"biaxial-complete","Estado biaxial uniforme","Acciones prescritas","Proyección completa del estado biaxial","Q",404,3.48581709136177,199.722607489598,-20.8868063922758,"kN/m","DE"
"biaxial-complete","Estado biaxial uniforme","Acciones prescritas","Proyección completa del estado biaxial","Q",405,3.49453163409017,200.221914008322,-21.3260863021601,"kN/m","DE"
"biaxial-complete","Estado biaxial uniforme","Acciones prescritas","Proyección completa del estado biaxial","Q",406,3.50324617681858,200.721220527046,-21.7588880863991,"kN/m","DE"
"biaxial-complete","Estado biaxial uniforme","Acciones prescritas","Proyección completa del estado biaxial","Q",407,3.51196071954698,201.22052704577,-22.1850802748159,"kN/m","DE"
"biaxial-complete","Estado biaxial uniforme","Acciones prescritas","Proyección completa del estado biaxial","Q",408,3.52067526227539,201.719833564494,-22.6045334049996,"kN/m","DE"
"biaxial-complete","Estado biaxial uniforme","Acciones prescritas","Proyección completa del estado biaxial","Q",409,3.52938980500379,202.219140083218,-23.0171200616318,"kN/m","DE"
"biaxial-complete","Estado biaxial uniforme","Acciones prescritas","Proyección completa del estado biaxial","Q",410,3.53810434773219,202.718446601942,-23.4227149151905,"kN/m","DE"
"biaxial-complete","Estado biaxial uniforme","Acciones prescritas","Proyección completa del estado biaxial","Q",411,3.5468188904606,203.217753120666,-23.8211947600211,"kN/m","DE"
"biaxial-complete","Estado biaxial uniforme","Acciones prescritas","Proyección completa del estado biaxial","Q",412,3.555533433189,203.71705963939,-24.212438551762,"kN/m","DE"
"biaxial-complete","Estado biaxial uniforme","Acciones prescritas","Proyección completa del estado biaxial","Q",413,3.56424797591741,204.216366158114,-24.5963274441138,"kN/m","DE"
"biaxial-complete","Estado biaxial uniforme","Acciones prescritas","Proyección completa del estado biaxial","Q",414,3.57296251864581,204.715672676838,-24.9727448249401,"kN/m","DE"
"biaxial-complete","Estado biaxial uniforme","Acciones prescritas","Proyección completa del estado biaxial","Q",415,3.58167706137422,205.214979195562,-25.3415763516912,"kN/m","DE"
"biaxial-complete","Estado biaxial uniforme","Acciones prescritas","Proyección completa del estado biaxial","Q",416,3.59039160410262,205.714285714286,-25.7027099861365,"kN/m","DE"
"biaxial-complete","Estado biaxial uniforme","Acciones prescritas","Proyección completa del estado biaxial","Q",417,3.59910614683103,206.21359223301,-26.0560360283983,"kN/m","DE"
"biaxial-complete","Estado biaxial uniforme","Acciones prescritas","Proyección completa del estado biaxial","Q",418,3.60782068955943,206.712898751734,-26.4014471502749,"kN/m","DE"
"biaxial-complete","Estado biaxial uniforme","Acciones prescritas","Proyección completa del estado biaxial","Q",419,3.61653523228783,207.212205270458,-26.7388384278428,"kN/m","DE"
"biaxial-complete","Estado biaxial uniforme","Acciones prescritas","Proyección completa del estado biaxial","Q",420,3.62524977501624,207.711511789182,-27.068107373329,"kN/m","DE"
"biaxial-complete","Estado biaxial uniforme","Acciones prescritas","Proyección completa del estado biaxial","Q",421,3.63396431774464,208.210818307906,-27.3891539662438,"kN/m","DE"
"biaxial-complete","Estado biaxial uniforme","Acciones prescritas","Proyección completa del estado biaxial","Q",422,3.64267886047305,208.71012482663,-27.7018806837628,"kN/m","DE"
"biaxial-complete","Estado biaxial uniforme","Acciones prescritas","Proyección completa del estado biaxial","Q",423,3.65139340320145,209.209431345354,-28.0061925303515,"kN/m","DE"
"biaxial-complete","Estado biaxial uniforme","Acciones prescritas","Proyección completa del estado biaxial","Q",424,3.66010794592986,209.708737864078,-28.3019970666214,"kN/m","DE"
"biaxial-complete","Estado biaxial uniforme","Acciones prescritas","Proyección completa del estado biaxial","Q",425,3.66882248865826,210.208044382802,-28.5892044374097,"kN/m","DE"
"biaxial-complete","Estado biaxial uniforme","Acciones prescritas","Proyección completa del estado biaxial","Q",426,3.67753703138666,210.707350901526,-28.8677273990748,"kN/m","DE"
"biaxial-complete","Estado biaxial uniforme","Acciones prescritas","Proyección completa del estado biaxial","Q",427,3.68625157411507,211.20665742025,-29.1374813459973,"kN/m","DE"
"biaxial-complete","Estado biaxial uniforme","Acciones prescritas","Proyección completa del estado biaxial","Q",428,3.69496611684347,211.705963938974,-29.3983843362804,"kN/m","DE"
"biaxial-complete","Estado biaxial uniforme","Acciones prescritas","Proyección completa del estado biaxial","Q",429,3.70368065957188,212.205270457698,-29.6503571166411,"kN/m","DE"
"biaxial-complete","Estado biaxial uniforme","Acciones prescritas","Proyección completa del estado biaxial","Q",430,3.71239520230028,212.704576976422,-29.8933231464846,"kN/m","DE"
"biaxial-complete","Estado biaxial uniforme","Acciones prescritas","Proyección completa del estado biaxial","Q",431,3.72110974502869,213.203883495146,-30.1272086211548,"kN/m","DE"
"biaxial-complete","Estado biaxial uniforme","Acciones prescritas","Proyección completa del estado biaxial","Q",432,3.72982428775709,213.70319001387,-30.351942494353,"kN/m","DE"
"biaxial-complete","Estado biaxial uniforme","Acciones prescritas","Proyección completa del estado biaxial","Q",433,3.7385388304855,214.202496532594,-30.5674564997203,"kN/m","DE"
"biaxial-complete","Estado biaxial uniforme","Acciones prescritas","Proyección completa del estado biaxial","Q",434,3.7472533732139,214.701803051318,-30.7736851715736,"kN/m","DE"
"biaxial-complete","Estado biaxial uniforme","Acciones prescritas","Proyección completa del estado biaxial","Q",435,3.7559679159423,215.201109570042,-30.9705658647923,"kN/m","DE"
"biaxial-complete","Estado biaxial uniforme","Acciones prescritas","Proyección completa del estado biaxial","Q",436,3.76468245867071,215.700416088766,-31.1580387738477,"kN/m","DE"
"biaxial-complete","Estado biaxial uniforme","Acciones prescritas","Proyección completa del estado biaxial","Q",437,3.77339700139911,216.19972260749,-31.3360469509696,"kN/m","DE"
"biaxial-complete","Estado biaxial uniforme","Acciones prescritas","Proyección completa del estado biaxial","Q",438,3.78211154412752,216.699029126214,-31.5045363234454,"kN/m","DE"
"biaxial-complete","Estado biaxial uniforme","Acciones prescritas","Proyección completa del estado biaxial","Q",439,3.79082608685592,217.198335644938,-31.6634557100452,"kN/m","DE"
"biaxial-complete","Estado biaxial uniforme","Acciones prescritas","Proyección completa del estado biaxial","Q",440,3.79954062958433,217.697642163662,-31.8127568365691,"kN/m","DE"
"biaxial-complete","Estado biaxial uniforme","Acciones prescritas","Proyección completa del estado biaxial","Q",441,3.80825517231273,218.196948682386,-31.9523943505111,"kN/m","DE"
"biaxial-complete","Estado biaxial uniforme","Acciones prescritas","Proyección completa del estado biaxial","Q",442,3.81696971504114,218.69625520111,-32.0823258348357,"kN/m","DE"
"biaxial-complete","Estado biaxial uniforme","Acciones prescritas","Proyección completa del estado biaxial","Q",443,3.82568425776954,219.195561719834,-32.2025118208627,"kN/m","DE"
"biaxial-complete","Estado biaxial uniforme","Acciones prescritas","Proyección completa del estado biaxial","Q",444,3.83439880049794,219.694868238558,-32.3129158002563,"kN/m","DE"
"biaxial-complete","Estado biaxial uniforme","Acciones prescritas","Proyección completa del estado biaxial","Q",445,3.84311334322635,220.194174757282,-32.4135042361153,"kN/m","DE"
"biaxial-complete","Estado biaxial uniforme","Acciones prescritas","Proyección completa del estado biaxial","Q",446,3.85182788595475,220.693481276006,-32.5042465731603,"kN/m","DE"
"biaxial-complete","Estado biaxial uniforme","Acciones prescritas","Proyección completa del estado biaxial","Q",447,3.86054242868316,221.19278779473,-32.5851152470153,"kN/m","DE"
"biaxial-complete","Estado biaxial uniforme","Acciones prescritas","Proyección completa del estado biaxial","Q",448,3.86925697141156,221.692094313454,-32.6560856925809,"kN/m","DE"
"biaxial-complete","Estado biaxial uniforme","Acciones prescritas","Proyección completa del estado biaxial","Q",449,3.87797151413997,222.191400832178,-32.7171363514962,"kN/m","DE"
"biaxial-complete","Estado biaxial uniforme","Acciones prescritas","Proyección completa del estado biaxial","Q",450,3.88668605686837,222.690707350902,-32.7682486786878,"kN/m","DE"
"biaxial-complete","Estado biaxial uniforme","Acciones prescritas","Proyección completa del estado biaxial","Q",451,3.89540059959677,223.190013869625,-32.8094071480027,"kN/m","DE"
"biaxial-complete","Estado biaxial uniforme","Acciones prescritas","Proyección completa del estado biaxial","Q",452,3.90411514232518,223.68932038835,-32.8405992569248,"kN/m","DE"
"biaxial-complete","Estado biaxial uniforme","Acciones prescritas","Proyección completa del estado biaxial","Q",453,3.91282968505358,224.188626907074,-32.8618155303729,"kN/m","DE"
"biaxial-complete","Estado biaxial uniforme","Acciones prescritas","Proyección completa del estado biaxial","Q",454,3.92154422778199,224.687933425798,-32.8730495235787,"kN/m","DE"
"biaxial-complete","Estado biaxial uniforme","Acciones prescritas","Proyección completa del estado biaxial","Q",455,3.92699081698724,225,-32.875,"kN/m","DE"
"biaxial-complete","Estado biaxial uniforme","Acciones prescritas","Proyección completa del estado biaxial","Q",456,3.93025877051039,225.187239944522,-32.8742978240445,"kN/m","DE"
"biaxial-complete","Estado biaxial uniforme","Acciones prescritas","Proyección completa del estado biaxial","Q",457,3.9389733132388,225.686546463245,-32.86556005258,"kN/m","DE"
"biaxial-complete","Estado biaxial uniforme","Acciones prescritas","Proyección completa del estado biaxial","Q",458,3.9476878559672,226.18585298197,-32.8468388634171,"kN/m","DE"
"biaxial-complete","Estado biaxial uniforme","Acciones prescritas","Proyección completa del estado biaxial","Q",459,3.95640239869561,226.685159500693,-32.8181399434041,"kN/m","DE"
"biaxial-complete","Estado biaxial uniforme","Acciones prescritas","Proyección completa del estado biaxial","Q",460,3.96511694142401,227.184466019417,-32.7794720102779,"kN/m","DE"
"biaxial-complete","Estado biaxial uniforme","Acciones prescritas","Proyección completa del estado biaxial","Q",461,3.97383148415241,227.683772538141,-32.730846810016,"kN/m","DE"
"biaxial-complete","Estado biaxial uniforme","Acciones prescritas","Proyección completa del estado biaxial","Q",462,3.98254602688082,228.183079056865,-32.6722791132683,"kN/m","DE"
"biaxial-complete","Estado biaxial uniforme","Acciones prescritas","Proyección completa del estado biaxial","Q",463,3.99126056960922,228.682385575589,-32.6037867108706,"kN/m","DE"
"biaxial-complete","Estado biaxial uniforme","Acciones prescritas","Proyección completa del estado biaxial","Q",464,3.99997511233763,229.181692094313,-32.5253904084401,"kN/m","DE"
"biaxial-complete","Estado biaxial uniforme","Acciones prescritas","Proyección completa del estado biaxial","Q",465,4.00868965506603,229.680998613037,-32.4371140200555,"kN/m","DE"
"biaxial-complete","Estado biaxial uniforme","Acciones prescritas","Proyección completa del estado biaxial","Q",466,4.01740419779444,230.180305131761,-32.338984361023,"kN/m","DE"
"biaxial-complete","Estado biaxial uniforme","Acciones prescritas","Proyección completa del estado biaxial","Q",467,4.02611874052284,230.679611650485,-32.2310312397311,"kN/m","DE"
"biaxial-complete","Estado biaxial uniforme","Acciones prescritas","Proyección completa del estado biaxial","Q",468,4.03483328325125,231.178918169209,-32.113287448595,"kN/m","DE"
"biaxial-complete","Estado biaxial uniforme","Acciones prescritas","Proyección completa del estado biaxial","Q",469,4.04354782597965,231.678224687933,-31.9857887540965,"kN/m","DE"
"biaxial-complete","Estado biaxial uniforme","Acciones prescritas","Proyección completa del estado biaxial","Q",470,4.05226236870806,232.177531206657,-31.8485738859186,"kN/m","DE"
"biaxial-complete","Estado biaxial uniforme","Acciones prescritas","Proyección completa del estado biaxial","Q",471,4.06097691143646,232.676837725381,-31.701684525181,"kN/m","DE"
"biaxial-complete","Estado biaxial uniforme","Acciones prescritas","Proyección completa del estado biaxial","Q",472,4.06969145416486,233.176144244105,-31.5451652917788,"kN/m","DE"
"biaxial-complete","Estado biaxial uniforme","Acciones prescritas","Proyección completa del estado biaxial","Q",473,4.07840599689327,233.675450762829,-31.3790637308286,"kN/m","DE"
"biaxial-complete","Estado biaxial uniforme","Acciones prescritas","Proyección completa del estado biaxial","Q",474,4.08712053962167,234.174757281553,-31.203430298226,"kN/m","DE"
"biaxial-complete","Estado biaxial uniforme","Acciones prescritas","Proyección completa del estado biaxial","Q",475,4.09583508235008,234.674063800277,-31.0183183453185,"kN/m","DE"
"biaxial-complete","Estado biaxial uniforme","Acciones prescritas","Proyección completa del estado biaxial","Q",476,4.10454962507848,235.173370319001,-30.8237841026997,"kN/m","DE"
"biaxial-complete","Estado biaxial uniforme","Acciones prescritas","Proyección completa del estado biaxial","Q",477,4.11326416780689,235.672676837725,-30.619886663128,"kN/m","DE"
"biaxial-complete","Estado biaxial uniforme","Acciones prescritas","Proyección completa del estado biaxial","Q",478,4.12197871053529,236.171983356449,-30.4066879635763,"kN/m","DE"
"biaxial-complete","Estado biaxial uniforme","Acciones prescritas","Proyección completa del estado biaxial","Q",479,4.13069325326369,236.671289875173,-30.1842527664182,"kN/m","DE"
"biaxial-complete","Estado biaxial uniforme","Acciones prescritas","Proyección completa del estado biaxial","Q",480,4.1394077959921,237.170596393897,-29.9526486397545,"kN/m","DE"
"biaxial-complete","Estado biaxial uniforme","Acciones prescritas","Proyección completa del estado biaxial","Q",481,4.1481223387205,237.669902912621,-29.7119459368895,"kN/m","DE"
"biaxial-complete","Estado biaxial uniforme","Acciones prescritas","Proyección completa del estado biaxial","Q",482,4.15683688144891,238.169209431345,-29.4622177749589,"kN/m","DE"
"biaxial-complete","Estado biaxial uniforme","Acciones prescritas","Proyección completa del estado biaxial","Q",483,4.16555142417731,238.668515950069,-29.2035400127204,"kN/m","DE"
"biaxial-complete","Estado biaxial uniforme","Acciones prescritas","Proyección completa del estado biaxial","Q",484,4.17426596690572,239.167822468793,-28.9359912275098,"kN/m","DE"
"biaxial-complete","Estado biaxial uniforme","Acciones prescritas","Proyección completa del estado biaxial","Q",485,4.18298050963412,239.667128987517,-28.6596526913722,"kN/m","DE"
"biaxial-complete","Estado biaxial uniforme","Acciones prescritas","Proyección completa del estado biaxial","Q",486,4.19169505236253,240.166435506241,-28.3746083463742,"kN/m","DE"
"biaxial-complete","Estado biaxial uniforme","Acciones prescritas","Proyección completa del estado biaxial","Q",487,4.20040959509093,240.665742024965,-28.0809447791054,"kN/m","DE"
"biaxial-complete","Estado biaxial uniforme","Acciones prescritas","Proyección completa del estado biaxial","Q",488,4.20912413781933,241.165048543689,-27.7787511943762,"kN/m","DE"
"biaxial-complete","Estado biaxial uniforme","Acciones prescritas","Proyección completa del estado biaxial","Q",489,4.21783868054774,241.664355062413,-27.4681193881206,"kN/m","DE"
"biaxial-complete","Estado biaxial uniforme","Acciones prescritas","Proyección completa del estado biaxial","Q",490,4.22655322327614,242.163661581137,-27.1491437195118,"kN/m","DE"
"biaxial-complete","Estado biaxial uniforme","Acciones prescritas","Proyección completa del estado biaxial","Q",491,4.23526776600455,242.662968099861,-26.8219210822991,"kN/m","DE"
"biaxial-complete","Estado biaxial uniforme","Acciones prescritas","Proyección completa del estado biaxial","Q",492,4.24398230873295,243.162274618585,-26.4865508753749,"kN/m","DE"
"biaxial-complete","Estado biaxial uniforme","Acciones prescritas","Proyección completa del estado biaxial","Q",493,4.25269685146136,243.661581137309,-26.1431349725808,"kN/m","DE"
"biaxial-complete","Estado biaxial uniforme","Acciones prescritas","Proyección completa del estado biaxial","Q",494,4.26141139418976,244.160887656033,-25.7917776917619,"kN/m","DE"
"biaxial-complete","Estado biaxial uniforme","Acciones prescritas","Proyección completa del estado biaxial","Q",495,4.27012593691817,244.660194174757,-25.4325857630785,"kN/m","DE"
"biaxial-complete","Estado biaxial uniforme","Acciones prescritas","Proyección completa del estado biaxial","Q",496,4.27884047964657,245.159500693481,-25.0656682965855,"kN/m","DE"
"biaxial-complete","Estado biaxial uniforme","Acciones prescritas","Proyección completa del estado biaxial","Q",497,4.28755502237497,245.658807212205,-24.6911367490881,"kN/m","DE"
"biaxial-complete","Estado biaxial uniforme","Acciones prescritas","Proyección completa del estado biaxial","Q",498,4.29626956510338,246.158113730929,-24.3091048902856,"kN/m","DE"
"biaxial-complete","Estado biaxial uniforme","Acciones prescritas","Proyección completa del estado biaxial","Q",499,4.30498410783178,246.657420249653,-23.9196887682117,"kN/m","DE"
"biaxial-complete","Estado biaxial uniforme","Acciones prescritas","Proyección completa del estado biaxial","Q",500,4.31369865056019,247.156726768377,-23.5230066739831,"kN/m","DE"
"biaxial-complete","Estado biaxial uniforme","Acciones prescritas","Proyección completa del estado biaxial","Q",501,4.32241319328859,247.656033287101,-23.1191791058672,"kN/m","DE"
"biaxial-complete","Estado biaxial uniforme","Acciones prescritas","Proyección completa del estado biaxial","Q",502,4.331127736017,248.155339805825,-22.7083287326786,"kN/m","DE"
"biaxial-complete","Estado biaxial uniforme","Acciones prescritas","Proyección completa del estado biaxial","Q",503,4.3398422787454,248.654646324549,-22.2905803565164,"kN/m","DE"
"biaxial-complete","Estado biaxial uniforme","Acciones prescritas","Proyección completa del estado biaxial","Q",504,4.3485568214738,249.153952843273,-21.8660608748541,"kN/m","DE"
"biaxial-complete","Estado biaxial uniforme","Acciones prescritas","Proyección completa del estado biaxial","Q",505,4.35727136420221,249.653259361997,-21.4348992419921,"kN/m","DE"
"biaxial-complete","Estado biaxial uniforme","Acciones prescritas","Proyección completa del estado biaxial","Q",506,4.36598590693061,250.152565880721,-20.9972264298862,"kN/m","DE"
"biaxial-complete","Estado biaxial uniforme","Acciones prescritas","Proyección completa del estado biaxial","Q",507,4.37470044965902,250.651872399445,-20.5531753883625,"kN/m","DE"
"biaxial-complete","Estado biaxial uniforme","Acciones prescritas","Proyección completa del estado biaxial","Q",508,4.38341499238742,251.151178918169,-20.1028810047325,"kN/m","DE"
"biaxial-complete","Estado biaxial uniforme","Acciones prescritas","Proyección completa del estado biaxial","Q",509,4.39212953511583,251.650485436893,-19.646480062818,"kN/m","DE"
"biaxial-complete","Estado biaxial uniforme","Acciones prescritas","Proyección completa del estado biaxial","Q",510,4.40084407784423,252.149791955617,-19.1841112014019,"kN/m","DE"
"biaxial-complete","Estado biaxial uniforme","Acciones prescritas","Proyección completa del estado biaxial","Q",511,4.40955862057264,252.649098474341,-18.7159148721141,"kN/m","DE"
"biaxial-complete","Estado biaxial uniforme","Acciones prescritas","Proyección completa del estado biaxial","Q",512,4.41827316330104,253.148404993065,-18.2420332967669,"kN/m","DE"
"biaxial-complete","Estado biaxial uniforme","Acciones prescritas","Proyección completa del estado biaxial","Q",513,4.42698770602945,253.647711511789,-17.7626104241537,"kN/m","DE"
"biaxial-complete","Estado biaxial uniforme","Acciones prescritas","Proyección completa del estado biaxial","Q",514,4.43570224875785,254.147018030513,-17.2777918863215,"kN/m","DE"
"biaxial-complete","Estado biaxial uniforme","Acciones prescritas","Proyección completa del estado biaxial","Q",515,4.44441679148625,254.646324549237,-16.7877249543335,"kN/m","DE"
"biaxial-complete","Estado biaxial uniforme","Acciones prescritas","Proyección completa del estado biaxial","Q",516,4.45313133421466,255.145631067961,-16.2925584935331,"kN/m","DE"
"biaxial-complete","Estado biaxial uniforme","Acciones prescritas","Proyección completa del estado biaxial","Q",517,4.46184587694306,255.644937586685,-15.7924429183237,"kN/m","DE"
"biaxial-complete","Estado biaxial uniforme","Acciones prescritas","Proyección completa del estado biaxial","Q",518,4.47056041967147,256.144244105409,-15.2875301464782,"kN/m","DE"
"biaxial-complete","Estado biaxial uniforme","Acciones prescritas","Proyección completa del estado biaxial","Q",519,4.47927496239987,256.643550624133,-14.7779735529912,"kN/m","DE"
"biaxial-complete","Estado biaxial uniforme","Acciones prescritas","Proyección completa del estado biaxial","Q",520,4.48798950512828,257.142857142857,-14.2639279234897,"kN/m","DE"
"biaxial-complete","Estado biaxial uniforme","Acciones prescritas","Proyección completa del estado biaxial","Q",521,4.49670404785668,257.642163661581,-13.7455494072141,"kN/m","DE"
"biaxial-complete","Estado biaxial uniforme","Acciones prescritas","Proyección completa del estado biaxial","Q",522,4.50541859058508,258.141470180305,-13.2229954695852,"kN/m","DE"
"biaxial-complete","Estado biaxial uniforme","Acciones prescritas","Proyección completa del estado biaxial","Q",523,4.51413313331349,258.640776699029,-12.6964248443726,"kN/m","DE"
"biaxial-complete","Estado biaxial uniforme","Acciones prescritas","Proyección completa del estado biaxial","Q",524,4.52284767604189,259.140083217753,-12.1659974854761,"kN/m","DE"
"biaxial-complete","Estado biaxial uniforme","Acciones prescritas","Proyección completa del estado biaxial","Q",525,4.5315622187703,259.639389736477,-11.6318745183374,"kN/m","DE"
"biaxial-complete","Estado biaxial uniforme","Acciones prescritas","Proyección completa del estado biaxial","Q",526,4.5402767614987,260.138696255201,-11.0942181909959,"kN/m","DE"
"biaxial-complete","Estado biaxial uniforme","Acciones prescritas","Proyección completa del estado biaxial","Q",527,4.54899130422711,260.638002773925,-10.5531918248035,"kN/m","DE"
"biaxial-complete","Estado biaxial uniforme","Acciones prescritas","Proyección completa del estado biaxial","Q",528,4.55770584695551,261.137309292649,-10.0089597648127,"kN/m","DE"
"biaxial-complete","Estado biaxial uniforme","Acciones prescritas","Proyección completa del estado biaxial","Q",529,4.56642038968392,261.636615811373,-9.461687329855,"kN/m","DE"
"biaxial-complete","Estado biaxial uniforme","Acciones prescritas","Proyección completa del estado biaxial","Q",530,4.57513493241232,262.135922330097,-8.91154076232227,"kN/m","DE"
"biaxial-complete","Estado biaxial uniforme","Acciones prescritas","Proyección completa del estado biaxial","Q",531,4.58384947514072,262.635228848821,-8.35868717766812,"kN/m","DE"
"biaxial-complete","Estado biaxial uniforme","Acciones prescritas","Proyección completa del estado biaxial","Q",532,4.59256401786913,263.134535367545,-7.80329451364428,"kN/m","DE"
"biaxial-complete","Estado biaxial uniforme","Acciones prescritas","Proyección completa del estado biaxial","Q",533,4.60127856059753,263.633841886269,-7.24553147928657,"kN/m","DE"
"biaxial-complete","Estado biaxial uniforme","Acciones prescritas","Proyección completa del estado biaxial","Q",534,4.60999310332594,264.133148404993,-6.68556750366736,"kN/m","DE"
"biaxial-complete","Estado biaxial uniforme","Acciones prescritas","Proyección completa del estado biaxial","Q",535,4.61870764605434,264.632454923717,-6.12357268442842,"kN/m","DE"
"biaxial-complete","Estado biaxial uniforme","Acciones prescritas","Proyección completa del estado biaxial","Q",536,4.62742218878275,265.131761442441,-5.55971773611165,"kN/m","DE"
"biaxial-complete","Estado biaxial uniforme","Acciones prescritas","Proyección completa del estado biaxial","Q",537,4.63613673151115,265.631067961165,-4.99417393830145,"kN/m","DE"
"biaxial-complete","Estado biaxial uniforme","Acciones prescritas","Proyección completa del estado biaxial","Q",538,4.64485127423955,266.130374479889,-4.42711308359635,"kN/m","DE"
"biaxial-complete","Estado biaxial uniforme","Acciones prescritas","Proyección completa del estado biaxial","Q",539,4.65356581696796,266.629680998613,-3.85870742542396,"kN/m","DE"
"biaxial-complete","Estado biaxial uniforme","Acciones prescritas","Proyección completa del estado biaxial","Q",540,4.66228035969636,267.128987517337,-3.28912962571672,"kN/m","DE"
"biaxial-complete","Estado biaxial uniforme","Acciones prescritas","Proyección completa del estado biaxial","Q",541,4.67099490242477,267.628294036061,-2.71855270246298,"kN/m","DE"
"biaxial-complete","Estado biaxial uniforme","Acciones prescritas","Proyección completa del estado biaxial","Q",542,4.67970944515317,268.127600554785,-2.14714997715024,"kN/m","DE"
"biaxial-complete","Estado biaxial uniforme","Acciones prescritas","Proyección completa del estado biaxial","Q",543,4.68842398788158,268.626907073509,-1.57509502211585,"kN/m","DE"
"biaxial-complete","Estado biaxial uniforme","Acciones prescritas","Proyección completa del estado biaxial","Q",544,4.69713853060998,269.126213592233,-1.00256160782213,"kN/m","DE"
"biaxial-complete","Estado biaxial uniforme","Acciones prescritas","Proyección completa del estado biaxial","Q",545,4.70585307333839,269.625520110957,-0.429723650070717,"kN/m","DE"
"biaxial-complete","Estado biaxial uniforme","Acciones prescritas","Proyección completa del estado biaxial","Q",546,4.71238898038469,270,-1.20780790565908e-14,"kN/m","DE"
"biaxial-complete","Estado biaxial uniforme","Acciones prescritas","Proyección completa del estado biaxial","Q",547,4.71456761606679,270.124826629681,0.143244842827168,"kN/m","DE"
"biaxial-complete","Estado biaxial uniforme","Acciones prescritas","Proyección completa del estado biaxial","Q",548,4.7232821587952,270.624133148405,0.716169822908028,"kN/m","DE"
"biaxial-complete","Estado biaxial uniforme","Acciones prescritas","Proyección completa del estado biaxial","Q",549,4.7319967015236,271.123439667129,1.28887725542628,"kN/m","DE"
"biaxial-complete","Estado biaxial uniforme","Acciones prescritas","Proyección completa del estado biaxial","Q",550,4.740711244252,271.622746185853,1.86119317171958,"kN/m","DE"
"biaxial-complete","Estado biaxial uniforme","Acciones prescritas","Proyección completa del estado biaxial","Q",551,4.74942578698041,272.122052704577,2.43294372205463,"kN/m","DE"
"biaxial-complete","Estado biaxial uniforme","Acciones prescritas","Proyección completa del estado biaxial","Q",552,4.75814032970881,272.621359223301,3.00395522843689,"kN/m","DE"
"biaxial-complete","Estado biaxial uniforme","Acciones prescritas","Proyección completa del estado biaxial","Q",553,4.76685487243722,273.120665742025,3.57405423736752,"kN/m","DE"
"biaxial-complete","Estado biaxial uniforme","Acciones prescritas","Proyección completa del estado biaxial","Q",554,4.77556941516562,273.619972260749,4.14306757253299,"kN/m","DE"
"biaxial-complete","Estado biaxial uniforme","Acciones prescritas","Proyección completa del estado biaxial","Q",555,4.78428395789403,274.119278779473,4.71082238740961,"kN/m","DE"
"biaxial-complete","Estado biaxial uniforme","Acciones prescritas","Proyección completa del estado biaxial","Q",556,4.79299850062243,274.618585298197,5.27714621776872,"kN/m","DE"
"biaxial-complete","Estado biaxial uniforme","Acciones prescritas","Proyección completa del estado biaxial","Q",557,4.80171304335083,275.117891816921,5.84186703406493,"kN/m","DE"
"biaxial-complete","Estado biaxial uniforme","Acciones prescritas","Proyección completa del estado biaxial","Q",558,4.81042758607924,275.617198335645,6.4048132936932,"kN/m","DE"
"biaxial-complete","Estado biaxial uniforme","Acciones prescritas","Proyección completa del estado biaxial","Q",559,4.81914212880764,276.116504854369,6.96581399309707,"kN/m","DE"
"biaxial-complete","Estado biaxial uniforme","Acciones prescritas","Proyección completa del estado biaxial","Q",560,4.82785667153605,276.615811373093,7.52469871971384,"kN/m","DE"
"biaxial-complete","Estado biaxial uniforme","Acciones prescritas","Proyección completa del estado biaxial","Q",561,4.83657121426445,277.115117891817,8.08129770374017,"kN/m","DE"
"biaxial-complete","Estado biaxial uniforme","Acciones prescritas","Proyección completa del estado biaxial","Q",562,4.84528575699286,277.614424410541,8.63544186970187,"kN/m","DE"
"biaxial-complete","Estado biaxial uniforme","Acciones prescritas","Proyección completa del estado biaxial","Q",563,4.85400029972126,278.113730929265,9.18696288781345,"kN/m","DE"
"biaxial-complete","Estado biaxial uniforme","Acciones prescritas","Proyección completa del estado biaxial","Q",564,4.86271484244967,278.613037447989,9.73569322511073,"kN/m","DE"
"biaxial-complete","Estado biaxial uniforme","Acciones prescritas","Proyección completa del estado biaxial","Q",565,4.87142938517807,279.112343966713,10.2814661963418,"kN/m","DE"
"biaxial-complete","Estado biaxial uniforme","Acciones prescritas","Proyección completa del estado biaxial","Q",566,4.88014392790647,279.611650485437,10.8241160145997,"kN/m","DE"
"biaxial-complete","Estado biaxial uniforme","Acciones prescritas","Proyección completa del estado biaxial","Q",567,4.88885847063488,280.110957004161,11.3634778416835,"kN/m","DE"
"biaxial-complete","Estado biaxial uniforme","Acciones prescritas","Proyección completa del estado biaxial","Q",568,4.89757301336328,280.610263522885,11.8993878381695,"kN/m","DE"
"biaxial-complete","Estado biaxial uniforme","Acciones prescritas","Proyección completa del estado biaxial","Q",569,4.90628755609169,281.109570041609,12.4316832131809,"kN/m","DE"
"biaxial-complete","Estado biaxial uniforme","Acciones prescritas","Proyección completa del estado biaxial","Q",570,4.91500209882009,281.608876560333,12.9602022738373,"kN/m","DE"
"biaxial-complete","Estado biaxial uniforme","Acciones prescritas","Proyección completa del estado biaxial","Q",571,4.9237166415485,282.108183079057,13.4847844743718,"kN/m","DE"
"biaxial-complete","Estado biaxial uniforme","Acciones prescritas","Proyección completa del estado biaxial","Q",572,4.9324311842769,282.607489597781,14.0052704648992,"kN/m","DE"
"biaxial-complete","Estado biaxial uniforme","Acciones prescritas","Proyección completa del estado biaxial","Q",573,4.94114572700531,283.106796116505,14.5215021398206,"kN/m","DE"
"biaxial-complete","Estado biaxial uniforme","Acciones prescritas","Proyección completa del estado biaxial","Q",574,4.94986026973371,283.606102635229,15.0333226858509,"kN/m","DE"
"biaxial-complete","Estado biaxial uniforme","Acciones prescritas","Proyección completa del estado biaxial","Q",575,4.95857481246211,284.105409153953,15.540576629653,"kN/m","DE"
"biaxial-complete","Estado biaxial uniforme","Acciones prescritas","Proyección completa del estado biaxial","Q",576,4.96728935519052,284.604715672677,16.0431098850653,"kN/m","DE"
"biaxial-complete","Estado biaxial uniforme","Acciones prescritas","Proyección completa del estado biaxial","Q",577,4.97600389791892,285.104022191401,16.5407697999075,"kN/m","DE"
"biaxial-complete","Estado biaxial uniforme","Acciones prescritas","Proyección completa del estado biaxial","Q",578,4.98471844064733,285.603328710125,17.0334052023513,"kN/m","DE"
"biaxial-complete","Estado biaxial uniforme","Acciones prescritas","Proyección completa del estado biaxial","Q",579,4.99343298337573,286.102635228849,17.5208664468411,"kN/m","DE"
"biaxial-complete","Estado biaxial uniforme","Acciones prescritas","Proyección completa del estado biaxial","Q",580,5.00214752610414,286.601941747573,18.0030054595509,"kN/m","DE"
"biaxial-complete","Estado biaxial uniforme","Acciones prescritas","Proyección completa del estado biaxial","Q",581,5.01086206883254,287.101248266297,18.4796757833645,"kN/m","DE"
"biaxial-complete","Estado biaxial uniforme","Acciones prescritas","Proyección completa del estado biaxial","Q",582,5.01957661156095,287.600554785021,18.9507326223637,"kN/m","DE"
"biaxial-complete","Estado biaxial uniforme","Acciones prescritas","Proyección completa del estado biaxial","Q",583,5.02829115428935,288.099861303745,19.4160328858121,"kN/m","DE"
"biaxial-complete","Estado biaxial uniforme","Acciones prescritas","Proyección completa del estado biaxial","Q",584,5.03700569701775,288.599167822469,19.8754352316217,"kN/m","DE"
"biaxial-complete","Estado biaxial uniforme","Acciones prescritas","Proyección completa del estado biaxial","Q",585,5.04572023974616,289.098474341193,20.3288001092873,"kN/m","DE"
"biaxial-complete","Estado biaxial uniforme","Acciones prescritas","Proyección completa del estado biaxial","Q",586,5.05443478247456,289.597780859917,20.7759898022771,"kN/m","DE"
"biaxial-complete","Estado biaxial uniforme","Acciones prescritas","Proyección completa del estado biaxial","Q",587,5.06314932520297,290.097087378641,21.2168684698664,"kN/m","DE"
"biaxial-complete","Estado biaxial uniforme","Acciones prescritas","Proyección completa del estado biaxial","Q",588,5.07186386793137,290.596393897365,21.6513021884013,"kN/m","DE"
"biaxial-complete","Estado biaxial uniforme","Acciones prescritas","Proyección completa del estado biaxial","Q",589,5.08057841065978,291.095700416089,22.0791589919798,"kN/m","DE"
"biaxial-complete","Estado biaxial uniforme","Acciones prescritas","Proyección completa del estado biaxial","Q",590,5.08929295338818,291.595006934813,22.5003089125387,"kN/m","DE"
"biaxial-complete","Estado biaxial uniforme","Acciones prescritas","Proyección completa del estado biaxial","Q",591,5.09800749611659,292.094313453537,22.9146240193335,"kN/m","DE"
"biaxial-complete","Estado biaxial uniforme","Acciones prescritas","Proyección completa del estado biaxial","Q",592,5.10672203884499,292.593619972261,23.3219784577988,"kN/m","DE"
"biaxial-complete","Estado biaxial uniforme","Acciones prescritas","Proyección completa del estado biaxial","Q",593,5.11543658157339,293.092926490985,23.7222484877793,"kN/m","DE"
"biaxial-complete","Estado biaxial uniforme","Acciones prescritas","Proyección completa del estado biaxial","Q",594,5.1241511243018,293.592233009709,24.1153125211172,"kN/m","DE"
"biaxial-complete","Estado biaxial uniforme","Acciones prescritas","Proyección completa del estado biaxial","Q",595,5.1328656670302,294.091539528433,24.5010511585866,"kN/m","DE"
"biaxial-complete","Estado biaxial uniforme","Acciones prescritas","Proyección completa del estado biaxial","Q",596,5.14158020975861,294.590846047157,24.879347226163,"kN/m","DE"
"biaxial-complete","Estado biaxial uniforme","Acciones prescritas","Proyección completa del estado biaxial","Q",597,5.15029475248701,295.090152565881,25.2500858106165,"kN/m","DE"
"biaxial-complete","Estado biaxial uniforme","Acciones prescritas","Proyección completa del estado biaxial","Q",598,5.15900929521542,295.589459084605,25.6131542944187,"kN/m","DE"
"biaxial-complete","Estado biaxial uniforme","Acciones prescritas","Proyección completa del estado biaxial","Q",599,5.16772383794382,296.088765603329,25.9684423899517,"kN/m","DE"
"biaxial-complete","Estado biaxial uniforme","Acciones prescritas","Proyección completa del estado biaxial","Q",600,5.17643838067223,296.588072122053,26.3158421730099,"kN/m","DE"
"biaxial-complete","Estado biaxial uniforme","Acciones prescritas","Proyección completa del estado biaxial","Q",601,5.18515292340063,297.087378640777,26.6552481155835,"kN/m","DE"
"biaxial-complete","Estado biaxial uniforme","Acciones prescritas","Proyección completa del estado biaxial","Q",602,5.19386746612903,297.586685159501,26.9865571179144,"kN/m","DE"
"biaxial-complete","Estado biaxial uniforme","Acciones prescritas","Proyección completa del estado biaxial","Q",603,5.20258200885744,298.085991678225,27.309668539814,"kN/m","DE"
"biaxial-complete","Estado biaxial uniforme","Acciones prescritas","Proyección completa del estado biaxial","Q",604,5.21129655158584,298.585298196949,27.6244842312346,"kN/m","DE"
"biaxial-complete","Estado biaxial uniforme","Acciones prescritas","Proyección completa del estado biaxial","Q",605,5.22001109431425,299.084604715673,27.930908562084,"kN/m","DE"
"biaxial-complete","Estado biaxial uniforme","Acciones prescritas","Proyección completa del estado biaxial","Q",606,5.22872563704265,299.583911234397,28.2288484512738,"kN/m","DE"
"biaxial-complete","Estado biaxial uniforme","Acciones prescritas","Proyección completa del estado biaxial","Q",607,5.23744017977106,300.083217753121,28.5182133949956,"kN/m","DE"
"biaxial-complete","Estado biaxial uniforme","Acciones prescritas","Proyección completa del estado biaxial","Q",608,5.24615472249946,300.582524271845,28.7989154942115,"kN/m","DE"
"biaxial-complete","Estado biaxial uniforme","Acciones prescritas","Proyección completa del estado biaxial","Q",609,5.25486926522786,301.081830790569,29.0708694813557,"kN/m","DE"
"biaxial-complete","Estado biaxial uniforme","Acciones prescritas","Proyección completa del estado biaxial","Q",610,5.26358380795627,301.581137309293,29.3339927462356,"kN/m","DE"
"biaxial-complete","Estado biaxial uniforme","Acciones prescritas","Proyección completa del estado biaxial","Q",611,5.27229835068467,302.080443828017,29.5882053611258,"kN/m","DE"
"biaxial-complete","Estado biaxial uniforme","Acciones prescritas","Proyección completa del estado biaxial","Q",612,5.28101289341308,302.579750346741,29.8334301050473,"kN/m","DE"
"biaxial-complete","Estado biaxial uniforme","Acciones prescritas","Proyección completa del estado biaxial","Q",613,5.28972743614148,303.079056865465,30.0695924872249,"kN/m","DE"
"biaxial-complete","Estado biaxial uniforme","Acciones prescritas","Proyección completa del estado biaxial","Q",614,5.29844197886989,303.578363384189,30.2966207697146,"kN/m","DE"
"biaxial-complete","Estado biaxial uniforme","Acciones prescritas","Proyección completa del estado biaxial","Q",615,5.30715652159829,304.077669902913,30.5144459891953,"kN/m","DE"
"biaxial-complete","Estado biaxial uniforme","Acciones prescritas","Proyección completa del estado biaxial","Q",616,5.3158710643267,304.576976421637,30.7230019779171,"kN/m","DE"
"biaxial-complete","Estado biaxial uniforme","Acciones prescritas","Proyección completa del estado biaxial","Q",617,5.3245856070551,305.076282940361,30.9222253838015,"kN/m","DE"
"biaxial-complete","Estado biaxial uniforme","Acciones prescritas","Proyección completa del estado biaxial","Q",618,5.3333001497835,305.575589459085,31.1120556896847,"kN/m","DE"
"biaxial-complete","Estado biaxial uniforme","Acciones prescritas","Proyección completa del estado biaxial","Q",619,5.34201469251191,306.074895977809,31.2924352317011,"kN/m","DE"
"biaxial-complete","Estado biaxial uniforme","Acciones prescritas","Proyección completa del estado biaxial","Q",620,5.35072923524031,306.574202496533,31.4633092167998,"kN/m","DE"
"biaxial-complete","Estado biaxial uniforme","Acciones prescritas","Proyección completa del estado biaxial","Q",621,5.35944377796872,307.073509015257,31.6246257393881,"kN/m","DE"
"biaxial-complete","Estado biaxial uniforme","Acciones prescritas","Proyección completa del estado biaxial","Q",622,5.36815832069712,307.572815533981,31.7763357970994,"kN/m","DE"
"biaxial-complete","Estado biaxial uniforme","Acciones prescritas","Proyección completa del estado biaxial","Q",623,5.37687286342553,308.072122052705,31.9183933056778,"kN/m","DE"
"biaxial-complete","Estado biaxial uniforme","Acciones prescritas","Proyección completa del estado biaxial","Q",624,5.38558740615393,308.571428571429,32.0507551129774,"kN/m","DE"
"biaxial-complete","Estado biaxial uniforme","Acciones prescritas","Proyección completa del estado biaxial","Q",625,5.39430194888234,309.070735090153,32.1733810120702,"kN/m","DE"
"biaxial-complete","Estado biaxial uniforme","Acciones prescritas","Proyección completa del estado biaxial","Q",626,5.40301649161074,309.570041608877,32.2862337534593,"kN/m","DE"
"biaxial-complete","Estado biaxial uniforme","Acciones prescritas","Proyección completa del estado biaxial","Q",627,5.41173103433914,310.069348127601,32.3892790563947,"kN/m","DE"
"biaxial-complete","Estado biaxial uniforme","Acciones prescritas","Proyección completa del estado biaxial","Q",628,5.42044557706755,310.568654646325,32.4824856192856,"kN/m","DE"
"biaxial-complete","Estado biaxial uniforme","Acciones prescritas","Proyección completa del estado biaxial","Q",629,5.42916011979595,311.067961165049,32.56582512921,"kN/m","DE"
"biaxial-complete","Estado biaxial uniforme","Acciones prescritas","Proyección completa del estado biaxial","Q",630,5.43787466252436,311.567267683773,32.6392722705139,"kN/m","DE"
"biaxial-complete","Estado biaxial uniforme","Acciones prescritas","Proyección completa del estado biaxial","Q",631,5.44658920525276,312.066574202496,32.7028047325023,"kN/m","DE"
"biaxial-complete","Estado biaxial uniforme","Acciones prescritas","Proyección completa del estado biaxial","Q",632,5.45530374798117,312.565880721221,32.756403216216,"kN/m","DE"
"biaxial-complete","Estado biaxial uniforme","Acciones prescritas","Proyección completa del estado biaxial","Q",633,5.46401829070957,313.065187239944,32.8000514402937,"kN/m","DE"
"biaxial-complete","Estado biaxial uniforme","Acciones prescritas","Proyección completa del estado biaxial","Q",634,5.47273283343798,313.564493758669,32.8337361459183,"kN/m","DE"
"biaxial-complete","Estado biaxial uniforme","Acciones prescritas","Proyección completa del estado biaxial","Q",635,5.48144737616638,314.063800277393,32.8574471008441,"kN/m","DE"
"biaxial-complete","Estado biaxial uniforme","Acciones prescritas","Proyección completa del estado biaxial","Q",636,5.49016191889478,314.563106796117,32.871177102505,"kN/m","DE"
"biaxial-complete","Estado biaxial uniforme","Acciones prescritas","Proyección completa del estado biaxial","Q",637,5.49778714378214,315,32.875,"kN/m","DE"
"biaxial-complete","Estado biaxial uniforme","Acciones prescritas","Proyección completa del estado biaxial","Q",638,5.49887646162319,315.06241331484,32.8749219802025,"kN/m","DE"
"biaxial-complete","Estado biaxial uniforme","Acciones prescritas","Proyección completa del estado biaxial","Q",639,5.50759100435159,315.561719833564,32.8686805963727,"kN/m","DE"
"biaxial-complete","Estado biaxial uniforme","Acciones prescritas","Proyección completa del estado biaxial","Q",640,5.51630554708,316.061026352288,32.8524548469315,"kN/m","DE"
"biaxial-complete","Estado biaxial uniforme","Acciones prescritas","Proyección completa del estado biaxial","Q",641,5.5250200898084,316.560332871013,32.8262496606991,"kN/m","DE"
"biaxial-complete","Estado biaxial uniforme","Acciones prescritas","Proyección completa del estado biaxial","Q",642,5.53373463253681,317.059639389736,32.7900729979026,"kN/m","DE"
"biaxial-complete","Estado biaxial uniforme","Acciones prescritas","Proyección completa del estado biaxial","Q",643,5.54244917526521,317.55894590846,32.7439358477578,"kN/m","DE"
"biaxial-complete","Estado biaxial uniforme","Acciones prescritas","Proyección completa del estado biaxial","Q",644,5.55116371799361,318.058252427184,32.6878522251313,"kN/m","DE"
"biaxial-complete","Estado biaxial uniforme","Acciones prescritas","Proyección completa del estado biaxial","Q",645,5.55987826072202,318.557558945908,32.6218391662834,"kN/m","DE"
"biaxial-complete","Estado biaxial uniforme","Acciones prescritas","Proyección completa del estado biaxial","Q",646,5.56859280345042,319.056865464632,32.5459167236927,"kN/m","DE"
"biaxial-complete","Estado biaxial uniforme","Acciones prescritas","Proyección completa del estado biaxial","Q",647,5.57730734617883,319.556171983356,32.4601079599649,"kN/m","DE"
"biaxial-complete","Estado biaxial uniforme","Acciones prescritas","Proyección completa del estado biaxial","Q",648,5.58602188890723,320.05547850208,32.3644389408275,"kN/m","DE"
"biaxial-complete","Estado biaxial uniforme","Acciones prescritas","Proyección completa del estado biaxial","Q",649,5.59473643163564,320.554785020804,32.2589387272118,"kN/m","DE"
"biaxial-complete","Estado biaxial uniforme","Acciones prescritas","Proyección completa del estado biaxial","Q",650,5.60345097436404,321.054091539528,32.1436393664248,"kN/m","DE"
"biaxial-complete","Estado biaxial uniforme","Acciones prescritas","Proyección completa del estado biaxial","Q",651,5.61216551709245,321.553398058252,32.0185758824151,"kN/m","DE"
"biaxial-complete","Estado biaxial uniforme","Acciones prescritas","Proyección completa del estado biaxial","Q",652,5.62088005982085,322.052704576976,31.883786265133,"kN/m","DE"
"biaxial-complete","Estado biaxial uniforme","Acciones prescritas","Proyección completa del estado biaxial","Q",653,5.62959460254925,322.5520110957,31.7393114589913,"kN/m","DE"
"biaxial-complete","Estado biaxial uniforme","Acciones prescritas","Proyección completa del estado biaxial","Q",654,5.63830914527766,323.051317614424,31.585195350427,"kN/m","DE"
"biaxial-complete","Estado biaxial uniforme","Acciones prescritas","Proyección completa del estado biaxial","Q",655,5.64702368800606,323.550624133148,31.4214847545708,"kN/m","DE"
"biaxial-complete","Estado biaxial uniforme","Acciones prescritas","Proyección completa del estado biaxial","Q",656,5.65573823073447,324.049930651872,31.2482294010258,"kN/m","DE"
"biaxial-complete","Estado biaxial uniforme","Acciones prescritas","Proyección completa del estado biaxial","Q",657,5.66445277346287,324.549237170596,31.0654819187618,"kN/m","DE"
"biaxial-complete","Estado biaxial uniforme","Acciones prescritas","Proyección completa del estado biaxial","Q",658,5.67316731619128,325.04854368932,30.8732978201279,"kN/m","DE"
"biaxial-complete","Estado biaxial uniforme","Acciones prescritas","Proyección completa del estado biaxial","Q",659,5.68188185891968,325.547850208044,30.6717354839904,"kN/m","DE"
"biaxial-complete","Estado biaxial uniforme","Acciones prescritas","Proyección completa del estado biaxial","Q",660,5.69059640164809,326.047156726768,30.4608561379988,"kN/m","DE"
"biaxial-complete","Estado biaxial uniforme","Acciones prescritas","Proyección completa del estado biaxial","Q",661,5.69931094437649,326.546463245492,30.2407238399873,"kN/m","DE"
"biaxial-complete","Estado biaxial uniforme","Acciones prescritas","Proyección completa del estado biaxial","Q",662,5.70802548710489,327.045769764216,30.0114054585161,"kN/m","DE"
"biaxial-complete","Estado biaxial uniforme","Acciones prescritas","Proyección completa del estado biaxial","Q",663,5.7167400298333,327.54507628294,29.7729706525589,"kN/m","DE"
"biaxial-complete","Estado biaxial uniforme","Acciones prescritas","Proyección completa del estado biaxial","Q",664,5.7254545725617,328.044382801664,29.5254918503433,"kN/m","DE"
"biaxial-complete","Estado biaxial uniforme","Acciones prescritas","Proyección completa del estado biaxial","Q",665,5.73416911529011,328.543689320388,29.2690442273495,"kN/m","DE"
"biaxial-complete","Estado biaxial uniforme","Acciones prescritas","Proyección completa del estado biaxial","Q",666,5.74288365801851,329.042995839112,29.0037056834741,"kN/m","DE"
"biaxial-complete","Estado biaxial uniforme","Acciones prescritas","Proyección completa del estado biaxial","Q",667,5.75159820074692,329.542302357836,28.7295568193677,"kN/m","DE"
"biaxial-complete","Estado biaxial uniforme","Acciones prescritas","Proyección completa del estado biaxial","Q",668,5.76031274347532,330.04160887656,28.4466809119503,"kN/m","DE"
"biaxial-complete","Estado biaxial uniforme","Acciones prescritas","Proyección completa del estado biaxial","Q",669,5.76902728620373,330.540915395284,28.1551638891155,"kN/m","DE"
"biaxial-complete","Estado biaxial uniforme","Acciones prescritas","Proyección completa del estado biaxial","Q",670,5.77774182893213,331.040221914008,27.8550943036278,"kN/m","DE"
"biaxial-complete","Estado biaxial uniforme","Acciones prescritas","Proyección completa del estado biaxial","Q",671,5.78645637166053,331.539528432732,27.546563306224,"kN/m","DE"
"biaxial-complete","Estado biaxial uniforme","Acciones prescritas","Proyección completa del estado biaxial","Q",672,5.79517091438894,332.038834951456,27.2296646179243,"kN/m","DE"
"biaxial-complete","Estado biaxial uniforme","Acciones prescritas","Proyección completa del estado biaxial","Q",673,5.80388545711734,332.53814147018,26.9044945015634,"kN/m","DE"
"biaxial-complete","Estado biaxial uniforme","Acciones prescritas","Proyección completa del estado biaxial","Q",674,5.81259999984575,333.037447988904,26.571151732549,"kN/m","DE"
"biaxial-complete","Estado biaxial uniforme","Acciones prescritas","Proyección completa del estado biaxial","Q",675,5.82131454257415,333.536754507628,26.2297375688574,"kN/m","DE"
"biaxial-complete","Estado biaxial uniforme","Acciones prescritas","Proyección completa del estado biaxial","Q",676,5.83002908530256,334.036061026352,25.8803557202747,"kN/m","DE"
"biaxial-complete","Estado biaxial uniforme","Acciones prescritas","Proyección completa del estado biaxial","Q",677,5.83874362803096,334.535367545076,25.5231123168936,"kN/m","DE"
"biaxial-complete","Estado biaxial uniforme","Acciones prescritas","Proyección completa del estado biaxial","Q",678,5.84745817075936,335.0346740638,25.1581158768743,"kN/m","DE"
"biaxial-complete","Estado biaxial uniforme","Acciones prescritas","Proyección completa del estado biaxial","Q",679,5.85617271348777,335.533980582524,24.7854772734808,"kN/m","DE"
"biaxial-complete","Estado biaxial uniforme","Acciones prescritas","Proyección completa del estado biaxial","Q",680,5.86488725621617,336.033287101248,24.4053097014017,"kN/m","DE"
"biaxial-complete","Estado biaxial uniforme","Acciones prescritas","Proyección completa del estado biaxial","Q",681,5.87360179894458,336.532593619972,24.017728642365,"kN/m","DE"
"biaxial-complete","Estado biaxial uniforme","Acciones prescritas","Proyección completa del estado biaxial","Q",682,5.88231634167298,337.031900138696,23.6228518300588,"kN/m","DE"
"biaxial-complete","Estado biaxial uniforme","Acciones prescritas","Proyección completa del estado biaxial","Q",683,5.89103088440139,337.53120665742,23.2207992143687,"kN/m","DE"
"biaxial-complete","Estado biaxial uniforme","Acciones prescritas","Proyección completa del estado biaxial","Q",684,5.89974542712979,338.030513176144,22.8116929249399,"kN/m","DE"
"biaxial-complete","Estado biaxial uniforme","Acciones prescritas","Proyección completa del estado biaxial","Q",685,5.9084599698582,338.529819694868,22.3956572340796,"kN/m","DE"
"biaxial-complete","Estado biaxial uniforme","Acciones prescritas","Proyección completa del estado biaxial","Q",686,5.9171745125866,339.029126213592,21.9728185190068,"kN/m","DE"
"biaxial-complete","Estado biaxial uniforme","Acciones prescritas","Proyección completa del estado biaxial","Q",687,5.925889055315,339.528432732316,21.5433052234633,"kN/m","DE"
"biaxial-complete","Estado biaxial uniforme","Acciones prescritas","Proyección completa del estado biaxial","Q",688,5.93460359804341,340.02773925104,21.1072478186971,"kN/m","DE"
"biaxial-complete","Estado biaxial uniforme","Acciones prescritas","Proyección completa del estado biaxial","Q",689,5.94331814077181,340.527045769764,20.6647787638298,"kN/m","DE"
"biaxial-complete","Estado biaxial uniforme","Acciones prescritas","Proyección completa del estado biaxial","Q",690,5.95203268350022,341.026352288488,20.2160324656198,"kN/m","DE"
"biaxial-complete","Estado biaxial uniforme","Acciones prescritas","Proyección completa del estado biaxial","Q",691,5.96074722622862,341.525658807212,19.7611452376345,"kN/m","DE"
"biaxial-complete","Estado biaxial uniforme","Acciones prescritas","Proyección completa del estado biaxial","Q",692,5.96946176895703,342.024965325936,19.3002552588429,"kN/m","DE"
"biaxial-complete","Estado biaxial uniforme","Acciones prescritas","Proyección completa del estado biaxial","Q",693,5.97817631168543,342.52427184466,18.8335025316415,"kN/m","DE"
"biaxial-complete","Estado biaxial uniforme","Acciones prescritas","Proyección completa del estado biaxial","Q",694,5.98689085441384,343.023578363384,18.3610288393268,"kN/m","DE"
"biaxial-complete","Estado biaxial uniforme","Acciones prescritas","Proyección completa del estado biaxial","Q",695,5.99560539714224,343.522884882108,17.8829777030256,"kN/m","DE"
"biaxial-complete","Estado biaxial uniforme","Acciones prescritas","Proyección completa del estado biaxial","Q",696,6.00431993987064,344.022191400832,17.3994943380993,"kN/m","DE"
"biaxial-complete","Estado biaxial uniforme","Acciones prescritas","Proyección completa del estado biaxial","Q",697,6.01303448259905,344.521497919556,16.9107256100317,"kN/m","DE"
"biaxial-complete","Estado biaxial uniforme","Acciones prescritas","Proyección completa del estado biaxial","Q",698,6.02174902532745,345.02080443828,16.416819989817,"kN/m","DE"
"biaxial-complete","Estado biaxial uniforme","Acciones prescritas","Proyección completa del estado biaxial","Q",699,6.03046356805586,345.520110957004,15.9179275088589,"kN/m","DE"
"biaxial-complete","Estado biaxial uniforme","Acciones prescritas","Proyección completa del estado biaxial","Q",700,6.03917811078426,346.019417475728,15.4141997133965,"kN/m","DE"
"biaxial-complete","Estado biaxial uniforme","Acciones prescritas","Proyección completa del estado biaxial","Q",701,6.04789265351267,346.518723994452,14.9057896184699,"kN/m","DE"
"biaxial-complete","Estado biaxial uniforme","Acciones prescritas","Proyección completa del estado biaxial","Q",702,6.05660719624107,347.018030513176,14.3928516614394,"kN/m","DE"
"biaxial-complete","Estado biaxial uniforme","Acciones prescritas","Proyección completa del estado biaxial","Q",703,6.06532173896948,347.5173370319,13.8755416550729,"kN/m","DE"
"biaxial-complete","Estado biaxial uniforme","Acciones prescritas","Proyección completa del estado biaxial","Q",704,6.07403628169788,348.016643550624,13.3540167402152,"kN/m","DE"
"biaxial-complete","Estado biaxial uniforme","Acciones prescritas","Proyección completa del estado biaxial","Q",705,6.08275082442628,348.515950069348,12.8284353380543,"kN/m","DE"
"biaxial-complete","Estado biaxial uniforme","Acciones prescritas","Proyección completa del estado biaxial","Q",706,6.09146536715469,349.015256588072,12.2989571019982,"kN/m","DE"
"biaxial-complete","Estado biaxial uniforme","Acciones prescritas","Proyección completa del estado biaxial","Q",707,6.10017990988309,349.514563106796,11.7657428691781,"kN/m","DE"
"biaxial-complete","Estado biaxial uniforme","Acciones prescritas","Proyección completa del estado biaxial","Q",708,6.1088944526115,350.01386962552,11.2289546115914,"kN/m","DE"
"biaxial-complete","Estado biaxial uniforme","Acciones prescritas","Proyección completa del estado biaxial","Q",709,6.1176089953399,350.513176144244,10.6887553869005,"kN/m","DE"
"biaxial-complete","Estado biaxial uniforme","Acciones prescritas","Proyección completa del estado biaxial","Q",710,6.12632353806831,351.012482662968,10.1453092889011,"kN/m","DE"
"biaxial-complete","Estado biaxial uniforme","Acciones prescritas","Proyección completa del estado biaxial","Q",711,6.13503808079671,351.511789181692,9.59878139767665,"kN/m","DE"
"biaxial-complete","Estado biaxial uniforme","Acciones prescritas","Proyección completa del estado biaxial","Q",712,6.14375262352512,352.011095700416,9.04933772945221,"kN/m","DE"
"biaxial-complete","Estado biaxial uniforme","Acciones prescritas","Proyección completa del estado biaxial","Q",713,6.15246716625352,352.51040221914,8.49714518616531,"kN/m","DE"
"biaxial-complete","Estado biaxial uniforme","Acciones prescritas","Proyección completa del estado biaxial","Q",714,6.16118170898192,353.009708737864,7.94237150476601,"kN/m","DE"
"biaxial-complete","Estado biaxial uniforme","Acciones prescritas","Proyección completa del estado biaxial","Q",715,6.16989625171033,353.509015256588,7.38518520626466,"kN/m","DE"
"biaxial-complete","Estado biaxial uniforme","Acciones prescritas","Proyección completa del estado biaxial","Q",716,6.17861079443873,354.008321775312,6.82575554454139,"kN/m","DE"
"biaxial-complete","Estado biaxial uniforme","Acciones prescritas","Proyección completa del estado biaxial","Q",717,6.18732533716714,354.507628294036,6.26425245493194,"kN/m","DE"
"biaxial-complete","Estado biaxial uniforme","Acciones prescritas","Proyección completa del estado biaxial","Q",718,6.19603987989554,355.00693481276,5.70084650260768,"kN/m","DE"
"biaxial-complete","Estado biaxial uniforme","Acciones prescritas","Proyección completa del estado biaxial","Q",719,6.20475442262395,355.506241331484,5.13570883076358,"kN/m","DE"
"biaxial-complete","Estado biaxial uniforme","Acciones prescritas","Proyección completa del estado biaxial","Q",720,6.21346896535235,356.005547850208,4.56901110863132,"kN/m","DE"
"biaxial-complete","Estado biaxial uniforme","Acciones prescritas","Proyección completa del estado biaxial","Q",721,6.22218350808075,356.504854368932,4.0009254793314,"kN/m","DE"
"biaxial-complete","Estado biaxial uniforme","Acciones prescritas","Proyección completa del estado biaxial","Q",722,6.23089805080916,357.004160887656,3.43162450758243,"kN/m","DE"
"biaxial-complete","Estado biaxial uniforme","Acciones prescritas","Proyección completa del estado biaxial","Q",723,6.23961259353756,357.50346740638,2.86128112728225,"kN/m","DE"
"biaxial-complete","Estado biaxial uniforme","Acciones prescritas","Proyección completa del estado biaxial","Q",724,6.24832713626597,358.002773925104,2.29006858897587,"kN/m","DE"
"biaxial-complete","Estado biaxial uniforme","Acciones prescritas","Proyección completa del estado biaxial","Q",725,6.25704167899437,358.502080443828,1.71816040722866,"kN/m","DE"
"biaxial-complete","Estado biaxial uniforme","Acciones prescritas","Proyección completa del estado biaxial","Q",726,6.26575622172278,359.001386962552,1.14573030791812,"kN/m","DE"
"biaxial-complete","Estado biaxial uniforme","Acciones prescritas","Proyección completa del estado biaxial","Q",727,6.27447076445118,359.500693481276,0.572952175462397,"kN/m","DE"
"biaxial-normal","Estado biaxial uniforme","Acciones prescritas","Carga exclusivamente normal","N",0,0,0,-87.6666666666667,"kN/m","DE"
"biaxial-normal","Estado biaxial uniforme","Acciones prescritas","Carga exclusivamente normal","N",1,0.00871454272840442,0.499306518723994,-87.6683310475378,"kN/m","DE"
"biaxial-normal","Estado biaxial uniforme","Acciones prescritas","Carga exclusivamente normal","N",2,0.0174290854568088,0.998613037447989,-87.6733236845702,"kN/m","DE"
"biaxial-normal","Estado biaxial uniforme","Acciones prescritas","Carga exclusivamente normal","N",3,0.0261436281852133,1.49791955617198,-87.6816430611736,"kN/m","DE"
"biaxial-normal","Estado biaxial uniforme","Acciones prescritas","Carga exclusivamente normal","N",4,0.0348581709136177,1.99722607489598,-87.69328665021,"kN/m","DE"
"biaxial-normal","Estado biaxial uniforme","Acciones prescritas","Carga exclusivamente normal","N",5,0.0435727136420221,2.49653259361997,-87.7082509147607,"kN/m","DE"
"biaxial-normal","Estado biaxial uniforme","Acciones prescritas","Carga exclusivamente normal","N",6,0.0522872563704265,2.99583911234397,-87.7265313092009,"kN/m","DE"
"biaxial-normal","Estado biaxial uniforme","Acciones prescritas","Carga exclusivamente normal","N",7,0.0610017990988309,3.49514563106796,-87.7481222805805,"kN/m","DE"
"biaxial-normal","Estado biaxial uniforme","Acciones prescritas","Carga exclusivamente normal","N",8,0.0697163418272354,3.99445214979196,-87.7730172703111,"kN/m","DE"
"biaxial-normal","Estado biaxial uniforme","Acciones prescritas","Carga exclusivamente normal","N",9,0.0784308845556398,4.49375866851595,-87.8012087161577,"kN/m","DE"
"biaxial-normal","Estado biaxial uniforme","Acciones prescritas","Carga exclusivamente normal","N",10,0.0871454272840442,4.99306518723994,-87.8326880545367,"kN/m","DE"
"biaxial-normal","Estado biaxial uniforme","Acciones prescritas","Carga exclusivamente normal","N",11,0.0958599700124486,5.49237170596394,-87.8674457231163,"kN/m","DE"
"biaxial-normal","Estado biaxial uniforme","Acciones prescritas","Carga exclusivamente normal","N",12,0.104574512740853,5.99167822468793,-87.905471163722,"kN/m","DE"
"biaxial-normal","Estado biaxial uniforme","Acciones prescritas","Carga exclusivamente normal","N",13,0.113289055469257,6.49098474341193,-87.9467528255431,"kN/m","DE"
"biaxial-normal","Estado biaxial uniforme","Acciones prescritas","Carga exclusivamente normal","N",14,0.122003598197662,6.99029126213592,-87.9912781686421,"kN/m","DE"
"biaxial-normal","Estado biaxial uniforme","Acciones prescritas","Carga exclusivamente normal","N",15,0.130718140926066,7.48959778085992,-88.0390336677634,"kN/m","DE"
"biaxial-normal","Estado biaxial uniforme","Acciones prescritas","Carga exclusivamente normal","N",16,0.139432683654471,7.98890429958391,-88.090004816442,"kN/m","DE"
"biaxial-normal","Estado biaxial uniforme","Acciones prescritas","Carga exclusivamente normal","N",17,0.148147226382875,8.4882108183079,-88.1441761314102,"kN/m","DE"
"biaxial-normal","Estado biaxial uniforme","Acciones prescritas","Carga exclusivamente normal","N",18,0.15686176911128,8.9875173370319,-88.2015311573006,"kN/m","DE"
"biaxial-normal","Estado biaxial uniforme","Acciones prescritas","Carga exclusivamente normal","N",19,0.165576311839684,9.4868238557559,-88.2620524716447,"kN/m","DE"
"biaxial-normal","Estado biaxial uniforme","Acciones prescritas","Carga exclusivamente normal","N",20,0.174290854568088,9.98613037447989,-88.3257216901657,"kN/m","DE"
"biaxial-normal","Estado biaxial uniforme","Acciones prescritas","Carga exclusivamente normal","N",21,0.183005397296493,10.4854368932039,-88.3925194723622,"kN/m","DE"
"biaxial-normal","Estado biaxial uniforme","Acciones prescritas","Carga exclusivamente normal","N",22,0.191719940024897,10.9847434119279,-88.4624255273839,"kN/m","DE"
"biaxial-normal","Estado biaxial uniforme","Acciones prescritas","Carga exclusivamente normal","N",23,0.200434482753302,11.4840499306519,-88.5354186201951,"kN/m","DE"
"biaxial-normal","Estado biaxial uniforme","Acciones prescritas","Carga exclusivamente normal","N",24,0.209149025481706,11.9833564493759,-88.6114765780246,"kN/m","DE"
"biaxial-normal","Estado biaxial uniforme","Acciones prescritas","Carga exclusivamente normal","N",25,0.21786356821011,12.4826629680999,-88.6905762971019,"kN/m","DE"
"biaxial-normal","Estado biaxial uniforme","Acciones prescritas","Carga exclusivamente normal","N",26,0.226578110938515,12.9819694868239,-88.7726937496746,"kN/m","DE"
"biaxial-normal","Estado biaxial uniforme","Acciones prescritas","Carga exclusivamente normal","N",27,0.235292653666919,13.4812760055479,-88.8578039913078,"kN/m","DE"
"biaxial-normal","Estado biaxial uniforme","Acciones prescritas","Carga exclusivamente normal","N",28,0.244007196395324,13.9805825242718,-88.9458811684607,"kN/m","DE"
"biaxial-normal","Estado biaxial uniforme","Acciones prescritas","Carga exclusivamente normal","N",29,0.252721739123728,14.4798890429958,-89.0368985263406,"kN/m","DE"
"biaxial-normal","Estado biaxial uniforme","Acciones prescritas","Carga exclusivamente normal","N",30,0.261436281852133,14.9791955617198,-89.1308284170296,"kN/m","DE"
"biaxial-normal","Estado biaxial uniforme","Acciones prescritas","Carga exclusivamente normal","N",31,0.270150824580537,15.4785020804438,-89.2276423078836,"kN/m","DE"
"biaxial-normal","Estado biaxial uniforme","Acciones prescritas","Carga exclusivamente normal","N",32,0.278865367308941,15.9778085991678,-89.327310790199,"kN/m","DE"
"biaxial-normal","Estado biaxial uniforme","Acciones prescritas","Carga exclusivamente normal","N",33,0.287579910037346,16.4771151178918,-89.4298035881464,"kN/m","DE"
"biaxial-normal","Estado biaxial uniforme","Acciones prescritas","Carga exclusivamente normal","N",34,0.29629445276575,16.9764216366158,-89.5350895679672,"kN/m","DE"
"biaxial-normal","Estado biaxial uniforme","Acciones prescritas","Carga exclusivamente normal","N",35,0.305008995494155,17.4757281553398,-89.643136747431,"kN/m","DE"
"biaxial-normal","Estado biaxial uniforme","Acciones prescritas","Carga exclusivamente normal","N",36,0.313723538222559,17.9750346740638,-89.7539123055506,"kN/m","DE"
"biaxial-normal","Estado biaxial uniforme","Acciones prescritas","Carga exclusivamente normal","N",37,0.322438080950964,18.4743411927878,-89.8673825925521,"kN/m","DE"
"biaxial-normal","Estado biaxial uniforme","Acciones prescritas","Carga exclusivamente normal","N",38,0.331152623679368,18.9736477115118,-89.9835131400962,"kN/m","DE"
"biaxial-normal","Estado biaxial uniforme","Acciones prescritas","Carga exclusivamente normal","N",39,0.339867166407772,19.4729542302358,-90.1022686717489,"kN/m","DE"
"biaxial-normal","Estado biaxial uniforme","Acciones prescritas","Carga exclusivamente normal","N",40,0.348581709136177,19.9722607489598,-90.2236131136969,"kN/m","DE"
"biaxial-normal","Estado biaxial uniforme","Acciones prescritas","Carga exclusivamente normal","N",41,0.357296251864581,20.4715672676838,-90.3475096057058,"kN/m","DE"
"biaxial-normal","Estado biaxial uniforme","Acciones prescritas","Carga exclusivamente normal","N",42,0.366010794592986,20.9708737864078,-90.4739205123166,"kN/m","DE"
"biaxial-normal","Estado biaxial uniforme","Acciones prescritas","Carga exclusivamente normal","N",43,0.37472533732139,21.4701803051318,-90.6028074342788,"kN/m","DE"
"biaxial-normal","Estado biaxial uniforme","Acciones prescritas","Carga exclusivamente normal","N",44,0.383439880049794,21.9694868238558,-90.7341312202138,"kN/m","DE"
"biaxial-normal","Estado biaxial uniforme","Acciones prescritas","Carga exclusivamente normal","N",45,0.392154422778199,22.4687933425798,-90.8678519785084,"kN/m","DE"
"biaxial-normal","Estado biaxial uniforme","Acciones prescritas","Carga exclusivamente normal","N",46,0.400868965506603,22.9680998613037,-91.0039290894325,"kN/m","DE"
"biaxial-normal","Estado biaxial uniforme","Acciones prescritas","Carga exclusivamente normal","N",47,0.409583508235008,23.4674063800277,-91.1423212174774,"kN/m","DE"
"biaxial-normal","Estado biaxial uniforme","Acciones prescritas","Carga exclusivamente normal","N",48,0.418298050963412,23.9667128987517,-91.2829863239128,"kN/m","DE"
"biaxial-normal","Estado biaxial uniforme","Acciones prescritas","Carga exclusivamente normal","N",49,0.427012593691816,24.4660194174757,-91.425881679556,"kN/m","DE"
"biaxial-normal","Estado biaxial uniforme","Acciones prescritas","Carga exclusivamente normal","N",50,0.435727136420221,24.9653259361997,-91.5709638777524,"kN/m","DE"
"biaxial-normal","Estado biaxial uniforme","Acciones prescritas","Carga exclusivamente normal","N",51,0.444441679148625,25.4646324549237,-91.7181888475599,"kN/m","DE"
"biaxial-normal","Estado biaxial uniforme","Acciones prescritas","Carga exclusivamente normal","N",52,0.45315622187703,25.9639389736477,-91.8675118671371,"kN/m","DE"
"biaxial-normal","Estado biaxial uniforme","Acciones prescritas","Carga exclusivamente normal","N",53,0.461870764605434,26.4632454923717,-92.0188875773277,"kN/m","DE"
"biaxial-normal","Estado biaxial uniforme","Acciones prescritas","Carga exclusivamente normal","N",54,0.470585307333839,26.9625520110957,-92.172269995439,"kN/m","DE"
"biaxial-normal","Estado biaxial uniforme","Acciones prescritas","Carga exclusivamente normal","N",55,0.479299850062243,27.4618585298197,-92.3276125292102,"kN/m","DE"
"biaxial-normal","Estado biaxial uniforme","Acciones prescritas","Carga exclusivamente normal","N",56,0.488014392790647,27.9611650485437,-92.4848679909652,"kN/m","DE"
"biaxial-normal","Estado biaxial uniforme","Acciones prescritas","Carga exclusivamente normal","N",57,0.496728935519052,28.4604715672677,-92.6439886119468,"kN/m","DE"
"biaxial-normal","Estado biaxial uniforme","Acciones prescritas","Carga exclusivamente normal","N",58,0.505443478247456,28.9597780859917,-92.8049260568271,"kN/m","DE"
"biaxial-normal","Estado biaxial uniforme","Acciones prescritas","Carga exclusivamente normal","N",59,0.514158020975861,29.4590846047157,-92.9676314383899,"kN/m","DE"
"biaxial-normal","Estado biaxial uniforme","Acciones prescritas","Carga exclusivamente normal","N",60,0.522872563704265,29.9583911234397,-93.1320553323814,"kN/m","DE"
"biaxial-normal","Estado biaxial uniforme","Acciones prescritas","Carga exclusivamente normal","N",61,0.53158710643267,30.4576976421637,-93.298147792523,"kN/m","DE"
"biaxial-normal","Estado biaxial uniforme","Acciones prescritas","Carga exclusivamente normal","N",62,0.540301649161074,30.9570041608877,-93.4658583656838,"kN/m","DE"
"biaxial-normal","Estado biaxial uniforme","Acciones prescritas","Carga exclusivamente normal","N",63,0.549016191889478,31.4563106796117,-93.6351361072063,"kN/m","DE"
"biaxial-normal","Estado biaxial uniforme","Acciones prescritas","Carga exclusivamente normal","N",64,0.557730734617883,31.9556171983356,-93.8059295963812,"kN/m","DE"
"biaxial-normal","Estado biaxial uniforme","Acciones prescritas","Carga exclusivamente normal","N",65,0.566445277346287,32.4549237170596,-93.9781869520681,"kN/m","DE"
"biaxial-normal","Estado biaxial uniforme","Acciones prescritas","Carga exclusivamente normal","N",66,0.575159820074692,32.9542302357836,-94.1518558484545,"kN/m","DE"
"biaxial-normal","Estado biaxial uniforme","Acciones prescritas","Carga exclusivamente normal","N",67,0.583874362803096,33.4535367545076,-94.3268835309506,"kN/m","DE"
"biaxial-normal","Estado biaxial uniforme","Acciones prescritas","Carga exclusivamente normal","N",68,0.592588905531501,33.9528432732316,-94.5032168322148,"kN/m","DE"
"biaxial-normal","Estado biaxial uniforme","Acciones prescritas","Carga exclusivamente normal","N",69,0.601303448259905,34.4521497919556,-94.6808021883035,"kN/m","DE"
"biaxial-normal","Estado biaxial uniforme","Acciones prescritas","Carga exclusivamente normal","N",70,0.610017990988309,34.9514563106796,-94.8595856549425,"kN/m","DE"
"biaxial-normal","Estado biaxial uniforme","Acciones prescritas","Carga exclusivamente normal","N",71,0.618732533716714,35.4507628294036,-95.0395129239129,"kN/m","DE"
"biaxial-normal","Estado biaxial uniforme","Acciones prescritas","Carga exclusivamente normal","N",72,0.627447076445118,35.9500693481276,-95.2205293395487,"kN/m","DE"
"biaxial-normal","Estado biaxial uniforme","Acciones prescritas","Carga exclusivamente normal","N",73,0.636161619173523,36.4493758668516,-95.4025799153384,"kN/m","DE"
"biaxial-normal","Estado biaxial uniforme","Acciones prescritas","Carga exclusivamente normal","N",74,0.644876161901927,36.9486823855756,-95.5856093506288,"kN/m","DE"
"biaxial-normal","Estado biaxial uniforme","Acciones prescritas","Carga exclusivamente normal","N",75,0.653590704630331,37.4479889042996,-95.7695620474232,"kN/m","DE"
"biaxial-normal","Estado biaxial uniforme","Acciones prescritas","Carga exclusivamente normal","N",76,0.662305247358736,37.9472954230236,-95.9543821272698,"kN/m","DE"
"biaxial-normal","Estado biaxial uniforme","Acciones prescritas","Carga exclusivamente normal","N",77,0.67101979008714,38.4466019417476,-96.1400134482361,"kN/m","DE"
"biaxial-normal","Estado biaxial uniforme","Acciones prescritas","Carga exclusivamente normal","N",78,0.679734332815545,38.9459084604716,-96.3263996219626,"kN/m","DE"
"biaxial-normal","Estado biaxial uniforme","Acciones prescritas","Carga exclusivamente normal","N",79,0.688448875543949,39.4452149791956,-96.5134840307917,"kN/m","DE"
"biaxial-normal","Estado biaxial uniforme","Acciones prescritas","Carga exclusivamente normal","N",80,0.697163418272354,39.9445214979196,-96.7012098449662,"kN/m","DE"
"biaxial-normal","Estado biaxial uniforme","Acciones prescritas","Carga exclusivamente normal","N",81,0.705877961000758,40.4438280166436,-96.8895200398922,"kN/m","DE"
"biaxial-normal","Estado biaxial uniforme","Acciones prescritas","Carga exclusivamente normal","N",82,0.714592503729162,40.9431345353675,-97.0783574134611,"kN/m","DE"
"biaxial-normal","Estado biaxial uniforme","Acciones prescritas","Carga exclusivamente normal","N",83,0.723307046457567,41.4424410540915,-97.2676646034259,"kN/m","DE"
"biaxial-normal","Estado biaxial uniforme","Acciones prescritas","Carga exclusivamente normal","N",84,0.732021589185971,41.9417475728155,-97.4573841048255,"kN/m","DE"
"biaxial-normal","Estado biaxial uniforme","Acciones prescritas","Carga exclusivamente normal","N",85,0.740736131914376,42.4410540915395,-97.647458287453,"kN/m","DE"
"biaxial-normal","Estado biaxial uniforme","Acciones prescritas","Carga exclusivamente normal","N",86,0.74945067464278,42.9403606102635,-97.8378294133614,"kN/m","DE"
"biaxial-normal","Estado biaxial uniforme","Acciones prescritas","Carga exclusivamente normal","N",87,0.758165217371184,43.4396671289875,-98.0284396544029,"kN/m","DE"
"biaxial-normal","Estado biaxial uniforme","Acciones prescritas","Carga exclusivamente normal","N",88,0.766879760099589,43.9389736477115,-98.2192311097947,"kN/m","DE"
"biaxial-normal","Estado biaxial uniforme","Acciones prescritas","Carga exclusivamente normal","N",89,0.775594302827993,44.4382801664355,-98.4101458237075,"kN/m","DE"
"biaxial-normal","Estado biaxial uniforme","Acciones prescritas","Carga exclusivamente normal","N",90,0.784308845556398,44.9375866851595,-98.60112580287,"kN/m","DE"
"biaxial-normal","Estado biaxial uniforme","Acciones prescritas","Carga exclusivamente normal","N",91,0.785398163397448,45,-98.625,"kN/m","DE"
"biaxial-normal","Estado biaxial uniforme","Acciones prescritas","Carga exclusivamente normal","N",92,0.793023388284802,45.4368932038835,-98.7921130341858,"kN/m","DE"
"biaxial-normal","Estado biaxial uniforme","Acciones prescritas","Carga exclusivamente normal","N",93,0.801737931013207,45.9361997226075,-98.9830495023557,"kN/m","DE"
"biaxial-normal","Estado biaxial uniforme","Acciones prescritas","Carga exclusivamente normal","N",94,0.810452473741611,46.4355062413315,-99.1738772075003,"kN/m","DE"
"biaxial-normal","Estado biaxial uniforme","Acciones prescritas","Carga exclusivamente normal","N",95,0.819167016470015,46.9348127600555,-99.3645381827788,"kN/m","DE"
"biaxial-normal","Estado biaxial uniforme","Acciones prescritas","Carga exclusivamente normal","N",96,0.82788155919842,47.4341192787795,-99.554974511997,"kN/m","DE"
"biaxial-normal","Estado biaxial uniforme","Acciones prescritas","Carga exclusivamente normal","N",97,0.836596101926824,47.9334257975035,-99.7451283472007,"kN/m","DE"
"biaxial-normal","Estado biaxial uniforme","Acciones prescritas","Carga exclusivamente normal","N",98,0.845310644655229,48.4327323162275,-99.9349419262472,"kN/m","DE"
"biaxial-normal","Estado biaxial uniforme","Acciones prescritas","Carga exclusivamente normal","N",99,0.854025187383633,48.9320388349515,-100.124357590352,"kN/m","DE"
"biaxial-normal","Estado biaxial uniforme","Acciones prescritas","Carga exclusivamente normal","N",100,0.862739730112038,49.4313453536755,-100.313317801604,"kN/m","DE"
"biaxial-normal","Estado biaxial uniforme","Acciones prescritas","Carga exclusivamente normal","N",101,0.871454272840442,49.9306518723995,-100.501765160441,"kN/m","DE"
"biaxial-normal","Estado biaxial uniforme","Acciones prescritas","Carga exclusivamente normal","N",102,0.880168815568846,50.4299583911234,-100.689642423089,"kN/m","DE"
"biaxial-normal","Estado biaxial uniforme","Acciones prescritas","Carga exclusivamente normal","N",103,0.888883358297251,50.9292649098474,-100.876892518951,"kN/m","DE"
"biaxial-normal","Estado biaxial uniforme","Acciones prescritas","Carga exclusivamente normal","N",104,0.897597901025655,51.4285714285714,-101.063458567938,"kN/m","DE"
"biaxial-normal","Estado biaxial uniforme","Acciones prescritas","Carga exclusivamente normal","N",105,0.90631244375406,51.9278779472954,-101.249283897753,"kN/m","DE"
"biaxial-normal","Estado biaxial uniforme","Acciones prescritas","Carga exclusivamente normal","N",106,0.915026986482464,52.4271844660194,-101.434312061104,"kN/m","DE"
"biaxial-normal","Estado biaxial uniforme","Acciones prescritas","Carga exclusivamente normal","N",107,0.923741529210868,52.9264909847434,-101.618486852849,"kN/m","DE"
"biaxial-normal","Estado biaxial uniforme","Acciones prescritas","Carga exclusivamente normal","N",108,0.932456071939273,53.4257975034674,-101.801752327072,"kN/m","DE"
"biaxial-normal","Estado biaxial uniforme","Acciones prescritas","Carga exclusivamente normal","N",109,0.941170614667677,53.9251040221914,-101.984052814076,"kN/m","DE"
"biaxial-normal","Estado biaxial uniforme","Acciones prescritas","Carga exclusivamente normal","N",110,0.949885157396082,54.4244105409154,-102.165332937293,"kN/m","DE"
"biaxial-normal","Estado biaxial uniforme","Acciones prescritas","Carga exclusivamente normal","N",111,0.958599700124486,54.9237170596394,-102.345537630107,"kN/m","DE"
"biaxial-normal","Estado biaxial uniforme","Acciones prescritas","Carga exclusivamente normal","N",112,0.967314242852891,55.4230235783634,-102.524612152579,"kN/m","DE"
"biaxial-normal","Estado biaxial uniforme","Acciones prescritas","Carga exclusivamente normal","N",113,0.976028785581295,55.9223300970874,-102.702502108079,"kN/m","DE"
"biaxial-normal","Estado biaxial uniforme","Acciones prescritas","Carga exclusivamente normal","N",114,0.984743328309699,56.4216366158114,-102.879153459804,"kN/m","DE"
"biaxial-normal","Estado biaxial uniforme","Acciones prescritas","Carga exclusivamente normal","N",115,0.993457871038104,56.9209431345354,-103.0545125472,"kN/m","DE"
"biaxial-normal","Estado biaxial uniforme","Acciones prescritas","Carga exclusivamente normal","N",116,1.00217241376651,57.4202496532594,-103.228526102255,"kN/m","DE"
"biaxial-normal","Estado biaxial uniforme","Acciones prescritas","Carga exclusivamente normal","N",117,1.01088695649491,57.9195561719834,-103.401141265683,"kN/m","DE"
"biaxial-normal","Estado biaxial uniforme","Acciones prescritas","Carga exclusivamente normal","N",118,1.01960149922332,58.4188626907073,-103.572305602983,"kN/m","DE"
"biaxial-normal","Estado biaxial uniforme","Acciones prescritas","Carga exclusivamente normal","N",119,1.02831604195172,58.9181692094313,-103.741967120364,"kN/m","DE"
"biaxial-normal","Estado biaxial uniforme","Acciones prescritas","Carga exclusivamente normal","N",120,1.03703058468013,59.4174757281553,-103.910074280538,"kN/m","DE"
"biaxial-normal","Estado biaxial uniforme","Acciones prescritas","Carga exclusivamente normal","N",121,1.04574512740853,59.9167822468793,-104.076576018379,"kN/m","DE"
"biaxial-normal","Estado biaxial uniforme","Acciones prescritas","Carga exclusivamente normal","N",122,1.05445967013693,60.4160887656033,-104.241421756431,"kN/m","DE"
"biaxial-normal","Estado biaxial uniforme","Acciones prescritas","Carga exclusivamente normal","N",123,1.06317421286534,60.9153952843273,-104.404561420274,"kN/m","DE"
"biaxial-normal","Estado biaxial uniforme","Acciones prescritas","Carga exclusivamente normal","N",124,1.07188875559374,61.4147018030513,-104.565945453735,"kN/m","DE"
"biaxial-normal","Estado biaxial uniforme","Acciones prescritas","Carga exclusivamente normal","N",125,1.08060329832215,61.9140083217753,-104.725524833938,"kN/m","DE"
"biaxial-normal","Estado biaxial uniforme","Acciones prescritas","Carga exclusivamente normal","N",126,1.08931784105055,62.4133148404993,-104.883251086202,"kN/m","DE"
"biaxial-normal","Estado biaxial uniforme","Acciones prescritas","Carga exclusivamente normal","N",127,1.09803238377896,62.9126213592233,-105.039076298759,"kN/m","DE"
"biaxial-normal","Estado biaxial uniforme","Acciones prescritas","Carga exclusivamente normal","N",128,1.10674692650736,63.4119278779473,-105.192953137311,"kN/m","DE"
"biaxial-normal","Estado biaxial uniforme","Acciones prescritas","Carga exclusivamente normal","N",129,1.11546146923577,63.9112343966713,-105.344834859411,"kN/m","DE"
"biaxial-normal","Estado biaxial uniforme","Acciones prescritas","Carga exclusivamente normal","N",130,1.12417601196417,64.4105409153953,-105.494675328656,"kN/m","DE"
"biaxial-normal","Estado biaxial uniforme","Acciones prescritas","Carga exclusivamente normal","N",131,1.13289055469257,64.9098474341193,-105.642429028707,"kN/m","DE"
"biaxial-normal","Estado biaxial uniforme","Acciones prescritas","Carga exclusivamente normal","N",132,1.14160509742098,65.4091539528433,-105.788051077113,"kN/m","DE"
"biaxial-normal","Estado biaxial uniforme","Acciones prescritas","Carga exclusivamente normal","N",133,1.15031964014938,65.9084604715673,-105.931497238944,"kN/m","DE"
"biaxial-normal","Estado biaxial uniforme","Acciones prescritas","Carga exclusivamente normal","N",134,1.15903418287779,66.4077669902913,-106.07272394023,"kN/m","DE"
"biaxial-normal","Estado biaxial uniforme","Acciones prescritas","Carga exclusivamente normal","N",135,1.16774872560619,66.9070735090153,-106.211688281194,"kN/m","DE"
"biaxial-normal","Estado biaxial uniforme","Acciones prescritas","Carga exclusivamente normal","N",136,1.1764632683346,67.4063800277392,-106.348348049288,"kN/m","DE"
"biaxial-normal","Estado biaxial uniforme","Acciones prescritas","Carga exclusivamente normal","N",137,1.185177811063,67.9056865464632,-106.482661732012,"kN/m","DE"
"biaxial-normal","Estado biaxial uniforme","Acciones prescritas","Carga exclusivamente normal","N",138,1.19389235379141,68.4049930651872,-106.614588529527,"kN/m","DE"
"biaxial-normal","Estado biaxial uniforme","Acciones prescritas","Carga exclusivamente normal","N",139,1.20260689651981,68.9042995839112,-106.744088367044,"kN/m","DE"
"biaxial-normal","Estado biaxial uniforme","Acciones prescritas","Carga exclusivamente normal","N",140,1.21132143924821,69.4036061026352,-106.871121907004,"kN/m","DE"
"biaxial-normal","Estado biaxial uniforme","Acciones prescritas","Carga exclusivamente normal","N",141,1.22003598197662,69.9029126213592,-106.99565056102,"kN/m","DE"
"biaxial-normal","Estado biaxial uniforme","Acciones prescritas","Carga exclusivamente normal","N",142,1.22875052470502,70.4022191400832,-107.117636501606,"kN/m","DE"
"biaxial-normal","Estado biaxial uniforme","Acciones prescritas","Carga exclusivamente normal","N",143,1.23746506743343,70.9015256588072,-107.237042673661,"kN/m","DE"
"biaxial-normal","Estado biaxial uniforme","Acciones prescritas","Carga exclusivamente normal","N",144,1.24617961016183,71.4008321775312,-107.353832805731,"kN/m","DE"
"biaxial-normal","Estado biaxial uniforme","Acciones prescritas","Carga exclusivamente normal","N",145,1.25489415289024,71.9001386962552,-107.467971421022,"kN/m","DE"
"biaxial-normal","Estado biaxial uniforme","Acciones prescritas","Carga exclusivamente normal","N",146,1.26360869561864,72.3994452149792,-107.57942384818,"kN/m","DE"
"biaxial-normal","Estado biaxial uniforme","Acciones prescritas","Carga exclusivamente normal","N",147,1.27232323834705,72.8987517337032,-107.688156231822,"kN/m","DE"
"biaxial-normal","Estado biaxial uniforme","Acciones prescritas","Carga exclusivamente normal","N",148,1.28103778107545,73.3980582524272,-107.79413554282,"kN/m","DE"
"biaxial-normal","Estado biaxial uniforme","Acciones prescritas","Carga exclusivamente normal","N",149,1.28975232380385,73.8973647711512,-107.897329588332,"kN/m","DE"
"biaxial-normal","Estado biaxial uniforme","Acciones prescritas","Carga exclusivamente normal","N",150,1.29846686653226,74.3966712898752,-107.997707021587,"kN/m","DE"
"biaxial-normal","Estado biaxial uniforme","Acciones prescritas","Carga exclusivamente normal","N",151,1.30718140926066,74.8959778085992,-108.095237351399,"kN/m","DE"
"biaxial-normal","Estado biaxial uniforme","Acciones prescritas","Carga exclusivamente normal","N",152,1.31589595198907,75.3952843273232,-108.189890951436,"kN/m","DE"
"biaxial-normal","Estado biaxial uniforme","Acciones prescritas","Carga exclusivamente normal","N",153,1.32461049471747,75.8945908460472,-108.281639069215,"kN/m","DE"
"biaxial-normal","Estado biaxial uniforme","Acciones prescritas","Carga exclusivamente normal","N",154,1.33332503744588,76.3938973647712,-108.370453834841,"kN/m","DE"
"biaxial-normal","Estado biaxial uniforme","Acciones prescritas","Carga exclusivamente normal","N",155,1.34203958017428,76.8932038834951,-108.456308269465,"kN/m","DE"
"biaxial-normal","Estado biaxial uniforme","Acciones prescritas","Carga exclusivamente normal","N",156,1.35075412290268,77.3925104022191,-108.539176293487,"kN/m","DE"
"biaxial-normal","Estado biaxial uniforme","Acciones prescritas","Carga exclusivamente normal","N",157,1.35946866563109,77.8918169209431,-108.619032734475,"kN/m","DE"
"biaxial-normal","Estado biaxial uniforme","Acciones prescritas","Carga exclusivamente normal","N",158,1.36818320835949,78.3911234396671,-108.69585333481,"kN/m","DE"
"biaxial-normal","Estado biaxial uniforme","Acciones prescritas","Carga exclusivamente normal","N",159,1.3768977510879,78.8904299583911,-108.769614759057,"kN/m","DE"
"biaxial-normal","Estado biaxial uniforme","Acciones prescritas","Carga exclusivamente normal","N",160,1.3856122938163,79.3897364771151,-108.840294601054,"kN/m","DE"
"biaxial-normal","Estado biaxial uniforme","Acciones prescritas","Carga exclusivamente normal","N",161,1.39432683654471,79.8890429958391,-108.907871390713,"kN/m","DE"
"biaxial-normal","Estado biaxial uniforme","Acciones prescritas","Carga exclusivamente normal","N",162,1.40304137927311,80.3883495145631,-108.972324600551,"kN/m","DE"
"biaxial-normal","Estado biaxial uniforme","Acciones prescritas","Carga exclusivamente normal","N",163,1.41175592200152,80.8876560332871,-109.033634651915,"kN/m","DE"
"biaxial-normal","Estado biaxial uniforme","Acciones prescritas","Carga exclusivamente normal","N",164,1.42047046472992,81.3869625520111,-109.091782920939,"kN/m","DE"
"biaxial-normal","Estado biaxial uniforme","Acciones prescritas","Carga exclusivamente normal","N",165,1.42918500745832,81.8862690707351,-109.146751744193,"kN/m","DE"
"biaxial-normal","Estado biaxial uniforme","Acciones prescritas","Carga exclusivamente normal","N",166,1.43789955018673,82.3855755894591,-109.198524424056,"kN/m","DE"
"biaxial-normal","Estado biaxial uniforme","Acciones prescritas","Carga exclusivamente normal","N",167,1.44661409291513,82.8848821081831,-109.247085233782,"kN/m","DE"
"biaxial-normal","Estado biaxial uniforme","Acciones prescritas","Carga exclusivamente normal","N",168,1.45532863564354,83.3841886269071,-109.29241942228,"kN/m","DE"
"biaxial-normal","Estado biaxial uniforme","Acciones prescritas","Carga exclusivamente normal","N",169,1.46404317837194,83.8834951456311,-109.334513218596,"kN/m","DE"
"biaxial-normal","Estado biaxial uniforme","Acciones prescritas","Carga exclusivamente normal","N",170,1.47275772110035,84.3828016643551,-109.373353836094,"kN/m","DE"
"biaxial-normal","Estado biaxial uniforme","Acciones prescritas","Carga exclusivamente normal","N",171,1.48147226382875,84.882108183079,-109.408929476341,"kN/m","DE"
"biaxial-normal","Estado biaxial uniforme","Acciones prescritas","Carga exclusivamente normal","N",172,1.49018680655716,85.381414701803,-109.441229332691,"kN/m","DE"
"biaxial-normal","Estado biaxial uniforme","Acciones prescritas","Carga exclusivamente normal","N",173,1.49890134928556,85.880721220527,-109.470243593567,"kN/m","DE"
"biaxial-normal","Estado biaxial uniforme","Acciones prescritas","Carga exclusivamente normal","N",174,1.50761589201396,86.380027739251,-109.495963445443,"kN/m","DE"
"biaxial-normal","Estado biaxial uniforme","Acciones prescritas","Carga exclusivamente normal","N",175,1.51633043474237,86.879334257975,-109.518381075519,"kN/m","DE"
"biaxial-normal","Estado biaxial uniforme","Acciones prescritas","Carga exclusivamente normal","N",176,1.52504497747077,87.378640776699,-109.537489674097,"kN/m","DE"
"biaxial-normal","Estado biaxial uniforme","Acciones prescritas","Carga exclusivamente normal","N",177,1.53375952019918,87.877947295423,-109.553283436647,"kN/m","DE"
"biaxial-normal","Estado biaxial uniforme","Acciones prescritas","Carga exclusivamente normal","N",178,1.54247406292758,88.377253814147,-109.565757565572,"kN/m","DE"
"biaxial-normal","Estado biaxial uniforme","Acciones prescritas","Carga exclusivamente normal","N",179,1.55118860565599,88.876560332871,-109.574908271663,"kN/m","DE"
"biaxial-normal","Estado biaxial uniforme","Acciones prescritas","Carga exclusivamente normal","N",180,1.55990314838439,89.375866851595,-109.580732775253,"kN/m","DE"
"biaxial-normal","Estado biaxial uniforme","Acciones prescritas","Carga exclusivamente normal","N",181,1.5686176911128,89.875173370319,-109.58322930706,"kN/m","DE"
"biaxial-normal","Estado biaxial uniforme","Acciones prescritas","Carga exclusivamente normal","N",182,1.5707963267949,90,-109.583333333333,"kN/m","DE"
"biaxial-normal","Estado biaxial uniforme","Acciones prescritas","Carga exclusivamente normal","N",183,1.5773322338412,90.374479889043,-109.582397108725,"kN/m","DE"
"biaxial-normal","Estado biaxial uniforme","Acciones prescritas","Carga exclusivamente normal","N",184,1.5860467765696,90.873786407767,-109.578236433039,"kN/m","DE"
"biaxial-normal","Estado biaxial uniforme","Acciones prescritas","Carga exclusivamente normal","N",185,1.59476131929801,91.373092926491,-109.570748543873,"kN/m","DE"
"biaxial-normal","Estado biaxial uniforme","Acciones prescritas","Carga exclusivamente normal","N",186,1.60347586202641,91.872399445215,-109.559935715787,"kN/m","DE"
"biaxial-normal","Estado biaxial uniforme","Acciones prescritas","Carga exclusivamente normal","N",187,1.61219040475482,92.371705963939,-109.545801233344,"kN/m","DE"
"biaxial-normal","Estado biaxial uniforme","Acciones prescritas","Carga exclusivamente normal","N",188,1.62090494748322,92.871012482663,-109.52834939011,"kN/m","DE"
"biaxial-normal","Estado biaxial uniforme","Acciones prescritas","Carga exclusivamente normal","N",189,1.62961949021163,93.370319001387,-109.507585487348,"kN/m","DE"
"biaxial-normal","Estado biaxial uniforme","Acciones prescritas","Carga exclusivamente normal","N",190,1.63833403294003,93.869625520111,-109.483515832414,"kN/m","DE"
"biaxial-normal","Estado biaxial uniforme","Acciones prescritas","Carga exclusivamente normal","N",191,1.64704857566844,94.3689320388349,-109.456147736833,"kN/m","DE"
"biaxial-normal","Estado biaxial uniforme","Acciones prescritas","Carga exclusivamente normal","N",192,1.65576311839684,94.868238557559,-109.425489514085,"kN/m","DE"
"biaxial-normal","Estado biaxial uniforme","Acciones prescritas","Carga exclusivamente normal","N",193,1.66447766112524,95.367545076283,-109.391550477074,"kN/m","DE"
"biaxial-normal","Estado biaxial uniforme","Acciones prescritas","Carga exclusivamente normal","N",194,1.67319220385365,95.8668515950069,-109.354340935304,"kN/m","DE"
"biaxial-normal","Estado biaxial uniforme","Acciones prescritas","Carga exclusivamente normal","N",195,1.68190674658205,96.3661581137309,-109.313872191743,"kN/m","DE"
"biaxial-normal","Estado biaxial uniforme","Acciones prescritas","Carga exclusivamente normal","N",196,1.69062128931046,96.8654646324549,-109.270156539391,"kN/m","DE"
"biaxial-normal","Estado biaxial uniforme","Acciones prescritas","Carga exclusivamente normal","N",197,1.69933583203886,97.3647711511789,-109.22320725755,"kN/m","DE"
"biaxial-normal","Estado biaxial uniforme","Acciones prescritas","Carga exclusivamente normal","N",198,1.70805037476727,97.8640776699029,-109.173038607783,"kN/m","DE"
"biaxial-normal","Estado biaxial uniforme","Acciones prescritas","Carga exclusivamente normal","N",199,1.71676491749567,98.3633841886269,-109.119665829586,"kN/m","DE"
"biaxial-normal","Estado biaxial uniforme","Acciones prescritas","Carga exclusivamente normal","N",200,1.72547946022408,98.8626907073509,-109.063105135759,"kN/m","DE"
"biaxial-normal","Estado biaxial uniforme","Acciones prescritas","Carga exclusivamente normal","N",201,1.73419400295248,99.3619972260749,-109.003373707479,"kN/m","DE"
"biaxial-normal","Estado biaxial uniforme","Acciones prescritas","Carga exclusivamente normal","N",202,1.74290854568088,99.8613037447989,-108.940489689085,"kN/m","DE"
"biaxial-normal","Estado biaxial uniforme","Acciones prescritas","Carga exclusivamente normal","N",203,1.75162308840929,100.360610263523,-108.87447218256,"kN/m","DE"
"biaxial-normal","Estado biaxial uniforme","Acciones prescritas","Carga exclusivamente normal","N",204,1.76033763113769,100.859916782247,-108.805341241734,"kN/m","DE"
"biaxial-normal","Estado biaxial uniforme","Acciones prescritas","Carga exclusivamente normal","N",205,1.7690521738661,101.359223300971,-108.733117866191,"kN/m","DE"
"biaxial-normal","Estado biaxial uniforme","Acciones prescritas","Carga exclusivamente normal","N",206,1.7777667165945,101.858529819695,-108.657823994886,"kN/m","DE"
"biaxial-normal","Estado biaxial uniforme","Acciones prescritas","Carga exclusivamente normal","N",207,1.78648125932291,102.357836338419,-108.57948249949,"kN/m","DE"
"biaxial-normal","Estado biaxial uniforme","Acciones prescritas","Carga exclusivamente normal","N",208,1.79519580205131,102.857142857143,-108.498117177431,"kN/m","DE"
"biaxial-normal","Estado biaxial uniforme","Acciones prescritas","Carga exclusivamente normal","N",209,1.80391034477971,103.356449375867,-108.413752744673,"kN/m","DE"
"biaxial-normal","Estado biaxial uniforme","Acciones prescritas","Carga exclusivamente normal","N",210,1.81262488750812,103.855755894591,-108.326414828207,"kN/m","DE"
"biaxial-normal","Estado biaxial uniforme","Acciones prescritas","Carga exclusivamente normal","N",211,1.82133943023652,104.355062413315,-108.236129958262,"kN/m","DE"
"biaxial-normal","Estado biaxial uniforme","Acciones prescritas","Carga exclusivamente normal","N",212,1.83005397296493,104.854368932039,-108.142925560254,"kN/m","DE"
"biaxial-normal","Estado biaxial uniforme","Acciones prescritas","Carga exclusivamente normal","N",213,1.83876851569333,105.353675450763,-108.046829946446,"kN/m","DE"
"biaxial-normal","Estado biaxial uniforme","Acciones prescritas","Carga exclusivamente normal","N",214,1.84748305842174,105.852981969487,-107.947872307353,"kN/m","DE"
"biaxial-normal","Estado biaxial uniforme","Acciones prescritas","Carga exclusivamente normal","N",215,1.85619760115014,106.352288488211,-107.846082702877,"kN/m","DE"
"biaxial-normal","Estado biaxial uniforme","Acciones prescritas","Carga exclusivamente normal","N",216,1.86491214387855,106.851595006935,-107.74149205317,"kN/m","DE"
"biaxial-normal","Estado biaxial uniforme","Acciones prescritas","Carga exclusivamente normal","N",217,1.87362668660695,107.350901525659,-107.634132129245,"kN/m","DE"
"biaxial-normal","Estado biaxial uniforme","Acciones prescritas","Carga exclusivamente normal","N",218,1.88234122933535,107.850208044383,-107.524035543325,"kN/m","DE"
"biaxial-normal","Estado biaxial uniforme","Acciones prescritas","Carga exclusivamente normal","N",219,1.89105577206376,108.349514563107,-107.411235738935,"kN/m","DE"
"biaxial-normal","Estado biaxial uniforme","Acciones prescritas","Carga exclusivamente normal","N",220,1.89977031479216,108.848821081831,-107.295766980746,"kN/m","DE"
"biaxial-normal","Estado biaxial uniforme","Acciones prescritas","Carga exclusivamente normal","N",221,1.90848485752057,109.348127600555,-107.177664344163,"kN/m","DE"
"biaxial-normal","Estado biaxial uniforme","Acciones prescritas","Carga exclusivamente normal","N",222,1.91719940024897,109.847434119279,-107.056963704672,"kN/m","DE"
"biaxial-normal","Estado biaxial uniforme","Acciones prescritas","Carga exclusivamente normal","N",223,1.92591394297738,110.346740638003,-106.933701726942,"kN/m","DE"
"biaxial-normal","Estado biaxial uniforme","Acciones prescritas","Carga exclusivamente normal","N",224,1.93462848570578,110.846047156727,-106.80791585369,"kN/m","DE"
"biaxial-normal","Estado biaxial uniforme","Acciones prescritas","Carga exclusivamente normal","N",225,1.94334302843419,111.345353675451,-106.679644294303,"kN/m","DE"
"biaxial-normal","Estado biaxial uniforme","Acciones prescritas","Carga exclusivamente normal","N",226,1.95205757116259,111.844660194175,-106.548926013232,"kN/m","DE"
"biaxial-normal","Estado biaxial uniforme","Acciones prescritas","Carga exclusivamente normal","N",227,1.96077211389099,112.343966712899,-106.415800718161,"kN/m","DE"
"biaxial-normal","Estado biaxial uniforme","Acciones prescritas","Carga exclusivamente normal","N",228,1.9694866566194,112.843273231623,-106.280308847937,"kN/m","DE"
"biaxial-normal","Estado biaxial uniforme","Acciones prescritas","Carga exclusivamente normal","N",229,1.9782011993478,113.342579750347,-106.142491560294,"kN/m","DE"
"biaxial-normal","Estado biaxial uniforme","Acciones prescritas","Carga exclusivamente normal","N",230,1.98691574207621,113.841886269071,-106.002390719346,"kN/m","DE"
"biaxial-normal","Estado biaxial uniforme","Acciones prescritas","Carga exclusivamente normal","N",231,1.99563028480461,114.341192787795,-105.860048882871,"kN/m","DE"
"biaxial-normal","Estado biaxial uniforme","Acciones prescritas","Carga exclusivamente normal","N",232,2.00434482753302,114.840499306519,-105.715509289384,"kN/m","DE"
"biaxial-normal","Estado biaxial uniforme","Acciones prescritas","Carga exclusivamente normal","N",233,2.01305937026142,115.339805825243,-105.568815845002,"kN/m","DE"
"biaxial-normal","Estado biaxial uniforme","Acciones prescritas","Carga exclusivamente normal","N",234,2.02177391298983,115.839112343967,-105.420013110107,"kN/m","DE"
"biaxial-normal","Estado biaxial uniforme","Acciones prescritas","Carga exclusivamente normal","N",235,2.03048845571823,116.338418862691,-105.269146285812,"kN/m","DE"
"biaxial-normal","Estado biaxial uniforme","Acciones prescritas","Carga exclusivamente normal","N",236,2.03920299844663,116.837725381415,-105.116261200227,"kN/m","DE"
"biaxial-normal","Estado biaxial uniforme","Acciones prescritas","Carga exclusivamente normal","N",237,2.04791754117504,117.337031900139,-104.961404294541,"kN/m","DE"
"biaxial-normal","Estado biaxial uniforme","Acciones prescritas","Carga exclusivamente normal","N",238,2.05663208390344,117.836338418863,-104.804622608913,"kN/m","DE"
"biaxial-normal","Estado biaxial uniforme","Acciones prescritas","Carga exclusivamente normal","N",239,2.06534662663185,118.335644937587,-104.645963768183,"kN/m","DE"
"biaxial-normal","Estado biaxial uniforme","Acciones prescritas","Carga exclusivamente normal","N",240,2.07406116936025,118.834951456311,-104.485475967407,"kN/m","DE"
"biaxial-normal","Estado biaxial uniforme","Acciones prescritas","Carga exclusivamente normal","N",241,2.08277571208866,119.334257975035,-104.323207957213,"kN/m","DE"
"biaxial-normal","Estado biaxial uniforme","Acciones prescritas","Carga exclusivamente normal","N",242,2.09149025481706,119.833564493759,-104.159209028999,"kN/m","DE"
"biaxial-normal","Estado biaxial uniforme","Acciones prescritas","Carga exclusivamente normal","N",243,2.10020479754546,120.332871012483,-103.993528999952,"kN/m","DE"
"biaxial-normal","Estado biaxial uniforme","Acciones prescritas","Carga exclusivamente normal","N",244,2.10891934027387,120.832177531207,-103.826218197921,"kN/m","DE"
"biaxial-normal","Estado biaxial uniforme","Acciones prescritas","Carga exclusivamente normal","N",245,2.11763388300227,121.331484049931,-103.657327446128,"kN/m","DE"
"biaxial-normal","Estado biaxial uniforme","Acciones prescritas","Carga exclusivamente normal","N",246,2.12634842573068,121.830790568655,-103.486908047726,"kN/m","DE"
"biaxial-normal","Estado biaxial uniforme","Acciones prescritas","Carga exclusivamente normal","N",247,2.13506296845908,122.330097087379,-103.315011770222,"kN/m","DE"
"biaxial-normal","Estado biaxial uniforme","Acciones prescritas","Carga exclusivamente normal","N",248,2.14377751118749,122.829403606103,-103.141690829744,"kN/m","DE"
"biaxial-normal","Estado biaxial uniforme","Acciones prescritas","Carga exclusivamente normal","N",249,2.15249205391589,123.328710124827,-102.966997875185,"kN/m","DE"
"biaxial-normal","Estado biaxial uniforme","Acciones prescritas","Carga exclusivamente normal","N",250,2.1612065966443,123.828016643551,-102.790985972208,"kN/m","DE"
"biaxial-normal","Estado biaxial uniforme","Acciones prescritas","Carga exclusivamente normal","N",251,2.1699211393727,124.327323162275,-102.613708587127,"kN/m","DE"
"biaxial-normal","Estado biaxial uniforme","Acciones prescritas","Carga exclusivamente normal","N",252,2.1786356821011,124.826629680999,-102.435219570666,"kN/m","DE"
"biaxial-normal","Estado biaxial uniforme","Acciones prescritas","Carga exclusivamente normal","N",253,2.18735022482951,125.325936199723,-102.255573141599,"kN/m","DE"
"biaxial-normal","Estado biaxial uniforme","Acciones prescritas","Carga exclusivamente normal","N",254,2.19606476755791,125.825242718447,-102.074823870283,"kN/m","DE"
"biaxial-normal","Estado biaxial uniforme","Acciones prescritas","Carga exclusivamente normal","N",255,2.20477931028632,126.324549237171,-101.89302666208,"kN/m","DE"
"biaxial-normal","Estado biaxial uniforme","Acciones prescritas","Carga exclusivamente normal","N",256,2.21349385301472,126.823855755895,-101.71023674068,"kN/m","DE"
"biaxial-normal","Estado biaxial uniforme","Acciones prescritas","Carga exclusivamente normal","N",257,2.22220839574313,127.323162274619,-101.526509631322,"kN/m","DE"
"biaxial-normal","Estado biaxial uniforme","Acciones prescritas","Carga exclusivamente normal","N",258,2.23092293847153,127.822468793343,-101.341901143934,"kN/m","DE"
"biaxial-normal","Estado biaxial uniforme","Acciones prescritas","Carga exclusivamente normal","N",259,2.23963748119994,128.321775312067,-101.156467356173,"kN/m","DE"
"biaxial-normal","Estado biaxial uniforme","Acciones prescritas","Carga exclusivamente normal","N",260,2.24835202392834,128.821081830791,-100.970264596394,"kN/m","DE"
"biaxial-normal","Estado biaxial uniforme","Acciones prescritas","Carga exclusivamente normal","N",261,2.25706656665674,129.320388349515,-100.783349426542,"kN/m","DE"
"biaxial-normal","Estado biaxial uniforme","Acciones prescritas","Carga exclusivamente normal","N",262,2.26578110938515,129.819694868239,-100.595778624963,"kN/m","DE"
"biaxial-normal","Estado biaxial uniforme","Acciones prescritas","Carga exclusivamente normal","N",263,2.27449565211355,130.319001386963,-100.407609169165,"kN/m","DE"
"biaxial-normal","Estado biaxial uniforme","Acciones prescritas","Carga exclusivamente normal","N",264,2.28321019484196,130.818307905687,-100.218898218504,"kN/m","DE"
"biaxial-normal","Estado biaxial uniforme","Acciones prescritas","Carga exclusivamente normal","N",265,2.29192473757036,131.317614424411,-100.029703096825,"kN/m","DE"
"biaxial-normal","Estado biaxial uniforme","Acciones prescritas","Carga exclusivamente normal","N",266,2.30063928029877,131.816920943135,-99.8400812750454,"kN/m","DE"
"biaxial-normal","Estado biaxial uniforme","Acciones prescritas","Carga exclusivamente normal","N",267,2.30935382302717,132.316227461859,-99.6500903537016,"kN/m","DE"
"biaxial-normal","Estado biaxial uniforme","Acciones prescritas","Carga exclusivamente normal","N",268,2.31806836575558,132.815533980583,-99.459788045448,"kN/m","DE"
"biaxial-normal","Estado biaxial uniforme","Acciones prescritas","Carga exclusivamente normal","N",269,2.32678290848398,133.314840499307,-99.2692321575282,"kN/m","DE"
"biaxial-normal","Estado biaxial uniforme","Acciones prescritas","Carga exclusivamente normal","N",270,2.33549745121238,133.814147018031,-99.0784805742144,"kN/m","DE"
"biaxial-normal","Estado biaxial uniforme","Acciones prescritas","Carga exclusivamente normal","N",271,2.34421199394079,134.313453536755,-98.8875912392244,"kN/m","DE"
"biaxial-normal","Estado biaxial uniforme","Acciones prescritas","Carga exclusivamente normal","N",272,2.35292653666919,134.812760055478,-98.6966221381198,"kN/m","DE"
"biaxial-normal","Estado biaxial uniforme","Acciones prescritas","Carga exclusivamente normal","N",273,2.35619449019234,135,-98.625,"kN/m","DE"
"biaxial-normal","Estado biaxial uniforme","Acciones prescritas","Carga exclusivamente normal","N",274,2.3616410793976,135.312066574203,-98.5056312806929,"kN/m","DE"
"biaxial-normal","Estado biaxial uniforme","Acciones prescritas","Carga exclusivamente normal","N",275,2.370355622126,135.811373092926,-98.3146766833443,"kN/m","DE"
"biaxial-normal","Estado biaxial uniforme","Acciones prescritas","Carga exclusivamente normal","N",276,2.37907016485441,136.31067961165,-98.1238163514605,"kN/m","DE"
"biaxial-normal","Estado biaxial uniforme","Acciones prescritas","Carga exclusivamente normal","N",277,2.38778470758281,136.809986130374,-97.9331082617931,"kN/m","DE"
"biaxial-normal","Estado biaxial uniforme","Acciones prescritas","Carga exclusivamente normal","N",278,2.39649925031122,137.309292649098,-97.7426103448479,"kN/m","DE"
"biaxial-normal","Estado biaxial uniforme","Acciones prescritas","Carga exclusivamente normal","N",279,2.40521379303962,137.808599167822,-97.5523804672877,"kN/m","DE"
"biaxial-normal","Estado biaxial uniforme","Acciones prescritas","Carga exclusivamente normal","N",280,2.41392833576802,138.307905686546,-97.3624764143538,"kN/m","DE"
"biaxial-normal","Estado biaxial uniforme","Acciones prescritas","Carga exclusivamente normal","N",281,2.42264287849643,138.80721220527,-97.1729558723138,"kN/m","DE"
"biaxial-normal","Estado biaxial uniforme","Acciones prescritas","Carga exclusivamente normal","N",282,2.43135742122483,139.306518723994,-96.9838764109374,"kN/m","DE"
"biaxial-normal","Estado biaxial uniforme","Acciones prescritas","Carga exclusivamente normal","N",283,2.44007196395324,139.805825242718,-96.7952954660099,"kN/m","DE"
"biaxial-normal","Estado biaxial uniforme","Acciones prescritas","Carga exclusivamente normal","N",284,2.44878650668164,140.305131761442,-96.6072703218841,"kN/m","DE"
"biaxial-normal","Estado biaxial uniforme","Acciones prescritas","Carga exclusivamente normal","N",285,2.45750104941005,140.804438280166,-96.41985809408,"kN/m","DE"
"biaxial-normal","Estado biaxial uniforme","Acciones prescritas","Carga exclusivamente normal","N",286,2.46621559213845,141.30374479889,-96.233115711935,"kN/m","DE"
"biaxial-normal","Estado biaxial uniforme","Acciones prescritas","Carga exclusivamente normal","N",287,2.47493013486686,141.803051317614,-96.0470999013102,"kN/m","DE"
"biaxial-normal","Estado biaxial uniforme","Acciones prescritas","Carga exclusivamente normal","N",288,2.48364467759526,142.302357836338,-95.8618671673599,"kN/m","DE"
"biaxial-normal","Estado biaxial uniforme","Acciones prescritas","Carga exclusivamente normal","N",289,2.49235922032366,142.801664355062,-95.6774737773666,"kN/m","DE"
"biaxial-normal","Estado biaxial uniforme","Acciones prescritas","Carga exclusivamente normal","N",290,2.50107376305207,143.300970873786,-95.4939757436493,"kN/m","DE"
"biaxial-normal","Estado biaxial uniforme","Acciones prescritas","Carga exclusivamente normal","N",291,2.50978830578047,143.80027739251,-95.3114288065488,"kN/m","DE"
"biaxial-normal","Estado biaxial uniforme","Acciones prescritas","Carga exclusivamente normal","N",292,2.51850284850888,144.299583911234,-95.1298884174957,"kN/m","DE"
"biaxial-normal","Estado biaxial uniforme","Acciones prescritas","Carga exclusivamente normal","N",293,2.52721739123728,144.798890429958,-94.9494097221662,"kN/m","DE"
"biaxial-normal","Estado biaxial uniforme","Acciones prescritas","Carga exclusivamente normal","N",294,2.53593193396569,145.298196948682,-94.7700475437307,"kN/m","DE"
"biaxial-normal","Estado biaxial uniforme","Acciones prescritas","Carga exclusivamente normal","N",295,2.54464647669409,145.797503467406,-94.5918563662007,"kN/m","DE"
"biaxial-normal","Estado biaxial uniforme","Acciones prescritas","Carga exclusivamente normal","N",296,2.55336101942249,146.29680998613,-94.4148903178779,"kN/m","DE"
"biaxial-normal","Estado biaxial uniforme","Acciones prescritas","Carga exclusivamente normal","N",297,2.5620755621509,146.796116504854,-94.2392031549125,"kN/m","DE"
"biaxial-normal","Estado biaxial uniforme","Acciones prescritas","Carga exclusivamente normal","N",298,2.5707901048793,147.295423023578,-94.0648482449734,"kN/m","DE"
"biaxial-normal","Estado biaxial uniforme","Acciones prescritas","Carga exclusivamente normal","N",299,2.57950464760771,147.794729542302,-93.8918785510376,"kN/m","DE"
"biaxial-normal","Estado biaxial uniforme","Acciones prescritas","Carga exclusivamente normal","N",300,2.58821919033611,148.294036061026,-93.7203466153011,"kN/m","DE"
"biaxial-normal","Estado biaxial uniforme","Acciones prescritas","Carga exclusivamente normal","N",301,2.59693373306452,148.79334257975,-93.550304543219,"kN/m","DE"
"biaxial-normal","Estado biaxial uniforme","Acciones prescritas","Carga exclusivamente normal","N",302,2.60564827579292,149.292649098474,-93.3818039876776,"kN/m","DE"
"biaxial-normal","Estado biaxial uniforme","Acciones prescritas","Carga exclusivamente normal","N",303,2.61436281852133,149.791955617198,-93.2148961333036,"kN/m","DE"
"biaxial-normal","Estado biaxial uniforme","Acciones prescritas","Carga exclusivamente normal","N",304,2.62307736124973,150.291262135922,-93.0496316809165,"kN/m","DE"
"biaxial-normal","Estado biaxial uniforme","Acciones prescritas","Carga exclusivamente normal","N",305,2.63179190397813,150.790568654646,-92.8860608321274,"kN/m","DE"
"biaxial-normal","Estado biaxial uniforme","Acciones prescritas","Carga exclusivamente normal","N",306,2.64050644670654,151.28987517337,-92.724233274089,"kN/m","DE"
"biaxial-normal","Estado biaxial uniforme","Acciones prescritas","Carga exclusivamente normal","N",307,2.64922098943494,151.789181692094,-92.5641981644029,"kN/m","DE"
"biaxial-normal","Estado biaxial uniforme","Acciones prescritas","Carga exclusivamente normal","N",308,2.65793553216335,152.288488210818,-92.4060041161871,"kN/m","DE"
"biaxial-normal","Estado biaxial uniforme","Acciones prescritas","Carga exclusivamente normal","N",309,2.66665007489175,152.787794729542,-92.2496991833089,"kN/m","DE"
"biaxial-normal","Estado biaxial uniforme","Acciones prescritas","Carga exclusivamente normal","N",310,2.67536461762016,153.287101248266,-92.0953308457877,"kN/m","DE"
"biaxial-normal","Estado biaxial uniforme","Acciones prescritas","Carga exclusivamente normal","N",311,2.68407916034856,153.78640776699,-91.9429459953727,"kN/m","DE"
"biaxial-normal","Estado biaxial uniforme","Acciones prescritas","Carga exclusivamente normal","N",312,2.69279370307697,154.285714285714,-91.792590921298,"kN/m","DE"
"biaxial-normal","Estado biaxial uniforme","Acciones prescritas","Carga exclusivamente normal","N",313,2.70150824580537,154.785020804438,-91.6443112962226,"kN/m","DE"
"biaxial-normal","Estado biaxial uniforme","Acciones prescritas","Carga exclusivamente normal","N",314,2.71022278853377,155.284327323162,-91.4981521623556,"kN/m","DE"
"biaxial-normal","Estado biaxial uniforme","Acciones prescritas","Carga exclusivamente normal","N",315,2.71893733126218,155.783633841886,-91.3541579177746,"kN/m","DE"
"biaxial-normal","Estado biaxial uniforme","Acciones prescritas","Carga exclusivamente normal","N",316,2.72765187399058,156.28294036061,-91.2123723029388,"kN/m","DE"
"biaxial-normal","Estado biaxial uniforme","Acciones prescritas","Carga exclusivamente normal","N",317,2.73636641671899,156.782246879334,-91.0728383874024,"kN/m","DE"
"biaxial-normal","Estado biaxial uniforme","Acciones prescritas","Carga exclusivamente normal","N",318,2.74508095944739,157.281553398058,-90.9355985567311,"kN/m","DE"
"biaxial-normal","Estado biaxial uniforme","Acciones prescritas","Carga exclusivamente normal","N",319,2.7537955021758,157.780859916782,-90.8006944996276,"kN/m","DE"
"biaxial-normal","Estado biaxial uniforme","Acciones prescritas","Carga exclusivamente normal","N",320,2.7625100449042,158.280166435506,-90.6681671952671,"kN/m","DE"
"biaxial-normal","Estado biaxial uniforme","Acciones prescritas","Carga exclusivamente normal","N",321,2.77122458763261,158.77947295423,-90.5380569008502,"kN/m","DE"
"biaxial-normal","Estado biaxial uniforme","Acciones prescritas","Carga exclusivamente normal","N",322,2.77993913036101,159.278779472954,-90.4104031393733,"kN/m","DE"
"biaxial-normal","Estado biaxial uniforme","Acciones prescritas","Carga exclusivamente normal","N",323,2.78865367308941,159.778085991678,-90.2852446876234,"kN/m","DE"
"biaxial-normal","Estado biaxial uniforme","Acciones prescritas","Carga exclusivamente normal","N",324,2.79736821581782,160.277392510402,-90.162619564399,"kN/m","DE"
"biaxial-normal","Estado biaxial uniforme","Acciones prescritas","Carga exclusivamente normal","N",325,2.80608275854622,160.776699029126,-90.042565018961,"kN/m","DE"
"biaxial-normal","Estado biaxial uniforme","Acciones prescritas","Carga exclusivamente normal","N",326,2.81479730127463,161.27600554785,-89.9251175197181,"kN/m","DE"
"biaxial-normal","Estado biaxial uniforme","Acciones prescritas","Carga exclusivamente normal","N",327,2.82351184400303,161.775312066574,-89.8103127431487,"kN/m","DE"
"biaxial-normal","Estado biaxial uniforme","Acciones prescritas","Carga exclusivamente normal","N",328,2.83222638673144,162.274618585298,-89.6981855629635,"kN/m","DE"
"biaxial-normal","Estado biaxial uniforme","Acciones prescritas","Carga exclusivamente normal","N",329,2.84094092945984,162.773925104022,-89.5887700395126,"kN/m","DE"
"biaxial-normal","Estado biaxial uniforme","Acciones prescritas","Carga exclusivamente normal","N",330,2.84965547218825,163.273231622746,-89.4820994094386,"kN/m","DE"
"biaxial-normal","Estado biaxial uniforme","Acciones prescritas","Carga exclusivamente normal","N",331,2.85837001491665,163.77253814147,-89.3782060755805,"kN/m","DE"
"biaxial-normal","Estado biaxial uniforme","Acciones prescritas","Carga exclusivamente normal","N",332,2.86708455764505,164.271844660194,-89.2771215971312,"kN/m","DE"
"biaxial-normal","Estado biaxial uniforme","Acciones prescritas","Carga exclusivamente normal","N",333,2.87579910037346,164.771151178918,-89.1788766800507,"kN/m","DE"
"biaxial-normal","Estado biaxial uniforme","Acciones prescritas","Carga exclusivamente normal","N",334,2.88451364310186,165.270457697642,-89.0835011677387,"kN/m","DE"
"biaxial-normal","Estado biaxial uniforme","Acciones prescritas","Carga exclusivamente normal","N",335,2.89322818583027,165.769764216366,-88.9910240319691,"kN/m","DE"
"biaxial-normal","Estado biaxial uniforme","Acciones prescritas","Carga exclusivamente normal","N",336,2.90194272855867,166.26907073509,-88.9014733640896,"kN/m","DE"
"biaxial-normal","Estado biaxial uniforme","Acciones prescritas","Carga exclusivamente normal","N",337,2.91065727128708,166.768377253814,-88.8148763664885,"kN/m","DE"
"biaxial-normal","Estado biaxial uniforme","Acciones prescritas","Carga exclusivamente normal","N",338,2.91937181401548,167.267683772538,-88.7312593443312,"kN/m","DE"
"biaxial-normal","Estado biaxial uniforme","Acciones prescritas","Carga exclusivamente normal","N",339,2.92808635674389,167.766990291262,-88.6506476975701,"kN/m","DE"
"biaxial-normal","Estado biaxial uniforme","Acciones prescritas","Carga exclusivamente normal","N",340,2.93680089947229,168.266296809986,-88.5730659132287,"kN/m","DE"
"biaxial-normal","Estado biaxial uniforme","Acciones prescritas","Carga exclusivamente normal","N",341,2.94551544220069,168.76560332871,-88.4985375579634,"kN/m","DE"
"biaxial-normal","Estado biaxial uniforme","Acciones prescritas","Carga exclusivamente normal","N",342,2.9542299849291,169.264909847434,-88.4270852709045,"kN/m","DE"
"biaxial-normal","Estado biaxial uniforme","Acciones prescritas","Carga exclusivamente normal","N",343,2.9629445276575,169.764216366158,-88.3587307567796,"kN/m","DE"
"biaxial-normal","Estado biaxial uniforme","Acciones prescritas","Carga exclusivamente normal","N",344,2.97165907038591,170.263522884882,-88.2934947793203,"kN/m","DE"
"biaxial-normal","Estado biaxial uniforme","Acciones prescritas","Carga exclusivamente normal","N",345,2.98037361311431,170.762829403606,-88.2313971549548,"kN/m","DE"
"biaxial-normal","Estado biaxial uniforme","Acciones prescritas","Carga exclusivamente normal","N",346,2.98908815584272,171.26213592233,-88.1724567467885,"kN/m","DE"
"biaxial-normal","Estado biaxial uniforme","Acciones prescritas","Carga exclusivamente normal","N",347,2.99780269857112,171.761442441054,-88.1166914588739,"kN/m","DE"
"biaxial-normal","Estado biaxial uniforme","Acciones prescritas","Carga exclusivamente normal","N",348,3.00651724129952,172.260748959778,-88.0641182307721,"kN/m","DE"
"biaxial-normal","Estado biaxial uniforme","Acciones prescritas","Carga exclusivamente normal","N",349,3.01523178402793,172.760055478502,-88.0147530324071,"kN/m","DE"
"biaxial-normal","Estado biaxial uniforme","Acciones prescritas","Carga exclusivamente normal","N",350,3.02394632675633,173.259361997226,-87.9686108592146,"kN/m","DE"
"biaxial-normal","Estado biaxial uniforme","Acciones prescritas","Carga exclusivamente normal","N",351,3.03266086948474,173.75866851595,-87.9257057275872,"kN/m","DE"
"biaxial-normal","Estado biaxial uniforme","Acciones prescritas","Carga exclusivamente normal","N",352,3.04137541221314,174.257975034674,-87.8860506706163,"kN/m","DE"
"biaxial-normal","Estado biaxial uniforme","Acciones prescritas","Carga exclusivamente normal","N",353,3.05008995494155,174.757281553398,-87.8496577341334,"kN/m","DE"
"biaxial-normal","Estado biaxial uniforme","Acciones prescritas","Carga exclusivamente normal","N",354,3.05880449766995,175.256588072122,-87.8165379730508,"kN/m","DE"
"biaxial-normal","Estado biaxial uniforme","Acciones prescritas","Carga exclusivamente normal","N",355,3.06751904039836,175.755894590846,-87.7867014480038,"kN/m","DE"
"biaxial-normal","Estado biaxial uniforme","Acciones prescritas","Carga exclusivamente normal","N",356,3.07623358312676,176.25520110957,-87.7601572222941,"kN/m","DE"
"biaxial-normal","Estado biaxial uniforme","Acciones prescritas","Carga exclusivamente normal","N",357,3.08494812585516,176.754507628294,-87.7369133591372,"kN/m","DE"
"biaxial-normal","Estado biaxial uniforme","Acciones prescritas","Carga exclusivamente normal","N",358,3.09366266858357,177.253814147018,-87.7169769192131,"kN/m","DE"
"biaxial-normal","Estado biaxial uniforme","Acciones prescritas","Carga exclusivamente normal","N",359,3.10237721131197,177.753120665742,-87.7003539585208,"kN/m","DE"
"biaxial-normal","Estado biaxial uniforme","Acciones prescritas","Carga exclusivamente normal","N",360,3.11109175404038,178.252427184466,-87.6870495265395,"kN/m","DE"
"biaxial-normal","Estado biaxial uniforme","Acciones prescritas","Carga exclusivamente normal","N",361,3.11980629676878,178.75173370319,-87.6770676646944,"kN/m","DE"
"biaxial-normal","Estado biaxial uniforme","Acciones prescritas","Carga exclusivamente normal","N",362,3.12852083949719,179.251040221914,-87.6704114051291,"kN/m","DE"
"biaxial-normal","Estado biaxial uniforme","Acciones prescritas","Carga exclusivamente normal","N",363,3.13723538222559,179.750346740638,-87.6670827697845,"kN/m","DE"
"biaxial-normal","Estado biaxial uniforme","Acciones prescritas","Carga exclusivamente normal","N",364,3.14159265358979,180,-87.6666666666667,"kN/m","DE"
"biaxial-normal","Estado biaxial uniforme","Acciones prescritas","Carga exclusivamente normal","N",365,3.145949924954,180.249653259362,-87.6670827697845,"kN/m","DE"
"biaxial-normal","Estado biaxial uniforme","Acciones prescritas","Carga exclusivamente normal","N",366,3.1546644676824,180.748959778086,-87.6704114051291,"kN/m","DE"
"biaxial-normal","Estado biaxial uniforme","Acciones prescritas","Carga exclusivamente normal","N",367,3.1633790104108,181.24826629681,-87.6770676646944,"kN/m","DE"
"biaxial-normal","Estado biaxial uniforme","Acciones prescritas","Carga exclusivamente normal","N",368,3.17209355313921,181.747572815534,-87.6870495265395,"kN/m","DE"
"biaxial-normal","Estado biaxial uniforme","Acciones prescritas","Carga exclusivamente normal","N",369,3.18080809586761,182.246879334258,-87.7003539585208,"kN/m","DE"
"biaxial-normal","Estado biaxial uniforme","Acciones prescritas","Carga exclusivamente normal","N",370,3.18952263859602,182.746185852982,-87.7169769192131,"kN/m","DE"
"biaxial-normal","Estado biaxial uniforme","Acciones prescritas","Carga exclusivamente normal","N",371,3.19823718132442,183.245492371706,-87.7369133591372,"kN/m","DE"
"biaxial-normal","Estado biaxial uniforme","Acciones prescritas","Carga exclusivamente normal","N",372,3.20695172405283,183.74479889043,-87.7601572222941,"kN/m","DE"
"biaxial-normal","Estado biaxial uniforme","Acciones prescritas","Carga exclusivamente normal","N",373,3.21566626678123,184.244105409154,-87.7867014480038,"kN/m","DE"
"biaxial-normal","Estado biaxial uniforme","Acciones prescritas","Carga exclusivamente normal","N",374,3.22438080950963,184.743411927878,-87.8165379730508,"kN/m","DE"
"biaxial-normal","Estado biaxial uniforme","Acciones prescritas","Carga exclusivamente normal","N",375,3.23309535223804,185.242718446602,-87.8496577341334,"kN/m","DE"
"biaxial-normal","Estado biaxial uniforme","Acciones prescritas","Carga exclusivamente normal","N",376,3.24180989496644,185.742024965326,-87.8860506706163,"kN/m","DE"
"biaxial-normal","Estado biaxial uniforme","Acciones prescritas","Carga exclusivamente normal","N",377,3.25052443769485,186.24133148405,-87.9257057275872,"kN/m","DE"
"biaxial-normal","Estado biaxial uniforme","Acciones prescritas","Carga exclusivamente normal","N",378,3.25923898042325,186.740638002774,-87.9686108592146,"kN/m","DE"
"biaxial-normal","Estado biaxial uniforme","Acciones prescritas","Carga exclusivamente normal","N",379,3.26795352315166,187.239944521498,-88.0147530324071,"kN/m","DE"
"biaxial-normal","Estado biaxial uniforme","Acciones prescritas","Carga exclusivamente normal","N",380,3.27666806588006,187.739251040222,-88.0641182307721,"kN/m","DE"
"biaxial-normal","Estado biaxial uniforme","Acciones prescritas","Carga exclusivamente normal","N",381,3.28538260860847,188.238557558946,-88.1166914588739,"kN/m","DE"
"biaxial-normal","Estado biaxial uniforme","Acciones prescritas","Carga exclusivamente normal","N",382,3.29409715133687,188.73786407767,-88.1724567467885,"kN/m","DE"
"biaxial-normal","Estado biaxial uniforme","Acciones prescritas","Carga exclusivamente normal","N",383,3.30281169406527,189.237170596394,-88.2313971549548,"kN/m","DE"
"biaxial-normal","Estado biaxial uniforme","Acciones prescritas","Carga exclusivamente normal","N",384,3.31152623679368,189.736477115118,-88.2934947793203,"kN/m","DE"
"biaxial-normal","Estado biaxial uniforme","Acciones prescritas","Carga exclusivamente normal","N",385,3.32024077952208,190.235783633842,-88.3587307567796,"kN/m","DE"
"biaxial-normal","Estado biaxial uniforme","Acciones prescritas","Carga exclusivamente normal","N",386,3.32895532225049,190.735090152566,-88.4270852709045,"kN/m","DE"
"biaxial-normal","Estado biaxial uniforme","Acciones prescritas","Carga exclusivamente normal","N",387,3.33766986497889,191.23439667129,-88.4985375579634,"kN/m","DE"
"biaxial-normal","Estado biaxial uniforme","Acciones prescritas","Carga exclusivamente normal","N",388,3.3463844077073,191.733703190014,-88.5730659132287,"kN/m","DE"
"biaxial-normal","Estado biaxial uniforme","Acciones prescritas","Carga exclusivamente normal","N",389,3.3550989504357,192.233009708738,-88.6506476975701,"kN/m","DE"
"biaxial-normal","Estado biaxial uniforme","Acciones prescritas","Carga exclusivamente normal","N",390,3.36381349316411,192.732316227462,-88.7312593443312,"kN/m","DE"
"biaxial-normal","Estado biaxial uniforme","Acciones prescritas","Carga exclusivamente normal","N",391,3.37252803589251,193.231622746186,-88.8148763664885,"kN/m","DE"
"biaxial-normal","Estado biaxial uniforme","Acciones prescritas","Carga exclusivamente normal","N",392,3.38124257862091,193.73092926491,-88.9014733640896,"kN/m","DE"
"biaxial-normal","Estado biaxial uniforme","Acciones prescritas","Carga exclusivamente normal","N",393,3.38995712134932,194.230235783634,-88.9910240319691,"kN/m","DE"
"biaxial-normal","Estado biaxial uniforme","Acciones prescritas","Carga exclusivamente normal","N",394,3.39867166407772,194.729542302358,-89.0835011677387,"kN/m","DE"
"biaxial-normal","Estado biaxial uniforme","Acciones prescritas","Carga exclusivamente normal","N",395,3.40738620680613,195.228848821082,-89.1788766800507,"kN/m","DE"
"biaxial-normal","Estado biaxial uniforme","Acciones prescritas","Carga exclusivamente normal","N",396,3.41610074953453,195.728155339806,-89.2771215971312,"kN/m","DE"
"biaxial-normal","Estado biaxial uniforme","Acciones prescritas","Carga exclusivamente normal","N",397,3.42481529226294,196.22746185853,-89.3782060755805,"kN/m","DE"
"biaxial-normal","Estado biaxial uniforme","Acciones prescritas","Carga exclusivamente normal","N",398,3.43352983499134,196.726768377254,-89.4820994094386,"kN/m","DE"
"biaxial-normal","Estado biaxial uniforme","Acciones prescritas","Carga exclusivamente normal","N",399,3.44224437771975,197.226074895978,-89.5887700395126,"kN/m","DE"
"biaxial-normal","Estado biaxial uniforme","Acciones prescritas","Carga exclusivamente normal","N",400,3.45095892044815,197.725381414702,-89.6981855629635,"kN/m","DE"
"biaxial-normal","Estado biaxial uniforme","Acciones prescritas","Carga exclusivamente normal","N",401,3.45967346317655,198.224687933426,-89.8103127431487,"kN/m","DE"
"biaxial-normal","Estado biaxial uniforme","Acciones prescritas","Carga exclusivamente normal","N",402,3.46838800590496,198.72399445215,-89.9251175197181,"kN/m","DE"
"biaxial-normal","Estado biaxial uniforme","Acciones prescritas","Carga exclusivamente normal","N",403,3.47710254863336,199.223300970874,-90.042565018961,"kN/m","DE"
"biaxial-normal","Estado biaxial uniforme","Acciones prescritas","Carga exclusivamente normal","N",404,3.48581709136177,199.722607489598,-90.162619564399,"kN/m","DE"
"biaxial-normal","Estado biaxial uniforme","Acciones prescritas","Carga exclusivamente normal","N",405,3.49453163409017,200.221914008322,-90.2852446876234,"kN/m","DE"
"biaxial-normal","Estado biaxial uniforme","Acciones prescritas","Carga exclusivamente normal","N",406,3.50324617681858,200.721220527046,-90.4104031393733,"kN/m","DE"
"biaxial-normal","Estado biaxial uniforme","Acciones prescritas","Carga exclusivamente normal","N",407,3.51196071954698,201.22052704577,-90.5380569008502,"kN/m","DE"
"biaxial-normal","Estado biaxial uniforme","Acciones prescritas","Carga exclusivamente normal","N",408,3.52067526227539,201.719833564494,-90.6681671952671,"kN/m","DE"
"biaxial-normal","Estado biaxial uniforme","Acciones prescritas","Carga exclusivamente normal","N",409,3.52938980500379,202.219140083218,-90.8006944996276,"kN/m","DE"
"biaxial-normal","Estado biaxial uniforme","Acciones prescritas","Carga exclusivamente normal","N",410,3.53810434773219,202.718446601942,-90.9355985567311,"kN/m","DE"
"biaxial-normal","Estado biaxial uniforme","Acciones prescritas","Carga exclusivamente normal","N",411,3.5468188904606,203.217753120666,-91.0728383874024,"kN/m","DE"
"biaxial-normal","Estado biaxial uniforme","Acciones prescritas","Carga exclusivamente normal","N",412,3.555533433189,203.71705963939,-91.2123723029388,"kN/m","DE"
"biaxial-normal","Estado biaxial uniforme","Acciones prescritas","Carga exclusivamente normal","N",413,3.56424797591741,204.216366158114,-91.3541579177746,"kN/m","DE"
"biaxial-normal","Estado biaxial uniforme","Acciones prescritas","Carga exclusivamente normal","N",414,3.57296251864581,204.715672676838,-91.4981521623556,"kN/m","DE"
"biaxial-normal","Estado biaxial uniforme","Acciones prescritas","Carga exclusivamente normal","N",415,3.58167706137422,205.214979195562,-91.6443112962226,"kN/m","DE"
"biaxial-normal","Estado biaxial uniforme","Acciones prescritas","Carga exclusivamente normal","N",416,3.59039160410262,205.714285714286,-91.792590921298,"kN/m","DE"
"biaxial-normal","Estado biaxial uniforme","Acciones prescritas","Carga exclusivamente normal","N",417,3.59910614683103,206.21359223301,-91.9429459953727,"kN/m","DE"
"biaxial-normal","Estado biaxial uniforme","Acciones prescritas","Carga exclusivamente normal","N",418,3.60782068955943,206.712898751734,-92.0953308457877,"kN/m","DE"
"biaxial-normal","Estado biaxial uniforme","Acciones prescritas","Carga exclusivamente normal","N",419,3.61653523228783,207.212205270458,-92.2496991833089,"kN/m","DE"
"biaxial-normal","Estado biaxial uniforme","Acciones prescritas","Carga exclusivamente normal","N",420,3.62524977501624,207.711511789182,-92.4060041161871,"kN/m","DE"
"biaxial-normal","Estado biaxial uniforme","Acciones prescritas","Carga exclusivamente normal","N",421,3.63396431774464,208.210818307906,-92.5641981644029,"kN/m","DE"
"biaxial-normal","Estado biaxial uniforme","Acciones prescritas","Carga exclusivamente normal","N",422,3.64267886047305,208.71012482663,-92.724233274089,"kN/m","DE"
"biaxial-normal","Estado biaxial uniforme","Acciones prescritas","Carga exclusivamente normal","N",423,3.65139340320145,209.209431345354,-92.8860608321274,"kN/m","DE"
"biaxial-normal","Estado biaxial uniforme","Acciones prescritas","Carga exclusivamente normal","N",424,3.66010794592986,209.708737864078,-93.0496316809165,"kN/m","DE"
"biaxial-normal","Estado biaxial uniforme","Acciones prescritas","Carga exclusivamente normal","N",425,3.66882248865826,210.208044382802,-93.2148961333036,"kN/m","DE"
"biaxial-normal","Estado biaxial uniforme","Acciones prescritas","Carga exclusivamente normal","N",426,3.67753703138666,210.707350901526,-93.3818039876776,"kN/m","DE"
"biaxial-normal","Estado biaxial uniforme","Acciones prescritas","Carga exclusivamente normal","N",427,3.68625157411507,211.20665742025,-93.550304543219,"kN/m","DE"
"biaxial-normal","Estado biaxial uniforme","Acciones prescritas","Carga exclusivamente normal","N",428,3.69496611684347,211.705963938974,-93.7203466153011,"kN/m","DE"
"biaxial-normal","Estado biaxial uniforme","Acciones prescritas","Carga exclusivamente normal","N",429,3.70368065957188,212.205270457698,-93.8918785510376,"kN/m","DE"
"biaxial-normal","Estado biaxial uniforme","Acciones prescritas","Carga exclusivamente normal","N",430,3.71239520230028,212.704576976422,-94.0648482449734,"kN/m","DE"
"biaxial-normal","Estado biaxial uniforme","Acciones prescritas","Carga exclusivamente normal","N",431,3.72110974502869,213.203883495146,-94.2392031549125,"kN/m","DE"
"biaxial-normal","Estado biaxial uniforme","Acciones prescritas","Carga exclusivamente normal","N",432,3.72982428775709,213.70319001387,-94.4148903178779,"kN/m","DE"
"biaxial-normal","Estado biaxial uniforme","Acciones prescritas","Carga exclusivamente normal","N",433,3.7385388304855,214.202496532594,-94.5918563662007,"kN/m","DE"
"biaxial-normal","Estado biaxial uniforme","Acciones prescritas","Carga exclusivamente normal","N",434,3.7472533732139,214.701803051318,-94.7700475437307,"kN/m","DE"
"biaxial-normal","Estado biaxial uniforme","Acciones prescritas","Carga exclusivamente normal","N",435,3.7559679159423,215.201109570042,-94.9494097221662,"kN/m","DE"
"biaxial-normal","Estado biaxial uniforme","Acciones prescritas","Carga exclusivamente normal","N",436,3.76468245867071,215.700416088766,-95.1298884174957,"kN/m","DE"
"biaxial-normal","Estado biaxial uniforme","Acciones prescritas","Carga exclusivamente normal","N",437,3.77339700139911,216.19972260749,-95.3114288065488,"kN/m","DE"
"biaxial-normal","Estado biaxial uniforme","Acciones prescritas","Carga exclusivamente normal","N",438,3.78211154412752,216.699029126214,-95.4939757436493,"kN/m","DE"
"biaxial-normal","Estado biaxial uniforme","Acciones prescritas","Carga exclusivamente normal","N",439,3.79082608685592,217.198335644938,-95.6774737773666,"kN/m","DE"
"biaxial-normal","Estado biaxial uniforme","Acciones prescritas","Carga exclusivamente normal","N",440,3.79954062958433,217.697642163662,-95.8618671673599,"kN/m","DE"
"biaxial-normal","Estado biaxial uniforme","Acciones prescritas","Carga exclusivamente normal","N",441,3.80825517231273,218.196948682386,-96.0470999013102,"kN/m","DE"
"biaxial-normal","Estado biaxial uniforme","Acciones prescritas","Carga exclusivamente normal","N",442,3.81696971504114,218.69625520111,-96.233115711935,"kN/m","DE"
"biaxial-normal","Estado biaxial uniforme","Acciones prescritas","Carga exclusivamente normal","N",443,3.82568425776954,219.195561719834,-96.41985809408,"kN/m","DE"
"biaxial-normal","Estado biaxial uniforme","Acciones prescritas","Carga exclusivamente normal","N",444,3.83439880049794,219.694868238558,-96.6072703218841,"kN/m","DE"
"biaxial-normal","Estado biaxial uniforme","Acciones prescritas","Carga exclusivamente normal","N",445,3.84311334322635,220.194174757282,-96.7952954660099,"kN/m","DE"
"biaxial-normal","Estado biaxial uniforme","Acciones prescritas","Carga exclusivamente normal","N",446,3.85182788595475,220.693481276006,-96.9838764109374,"kN/m","DE"
"biaxial-normal","Estado biaxial uniforme","Acciones prescritas","Carga exclusivamente normal","N",447,3.86054242868316,221.19278779473,-97.1729558723138,"kN/m","DE"
"biaxial-normal","Estado biaxial uniforme","Acciones prescritas","Carga exclusivamente normal","N",448,3.86925697141156,221.692094313454,-97.3624764143538,"kN/m","DE"
"biaxial-normal","Estado biaxial uniforme","Acciones prescritas","Carga exclusivamente normal","N",449,3.87797151413997,222.191400832178,-97.5523804672877,"kN/m","DE"
"biaxial-normal","Estado biaxial uniforme","Acciones prescritas","Carga exclusivamente normal","N",450,3.88668605686837,222.690707350902,-97.7426103448479,"kN/m","DE"
"biaxial-normal","Estado biaxial uniforme","Acciones prescritas","Carga exclusivamente normal","N",451,3.89540059959677,223.190013869625,-97.933108261793,"kN/m","DE"
"biaxial-normal","Estado biaxial uniforme","Acciones prescritas","Carga exclusivamente normal","N",452,3.90411514232518,223.68932038835,-98.1238163514604,"kN/m","DE"
"biaxial-normal","Estado biaxial uniforme","Acciones prescritas","Carga exclusivamente normal","N",453,3.91282968505358,224.188626907074,-98.3146766833443,"kN/m","DE"
"biaxial-normal","Estado biaxial uniforme","Acciones prescritas","Carga exclusivamente normal","N",454,3.92154422778199,224.687933425798,-98.5056312806928,"kN/m","DE"
"biaxial-normal","Estado biaxial uniforme","Acciones prescritas","Carga exclusivamente normal","N",455,3.92699081698724,225,-98.625,"kN/m","DE"
"biaxial-normal","Estado biaxial uniforme","Acciones prescritas","Carga exclusivamente normal","N",456,3.93025877051039,225.187239944522,-98.6966221381198,"kN/m","DE"
"biaxial-normal","Estado biaxial uniforme","Acciones prescritas","Carga exclusivamente normal","N",457,3.9389733132388,225.686546463245,-98.8875912392244,"kN/m","DE"
"biaxial-normal","Estado biaxial uniforme","Acciones prescritas","Carga exclusivamente normal","N",458,3.9476878559672,226.18585298197,-99.0784805742145,"kN/m","DE"
"biaxial-normal","Estado biaxial uniforme","Acciones prescritas","Carga exclusivamente normal","N",459,3.95640239869561,226.685159500693,-99.2692321575282,"kN/m","DE"
"biaxial-normal","Estado biaxial uniforme","Acciones prescritas","Carga exclusivamente normal","N",460,3.96511694142401,227.184466019417,-99.459788045448,"kN/m","DE"
"biaxial-normal","Estado biaxial uniforme","Acciones prescritas","Carga exclusivamente normal","N",461,3.97383148415241,227.683772538141,-99.6500903537015,"kN/m","DE"
"biaxial-normal","Estado biaxial uniforme","Acciones prescritas","Carga exclusivamente normal","N",462,3.98254602688082,228.183079056865,-99.8400812750454,"kN/m","DE"
"biaxial-normal","Estado biaxial uniforme","Acciones prescritas","Carga exclusivamente normal","N",463,3.99126056960922,228.682385575589,-100.029703096825,"kN/m","DE"
"biaxial-normal","Estado biaxial uniforme","Acciones prescritas","Carga exclusivamente normal","N",464,3.99997511233763,229.181692094313,-100.218898218504,"kN/m","DE"
"biaxial-normal","Estado biaxial uniforme","Acciones prescritas","Carga exclusivamente normal","N",465,4.00868965506603,229.680998613037,-100.407609169165,"kN/m","DE"
"biaxial-normal","Estado biaxial uniforme","Acciones prescritas","Carga exclusivamente normal","N",466,4.01740419779444,230.180305131761,-100.595778624963,"kN/m","DE"
"biaxial-normal","Estado biaxial uniforme","Acciones prescritas","Carga exclusivamente normal","N",467,4.02611874052284,230.679611650485,-100.783349426542,"kN/m","DE"
"biaxial-normal","Estado biaxial uniforme","Acciones prescritas","Carga exclusivamente normal","N",468,4.03483328325125,231.178918169209,-100.970264596394,"kN/m","DE"
"biaxial-normal","Estado biaxial uniforme","Acciones prescritas","Carga exclusivamente normal","N",469,4.04354782597965,231.678224687933,-101.156467356173,"kN/m","DE"
"biaxial-normal","Estado biaxial uniforme","Acciones prescritas","Carga exclusivamente normal","N",470,4.05226236870806,232.177531206657,-101.341901143934,"kN/m","DE"
"biaxial-normal","Estado biaxial uniforme","Acciones prescritas","Carga exclusivamente normal","N",471,4.06097691143646,232.676837725381,-101.526509631322,"kN/m","DE"
"biaxial-normal","Estado biaxial uniforme","Acciones prescritas","Carga exclusivamente normal","N",472,4.06969145416486,233.176144244105,-101.71023674068,"kN/m","DE"
"biaxial-normal","Estado biaxial uniforme","Acciones prescritas","Carga exclusivamente normal","N",473,4.07840599689327,233.675450762829,-101.89302666208,"kN/m","DE"
"biaxial-normal","Estado biaxial uniforme","Acciones prescritas","Carga exclusivamente normal","N",474,4.08712053962167,234.174757281553,-102.074823870283,"kN/m","DE"
"biaxial-normal","Estado biaxial uniforme","Acciones prescritas","Carga exclusivamente normal","N",475,4.09583508235008,234.674063800277,-102.255573141599,"kN/m","DE"
"biaxial-normal","Estado biaxial uniforme","Acciones prescritas","Carga exclusivamente normal","N",476,4.10454962507848,235.173370319001,-102.435219570666,"kN/m","DE"
"biaxial-normal","Estado biaxial uniforme","Acciones prescritas","Carga exclusivamente normal","N",477,4.11326416780689,235.672676837725,-102.613708587127,"kN/m","DE"
"biaxial-normal","Estado biaxial uniforme","Acciones prescritas","Carga exclusivamente normal","N",478,4.12197871053529,236.171983356449,-102.790985972208,"kN/m","DE"
"biaxial-normal","Estado biaxial uniforme","Acciones prescritas","Carga exclusivamente normal","N",479,4.13069325326369,236.671289875173,-102.966997875185,"kN/m","DE"
"biaxial-normal","Estado biaxial uniforme","Acciones prescritas","Carga exclusivamente normal","N",480,4.1394077959921,237.170596393897,-103.141690829744,"kN/m","DE"
"biaxial-normal","Estado biaxial uniforme","Acciones prescritas","Carga exclusivamente normal","N",481,4.1481223387205,237.669902912621,-103.315011770222,"kN/m","DE"
"biaxial-normal","Estado biaxial uniforme","Acciones prescritas","Carga exclusivamente normal","N",482,4.15683688144891,238.169209431345,-103.486908047726,"kN/m","DE"
"biaxial-normal","Estado biaxial uniforme","Acciones prescritas","Carga exclusivamente normal","N",483,4.16555142417731,238.668515950069,-103.657327446128,"kN/m","DE"
"biaxial-normal","Estado biaxial uniforme","Acciones prescritas","Carga exclusivamente normal","N",484,4.17426596690572,239.167822468793,-103.826218197921,"kN/m","DE"
"biaxial-normal","Estado biaxial uniforme","Acciones prescritas","Carga exclusivamente normal","N",485,4.18298050963412,239.667128987517,-103.993528999952,"kN/m","DE"
"biaxial-normal","Estado biaxial uniforme","Acciones prescritas","Carga exclusivamente normal","N",486,4.19169505236253,240.166435506241,-104.159209028999,"kN/m","DE"
"biaxial-normal","Estado biaxial uniforme","Acciones prescritas","Carga exclusivamente normal","N",487,4.20040959509093,240.665742024965,-104.323207957213,"kN/m","DE"
"biaxial-normal","Estado biaxial uniforme","Acciones prescritas","Carga exclusivamente normal","N",488,4.20912413781933,241.165048543689,-104.485475967407,"kN/m","DE"
"biaxial-normal","Estado biaxial uniforme","Acciones prescritas","Carga exclusivamente normal","N",489,4.21783868054774,241.664355062413,-104.645963768183,"kN/m","DE"
"biaxial-normal","Estado biaxial uniforme","Acciones prescritas","Carga exclusivamente normal","N",490,4.22655322327614,242.163661581137,-104.804622608913,"kN/m","DE"
"biaxial-normal","Estado biaxial uniforme","Acciones prescritas","Carga exclusivamente normal","N",491,4.23526776600455,242.662968099861,-104.961404294541,"kN/m","DE"
"biaxial-normal","Estado biaxial uniforme","Acciones prescritas","Carga exclusivamente normal","N",492,4.24398230873295,243.162274618585,-105.116261200227,"kN/m","DE"
"biaxial-normal","Estado biaxial uniforme","Acciones prescritas","Carga exclusivamente normal","N",493,4.25269685146136,243.661581137309,-105.269146285812,"kN/m","DE"
"biaxial-normal","Estado biaxial uniforme","Acciones prescritas","Carga exclusivamente normal","N",494,4.26141139418976,244.160887656033,-105.420013110107,"kN/m","DE"
"biaxial-normal","Estado biaxial uniforme","Acciones prescritas","Carga exclusivamente normal","N",495,4.27012593691817,244.660194174757,-105.568815845002,"kN/m","DE"
"biaxial-normal","Estado biaxial uniforme","Acciones prescritas","Carga exclusivamente normal","N",496,4.27884047964657,245.159500693481,-105.715509289384,"kN/m","DE"
"biaxial-normal","Estado biaxial uniforme","Acciones prescritas","Carga exclusivamente normal","N",497,4.28755502237497,245.658807212205,-105.860048882871,"kN/m","DE"
"biaxial-normal","Estado biaxial uniforme","Acciones prescritas","Carga exclusivamente normal","N",498,4.29626956510338,246.158113730929,-106.002390719346,"kN/m","DE"
"biaxial-normal","Estado biaxial uniforme","Acciones prescritas","Carga exclusivamente normal","N",499,4.30498410783178,246.657420249653,-106.142491560294,"kN/m","DE"
"biaxial-normal","Estado biaxial uniforme","Acciones prescritas","Carga exclusivamente normal","N",500,4.31369865056019,247.156726768377,-106.280308847937,"kN/m","DE"
"biaxial-normal","Estado biaxial uniforme","Acciones prescritas","Carga exclusivamente normal","N",501,4.32241319328859,247.656033287101,-106.415800718161,"kN/m","DE"
"biaxial-normal","Estado biaxial uniforme","Acciones prescritas","Carga exclusivamente normal","N",502,4.331127736017,248.155339805825,-106.548926013232,"kN/m","DE"
"biaxial-normal","Estado biaxial uniforme","Acciones prescritas","Carga exclusivamente normal","N",503,4.3398422787454,248.654646324549,-106.679644294303,"kN/m","DE"
"biaxial-normal","Estado biaxial uniforme","Acciones prescritas","Carga exclusivamente normal","N",504,4.3485568214738,249.153952843273,-106.80791585369,"kN/m","DE"
"biaxial-normal","Estado biaxial uniforme","Acciones prescritas","Carga exclusivamente normal","N",505,4.35727136420221,249.653259361997,-106.933701726942,"kN/m","DE"
"biaxial-normal","Estado biaxial uniforme","Acciones prescritas","Carga exclusivamente normal","N",506,4.36598590693061,250.152565880721,-107.056963704672,"kN/m","DE"
"biaxial-normal","Estado biaxial uniforme","Acciones prescritas","Carga exclusivamente normal","N",507,4.37470044965902,250.651872399445,-107.177664344163,"kN/m","DE"
"biaxial-normal","Estado biaxial uniforme","Acciones prescritas","Carga exclusivamente normal","N",508,4.38341499238742,251.151178918169,-107.295766980746,"kN/m","DE"
"biaxial-normal","Estado biaxial uniforme","Acciones prescritas","Carga exclusivamente normal","N",509,4.39212953511583,251.650485436893,-107.411235738935,"kN/m","DE"
"biaxial-normal","Estado biaxial uniforme","Acciones prescritas","Carga exclusivamente normal","N",510,4.40084407784423,252.149791955617,-107.524035543325,"kN/m","DE"
"biaxial-normal","Estado biaxial uniforme","Acciones prescritas","Carga exclusivamente normal","N",511,4.40955862057264,252.649098474341,-107.634132129245,"kN/m","DE"
"biaxial-normal","Estado biaxial uniforme","Acciones prescritas","Carga exclusivamente normal","N",512,4.41827316330104,253.148404993065,-107.74149205317,"kN/m","DE"
"biaxial-normal","Estado biaxial uniforme","Acciones prescritas","Carga exclusivamente normal","N",513,4.42698770602945,253.647711511789,-107.846082702877,"kN/m","DE"
"biaxial-normal","Estado biaxial uniforme","Acciones prescritas","Carga exclusivamente normal","N",514,4.43570224875785,254.147018030513,-107.947872307353,"kN/m","DE"
"biaxial-normal","Estado biaxial uniforme","Acciones prescritas","Carga exclusivamente normal","N",515,4.44441679148625,254.646324549237,-108.046829946446,"kN/m","DE"
"biaxial-normal","Estado biaxial uniforme","Acciones prescritas","Carga exclusivamente normal","N",516,4.45313133421466,255.145631067961,-108.142925560254,"kN/m","DE"
"biaxial-normal","Estado biaxial uniforme","Acciones prescritas","Carga exclusivamente normal","N",517,4.46184587694306,255.644937586685,-108.236129958262,"kN/m","DE"
"biaxial-normal","Estado biaxial uniforme","Acciones prescritas","Carga exclusivamente normal","N",518,4.47056041967147,256.144244105409,-108.326414828207,"kN/m","DE"
"biaxial-normal","Estado biaxial uniforme","Acciones prescritas","Carga exclusivamente normal","N",519,4.47927496239987,256.643550624133,-108.413752744673,"kN/m","DE"
"biaxial-normal","Estado biaxial uniforme","Acciones prescritas","Carga exclusivamente normal","N",520,4.48798950512828,257.142857142857,-108.498117177431,"kN/m","DE"
"biaxial-normal","Estado biaxial uniforme","Acciones prescritas","Carga exclusivamente normal","N",521,4.49670404785668,257.642163661581,-108.57948249949,"kN/m","DE"
"biaxial-normal","Estado biaxial uniforme","Acciones prescritas","Carga exclusivamente normal","N",522,4.50541859058508,258.141470180305,-108.657823994886,"kN/m","DE"
"biaxial-normal","Estado biaxial uniforme","Acciones prescritas","Carga exclusivamente normal","N",523,4.51413313331349,258.640776699029,-108.733117866191,"kN/m","DE"
"biaxial-normal","Estado biaxial uniforme","Acciones prescritas","Carga exclusivamente normal","N",524,4.52284767604189,259.140083217753,-108.805341241734,"kN/m","DE"
"biaxial-normal","Estado biaxial uniforme","Acciones prescritas","Carga exclusivamente normal","N",525,4.5315622187703,259.639389736477,-108.87447218256,"kN/m","DE"
"biaxial-normal","Estado biaxial uniforme","Acciones prescritas","Carga exclusivamente normal","N",526,4.5402767614987,260.138696255201,-108.940489689085,"kN/m","DE"
"biaxial-normal","Estado biaxial uniforme","Acciones prescritas","Carga exclusivamente normal","N",527,4.54899130422711,260.638002773925,-109.003373707479,"kN/m","DE"
"biaxial-normal","Estado biaxial uniforme","Acciones prescritas","Carga exclusivamente normal","N",528,4.55770584695551,261.137309292649,-109.063105135759,"kN/m","DE"
"biaxial-normal","Estado biaxial uniforme","Acciones prescritas","Carga exclusivamente normal","N",529,4.56642038968392,261.636615811373,-109.119665829586,"kN/m","DE"
"biaxial-normal","Estado biaxial uniforme","Acciones prescritas","Carga exclusivamente normal","N",530,4.57513493241232,262.135922330097,-109.173038607783,"kN/m","DE"
"biaxial-normal","Estado biaxial uniforme","Acciones prescritas","Carga exclusivamente normal","N",531,4.58384947514072,262.635228848821,-109.22320725755,"kN/m","DE"
"biaxial-normal","Estado biaxial uniforme","Acciones prescritas","Carga exclusivamente normal","N",532,4.59256401786913,263.134535367545,-109.270156539391,"kN/m","DE"
"biaxial-normal","Estado biaxial uniforme","Acciones prescritas","Carga exclusivamente normal","N",533,4.60127856059753,263.633841886269,-109.313872191743,"kN/m","DE"
"biaxial-normal","Estado biaxial uniforme","Acciones prescritas","Carga exclusivamente normal","N",534,4.60999310332594,264.133148404993,-109.354340935304,"kN/m","DE"
"biaxial-normal","Estado biaxial uniforme","Acciones prescritas","Carga exclusivamente normal","N",535,4.61870764605434,264.632454923717,-109.391550477074,"kN/m","DE"
"biaxial-normal","Estado biaxial uniforme","Acciones prescritas","Carga exclusivamente normal","N",536,4.62742218878275,265.131761442441,-109.425489514085,"kN/m","DE"
"biaxial-normal","Estado biaxial uniforme","Acciones prescritas","Carga exclusivamente normal","N",537,4.63613673151115,265.631067961165,-109.456147736833,"kN/m","DE"
"biaxial-normal","Estado biaxial uniforme","Acciones prescritas","Carga exclusivamente normal","N",538,4.64485127423955,266.130374479889,-109.483515832414,"kN/m","DE"
"biaxial-normal","Estado biaxial uniforme","Acciones prescritas","Carga exclusivamente normal","N",539,4.65356581696796,266.629680998613,-109.507585487348,"kN/m","DE"
"biaxial-normal","Estado biaxial uniforme","Acciones prescritas","Carga exclusivamente normal","N",540,4.66228035969636,267.128987517337,-109.52834939011,"kN/m","DE"
"biaxial-normal","Estado biaxial uniforme","Acciones prescritas","Carga exclusivamente normal","N",541,4.67099490242477,267.628294036061,-109.545801233344,"kN/m","DE"
"biaxial-normal","Estado biaxial uniforme","Acciones prescritas","Carga exclusivamente normal","N",542,4.67970944515317,268.127600554785,-109.559935715787,"kN/m","DE"
"biaxial-normal","Estado biaxial uniforme","Acciones prescritas","Carga exclusivamente normal","N",543,4.68842398788158,268.626907073509,-109.570748543873,"kN/m","DE"
"biaxial-normal","Estado biaxial uniforme","Acciones prescritas","Carga exclusivamente normal","N",544,4.69713853060998,269.126213592233,-109.578236433039,"kN/m","DE"
"biaxial-normal","Estado biaxial uniforme","Acciones prescritas","Carga exclusivamente normal","N",545,4.70585307333839,269.625520110957,-109.582397108725,"kN/m","DE"
"biaxial-normal","Estado biaxial uniforme","Acciones prescritas","Carga exclusivamente normal","N",546,4.71238898038469,270,-109.583333333333,"kN/m","DE"
"biaxial-normal","Estado biaxial uniforme","Acciones prescritas","Carga exclusivamente normal","N",547,4.71456761606679,270.124826629681,-109.58322930706,"kN/m","DE"
"biaxial-normal","Estado biaxial uniforme","Acciones prescritas","Carga exclusivamente normal","N",548,4.7232821587952,270.624133148405,-109.580732775253,"kN/m","DE"
"biaxial-normal","Estado biaxial uniforme","Acciones prescritas","Carga exclusivamente normal","N",549,4.7319967015236,271.123439667129,-109.574908271663,"kN/m","DE"
"biaxial-normal","Estado biaxial uniforme","Acciones prescritas","Carga exclusivamente normal","N",550,4.740711244252,271.622746185853,-109.565757565572,"kN/m","DE"
"biaxial-normal","Estado biaxial uniforme","Acciones prescritas","Carga exclusivamente normal","N",551,4.74942578698041,272.122052704577,-109.553283436647,"kN/m","DE"
"biaxial-normal","Estado biaxial uniforme","Acciones prescritas","Carga exclusivamente normal","N",552,4.75814032970881,272.621359223301,-109.537489674097,"kN/m","DE"
"biaxial-normal","Estado biaxial uniforme","Acciones prescritas","Carga exclusivamente normal","N",553,4.76685487243722,273.120665742025,-109.518381075519,"kN/m","DE"
"biaxial-normal","Estado biaxial uniforme","Acciones prescritas","Carga exclusivamente normal","N",554,4.77556941516562,273.619972260749,-109.495963445443,"kN/m","DE"
"biaxial-normal","Estado biaxial uniforme","Acciones prescritas","Carga exclusivamente normal","N",555,4.78428395789403,274.119278779473,-109.470243593567,"kN/m","DE"
"biaxial-normal","Estado biaxial uniforme","Acciones prescritas","Carga exclusivamente normal","N",556,4.79299850062243,274.618585298197,-109.441229332691,"kN/m","DE"
"biaxial-normal","Estado biaxial uniforme","Acciones prescritas","Carga exclusivamente normal","N",557,4.80171304335083,275.117891816921,-109.408929476341,"kN/m","DE"
"biaxial-normal","Estado biaxial uniforme","Acciones prescritas","Carga exclusivamente normal","N",558,4.81042758607924,275.617198335645,-109.373353836094,"kN/m","DE"
"biaxial-normal","Estado biaxial uniforme","Acciones prescritas","Carga exclusivamente normal","N",559,4.81914212880764,276.116504854369,-109.334513218596,"kN/m","DE"
"biaxial-normal","Estado biaxial uniforme","Acciones prescritas","Carga exclusivamente normal","N",560,4.82785667153605,276.615811373093,-109.29241942228,"kN/m","DE"
"biaxial-normal","Estado biaxial uniforme","Acciones prescritas","Carga exclusivamente normal","N",561,4.83657121426445,277.115117891817,-109.247085233782,"kN/m","DE"
"biaxial-normal","Estado biaxial uniforme","Acciones prescritas","Carga exclusivamente normal","N",562,4.84528575699286,277.614424410541,-109.198524424056,"kN/m","DE"
"biaxial-normal","Estado biaxial uniforme","Acciones prescritas","Carga exclusivamente normal","N",563,4.85400029972126,278.113730929265,-109.146751744193,"kN/m","DE"
"biaxial-normal","Estado biaxial uniforme","Acciones prescritas","Carga exclusivamente normal","N",564,4.86271484244967,278.613037447989,-109.091782920939,"kN/m","DE"
"biaxial-normal","Estado biaxial uniforme","Acciones prescritas","Carga exclusivamente normal","N",565,4.87142938517807,279.112343966713,-109.033634651915,"kN/m","DE"
"biaxial-normal","Estado biaxial uniforme","Acciones prescritas","Carga exclusivamente normal","N",566,4.88014392790647,279.611650485437,-108.972324600551,"kN/m","DE"
"biaxial-normal","Estado biaxial uniforme","Acciones prescritas","Carga exclusivamente normal","N",567,4.88885847063488,280.110957004161,-108.907871390713,"kN/m","DE"
"biaxial-normal","Estado biaxial uniforme","Acciones prescritas","Carga exclusivamente normal","N",568,4.89757301336328,280.610263522885,-108.840294601054,"kN/m","DE"
"biaxial-normal","Estado biaxial uniforme","Acciones prescritas","Carga exclusivamente normal","N",569,4.90628755609169,281.109570041609,-108.769614759057,"kN/m","DE"
"biaxial-normal","Estado biaxial uniforme","Acciones prescritas","Carga exclusivamente normal","N",570,4.91500209882009,281.608876560333,-108.69585333481,"kN/m","DE"
"biaxial-normal","Estado biaxial uniforme","Acciones prescritas","Carga exclusivamente normal","N",571,4.9237166415485,282.108183079057,-108.619032734475,"kN/m","DE"
"biaxial-normal","Estado biaxial uniforme","Acciones prescritas","Carga exclusivamente normal","N",572,4.9324311842769,282.607489597781,-108.539176293487,"kN/m","DE"
"biaxial-normal","Estado biaxial uniforme","Acciones prescritas","Carga exclusivamente normal","N",573,4.94114572700531,283.106796116505,-108.456308269465,"kN/m","DE"
"biaxial-normal","Estado biaxial uniforme","Acciones prescritas","Carga exclusivamente normal","N",574,4.94986026973371,283.606102635229,-108.370453834841,"kN/m","DE"
"biaxial-normal","Estado biaxial uniforme","Acciones prescritas","Carga exclusivamente normal","N",575,4.95857481246211,284.105409153953,-108.281639069215,"kN/m","DE"
"biaxial-normal","Estado biaxial uniforme","Acciones prescritas","Carga exclusivamente normal","N",576,4.96728935519052,284.604715672677,-108.189890951436,"kN/m","DE"
"biaxial-normal","Estado biaxial uniforme","Acciones prescritas","Carga exclusivamente normal","N",577,4.97600389791892,285.104022191401,-108.095237351399,"kN/m","DE"
"biaxial-normal","Estado biaxial uniforme","Acciones prescritas","Carga exclusivamente normal","N",578,4.98471844064733,285.603328710125,-107.997707021587,"kN/m","DE"
"biaxial-normal","Estado biaxial uniforme","Acciones prescritas","Carga exclusivamente normal","N",579,4.99343298337573,286.102635228849,-107.897329588332,"kN/m","DE"
"biaxial-normal","Estado biaxial uniforme","Acciones prescritas","Carga exclusivamente normal","N",580,5.00214752610414,286.601941747573,-107.79413554282,"kN/m","DE"
"biaxial-normal","Estado biaxial uniforme","Acciones prescritas","Carga exclusivamente normal","N",581,5.01086206883254,287.101248266297,-107.688156231822,"kN/m","DE"
"biaxial-normal","Estado biaxial uniforme","Acciones prescritas","Carga exclusivamente normal","N",582,5.01957661156095,287.600554785021,-107.57942384818,"kN/m","DE"
"biaxial-normal","Estado biaxial uniforme","Acciones prescritas","Carga exclusivamente normal","N",583,5.02829115428935,288.099861303745,-107.467971421022,"kN/m","DE"
"biaxial-normal","Estado biaxial uniforme","Acciones prescritas","Carga exclusivamente normal","N",584,5.03700569701775,288.599167822469,-107.353832805731,"kN/m","DE"
"biaxial-normal","Estado biaxial uniforme","Acciones prescritas","Carga exclusivamente normal","N",585,5.04572023974616,289.098474341193,-107.237042673661,"kN/m","DE"
"biaxial-normal","Estado biaxial uniforme","Acciones prescritas","Carga exclusivamente normal","N",586,5.05443478247456,289.597780859917,-107.117636501606,"kN/m","DE"
"biaxial-normal","Estado biaxial uniforme","Acciones prescritas","Carga exclusivamente normal","N",587,5.06314932520297,290.097087378641,-106.99565056102,"kN/m","DE"
"biaxial-normal","Estado biaxial uniforme","Acciones prescritas","Carga exclusivamente normal","N",588,5.07186386793137,290.596393897365,-106.871121907004,"kN/m","DE"
"biaxial-normal","Estado biaxial uniforme","Acciones prescritas","Carga exclusivamente normal","N",589,5.08057841065978,291.095700416089,-106.744088367044,"kN/m","DE"
"biaxial-normal","Estado biaxial uniforme","Acciones prescritas","Carga exclusivamente normal","N",590,5.08929295338818,291.595006934813,-106.614588529527,"kN/m","DE"
"biaxial-normal","Estado biaxial uniforme","Acciones prescritas","Carga exclusivamente normal","N",591,5.09800749611659,292.094313453537,-106.482661732012,"kN/m","DE"
"biaxial-normal","Estado biaxial uniforme","Acciones prescritas","Carga exclusivamente normal","N",592,5.10672203884499,292.593619972261,-106.348348049288,"kN/m","DE"
"biaxial-normal","Estado biaxial uniforme","Acciones prescritas","Carga exclusivamente normal","N",593,5.11543658157339,293.092926490985,-106.211688281194,"kN/m","DE"
"biaxial-normal","Estado biaxial uniforme","Acciones prescritas","Carga exclusivamente normal","N",594,5.1241511243018,293.592233009709,-106.07272394023,"kN/m","DE"
"biaxial-normal","Estado biaxial uniforme","Acciones prescritas","Carga exclusivamente normal","N",595,5.1328656670302,294.091539528433,-105.931497238944,"kN/m","DE"
"biaxial-normal","Estado biaxial uniforme","Acciones prescritas","Carga exclusivamente normal","N",596,5.14158020975861,294.590846047157,-105.788051077113,"kN/m","DE"
"biaxial-normal","Estado biaxial uniforme","Acciones prescritas","Carga exclusivamente normal","N",597,5.15029475248701,295.090152565881,-105.642429028707,"kN/m","DE"
"biaxial-normal","Estado biaxial uniforme","Acciones prescritas","Carga exclusivamente normal","N",598,5.15900929521542,295.589459084605,-105.494675328656,"kN/m","DE"
"biaxial-normal","Estado biaxial uniforme","Acciones prescritas","Carga exclusivamente normal","N",599,5.16772383794382,296.088765603329,-105.344834859411,"kN/m","DE"
"biaxial-normal","Estado biaxial uniforme","Acciones prescritas","Carga exclusivamente normal","N",600,5.17643838067223,296.588072122053,-105.192953137311,"kN/m","DE"
"biaxial-normal","Estado biaxial uniforme","Acciones prescritas","Carga exclusivamente normal","N",601,5.18515292340063,297.087378640777,-105.039076298759,"kN/m","DE"
"biaxial-normal","Estado biaxial uniforme","Acciones prescritas","Carga exclusivamente normal","N",602,5.19386746612903,297.586685159501,-104.883251086202,"kN/m","DE"
"biaxial-normal","Estado biaxial uniforme","Acciones prescritas","Carga exclusivamente normal","N",603,5.20258200885744,298.085991678225,-104.725524833938,"kN/m","DE"
"biaxial-normal","Estado biaxial uniforme","Acciones prescritas","Carga exclusivamente normal","N",604,5.21129655158584,298.585298196949,-104.565945453735,"kN/m","DE"
"biaxial-normal","Estado biaxial uniforme","Acciones prescritas","Carga exclusivamente normal","N",605,5.22001109431425,299.084604715673,-104.404561420274,"kN/m","DE"
"biaxial-normal","Estado biaxial uniforme","Acciones prescritas","Carga exclusivamente normal","N",606,5.22872563704265,299.583911234397,-104.241421756431,"kN/m","DE"
"biaxial-normal","Estado biaxial uniforme","Acciones prescritas","Carga exclusivamente normal","N",607,5.23744017977106,300.083217753121,-104.076576018379,"kN/m","DE"
"biaxial-normal","Estado biaxial uniforme","Acciones prescritas","Carga exclusivamente normal","N",608,5.24615472249946,300.582524271845,-103.910074280538,"kN/m","DE"
"biaxial-normal","Estado biaxial uniforme","Acciones prescritas","Carga exclusivamente normal","N",609,5.25486926522786,301.081830790569,-103.741967120364,"kN/m","DE"
"biaxial-normal","Estado biaxial uniforme","Acciones prescritas","Carga exclusivamente normal","N",610,5.26358380795627,301.581137309293,-103.572305602983,"kN/m","DE"
"biaxial-normal","Estado biaxial uniforme","Acciones prescritas","Carga exclusivamente normal","N",611,5.27229835068467,302.080443828017,-103.401141265683,"kN/m","DE"
"biaxial-normal","Estado biaxial uniforme","Acciones prescritas","Carga exclusivamente normal","N",612,5.28101289341308,302.579750346741,-103.228526102255,"kN/m","DE"
"biaxial-normal","Estado biaxial uniforme","Acciones prescritas","Carga exclusivamente normal","N",613,5.28972743614148,303.079056865465,-103.0545125472,"kN/m","DE"
"biaxial-normal","Estado biaxial uniforme","Acciones prescritas","Carga exclusivamente normal","N",614,5.29844197886989,303.578363384189,-102.879153459804,"kN/m","DE"
"biaxial-normal","Estado biaxial uniforme","Acciones prescritas","Carga exclusivamente normal","N",615,5.30715652159829,304.077669902913,-102.702502108079,"kN/m","DE"
"biaxial-normal","Estado biaxial uniforme","Acciones prescritas","Carga exclusivamente normal","N",616,5.3158710643267,304.576976421637,-102.524612152579,"kN/m","DE"
"biaxial-normal","Estado biaxial uniforme","Acciones prescritas","Carga exclusivamente normal","N",617,5.3245856070551,305.076282940361,-102.345537630107,"kN/m","DE"
"biaxial-normal","Estado biaxial uniforme","Acciones prescritas","Carga exclusivamente normal","N",618,5.3333001497835,305.575589459085,-102.165332937293,"kN/m","DE"
"biaxial-normal","Estado biaxial uniforme","Acciones prescritas","Carga exclusivamente normal","N",619,5.34201469251191,306.074895977809,-101.984052814076,"kN/m","DE"
"biaxial-normal","Estado biaxial uniforme","Acciones prescritas","Carga exclusivamente normal","N",620,5.35072923524031,306.574202496533,-101.801752327072,"kN/m","DE"
"biaxial-normal","Estado biaxial uniforme","Acciones prescritas","Carga exclusivamente normal","N",621,5.35944377796872,307.073509015257,-101.618486852849,"kN/m","DE"
"biaxial-normal","Estado biaxial uniforme","Acciones prescritas","Carga exclusivamente normal","N",622,5.36815832069712,307.572815533981,-101.434312061104,"kN/m","DE"
"biaxial-normal","Estado biaxial uniforme","Acciones prescritas","Carga exclusivamente normal","N",623,5.37687286342553,308.072122052705,-101.249283897753,"kN/m","DE"
"biaxial-normal","Estado biaxial uniforme","Acciones prescritas","Carga exclusivamente normal","N",624,5.38558740615393,308.571428571429,-101.063458567938,"kN/m","DE"
"biaxial-normal","Estado biaxial uniforme","Acciones prescritas","Carga exclusivamente normal","N",625,5.39430194888234,309.070735090153,-100.876892518951,"kN/m","DE"
"biaxial-normal","Estado biaxial uniforme","Acciones prescritas","Carga exclusivamente normal","N",626,5.40301649161074,309.570041608877,-100.689642423089,"kN/m","DE"
"biaxial-normal","Estado biaxial uniforme","Acciones prescritas","Carga exclusivamente normal","N",627,5.41173103433914,310.069348127601,-100.501765160441,"kN/m","DE"
"biaxial-normal","Estado biaxial uniforme","Acciones prescritas","Carga exclusivamente normal","N",628,5.42044557706755,310.568654646325,-100.313317801604,"kN/m","DE"
"biaxial-normal","Estado biaxial uniforme","Acciones prescritas","Carga exclusivamente normal","N",629,5.42916011979595,311.067961165049,-100.124357590352,"kN/m","DE"
"biaxial-normal","Estado biaxial uniforme","Acciones prescritas","Carga exclusivamente normal","N",630,5.43787466252436,311.567267683773,-99.9349419262472,"kN/m","DE"
"biaxial-normal","Estado biaxial uniforme","Acciones prescritas","Carga exclusivamente normal","N",631,5.44658920525276,312.066574202496,-99.7451283472007,"kN/m","DE"
"biaxial-normal","Estado biaxial uniforme","Acciones prescritas","Carga exclusivamente normal","N",632,5.45530374798117,312.565880721221,-99.554974511997,"kN/m","DE"
"biaxial-normal","Estado biaxial uniforme","Acciones prescritas","Carga exclusivamente normal","N",633,5.46401829070957,313.065187239944,-99.3645381827788,"kN/m","DE"
"biaxial-normal","Estado biaxial uniforme","Acciones prescritas","Carga exclusivamente normal","N",634,5.47273283343798,313.564493758669,-99.1738772075003,"kN/m","DE"
"biaxial-normal","Estado biaxial uniforme","Acciones prescritas","Carga exclusivamente normal","N",635,5.48144737616638,314.063800277393,-98.9830495023557,"kN/m","DE"
"biaxial-normal","Estado biaxial uniforme","Acciones prescritas","Carga exclusivamente normal","N",636,5.49016191889478,314.563106796117,-98.7921130341858,"kN/m","DE"
"biaxial-normal","Estado biaxial uniforme","Acciones prescritas","Carga exclusivamente normal","N",637,5.49778714378214,315,-98.625,"kN/m","DE"
"biaxial-normal","Estado biaxial uniforme","Acciones prescritas","Carga exclusivamente normal","N",638,5.49887646162319,315.06241331484,-98.60112580287,"kN/m","DE"
"biaxial-normal","Estado biaxial uniforme","Acciones prescritas","Carga exclusivamente normal","N",639,5.50759100435159,315.561719833564,-98.4101458237074,"kN/m","DE"
"biaxial-normal","Estado biaxial uniforme","Acciones prescritas","Carga exclusivamente normal","N",640,5.51630554708,316.061026352288,-98.2192311097947,"kN/m","DE"
"biaxial-normal","Estado biaxial uniforme","Acciones prescritas","Carga exclusivamente normal","N",641,5.5250200898084,316.560332871013,-98.0284396544029,"kN/m","DE"
"biaxial-normal","Estado biaxial uniforme","Acciones prescritas","Carga exclusivamente normal","N",642,5.53373463253681,317.059639389736,-97.8378294133614,"kN/m","DE"
"biaxial-normal","Estado biaxial uniforme","Acciones prescritas","Carga exclusivamente normal","N",643,5.54244917526521,317.55894590846,-97.647458287453,"kN/m","DE"
"biaxial-normal","Estado biaxial uniforme","Acciones prescritas","Carga exclusivamente normal","N",644,5.55116371799361,318.058252427184,-97.4573841048255,"kN/m","DE"
"biaxial-normal","Estado biaxial uniforme","Acciones prescritas","Carga exclusivamente normal","N",645,5.55987826072202,318.557558945908,-97.2676646034259,"kN/m","DE"
"biaxial-normal","Estado biaxial uniforme","Acciones prescritas","Carga exclusivamente normal","N",646,5.56859280345042,319.056865464632,-97.0783574134611,"kN/m","DE"
"biaxial-normal","Estado biaxial uniforme","Acciones prescritas","Carga exclusivamente normal","N",647,5.57730734617883,319.556171983356,-96.8895200398922,"kN/m","DE"
"biaxial-normal","Estado biaxial uniforme","Acciones prescritas","Carga exclusivamente normal","N",648,5.58602188890723,320.05547850208,-96.7012098449662,"kN/m","DE"
"biaxial-normal","Estado biaxial uniforme","Acciones prescritas","Carga exclusivamente normal","N",649,5.59473643163564,320.554785020804,-96.5134840307917,"kN/m","DE"
"biaxial-normal","Estado biaxial uniforme","Acciones prescritas","Carga exclusivamente normal","N",650,5.60345097436404,321.054091539528,-96.3263996219626,"kN/m","DE"
"biaxial-normal","Estado biaxial uniforme","Acciones prescritas","Carga exclusivamente normal","N",651,5.61216551709245,321.553398058252,-96.1400134482361,"kN/m","DE"
"biaxial-normal","Estado biaxial uniforme","Acciones prescritas","Carga exclusivamente normal","N",652,5.62088005982085,322.052704576976,-95.9543821272698,"kN/m","DE"
"biaxial-normal","Estado biaxial uniforme","Acciones prescritas","Carga exclusivamente normal","N",653,5.62959460254925,322.5520110957,-95.7695620474232,"kN/m","DE"
"biaxial-normal","Estado biaxial uniforme","Acciones prescritas","Carga exclusivamente normal","N",654,5.63830914527766,323.051317614424,-95.5856093506288,"kN/m","DE"
"biaxial-normal","Estado biaxial uniforme","Acciones prescritas","Carga exclusivamente normal","N",655,5.64702368800606,323.550624133148,-95.4025799153384,"kN/m","DE"
"biaxial-normal","Estado biaxial uniforme","Acciones prescritas","Carga exclusivamente normal","N",656,5.65573823073447,324.049930651872,-95.2205293395486,"kN/m","DE"
"biaxial-normal","Estado biaxial uniforme","Acciones prescritas","Carga exclusivamente normal","N",657,5.66445277346287,324.549237170596,-95.039512923913,"kN/m","DE"
"biaxial-normal","Estado biaxial uniforme","Acciones prescritas","Carga exclusivamente normal","N",658,5.67316731619128,325.04854368932,-94.8595856549425,"kN/m","DE"
"biaxial-normal","Estado biaxial uniforme","Acciones prescritas","Carga exclusivamente normal","N",659,5.68188185891968,325.547850208044,-94.6808021883035,"kN/m","DE"
"biaxial-normal","Estado biaxial uniforme","Acciones prescritas","Carga exclusivamente normal","N",660,5.69059640164809,326.047156726768,-94.5032168322147,"kN/m","DE"
"biaxial-normal","Estado biaxial uniforme","Acciones prescritas","Carga exclusivamente normal","N",661,5.69931094437649,326.546463245492,-94.3268835309506,"kN/m","DE"
"biaxial-normal","Estado biaxial uniforme","Acciones prescritas","Carga exclusivamente normal","N",662,5.70802548710489,327.045769764216,-94.1518558484545,"kN/m","DE"
"biaxial-normal","Estado biaxial uniforme","Acciones prescritas","Carga exclusivamente normal","N",663,5.7167400298333,327.54507628294,-93.9781869520682,"kN/m","DE"
"biaxial-normal","Estado biaxial uniforme","Acciones prescritas","Carga exclusivamente normal","N",664,5.7254545725617,328.044382801664,-93.8059295963812,"kN/m","DE"
"biaxial-normal","Estado biaxial uniforme","Acciones prescritas","Carga exclusivamente normal","N",665,5.73416911529011,328.543689320388,-93.6351361072063,"kN/m","DE"
"biaxial-normal","Estado biaxial uniforme","Acciones prescritas","Carga exclusivamente normal","N",666,5.74288365801851,329.042995839112,-93.4658583656838,"kN/m","DE"
"biaxial-normal","Estado biaxial uniforme","Acciones prescritas","Carga exclusivamente normal","N",667,5.75159820074692,329.542302357836,-93.298147792523,"kN/m","DE"
"biaxial-normal","Estado biaxial uniforme","Acciones prescritas","Carga exclusivamente normal","N",668,5.76031274347532,330.04160887656,-93.1320553323814,"kN/m","DE"
"biaxial-normal","Estado biaxial uniforme","Acciones prescritas","Carga exclusivamente normal","N",669,5.76902728620373,330.540915395284,-92.9676314383899,"kN/m","DE"
"biaxial-normal","Estado biaxial uniforme","Acciones prescritas","Carga exclusivamente normal","N",670,5.77774182893213,331.040221914008,-92.8049260568271,"kN/m","DE"
"biaxial-normal","Estado biaxial uniforme","Acciones prescritas","Carga exclusivamente normal","N",671,5.78645637166053,331.539528432732,-92.6439886119468,"kN/m","DE"
"biaxial-normal","Estado biaxial uniforme","Acciones prescritas","Carga exclusivamente normal","N",672,5.79517091438894,332.038834951456,-92.4848679909652,"kN/m","DE"
"biaxial-normal","Estado biaxial uniforme","Acciones prescritas","Carga exclusivamente normal","N",673,5.80388545711734,332.53814147018,-92.3276125292102,"kN/m","DE"
"biaxial-normal","Estado biaxial uniforme","Acciones prescritas","Carga exclusivamente normal","N",674,5.81259999984575,333.037447988904,-92.172269995439,"kN/m","DE"
"biaxial-normal","Estado biaxial uniforme","Acciones prescritas","Carga exclusivamente normal","N",675,5.82131454257415,333.536754507628,-92.0188875773277,"kN/m","DE"
"biaxial-normal","Estado biaxial uniforme","Acciones prescritas","Carga exclusivamente normal","N",676,5.83002908530256,334.036061026352,-91.8675118671371,"kN/m","DE"
"biaxial-normal","Estado biaxial uniforme","Acciones prescritas","Carga exclusivamente normal","N",677,5.83874362803096,334.535367545076,-91.7181888475599,"kN/m","DE"
"biaxial-normal","Estado biaxial uniforme","Acciones prescritas","Carga exclusivamente normal","N",678,5.84745817075936,335.0346740638,-91.5709638777524,"kN/m","DE"
"biaxial-normal","Estado biaxial uniforme","Acciones prescritas","Carga exclusivamente normal","N",679,5.85617271348777,335.533980582524,-91.425881679556,"kN/m","DE"
"biaxial-normal","Estado biaxial uniforme","Acciones prescritas","Carga exclusivamente normal","N",680,5.86488725621617,336.033287101248,-91.2829863239128,"kN/m","DE"
"biaxial-normal","Estado biaxial uniforme","Acciones prescritas","Carga exclusivamente normal","N",681,5.87360179894458,336.532593619972,-91.1423212174774,"kN/m","DE"
"biaxial-normal","Estado biaxial uniforme","Acciones prescritas","Carga exclusivamente normal","N",682,5.88231634167298,337.031900138696,-91.0039290894325,"kN/m","DE"
"biaxial-normal","Estado biaxial uniforme","Acciones prescritas","Carga exclusivamente normal","N",683,5.89103088440139,337.53120665742,-90.8678519785084,"kN/m","DE"
"biaxial-normal","Estado biaxial uniforme","Acciones prescritas","Carga exclusivamente normal","N",684,5.89974542712979,338.030513176144,-90.7341312202138,"kN/m","DE"
"biaxial-normal","Estado biaxial uniforme","Acciones prescritas","Carga exclusivamente normal","N",685,5.9084599698582,338.529819694868,-90.6028074342788,"kN/m","DE"
"biaxial-normal","Estado biaxial uniforme","Acciones prescritas","Carga exclusivamente normal","N",686,5.9171745125866,339.029126213592,-90.4739205123166,"kN/m","DE"
"biaxial-normal","Estado biaxial uniforme","Acciones prescritas","Carga exclusivamente normal","N",687,5.925889055315,339.528432732316,-90.3475096057058,"kN/m","DE"
"biaxial-normal","Estado biaxial uniforme","Acciones prescritas","Carga exclusivamente normal","N",688,5.93460359804341,340.02773925104,-90.2236131136969,"kN/m","DE"
"biaxial-normal","Estado biaxial uniforme","Acciones prescritas","Carga exclusivamente normal","N",689,5.94331814077181,340.527045769764,-90.102268671749,"kN/m","DE"
"biaxial-normal","Estado biaxial uniforme","Acciones prescritas","Carga exclusivamente normal","N",690,5.95203268350022,341.026352288488,-89.9835131400962,"kN/m","DE"
"biaxial-normal","Estado biaxial uniforme","Acciones prescritas","Carga exclusivamente normal","N",691,5.96074722622862,341.525658807212,-89.8673825925521,"kN/m","DE"
"biaxial-normal","Estado biaxial uniforme","Acciones prescritas","Carga exclusivamente normal","N",692,5.96946176895703,342.024965325936,-89.7539123055506,"kN/m","DE"
"biaxial-normal","Estado biaxial uniforme","Acciones prescritas","Carga exclusivamente normal","N",693,5.97817631168543,342.52427184466,-89.643136747431,"kN/m","DE"
"biaxial-normal","Estado biaxial uniforme","Acciones prescritas","Carga exclusivamente normal","N",694,5.98689085441384,343.023578363384,-89.5350895679672,"kN/m","DE"
"biaxial-normal","Estado biaxial uniforme","Acciones prescritas","Carga exclusivamente normal","N",695,5.99560539714224,343.522884882108,-89.4298035881464,"kN/m","DE"
"biaxial-normal","Estado biaxial uniforme","Acciones prescritas","Carga exclusivamente normal","N",696,6.00431993987064,344.022191400832,-89.327310790199,"kN/m","DE"
"biaxial-normal","Estado biaxial uniforme","Acciones prescritas","Carga exclusivamente normal","N",697,6.01303448259905,344.521497919556,-89.2276423078836,"kN/m","DE"
"biaxial-normal","Estado biaxial uniforme","Acciones prescritas","Carga exclusivamente normal","N",698,6.02174902532745,345.02080443828,-89.1308284170296,"kN/m","DE"
"biaxial-normal","Estado biaxial uniforme","Acciones prescritas","Carga exclusivamente normal","N",699,6.03046356805586,345.520110957004,-89.0368985263406,"kN/m","DE"
"biaxial-normal","Estado biaxial uniforme","Acciones prescritas","Carga exclusivamente normal","N",700,6.03917811078426,346.019417475728,-88.9458811684607,"kN/m","DE"
"biaxial-normal","Estado biaxial uniforme","Acciones prescritas","Carga exclusivamente normal","N",701,6.04789265351267,346.518723994452,-88.8578039913078,"kN/m","DE"
"biaxial-normal","Estado biaxial uniforme","Acciones prescritas","Carga exclusivamente normal","N",702,6.05660719624107,347.018030513176,-88.7726937496746,"kN/m","DE"
"biaxial-normal","Estado biaxial uniforme","Acciones prescritas","Carga exclusivamente normal","N",703,6.06532173896948,347.5173370319,-88.6905762971019,"kN/m","DE"
"biaxial-normal","Estado biaxial uniforme","Acciones prescritas","Carga exclusivamente normal","N",704,6.07403628169788,348.016643550624,-88.6114765780246,"kN/m","DE"
"biaxial-normal","Estado biaxial uniforme","Acciones prescritas","Carga exclusivamente normal","N",705,6.08275082442628,348.515950069348,-88.5354186201951,"kN/m","DE"
"biaxial-normal","Estado biaxial uniforme","Acciones prescritas","Carga exclusivamente normal","N",706,6.09146536715469,349.015256588072,-88.4624255273839,"kN/m","DE"
"biaxial-normal","Estado biaxial uniforme","Acciones prescritas","Carga exclusivamente normal","N",707,6.10017990988309,349.514563106796,-88.3925194723622,"kN/m","DE"
"biaxial-normal","Estado biaxial uniforme","Acciones prescritas","Carga exclusivamente normal","N",708,6.1088944526115,350.01386962552,-88.3257216901657,"kN/m","DE"
"biaxial-normal","Estado biaxial uniforme","Acciones prescritas","Carga exclusivamente normal","N",709,6.1176089953399,350.513176144244,-88.2620524716447,"kN/m","DE"
"biaxial-normal","Estado biaxial uniforme","Acciones prescritas","Carga exclusivamente normal","N",710,6.12632353806831,351.012482662968,-88.2015311573006,"kN/m","DE"
"biaxial-normal","Estado biaxial uniforme","Acciones prescritas","Carga exclusivamente normal","N",711,6.13503808079671,351.511789181692,-88.1441761314102,"kN/m","DE"
"biaxial-normal","Estado biaxial uniforme","Acciones prescritas","Carga exclusivamente normal","N",712,6.14375262352512,352.011095700416,-88.090004816442,"kN/m","DE"
"biaxial-normal","Estado biaxial uniforme","Acciones prescritas","Carga exclusivamente normal","N",713,6.15246716625352,352.51040221914,-88.0390336677634,"kN/m","DE"
"biaxial-normal","Estado biaxial uniforme","Acciones prescritas","Carga exclusivamente normal","N",714,6.16118170898192,353.009708737864,-87.9912781686421,"kN/m","DE"
"biaxial-normal","Estado biaxial uniforme","Acciones prescritas","Carga exclusivamente normal","N",715,6.16989625171033,353.509015256588,-87.9467528255431,"kN/m","DE"
"biaxial-normal","Estado biaxial uniforme","Acciones prescritas","Carga exclusivamente normal","N",716,6.17861079443873,354.008321775312,-87.905471163722,"kN/m","DE"
"biaxial-normal","Estado biaxial uniforme","Acciones prescritas","Carga exclusivamente normal","N",717,6.18732533716714,354.507628294036,-87.8674457231163,"kN/m","DE"
"biaxial-normal","Estado biaxial uniforme","Acciones prescritas","Carga exclusivamente normal","N",718,6.19603987989554,355.00693481276,-87.8326880545367,"kN/m","DE"
"biaxial-normal","Estado biaxial uniforme","Acciones prescritas","Carga exclusivamente normal","N",719,6.20475442262395,355.506241331484,-87.8012087161577,"kN/m","DE"
"biaxial-normal","Estado biaxial uniforme","Acciones prescritas","Carga exclusivamente normal","N",720,6.21346896535235,356.005547850208,-87.7730172703111,"kN/m","DE"
"biaxial-normal","Estado biaxial uniforme","Acciones prescritas","Carga exclusivamente normal","N",721,6.22218350808075,356.504854368932,-87.7481222805805,"kN/m","DE"
"biaxial-normal","Estado biaxial uniforme","Acciones prescritas","Carga exclusivamente normal","N",722,6.23089805080916,357.004160887656,-87.7265313092009,"kN/m","DE"
"biaxial-normal","Estado biaxial uniforme","Acciones prescritas","Carga exclusivamente normal","N",723,6.23961259353756,357.50346740638,-87.7082509147607,"kN/m","DE"
"biaxial-normal","Estado biaxial uniforme","Acciones prescritas","Carga exclusivamente normal","N",724,6.24832713626597,358.002773925104,-87.69328665021,"kN/m","DE"
"biaxial-normal","Estado biaxial uniforme","Acciones prescritas","Carga exclusivamente normal","N",725,6.25704167899437,358.502080443828,-87.6816430611736,"kN/m","DE"
"biaxial-normal","Estado biaxial uniforme","Acciones prescritas","Carga exclusivamente normal","N",726,6.26575622172278,359.001386962552,-87.6733236845702,"kN/m","DE"
"biaxial-normal","Estado biaxial uniforme","Acciones prescritas","Carga exclusivamente normal","N",727,6.27447076445118,359.500693481276,-87.6683310475378,"kN/m","DE"
"biaxial-normal","Estado biaxial uniforme","Acciones prescritas","Carga exclusivamente normal","M",0,0,0,14.4044204064777,"kN m/m","DE"
"biaxial-normal","Estado biaxial uniforme","Acciones prescritas","Carga exclusivamente normal","M",1,0.00871454272840442,0.499306518723994,14.4022317456321,"kN m/m","DE"
"biaxial-normal","Estado biaxial uniforme","Acciones prescritas","Carga exclusivamente normal","M",2,0.0174290854568088,0.998613037447989,14.3956664279346,"kN m/m","DE"
"biaxial-normal","Estado biaxial uniforme","Acciones prescritas","Carga exclusivamente normal","M",3,0.0261436281852133,1.49791955617198,14.3847264477011,"kN m/m","DE"
"biaxial-normal","Estado biaxial uniforme","Acciones prescritas","Carga exclusivamente normal","M",4,0.0348581709136177,1.99722607489598,14.3694151281182,"kN m/m","DE"
"biaxial-normal","Estado biaxial uniforme","Acciones prescritas","Carga exclusivamente normal","M",5,0.0435727136420221,2.49653259361997,14.3497371202341,"kN m/m","DE"
"biaxial-normal","Estado biaxial uniforme","Acciones prescritas","Carga exclusivamente normal","M",6,0.0522872563704265,2.99583911234397,14.3256984015452,"kN m/m","DE"
"biaxial-normal","Estado biaxial uniforme","Acciones prescritas","Carga exclusivamente normal","M",7,0.0610017990988309,3.49514563106796,14.297306274181,"kN m/m","DE"
"biaxial-normal","Estado biaxial uniforme","Acciones prescritas","Carga exclusivamente normal","M",8,0.0697163418272354,3.99445214979196,14.2645693626854,"kN m/m","DE"
"biaxial-normal","Estado biaxial uniforme","Acciones prescritas","Carga exclusivamente normal","M",9,0.0784308845556398,4.49375866851595,14.227497611397,"kN m/m","DE"
"biaxial-normal","Estado biaxial uniforme","Acciones prescritas","Carga exclusivamente normal","M",10,0.0871454272840442,4.99306518723994,14.1861022814286,"kN m/m","DE"
"biaxial-normal","Estado biaxial uniforme","Acciones prescritas","Carga exclusivamente normal","M",11,0.0958599700124486,5.49237170596394,14.1403959472464,"kN m/m","DE"
"biaxial-normal","Estado biaxial uniforme","Acciones prescritas","Carga exclusivamente normal","M",12,0.104574512740853,5.99167822468793,14.09039249285,"kN m/m","DE"
"biaxial-normal","Estado biaxial uniforme","Acciones prescritas","Carga exclusivamente normal","M",13,0.113289055469257,6.49098474341193,14.0361071075552,"kN m/m","DE"
"biaxial-normal","Estado biaxial uniforme","Acciones prescritas","Carga exclusivamente normal","M",14,0.122003598197662,6.99029126213592,13.97755628138,"kN m/m","DE"
"biaxial-normal","Estado biaxial uniforme","Acciones prescritas","Carga exclusivamente normal","M",15,0.130718140926066,7.48959778085992,13.9147578000356,"kN m/m","DE"
"biaxial-normal","Estado biaxial uniforme","Acciones prescritas","Carga exclusivamente normal","M",16,0.139432683654471,7.98890429958391,13.8477307395232,"kN m/m","DE"
"biaxial-normal","Estado biaxial uniforme","Acciones prescritas","Carga exclusivamente normal","M",17,0.148147226382875,8.4882108183079,13.77649546034,"kN m/m","DE"
"biaxial-normal","Estado biaxial uniforme","Acciones prescritas","Carga exclusivamente normal","M",18,0.15686176911128,8.9875173370319,13.7010736012942,"kN m/m","DE"
"biaxial-normal","Estado biaxial uniforme","Acciones prescritas","Carga exclusivamente normal","M",19,0.165576311839684,9.4868238557559,13.6214880729316,"kN m/m","DE"
"biaxial-normal","Estado biaxial uniforme","Acciones prescritas","Carga exclusivamente normal","M",20,0.174290854568088,9.98613037447989,13.5377630505766,"kN m/m","DE"
"biaxial-normal","Estado biaxial uniforme","Acciones prescritas","Carga exclusivamente normal","M",21,0.183005397296493,10.4854368932039,13.4499239669881,"kN m/m","DE"
"biaxial-normal","Estado biaxial uniforme","Acciones prescritas","Carga exclusivamente normal","M",22,0.191719940024897,10.9847434119279,13.3579975046345,"kN m/m","DE"
"biaxial-normal","Estado biaxial uniforme","Acciones prescritas","Carga exclusivamente normal","M",23,0.200434482753302,11.4840499306519,13.2620115875879,"kN m/m","DE"
"biaxial-normal","Estado biaxial uniforme","Acciones prescritas","Carga exclusivamente normal","M",24,0.209149025481706,11.9833564493759,13.1619953730421,"kN m/m","DE"
"biaxial-normal","Estado biaxial uniforme","Acciones prescritas","Carga exclusivamente normal","M",25,0.21786356821011,12.4826629680999,13.0579792424554,"kN m/m","DE"
"biaxial-normal","Estado biaxial uniforme","Acciones prescritas","Carga exclusivamente normal","M",26,0.226578110938515,12.9819694868239,12.9499947923222,"kN m/m","DE"
"biaxial-normal","Estado biaxial uniforme","Acciones prescritas","Carga exclusivamente normal","M",27,0.235292653666919,13.4812760055479,12.8380748245746,"kN m/m","DE"
"biaxial-normal","Estado biaxial uniforme","Acciones prescritas","Carga exclusivamente normal","M",28,0.244007196395324,13.9805825242718,12.7222533366186,"kN m/m","DE"
"biaxial-normal","Estado biaxial uniforme","Acciones prescritas","Carga exclusivamente normal","M",29,0.252721739123728,14.4798890429958,12.6025655110066,"kN m/m","DE"
"biaxial-normal","Estado biaxial uniforme","Acciones prescritas","Carga exclusivamente normal","M",30,0.261436281852133,14.9791955617198,12.4790477047505,"kN m/m","DE"
"biaxial-normal","Estado biaxial uniforme","Acciones prescritas","Carga exclusivamente normal","M",31,0.270150824580537,15.4785020804438,12.3517374382775,"kN m/m","DE"
"biaxial-normal","Estado biaxial uniforme","Acciones prescritas","Carga exclusivamente normal","M",32,0.278865367308941,15.9778085991678,12.2206733840327,"kN m/m","DE"
"biaxial-normal","Estado biaxial uniforme","Acciones prescritas","Carga exclusivamente normal","M",33,0.287579910037346,16.4771151178918,12.0858953547319,"kN m/m","DE"
"biaxial-normal","Estado biaxial uniforme","Acciones prescritas","Carga exclusivamente normal","M",34,0.29629445276575,16.9764216366158,11.9474442912675,"kN m/m","DE"
"biaxial-normal","Estado biaxial uniforme","Acciones prescritas","Carga exclusivamente normal","M",35,0.305008995494155,17.4757281553398,11.8053622502727,"kN m/m","DE"
"biaxial-normal","Estado biaxial uniforme","Acciones prescritas","Carga exclusivamente normal","M",36,0.313723538222559,17.9750346740638,11.6596923913454,"kN m/m","DE"
"biaxial-normal","Estado biaxial uniforme","Acciones prescritas","Carga exclusivamente normal","M",37,0.322438080950964,18.4743411927878,11.5104789639384,"kN m/m","DE"
"biaxial-normal","Estado biaxial uniforme","Acciones prescritas","Carga exclusivamente normal","M",38,0.331152623679368,18.9736477115118,11.3577672939179,"kN m/m","DE"
"biaxial-normal","Estado biaxial uniforme","Acciones prescritas","Carga exclusivamente normal","M",39,0.339867166407772,19.4729542302358,11.2016037697945,"kN m/m","DE"
"biaxial-normal","Estado biaxial uniforme","Acciones prescritas","Carga exclusivamente normal","M",40,0.348581709136177,19.9722607489598,11.0420358286329,"kN m/m","DE"
"biaxial-normal","Estado biaxial uniforme","Acciones prescritas","Carga exclusivamente normal","M",41,0.357296251864581,20.4715672676838,10.8791119416413,"kN m/m","DE"
"biaxial-normal","Estado biaxial uniforme","Acciones prescritas","Carga exclusivamente normal","M",42,0.366010794592986,20.9708737864078,10.712881599448,"kN m/m","DE"
"biaxial-normal","Estado biaxial uniforme","Acciones prescritas","Carga exclusivamente normal","M",43,0.37472533732139,21.4701803051318,10.5433952970678,"kN m/m","DE"
"biaxial-normal","Estado biaxial uniforme","Acciones prescritas","Carga exclusivamente normal","M",44,0.383439880049794,21.9694868238558,10.3707045185633,"kN m/m","DE"
"biaxial-normal","Estado biaxial uniforme","Acciones prescritas","Carga exclusivamente normal","M",45,0.392154422778199,22.4687933425798,10.1948617214058,"kN m/m","DE"
"biaxial-normal","Estado biaxial uniforme","Acciones prescritas","Carga exclusivamente normal","M",46,0.400868965506603,22.9680998613037,10.0159203205407,"kN m/m","DE"
"biaxial-normal","Estado biaxial uniforme","Acciones prescritas","Carga exclusivamente normal","M",47,0.409583508235008,23.4674063800277,9.83393467216158,"kN m/m","DE"
"biaxial-normal","Estado biaxial uniforme","Acciones prescritas","Carga exclusivamente normal","M",48,0.418298050963412,23.9667128987517,9.6489600571991,"kN m/m","DE"
"biaxial-normal","Estado biaxial uniforme","Acciones prescritas","Carga exclusivamente normal","M",49,0.427012593691816,24.4660194174757,9.4610526645282,"kN m/m","DE"
"biaxial-normal","Estado biaxial uniforme","Acciones prescritas","Carga exclusivamente normal","M",50,0.435727136420221,24.9653259361997,9.27026957390003,"kN m/m","DE"
"biaxial-normal","Estado biaxial uniforme","Acciones prescritas","Carga exclusivamente normal","M",51,0.444441679148625,25.4646324549237,9.07666873860311,"kN m/m","DE"
"biaxial-normal","Estado biaxial uniforme","Acciones prescritas","Carga exclusivamente normal","M",52,0.45315622187703,25.9639389736477,8.88030896785907,"kN m/m","DE"
"biaxial-normal","Estado biaxial uniforme","Acciones prescritas","Carga exclusivamente normal","M",53,0.461870764605434,26.4632454923717,8.68124990895851,"kN m/m","DE"
"biaxial-normal","Estado biaxial uniforme","Acciones prescritas","Carga exclusivamente normal","M",54,0.470585307333839,26.9625520110957,8.47955202914214,"kN m/m","DE"
"biaxial-normal","Estado biaxial uniforme","Acciones prescritas","Carga exclusivamente normal","M",55,0.479299850062243,27.4618585298197,8.27527659723301,"kN m/m","DE"
"biaxial-normal","Estado biaxial uniforme","Acciones prescritas","Carga exclusivamente normal","M",56,0.488014392790647,27.9611650485437,8.06848566502515,"kN m/m","DE"
"biaxial-normal","Estado biaxial uniforme","Acciones prescritas","Carga exclusivamente normal","M",57,0.496728935519052,28.4604715672677,7.8592420484343,"kN m/m","DE"
"biaxial-normal","Estado biaxial uniforme","Acciones prescritas","Carga exclusivamente normal","M",58,0.505443478247456,28.9597780859917,7.64760930841677,"kN m/m","DE"
"biaxial-normal","Estado biaxial uniforme","Acciones prescritas","Carga exclusivamente normal","M",59,0.514158020975861,29.4590846047157,7.43365173166166,"kN m/m","DE"
"biaxial-normal","Estado biaxial uniforme","Acciones prescritas","Carga exclusivamente normal","M",60,0.522872563704265,29.9583911234397,7.21743431106291,"kN m/m","DE"
"biaxial-normal","Estado biaxial uniforme","Acciones prescritas","Carga exclusivamente normal","M",61,0.53158710643267,30.4576976421637,6.99902272597667,"kN m/m","DE"
"biaxial-normal","Estado biaxial uniforme","Acciones prescritas","Carga exclusivamente normal","M",62,0.540301649161074,30.9570041608877,6.77848332227017,"kN m/m","DE"
"biaxial-normal","Estado biaxial uniforme","Acciones prescritas","Carga exclusivamente normal","M",63,0.549016191889478,31.4563106796117,6.55588309216818,"kN m/m","DE"
"biaxial-normal","Estado biaxial uniforme","Acciones prescritas","Carga exclusivamente normal","M",64,0.557730734617883,31.9556171983356,6.33128965390309,"kN m/m","DE"
"biaxial-normal","Estado biaxial uniforme","Acciones prescritas","Carga exclusivamente normal","M",65,0.566445277346287,32.4549237170596,6.1047712311748,"kN m/m","DE"
"biaxial-normal","Estado biaxial uniforme","Acciones prescritas","Carga exclusivamente normal","M",66,0.575159820074692,32.9542302357836,5.87639663242676,"kN m/m","DE"
"biaxial-normal","Estado biaxial uniforme","Acciones prescritas","Carga exclusivamente normal","M",67,0.583874362803096,33.4535367545076,5.64623522994436,"kN m/m","DE"
"biaxial-normal","Estado biaxial uniforme","Acciones prescritas","Carga exclusivamente normal","M",68,0.592588905531501,33.9528432732316,5.41435693878199,"kN m/m","DE"
"biaxial-normal","Estado biaxial uniforme","Acciones prescritas","Carga exclusivamente normal","M",69,0.601303448259905,34.4521497919556,5.18083219552532,"kN m/m","DE"
"biaxial-normal","Estado biaxial uniforme","Acciones prescritas","Carga exclusivamente normal","M",70,0.610017990988309,34.9514563106796,4.94573193689506,"kN m/m","DE"
"biaxial-normal","Estado biaxial uniforme","Acciones prescritas","Carga exclusivamente normal","M",71,0.618732533716714,35.4507628294036,4.70912757819888,"kN m/m","DE"
"biaxial-normal","Estado biaxial uniforme","Acciones prescritas","Carga exclusivamente normal","M",72,0.627447076445118,35.9500693481276,4.47109099163791,"kN m/m","DE"
"biaxial-normal","Estado biaxial uniforme","Acciones prescritas","Carga exclusivamente normal","M",73,0.636161619173523,36.4493758668516,4.23169448447444,"kN m/m","DE"
"biaxial-normal","Estado biaxial uniforme","Acciones prescritas","Carga exclusivamente normal","M",74,0.644876161901927,36.9486823855756,3.9910107770675,"kN m/m","DE"
"biaxial-normal","Estado biaxial uniforme","Acciones prescritas","Carga exclusivamente normal","M",75,0.653590704630331,37.4479889042996,3.74911298078291,"kN m/m","DE"
"biaxial-normal","Estado biaxial uniforme","Acciones prescritas","Carga exclusivamente normal","M",76,0.662305247358736,37.9472954230236,3.50607457578461,"kN m/m","DE"
"biaxial-normal","Estado biaxial uniforme","Acciones prescritas","Carga exclusivamente normal","M",77,0.67101979008714,38.4466019417476,3.26196938871393,"kN m/m","DE"
"biaxial-normal","Estado biaxial uniforme","Acciones prescritas","Carga exclusivamente normal","M",78,0.679734332815545,38.9459084604716,3.0168715702636,"kN m/m","DE"
"biaxial-normal","Estado biaxial uniforme","Acciones prescritas","Carga exclusivamente normal","M",79,0.688448875543949,39.4452149791956,2.77085557265333,"kN m/m","DE"
"biaxial-normal","Estado biaxial uniforme","Acciones prescritas","Carga exclusivamente normal","M",80,0.697163418272354,39.9445214979196,2.52399612701387,"kN m/m","DE"
"biaxial-normal","Estado biaxial uniforme","Acciones prescritas","Carga exclusivamente normal","M",81,0.705877961000758,40.4438280166436,2.27636822068619,"kN m/m","DE"
"biaxial-normal","Estado biaxial uniforme","Acciones prescritas","Carga exclusivamente normal","M",82,0.714592503729162,40.9431345353675,2.02804707444302,"kN m/m","DE"
"biaxial-normal","Estado biaxial uniforme","Acciones prescritas","Carga exclusivamente normal","M",83,0.723307046457567,41.4424410540915,1.7791081196393,"kN m/m","DE"
"biaxial-normal","Estado biaxial uniforme","Acciones prescritas","Carga exclusivamente normal","M",84,0.732021589185971,41.9417475728155,1.52962697529883,"kN m/m","DE"
"biaxial-normal","Estado biaxial uniforme","Acciones prescritas","Carga exclusivamente normal","M",85,0.740736131914376,42.4410540915395,1.27967942514376,"kN m/m","DE"
"biaxial-normal","Estado biaxial uniforme","Acciones prescritas","Carga exclusivamente normal","M",86,0.74945067464278,42.9403606102635,1.02934139457417,"kN m/m","DE"
"biaxial-normal","Estado biaxial uniforme","Acciones prescritas","Carga exclusivamente normal","M",87,0.758165217371184,43.4396671289875,0.778688927604566,"kN m/m","DE"
"biaxial-normal","Estado biaxial uniforme","Acciones prescritas","Carga exclusivamente normal","M",88,0.766879760099589,43.9389736477115,0.527798163764309,"kN m/m","DE"
"biaxial-normal","Estado biaxial uniforme","Acciones prescritas","Carga exclusivamente normal","M",89,0.775594302827993,44.4382801664355,0.276745314969092,"kN m/m","DE"
"biaxial-normal","Estado biaxial uniforme","Acciones prescritas","Carga exclusivamente normal","M",90,0.784308845556398,44.9375866851595,0.0256066423704105,"kN m/m","DE"
"biaxial-normal","Estado biaxial uniforme","Acciones prescritas","Carga exclusivamente normal","M",91,0.785398163397448,45,-0.00578792685560774,"kN m/m","DE"
"biaxial-normal","Estado biaxial uniforme","Acciones prescritas","Carga exclusivamente normal","M",92,0.793023388284802,45.4368932038835,-0.225541566809952,"kN m/m","DE"
"biaxial-normal","Estado biaxial uniforme","Acciones prescritas","Carga exclusivamente normal","M",93,0.801737931013207,45.9361997226075,-0.476623022453336,"kN m/m","DE"
"biaxial-normal","Estado biaxial uniforme","Acciones prescritas","Carga exclusivamente normal","M",94,0.810452473741611,46.4355062413315,-0.72756145471848,"kN m/m","DE"
"biaxial-normal","Estado biaxial uniforme","Acciones prescritas","Carga exclusivamente normal","M",95,0.819167016470015,46.9348127600555,-0.97828063720968,"kN m/m","DE"
"biaxial-normal","Estado biaxial uniforme","Acciones prescritas","Carga exclusivamente normal","M",96,0.82788155919842,47.4341192787795,-1.2287044101317,"kN m/m","DE"
"biaxial-normal","Estado biaxial uniforme","Acciones prescritas","Carga exclusivamente normal","M",97,0.836596101926824,47.9334257975035,-1.47875670342448,"kN m/m","DE"
"biaxial-normal","Estado biaxial uniforme","Acciones prescritas","Carga exclusivamente normal","M",98,0.845310644655229,48.4327323162275,-1.72836155987062,"kN m/m","DE"
"biaxial-normal","Estado biaxial uniforme","Acciones prescritas","Carga exclusivamente normal","M",99,0.854025187383633,48.9320388349515,-1.9774431581685,"kN m/m","DE"
"biaxial-normal","Estado biaxial uniforme","Acciones prescritas","Carga exclusivamente normal","M",100,0.862739730112038,49.4313453536755,-2.22592583596421,"kN m/m","DE"
"biaxial-normal","Estado biaxial uniforme","Acciones prescritas","Carga exclusivamente normal","M",101,0.871454272840442,49.9306518723995,-2.47373411283508,"kN m/m","DE"
"biaxial-normal","Estado biaxial uniforme","Acciones prescritas","Carga exclusivamente normal","M",102,0.880168815568846,50.4299583911234,-2.72079271321809,"kN m/m","DE"
"biaxial-normal","Estado biaxial uniforme","Acciones prescritas","Carga exclusivamente normal","M",103,0.888883358297251,50.9292649098474,-2.96702658927595,"kN m/m","DE"
"biaxial-normal","Estado biaxial uniforme","Acciones prescritas","Carga exclusivamente normal","M",104,0.897597901025655,51.4285714285714,-3.212360943694,"kN m/m","DE"
"biaxial-normal","Estado biaxial uniforme","Acciones prescritas","Carga exclusivamente normal","M",105,0.90631244375406,51.9278779472954,-3.45672125240111,"kN m/m","DE"
"biaxial-normal","Estado biaxial uniforme","Acciones prescritas","Carga exclusivamente normal","M",106,0.915026986482464,52.4271844660194,-3.70003328720742,"kN m/m","DE"
"biaxial-normal","Estado biaxial uniforme","Acciones prescritas","Carga exclusivamente normal","M",107,0.923741529210868,52.9264909847434,-3.94222313835237,"kN m/m","DE"
"biaxial-normal","Estado biaxial uniforme","Acciones prescritas","Carga exclusivamente normal","M",108,0.932456071939273,53.4257975034674,-4.18321723695588,"kN m/m","DE"
"biaxial-normal","Estado biaxial uniforme","Acciones prescritas","Carga exclusivamente normal","M",109,0.941170614667677,53.9251040221914,-4.42294237736603,"kN m/m","DE"
"biaxial-normal","Estado biaxial uniforme","Acciones prescritas","Carga exclusivamente normal","M",110,0.949885157396082,54.4244105409154,-4.66132573939641,"kN m/m","DE"
"biaxial-normal","Estado biaxial uniforme","Acciones prescritas","Carga exclusivamente normal","M",111,0.958599700124486,54.9237170596394,-4.89829491044637,"kN m/m","DE"
"biaxial-normal","Estado biaxial uniforme","Acciones prescritas","Carga exclusivamente normal","M",112,0.967314242852891,55.4230235783634,-5.13377790749743,"kN m/m","DE"
"biaxial-normal","Estado biaxial uniforme","Acciones prescritas","Carga exclusivamente normal","M",113,0.976028785581295,55.9223300970874,-5.36770319897927,"kN m/m","DE"
"biaxial-normal","Estado biaxial uniforme","Acciones prescritas","Carga exclusivamente normal","M",114,0.984743328309699,56.4216366158114,-5.59999972649849,"kN m/m","DE"
"biaxial-normal","Estado biaxial uniforme","Acciones prescritas","Carga exclusivamente normal","M",115,0.993457871038104,56.9209431345354,-5.83059692642374,"kN m/m","DE"
"biaxial-normal","Estado biaxial uniforme","Acciones prescritas","Carga exclusivamente normal","M",116,1.00217241376651,57.4202496532594,-6.05942475132046,"kN m/m","DE"
"biaxial-normal","Estado biaxial uniforme","Acciones prescritas","Carga exclusivamente normal","M",117,1.01088695649491,57.9195561719834,-6.28641369122888,"kN m/m","DE"
"biaxial-normal","Estado biaxial uniforme","Acciones prescritas","Carga exclusivamente normal","M",118,1.01960149922332,58.4188626907073,-6.51149479477875,"kN m/m","DE"
"biaxial-normal","Estado biaxial uniforme","Acciones prescritas","Carga exclusivamente normal","M",119,1.02831604195172,58.9181692094313,-6.73459969013433,"kN m/m","DE"
"biaxial-normal","Estado biaxial uniforme","Acciones prescritas","Carga exclusivamente normal","M",120,1.03703058468013,59.4174757281553,-6.95566060576346,"kN m/m","DE"
"biaxial-normal","Estado biaxial uniforme","Acciones prescritas","Carga exclusivamente normal","M",121,1.04574512740853,59.9167822468793,-7.17461039102411,"kN m/m","DE"
"biaxial-normal","Estado biaxial uniforme","Acciones prescritas","Carga exclusivamente normal","M",122,1.05445967013693,60.4160887656033,-7.39138253656251,"kN m/m","DE"
"biaxial-normal","Estado biaxial uniforme","Acciones prescritas","Carga exclusivamente normal","M",123,1.06317421286534,60.9153952843273,-7.60591119451628,"kN m/m","DE"
"biaxial-normal","Estado biaxial uniforme","Acciones prescritas","Carga exclusivamente normal","M",124,1.07188875559374,61.4147018030513,-7.81813119851684,"kN m/m","DE"
"biaxial-normal","Estado biaxial uniforme","Acciones prescritas","Carga exclusivamente normal","M",125,1.08060329832215,61.9140083217753,-8.02797808348462,"kN m/m","DE"
"biaxial-normal","Estado biaxial uniforme","Acciones prescritas","Carga exclusivamente normal","M",126,1.08931784105055,62.4133148404993,-8.23538810521135,"kN m/m","DE"
"biaxial-normal","Estado biaxial uniforme","Acciones prescritas","Carga exclusivamente normal","M",127,1.09803238377896,62.9126213592233,-8.44029825972329,"kN m/m","DE"
"biaxial-normal","Estado biaxial uniforme","Acciones prescritas","Carga exclusivamente normal","M",128,1.10674692650736,63.4119278779473,-8.64264630241972,"kN m/m","DE"
"biaxial-normal","Estado biaxial uniforme","Acciones prescritas","Carga exclusivamente normal","M",129,1.11546146923577,63.9112343966713,-8.84237076698066,"kN m/m","DE"
"biaxial-normal","Estado biaxial uniforme","Acciones prescritas","Carga exclusivamente normal","M",130,1.12417601196417,64.4105409153953,-9.03941098403821,"kN m/m","DE"
"biaxial-normal","Estado biaxial uniforme","Acciones prescritas","Carga exclusivamente normal","M",131,1.13289055469257,64.9098474341193,-9.23370709960578,"kN m/m","DE"
"biaxial-normal","Estado biaxial uniforme","Acciones prescritas","Carga exclusivamente normal","M",132,1.14160509742098,65.4091539528433,-9.42520009325969,"kN m/m","DE"
"biaxial-normal","Estado biaxial uniforme","Acciones prescritas","Carga exclusivamente normal","M",133,1.15031964014938,65.9084604715673,-9.61383179606751,"kN m/m","DE"
"biaxial-normal","Estado biaxial uniforme","Acciones prescritas","Carga exclusivamente normal","M",134,1.15903418287779,66.4077669902913,-9.79954490825777,"kN m/m","DE"
"biaxial-normal","Estado biaxial uniforme","Acciones prescritas","Carga exclusivamente normal","M",135,1.16774872560619,66.9070735090153,-9.98228301662565,"kN m/m","DE"
"biaxial-normal","Estado biaxial uniforme","Acciones prescritas","Carga exclusivamente normal","M",136,1.1764632683346,67.4063800277392,-10.1619906116693,"kN m/m","DE"
"biaxial-normal","Estado biaxial uniforme","Acciones prescritas","Carga exclusivamente normal","M",137,1.185177811063,67.9056865464632,-10.3386131044519,"kN m/m","DE"
"biaxial-normal","Estado biaxial uniforme","Acciones prescritas","Carga exclusivamente normal","M",138,1.19389235379141,68.4049930651872,-10.5120968431835,"kN m/m","DE"
"biaxial-normal","Estado biaxial uniforme","Acciones prescritas","Carga exclusivamente normal","M",139,1.20260689651981,68.9042995839112,-10.682389129519,"kN m/m","DE"
"biaxial-normal","Estado biaxial uniforme","Acciones prescritas","Carga exclusivamente normal","M",140,1.21132143924821,69.4036061026352,-10.8494382345657,"kN m/m","DE"
"biaxial-normal","Estado biaxial uniforme","Acciones prescritas","Carga exclusivamente normal","M",141,1.22003598197662,69.9029126213592,-11.0131934145973,"kN m/m","DE"
"biaxial-normal","Estado biaxial uniforme","Acciones prescritas","Carga exclusivamente normal","M",142,1.22875052470502,70.4022191400832,-11.1736049264673,"kN m/m","DE"
"biaxial-normal","Estado biaxial uniforme","Acciones prescritas","Carga exclusivamente normal","M",143,1.23746506743343,70.9015256588072,-11.33062404272,"kN m/m","DE"
"biaxial-normal","Estado biaxial uniforme","Acciones prescritas","Carga exclusivamente normal","M",144,1.24617961016183,71.4008321775312,-11.4842030663915,"kN m/m","DE"
"biaxial-normal","Estado biaxial uniforme","Acciones prescritas","Carga exclusivamente normal","M",145,1.25489415289024,71.9001386962552,-11.6342953454992,"kN m/m","DE"
"biaxial-normal","Estado biaxial uniforme","Acciones prescritas","Carga exclusivamente normal","M",146,1.26360869561864,72.3994452149792,-11.7808552872122,"kN m/m","DE"
"biaxial-normal","Estado biaxial uniforme","Acciones prescritas","Carga exclusivamente normal","M",147,1.27232323834705,72.8987517337032,-11.9238383717016,"kN m/m","DE"
"biaxial-normal","Estado biaxial uniforme","Acciones prescritas","Carga exclusivamente normal","M",148,1.28103778107545,73.3980582524272,-12.0632011656634,"kN m/m","DE"
"biaxial-normal","Estado biaxial uniforme","Acciones prescritas","Carga exclusivamente normal","M",149,1.28975232380385,73.8973647711512,-12.1989013355125,"kN m/m","DE"
"biaxial-normal","Estado biaxial uniforme","Acciones prescritas","Carga exclusivamente normal","M",150,1.29846686653226,74.3966712898752,-12.3308976602422,"kN m/m","DE"
"biaxial-normal","Estado biaxial uniforme","Acciones prescritas","Carga exclusivamente normal","M",151,1.30718140926066,74.8959778085992,-12.4591500439451,"kN m/m","DE"
"biaxial-normal","Estado biaxial uniforme","Acciones prescritas","Carga exclusivamente normal","M",152,1.31589595198907,75.3952843273232,-12.5836195279936,"kN m/m","DE"
"biaxial-normal","Estado biaxial uniforme","Acciones prescritas","Carga exclusivamente normal","M",153,1.32461049471747,75.8945908460472,-12.7042683028739,"kN m/m","DE"
"biaxial-normal","Estado biaxial uniforme","Acciones prescritas","Carga exclusivamente normal","M",154,1.33332503744588,76.3938973647712,-12.821059719671,"kN m/m","DE"
"biaxial-normal","Estado biaxial uniforme","Acciones prescritas","Carga exclusivamente normal","M",155,1.34203958017428,76.8932038834951,-12.9339583012015,"kN m/m","DE"
"biaxial-normal","Estado biaxial uniforme","Acciones prescritas","Carga exclusivamente normal","M",156,1.35075412290268,77.3925104022191,-13.0429297527908,"kN m/m","DE"
"biaxial-normal","Estado biaxial uniforme","Acciones prescritas","Carga exclusivamente normal","M",157,1.35946866563109,77.8918169209431,-13.1479409726896,"kN m/m","DE"
"biaxial-normal","Estado biaxial uniforme","Acciones prescritas","Carga exclusivamente normal","M",158,1.36818320835949,78.3911234396671,-13.2489600621303,"kN m/m","DE"
"biaxial-normal","Estado biaxial uniforme","Acciones prescritas","Carga exclusivamente normal","M",159,1.3768977510879,78.8904299583911,-13.3459563350157,"kN m/m","DE"
"biaxial-normal","Estado biaxial uniforme","Acciones prescritas","Carga exclusivamente normal","M",160,1.3856122938163,79.3897364771151,-13.438900327241,"kN m/m","DE"
"biaxial-normal","Estado biaxial uniforme","Acciones prescritas","Carga exclusivamente normal","M",161,1.39432683654471,79.8890429958391,-13.5277638056437,"kN m/m","DE"
"biaxial-normal","Estado biaxial uniforme","Acciones prescritas","Carga exclusivamente normal","M",162,1.40304137927311,80.3883495145631,-13.61251977658,"kN m/m","DE"
"biaxial-normal","Estado biaxial uniforme","Acciones prescritas","Carga exclusivamente normal","M",163,1.41175592200152,80.8876560332871,-13.6931424941243,"kN m/m","DE"
"biaxial-normal","Estado biaxial uniforme","Acciones prescritas","Carga exclusivamente normal","M",164,1.42047046472992,81.3869625520111,-13.7696074678903,"kN m/m","DE"
"biaxial-normal","Estado biaxial uniforme","Acciones prescritas","Carga exclusivamente normal","M",165,1.42918500745832,81.8862690707351,-13.84189147047,"kN m/m","DE"
"biaxial-normal","Estado biaxial uniforme","Acciones prescritas","Carga exclusivamente normal","M",166,1.43789955018673,82.3855755894591,-13.9099725444894,"kN m/m","DE"
"biaxial-normal","Estado biaxial uniforme","Acciones prescritas","Carga exclusivamente normal","M",167,1.44661409291513,82.8848821081831,-13.9738300092786,"kN m/m","DE"
"biaxial-normal","Estado biaxial uniforme","Acciones prescritas","Carga exclusivamente normal","M",168,1.45532863564354,83.3841886269071,-14.0334444671539,"kN m/m","DE"
"biaxial-normal","Estado biaxial uniforme","Acciones prescritas","Carga exclusivamente normal","M",169,1.46404317837194,83.8834951456311,-14.0887978093096,"kN m/m","DE"
"biaxial-normal","Estado biaxial uniforme","Acciones prescritas","Carga exclusivamente normal","M",170,1.47275772110035,84.3828016643551,-14.1398732213195,"kN m/m","DE"
"biaxial-normal","Estado biaxial uniforme","Acciones prescritas","Carga exclusivamente normal","M",171,1.48147226382875,84.882108183079,-14.1866551882443,"kN m/m","DE"
"biaxial-normal","Estado biaxial uniforme","Acciones prescritas","Carga exclusivamente normal","M",172,1.49018680655716,85.381414701803,-14.2291294993443,"kN m/m","DE"
"biaxial-normal","Estado biaxial uniforme","Acciones prescritas","Carga exclusivamente normal","M",173,1.49890134928556,85.880721220527,-14.2672832523964,"kN m/m","DE"
"biaxial-normal","Estado biaxial uniforme","Acciones prescritas","Carga exclusivamente normal","M",174,1.50761589201396,86.380027739251,-14.3011048576132,"kN m/m","DE"
"biaxial-normal","Estado biaxial uniforme","Acciones prescritas","Carga exclusivamente normal","M",175,1.51633043474237,86.879334257975,-14.3305840411636,"kN m/m","DE"
"biaxial-normal","Estado biaxial uniforme","Acciones prescritas","Carga exclusivamente normal","M",176,1.52504497747077,87.378640776699,-14.3557118482937,"kN m/m","DE"
"biaxial-normal","Estado biaxial uniforme","Acciones prescritas","Carga exclusivamente normal","M",177,1.53375952019918,87.877947295423,-14.3764806460469,"kN m/m","DE"
"biaxial-normal","Estado biaxial uniforme","Acciones prescritas","Carga exclusivamente normal","M",178,1.54247406292758,88.377253814147,-14.3928841255825,"kN m/m","DE"
"biaxial-normal","Estado biaxial uniforme","Acciones prescritas","Carga exclusivamente normal","M",179,1.55118860565599,88.876560332871,-14.4049173040921,"kN m/m","DE"
"biaxial-normal","Estado biaxial uniforme","Acciones prescritas","Carga exclusivamente normal","M",180,1.55990314838439,89.375866851595,-14.4125765263132,"kN m/m","DE"
"biaxial-normal","Estado biaxial uniforme","Acciones prescritas","Carga exclusivamente normal","M",181,1.5686176911128,89.875173370319,-14.4158594656397,"kN m/m","DE"
"biaxial-normal","Estado biaxial uniforme","Acciones prescritas","Carga exclusivamente normal","M",182,1.5707963267949,90,-14.4159962601889,"kN m/m","DE"
"biaxial-normal","Estado biaxial uniforme","Acciones prescritas","Carga exclusivamente normal","M",183,1.5773322338412,90.374479889043,-14.4147651248284,"kN m/m","DE"
"biaxial-normal","Estado biaxial uniforme","Acciones prescritas","Carga exclusivamente normal","M",184,1.5860467765696,90.873786407767,-14.4092938363022,"kN m/m","DE"
"biaxial-normal","Estado biaxial uniforme","Acciones prescritas","Carga exclusivamente normal","M",185,1.59476131929801,91.373092926491,-14.3994472620488,"kN m/m","DE"
"biaxial-normal","Estado biaxial uniforme","Acciones prescritas","Carga exclusivamente normal","M",186,1.60347586202641,91.872399445215,-14.385228393116,"kN m/m","DE"
"biaxial-normal","Estado biaxial uniforme","Acciones prescritas","Carga exclusivamente normal","M",187,1.61219040475482,92.371705963939,-14.3666415487034,"kN m/m","DE"
"biaxial-normal","Estado biaxial uniforme","Acciones prescritas","Carga exclusivamente normal","M",188,1.62090494748322,92.871012482663,-14.3436923748497,"kN m/m","DE"
"biaxial-normal","Estado biaxial uniforme","Acciones prescritas","Carga exclusivamente normal","M",189,1.62961949021163,93.370319001387,-14.3163878427185,"kN m/m","DE"
"biaxial-normal","Estado biaxial uniforme","Acciones prescritas","Carga exclusivamente normal","M",190,1.63833403294003,93.869625520111,-14.2847362464799,"kN m/m","DE"
"biaxial-normal","Estado biaxial uniforme","Acciones prescritas","Carga exclusivamente normal","M",191,1.64704857566844,94.3689320388349,-14.2487472007915,"kN m/m","DE"
"biaxial-normal","Estado biaxial uniforme","Acciones prescritas","Carga exclusivamente normal","M",192,1.65576311839684,94.868238557559,-14.2084316378776,"kN m/m","DE"
"biaxial-normal","Estado biaxial uniforme","Acciones prescritas","Carga exclusivamente normal","M",193,1.66447766112524,95.367545076283,-14.1638018042085,"kN m/m","DE"
"biaxial-normal","Estado biaxial uniforme","Acciones prescritas","Carga exclusivamente normal","M",194,1.67319220385365,95.8668515950069,-14.1148712567803,"kN m/m","DE"
"biaxial-normal","Estado biaxial uniforme","Acciones prescritas","Carga exclusivamente normal","M",195,1.68190674658205,96.3661581137309,-14.0616548589971,"kN m/m","DE"
"biaxial-normal","Estado biaxial uniforme","Acciones prescritas","Carga exclusivamente normal","M",196,1.69062128931046,96.8654646324549,-14.0041687761553,"kN m/m","DE"
"biaxial-normal","Estado biaxial uniforme","Acciones prescritas","Carga exclusivamente normal","M",197,1.69933583203886,97.3647711511789,-13.942430470534,"kN m/m","DE"
"biaxial-normal","Estado biaxial uniforme","Acciones prescritas","Carga exclusivamente normal","M",198,1.70805037476727,97.8640776699029,-13.8764586960899,"kN m/m","DE"
"biaxial-normal","Estado biaxial uniforme","Acciones prescritas","Carga exclusivamente normal","M",199,1.71676491749567,98.3633841886269,-13.8062734927608,"kN m/m","DE"
"biaxial-normal","Estado biaxial uniforme","Acciones prescritas","Carga exclusivamente normal","M",200,1.72547946022408,98.8626907073509,-13.7318961803782,"kN m/m","DE"
"biaxial-normal","Estado biaxial uniforme","Acciones prescritas","Carga exclusivamente normal","M",201,1.73419400295248,99.3619972260749,-13.653349352191,"kN m/m","DE"
"biaxial-normal","Estado biaxial uniforme","Acciones prescritas","Carga exclusivamente normal","M",202,1.74290854568088,99.8613037447989,-13.5706568680024,"kN m/m","DE"
"biaxial-normal","Estado biaxial uniforme","Acciones prescritas","Carga exclusivamente normal","M",203,1.75162308840929,100.360610263523,-13.4838438469221,"kN m/m","DE"
"biaxial-normal","Estado biaxial uniforme","Acciones prescritas","Carga exclusivamente normal","M",204,1.76033763113769,100.859916782247,-13.3929366597361,"kN m/m","DE"
"biaxial-normal","Estado biaxial uniforme","Acciones prescritas","Carga exclusivamente normal","M",205,1.7690521738661,101.359223300971,-13.2979629208961,"kN m/m","DE"
"biaxial-normal","Estado biaxial uniforme","Acciones prescritas","Carga exclusivamente normal","M",206,1.7777667165945,101.858529819695,-13.1989514801313,"kN m/m","DE"
"biaxial-normal","Estado biaxial uniforme","Acciones prescritas","Carga exclusivamente normal","M",207,1.78648125932291,102.357836338419,-13.0959324136847,"kN m/m","DE"
"biaxial-normal","Estado biaxial uniforme","Acciones prescritas","Carga exclusivamente normal","M",208,1.79519580205131,102.857142857143,-12.9889370151769,"kN m/m","DE"
"biaxial-normal","Estado biaxial uniforme","Acciones prescritas","Carga exclusivamente normal","M",209,1.80391034477971,103.356449375867,-12.8779977861006,"kN m/m","DE"
"biaxial-normal","Estado biaxial uniforme","Acciones prescritas","Carga exclusivamente normal","M",210,1.81262488750812,103.855755894591,-12.7631484259473,"kN m/m","DE"
"biaxial-normal","Estado biaxial uniforme","Acciones prescritas","Carga exclusivamente normal","M",211,1.82133943023652,104.355062413315,-12.6444238219707,"kN m/m","DE"
"biaxial-normal","Estado biaxial uniforme","Acciones prescritas","Carga exclusivamente normal","M",212,1.83005397296493,104.854368932039,-12.5218600385894,"kN m/m","DE"
"biaxial-normal","Estado biaxial uniforme","Acciones prescritas","Carga exclusivamente normal","M",213,1.83876851569333,105.353675450763,-12.3954943064316,"kN m/m","DE"
"biaxial-normal","Estado biaxial uniforme","Acciones prescritas","Carga exclusivamente normal","M",214,1.84748305842174,105.852981969487,-12.2653650110254,"kN m/m","DE"
"biaxial-normal","Estado biaxial uniforme","Acciones prescritas","Carga exclusivamente normal","M",215,1.85619760115014,106.352288488211,-12.1315116811394,"kN m/m","DE"
"biaxial-normal","Estado biaxial uniforme","Acciones prescritas","Carga exclusivamente normal","M",216,1.86491214387855,106.851595006935,-11.9939749767745,"kN m/m","DE"
"biaxial-normal","Estado biaxial uniforme","Acciones prescritas","Carga exclusivamente normal","M",217,1.87362668660695,107.350901525659,-11.852796676813,"kN m/m","DE"
"biaxial-normal","Estado biaxial uniforme","Acciones prescritas","Carga exclusivamente normal","M",218,1.88234122933535,107.850208044383,-11.7080196663279,"kN m/m","DE"
"biaxial-normal","Estado biaxial uniforme","Acciones prescritas","Carga exclusivamente normal","M",219,1.89105577206376,108.349514563107,-11.5596879235555,"kN m/m","DE"
"biaxial-normal","Estado biaxial uniforme","Acciones prescritas","Carga exclusivamente normal","M",220,1.89977031479216,108.848821081831,-11.4078465065367,"kN m/m","DE"
"biaxial-normal","Estado biaxial uniforme","Acciones prescritas","Carga exclusivamente normal","M",221,1.90848485752057,109.348127600555,-11.2525415394296,"kN m/m","DE"
"biaxial-normal","Estado biaxial uniforme","Acciones prescritas","Carga exclusivamente normal","M",222,1.91719940024897,109.847434119279,-11.0938201984987,"kN m/m","DE"
"biaxial-normal","Estado biaxial uniforme","Acciones prescritas","Carga exclusivamente normal","M",223,1.92591394297738,110.346740638003,-10.9317306977847,"kN m/m","DE"
"biaxial-normal","Estado biaxial uniforme","Acciones prescritas","Carga exclusivamente normal","M",224,1.93462848570578,110.846047156727,-10.7663222744583,"kN m/m","DE"
"biaxial-normal","Estado biaxial uniforme","Acciones prescritas","Carga exclusivamente normal","M",225,1.94334302843419,111.345353675451,-10.5976451738636,"kN m/m","DE"
"biaxial-normal","Estado biaxial uniforme","Acciones prescritas","Carga exclusivamente normal","M",226,1.95205757116259,111.844660194175,-10.425750634256,"kN m/m","DE"
"biaxial-normal","Estado biaxial uniforme","Acciones prescritas","Carga exclusivamente normal","M",227,1.96077211389099,112.343966712899,-10.2506908712369,"kN m/m","DE"
"biaxial-normal","Estado biaxial uniforme","Acciones prescritas","Carga exclusivamente normal","M",228,1.9694866566194,112.843273231623,-10.072519061893,"kN m/m","DE"
"biaxial-normal","Estado biaxial uniforme","Acciones prescritas","Carga exclusivamente normal","M",229,1.9782011993478,113.342579750347,-9.89128932864287,"kN m/m","DE"
"biaxial-normal","Estado biaxial uniforme","Acciones prescritas","Carga exclusivamente normal","M",230,1.98691574207621,113.841886269071,-9.7070567227962,"kN m/m","DE"
"biaxial-normal","Estado biaxial uniforme","Acciones prescritas","Carga exclusivamente normal","M",231,1.99563028480461,114.341192787795,-9.51987720783132,"kN m/m","DE"
"biaxial-normal","Estado biaxial uniforme","Acciones prescritas","Carga exclusivamente normal","M",232,2.00434482753302,114.840499306519,-9.32980764239539,"kN m/m","DE"
"biaxial-normal","Estado biaxial uniforme","Acciones prescritas","Carga exclusivamente normal","M",233,2.01305937026142,115.339805825243,-9.1369057630327,"kN m/m","DE"
"biaxial-normal","Estado biaxial uniforme","Acciones prescritas","Carga exclusivamente normal","M",234,2.02177391298983,115.839112343967,-8.94123016664632,"kN m/m","DE"
"biaxial-normal","Estado biaxial uniforme","Acciones prescritas","Carga exclusivamente normal","M",235,2.03048845571823,116.338418862691,-8.74284029269835,"kN m/m","DE"
"biaxial-normal","Estado biaxial uniforme","Acciones prescritas","Carga exclusivamente normal","M",236,2.03920299844663,116.837725381415,-8.54179640515437,"kN m/m","DE"
"biaxial-normal","Estado biaxial uniforme","Acciones prescritas","Carga exclusivamente normal","M",237,2.04791754117504,117.337031900139,-8.33815957417723,"kN m/m","DE"
"biaxial-normal","Estado biaxial uniforme","Acciones prescritas","Carga exclusivamente normal","M",238,2.05663208390344,117.836338418863,-8.13199165757612,"kN m/m","DE"
"biaxial-normal","Estado biaxial uniforme","Acciones prescritas","Carga exclusivamente normal","M",239,2.06534662663185,118.335644937587,-7.92335528201628,"kN m/m","DE"
"biaxial-normal","Estado biaxial uniforme","Acciones prescritas","Carga exclusivamente normal","M",240,2.07406116936025,118.834951456311,-7.71231382399519,"kN m/m","DE"
"biaxial-normal","Estado biaxial uniforme","Acciones prescritas","Carga exclusivamente normal","M",241,2.08277571208866,119.334257975035,-7.49893139059103,"kN m/m","DE"
"biaxial-normal","Estado biaxial uniforme","Acciones prescritas","Carga exclusivamente normal","M",242,2.09149025481706,119.833564493759,-7.28327279998909,"kN m/m","DE"
"biaxial-normal","Estado biaxial uniforme","Acciones prescritas","Carga exclusivamente normal","M",243,2.10020479754546,120.332871012483,-7.06540356179238,"kN m/m","DE"
"biaxial-normal","Estado biaxial uniforme","Acciones prescritas","Carga exclusivamente normal","M",244,2.10891934027387,120.832177531207,-6.84538985712191,"kN m/m","DE"
"biaxial-normal","Estado biaxial uniforme","Acciones prescritas","Carga exclusivamente normal","M",245,2.11763388300227,121.331484049931,-6.62329851851335,"kN m/m","DE"
"biaxial-normal","Estado biaxial uniforme","Acciones prescritas","Carga exclusivamente normal","M",246,2.12634842573068,121.830790568655,-6.39919700961547,"kN m/m","DE"
"biaxial-normal","Estado biaxial uniforme","Acciones prescritas","Carga exclusivamente normal","M",247,2.13506296845908,122.330097087379,-6.17315340469709,"kN m/m","DE"
"biaxial-normal","Estado biaxial uniforme","Acciones prescritas","Carga exclusivamente normal","M",248,2.14377751118749,122.829403606103,-5.94523636796847,"kN m/m","DE"
"biaxial-normal","Estado biaxial uniforme","Acciones prescritas","Carga exclusivamente normal","M",249,2.15249205391589,123.328710124827,-5.71551513272353,"kN m/m","DE"
"biaxial-normal","Estado biaxial uniforme","Acciones prescritas","Carga exclusivamente normal","M",250,2.1612065966443,123.828016643551,-5.4840594803091,"kN m/m","DE"
"biaxial-normal","Estado biaxial uniforme","Acciones prescritas","Carga exclusivamente normal","M",251,2.1699211393727,124.327323162275,-5.25093971892784,"kN m/m","DE"
"biaxial-normal","Estado biaxial uniforme","Acciones prescritas","Carga exclusivamente normal","M",252,2.1786356821011,124.826629680999,-5.01622666228104,"kN m/m","DE"
"biaxial-normal","Estado biaxial uniforme","Acciones prescritas","Carga exclusivamente normal","M",253,2.18735022482951,125.325936199723,-4.77999160805782,"kN m/m","DE"
"biaxial-normal","Estado biaxial uniforme","Acciones prescritas","Carga exclusivamente normal","M",254,2.19606476755791,125.825242718447,-4.54230631627741,"kN m/m","DE"
"biaxial-normal","Estado biaxial uniforme","Acciones prescritas","Carga exclusivamente normal","M",255,2.20477931028632,126.324549237171,-4.30324298749093,"kN m/m","DE"
"biaxial-normal","Estado biaxial uniforme","Acciones prescritas","Carga exclusivamente normal","M",256,2.21349385301472,126.823855755895,-4.06287424084936,"kN m/m","DE"
"biaxial-normal","Estado biaxial uniforme","Acciones prescritas","Carga exclusivamente normal","M",257,2.22220839574313,127.323162274619,-3.82127309204437,"kN m/m","DE"
"biaxial-normal","Estado biaxial uniforme","Acciones prescritas","Carga exclusivamente normal","M",258,2.23092293847153,127.822468793343,-3.57851293112868,"kN m/m","DE"
"biaxial-normal","Estado biaxial uniforme","Acciones prescritas","Carga exclusivamente normal","M",259,2.23963748119994,128.321775312067,-3.33466750022271,"kN m/m","DE"
"biaxial-normal","Estado biaxial uniforme","Acciones prescritas","Carga exclusivamente normal","M",260,2.24835202392834,128.821081830791,-3.08981087111426,"kN m/m","DE"
"biaxial-normal","Estado biaxial uniforme","Acciones prescritas","Carga exclusivamente normal","M",261,2.25706656665674,129.320388349515,-2.8440174227581,"kN m/m","DE"
"biaxial-normal","Estado biaxial uniforme","Acciones prescritas","Carga exclusivamente normal","M",262,2.26578110938515,129.819694868239,-2.59736181868223,"kN m/m","DE"
"biaxial-normal","Estado biaxial uniforme","Acciones prescritas","Carga exclusivamente normal","M",263,2.27449565211355,130.319001386963,-2.34991898430762,"kN m/m","DE"
"biaxial-normal","Estado biaxial uniforme","Acciones prescritas","Carga exclusivamente normal","M",264,2.28321019484196,130.818307905687,-2.10176408418854,"kN m/m","DE"
"biaxial-normal","Estado biaxial uniforme","Acciones prescritas","Carga exclusivamente normal","M",265,2.29192473757036,131.317614424411,-1.85297249918014,"kN m/m","DE"
"biaxial-normal","Estado biaxial uniforme","Acciones prescritas","Carga exclusivamente normal","M",266,2.30063928029877,131.816920943135,-1.60361980354038,"kN m/m","DE"
"biaxial-normal","Estado biaxial uniforme","Acciones prescritas","Carga exclusivamente normal","M",267,2.30935382302717,132.316227461859,-1.35378174197315,"kN m/m","DE"
"biaxial-normal","Estado biaxial uniforme","Acciones prescritas","Carga exclusivamente normal","M",268,2.31806836575558,132.815533980583,-1.1035342066197,"kN m/m","DE"
"biaxial-normal","Estado biaxial uniforme","Acciones prescritas","Carga exclusivamente normal","M",269,2.32678290848398,133.314840499307,-0.85295321400521,"kN m/m","DE"
"biaxial-normal","Estado biaxial uniforme","Acciones prescritas","Carga exclusivamente normal","M",270,2.33549745121238,133.814147018031,-0.602114881947604,"kN m/m","DE"
"biaxial-normal","Estado biaxial uniforme","Acciones prescritas","Carga exclusivamente normal","M",271,2.34421199394079,134.313453536755,-0.351095406435648,"kN m/m","DE"
"biaxial-normal","Estado biaxial uniforme","Acciones prescritas","Carga exclusivamente normal","M",272,2.35292653666919,134.812760055478,-0.0999710384831714,"kN m/m","DE"
"biaxial-normal","Estado biaxial uniforme","Acciones prescritas","Carga exclusivamente normal","M",273,2.35619449019234,135,-0.00578792685561127,"kN m/m","DE"
"biaxial-normal","Estado biaxial uniforme","Acciones prescritas","Carga exclusivamente normal","M",274,2.3616410793976,135.312066574203,0.151181939033299,"kN m/m","DE"
"biaxial-normal","Estado biaxial uniforme","Acciones prescritas","Carga exclusivamente normal","M",275,2.370355622126,135.811373092926,0.402287234546654,"kN m/m","DE"
"biaxial-normal","Estado biaxial uniforme","Acciones prescritas","Carga exclusivamente normal","M",276,2.37907016485441,136.31067961165,0.653268570973887,"kN m/m","DE"
"biaxial-normal","Estado biaxial uniforme","Acciones prescritas","Carga exclusivamente normal","M",277,2.38778470758281,136.809986130374,0.904049708886501,"kN m/m","DE"
"biaxial-normal","Estado biaxial uniforme","Acciones prescritas","Carga exclusivamente normal","M",278,2.39649925031122,137.309292649098,1.15455446966936,"kN m/m","DE"
"biaxial-normal","Estado biaxial uniforme","Acciones prescritas","Carga exclusivamente normal","M",279,2.40521379303962,137.808599167822,1.4047067586611,"kN m/m","DE"
"biaxial-normal","Estado biaxial uniforme","Acciones prescritas","Carga exclusivamente normal","M",280,2.41392833576802,138.307905686546,1.65443058826909,"kN m/m","DE"
"biaxial-normal","Estado biaxial uniforme","Acciones prescritas","Carga exclusivamente normal","M",281,2.42264287849643,138.80721220527,1.90365010105181,"kN m/m","DE"
"biaxial-normal","Estado biaxial uniforme","Acciones prescritas","Carga exclusivamente normal","M",282,2.43135742122483,139.306518723994,2.15228959276166,"kN m/m","DE"
"biaxial-normal","Estado biaxial uniforme","Acciones prescritas","Carga exclusivamente normal","M",283,2.44007196395324,139.805825242718,2.40027353534138,"kN m/m","DE"
"biaxial-normal","Estado biaxial uniforme","Acciones prescritas","Carga exclusivamente normal","M",284,2.44878650668164,140.305131761442,2.64752659986679,"kN m/m","DE"
"biaxial-normal","Estado biaxial uniforme","Acciones prescritas","Carga exclusivamente normal","M",285,2.45750104941005,140.804438280166,2.89397367942912,"kN m/m","DE"
"biaxial-normal","Estado biaxial uniforme","Acciones prescritas","Carga exclusivamente normal","M",286,2.46621559213845,141.30374479889,3.13953991194992,"kN m/m","DE"
"biaxial-normal","Estado biaxial uniforme","Acciones prescritas","Carga exclusivamente normal","M",287,2.47493013486686,141.803051317614,3.38415070292148,"kN m/m","DE"
"biaxial-normal","Estado biaxial uniforme","Acciones prescritas","Carga exclusivamente normal","M",288,2.48364467759526,142.302357836338,3.62773174806614,"kN m/m","DE"
"biaxial-normal","Estado biaxial uniforme","Acciones prescritas","Carga exclusivamente normal","M",289,2.49235922032366,142.801664355062,3.87020905590732,"kN m/m","DE"
"biaxial-normal","Estado biaxial uniforme","Acciones prescritas","Carga exclusivamente normal","M",290,2.50107376305207,143.300970873786,4.11150897024557,"kN m/m","DE"
"biaxial-normal","Estado biaxial uniforme","Acciones prescritas","Carga exclusivamente normal","M",291,2.50978830578047,143.80027739251,4.35155819253273,"kN m/m","DE"
"biaxial-normal","Estado biaxial uniforme","Acciones prescritas","Carga exclusivamente normal","M",292,2.51850284850888,144.299583911234,4.59028380413758,"kN m/m","DE"
"biaxial-normal","Estado biaxial uniforme","Acciones prescritas","Carga exclusivamente normal","M",293,2.52721739123728,144.798890429958,4.82761328849589,"kN m/m","DE"
"biaxial-normal","Estado biaxial uniforme","Acciones prescritas","Carga exclusivamente normal","M",294,2.53593193396569,145.298196948682,5.0634745531385,"kN m/m","DE"
"biaxial-normal","Estado biaxial uniforme","Acciones prescritas","Carga exclusivamente normal","M",295,2.54464647669409,145.797503467406,5.29779595159051,"kN m/m","DE"
"biaxial-normal","Estado biaxial uniforme","Acciones prescritas","Carga exclusivamente normal","M",296,2.55336101942249,146.29680998613,5.53050630513496,"kN m/m","DE"
"biaxial-normal","Estado biaxial uniforme","Acciones prescritas","Carga exclusivamente normal","M",297,2.5620755621509,146.796116504854,5.76153492443451,"kN m/m","DE"
"biaxial-normal","Estado biaxial uniforme","Acciones prescritas","Carga exclusivamente normal","M",298,2.5707901048793,147.295423023578,5.99081163100432,"kN m/m","DE"
"biaxial-normal","Estado biaxial uniforme","Acciones prescritas","Carga exclusivamente normal","M",299,2.57950464760771,147.794729542302,6.21826677852997,"kN m/m","DE"
"biaxial-normal","Estado biaxial uniforme","Acciones prescritas","Carga exclusivamente normal","M",300,2.58821919033611,148.294036061026,6.44383127402345,"kN m/m","DE"
"biaxial-normal","Estado biaxial uniforme","Acciones prescritas","Carga exclusivamente normal","M",301,2.59693373306452,148.79334257975,6.66743659881135,"kN m/m","DE"
"biaxial-normal","Estado biaxial uniforme","Acciones prescritas","Carga exclusivamente normal","M",302,2.60564827579292,149.292649098474,6.88901482934837,"kN m/m","DE"
"biaxial-normal","Estado biaxial uniforme","Acciones prescritas","Carga exclusivamente normal","M",303,2.61436281852133,149.791955617198,7.10849865785017,"kN m/m","DE"
"biaxial-normal","Estado biaxial uniforme","Acciones prescritas","Carga exclusivamente normal","M",304,2.62307736124973,150.291262135922,7.32582141273913,"kN m/m","DE"
"biaxial-normal","Estado biaxial uniforme","Acciones prescritas","Carga exclusivamente normal","M",305,2.63179190397813,150.790568654646,7.54091707889688,"kN m/m","DE"
"biaxial-normal","Estado biaxial uniforme","Acciones prescritas","Carga exclusivamente normal","M",306,2.64050644670654,151.28987517337,7.75372031771737,"kN m/m","DE"
"biaxial-normal","Estado biaxial uniforme","Acciones prescritas","Carga exclusivamente normal","M",307,2.64922098943494,151.789181692094,7.96416648695454,"kN m/m","DE"
"biaxial-normal","Estado biaxial uniforme","Acciones prescritas","Carga exclusivamente normal","M",308,2.65793553216335,152.288488210818,8.1721916603583,"kN m/m","DE"
"biaxial-normal","Estado biaxial uniforme","Acciones prescritas","Carga exclusivamente normal","M",309,2.66665007489175,152.787794729542,8.37773264709319,"kN m/m","DE"
"biaxial-normal","Estado biaxial uniforme","Acciones prescritas","Carga exclusivamente normal","M",310,2.67536461762016,153.287101248266,8.58072701093352,"kN m/m","DE"
"biaxial-normal","Estado biaxial uniforme","Acciones prescritas","Carga exclusivamente normal","M",311,2.68407916034856,153.78640776699,8.78111308922935,"kN m/m","DE"
"biaxial-normal","Estado biaxial uniforme","Acciones prescritas","Carga exclusivamente normal","M",312,2.69279370307697,154.285714285714,8.97883001163746,"kN m/m","DE"
"biaxial-normal","Estado biaxial uniforme","Acciones prescritas","Carga exclusivamente normal","M",313,2.70150824580537,154.785020804438,9.17381771861165,"kN m/m","DE"
"biaxial-normal","Estado biaxial uniforme","Acciones prescritas","Carga exclusivamente normal","M",314,2.71022278853377,155.284327323162,9.36601697964675,"kN m/m","DE"
"biaxial-normal","Estado biaxial uniforme","Acciones prescritas","Carga exclusivamente normal","M",315,2.71893733126218,155.783633841886,9.55536941127077,"kN m/m","DE"
"biaxial-normal","Estado biaxial uniforme","Acciones prescritas","Carga exclusivamente normal","M",316,2.72765187399058,156.28294036061,9.74181749477984,"kN m/m","DE"
"biaxial-normal","Estado biaxial uniforme","Acciones prescritas","Carga exclusivamente normal","M",317,2.73636641671899,156.782246879334,9.9253045937103,"kN m/m","DE"
"biaxial-normal","Estado biaxial uniforme","Acciones prescritas","Carga exclusivamente normal","M",318,2.74508095944739,157.281553398058,10.105774971043,"kN m/m","DE"
"biaxial-normal","Estado biaxial uniforme","Acciones prescritas","Carga exclusivamente normal","M",319,2.7537955021758,157.780859916782,10.2831738061342,"kN m/m","DE"
"biaxial-normal","Estado biaxial uniforme","Acciones prescritas","Carga exclusivamente normal","M",320,2.7625100449042,158.280166435506,10.4574472113681,"kN m/m","DE"
"biaxial-normal","Estado biaxial uniforme","Acciones prescritas","Carga exclusivamente normal","M",321,2.77122458763261,158.77947295423,10.6285422485263,"kN m/m","DE"
"biaxial-normal","Estado biaxial uniforme","Acciones prescritas","Carga exclusivamente normal","M",322,2.77993913036101,159.278779472954,10.7964069448685,"kN m/m","DE"
"biaxial-normal","Estado biaxial uniforme","Acciones prescritas","Carga exclusivamente normal","M",323,2.78865367308941,159.778085991678,10.9609903089196,"kN m/m","DE"
"biaxial-normal","Estado biaxial uniforme","Acciones prescritas","Carga exclusivamente normal","M",324,2.79736821581782,160.277392510402,11.1222423459597,"kN m/m","DE"
"biaxial-normal","Estado biaxial uniforme","Acciones prescritas","Carga exclusivamente normal","M",325,2.80608275854622,160.776699029126,11.2801140732107,"kN m/m","DE"
"biaxial-normal","Estado biaxial uniforme","Acciones prescritas","Carga exclusivamente normal","M",326,2.81479730127463,161.27600554785,11.4345575347151,"kN m/m","DE"
"biaxial-normal","Estado biaxial uniforme","Acciones prescritas","Carga exclusivamente normal","M",327,2.82351184400303,161.775312066574,11.5855258159039,"kN m/m","DE"
"biaxial-normal","Estado biaxial uniforme","Acciones prescritas","Carga exclusivamente normal","M",328,2.83222638673144,162.274618585298,11.7329730578473,"kN m/m","DE"
"biaxial-normal","Estado biaxial uniforme","Acciones prescritas","Carga exclusivamente normal","M",329,2.84094092945984,162.773925104022,11.8768544711853,"kN m/m","DE"
"biaxial-normal","Estado biaxial uniforme","Acciones prescritas","Carga exclusivamente normal","M",330,2.84965547218825,163.273231622746,12.0171263497327,"kN m/m","DE"
"biaxial-normal","Estado biaxial uniforme","Acciones prescritas","Carga exclusivamente normal","M",331,2.85837001491665,163.77253814147,12.1537460837561,"kN m/m","DE"
"biaxial-normal","Estado biaxial uniforme","Acciones prescritas","Carga exclusivamente normal","M",332,2.86708455764505,164.271844660194,12.2866721729169,"kN m/m","DE"
"biaxial-normal","Estado biaxial uniforme","Acciones prescritas","Carga exclusivamente normal","M",333,2.87579910037346,164.771151178918,12.4158642388777,"kN m/m","DE"
"biaxial-normal","Estado biaxial uniforme","Acciones prescritas","Carga exclusivamente normal","M",334,2.88451364310186,165.270457697642,12.541283037568,"kN m/m","DE"
"biaxial-normal","Estado biaxial uniforme","Acciones prescritas","Carga exclusivamente normal","M",335,2.89322818583027,165.769764216366,12.662890471105,"kN m/m","DE"
"biaxial-normal","Estado biaxial uniforme","Acciones prescritas","Carga exclusivamente normal","M",336,2.90194272855867,166.26907073509,12.7806495993665,"kN m/m","DE"
"biaxial-normal","Estado biaxial uniforme","Acciones prescritas","Carga exclusivamente normal","M",337,2.91065727128708,166.768377253814,12.894524651212,"kN m/m","DE"
"biaxial-normal","Estado biaxial uniforme","Acciones prescritas","Carga exclusivamente normal","M",338,2.91937181401548,167.267683772538,13.0044810353488,"kN m/m","DE"
"biaxial-normal","Estado biaxial uniforme","Acciones prescritas","Carga exclusivamente normal","M",339,2.92808635674389,167.766990291262,13.1104853508397,"kN m/m","DE"
"biaxial-normal","Estado biaxial uniforme","Acciones prescritas","Carga exclusivamente normal","M",340,2.93680089947229,168.266296809986,13.2125053972486,"kN m/m","DE"
"biaxial-normal","Estado biaxial uniforme","Acciones prescritas","Carga exclusivamente normal","M",341,2.94551544220069,168.76560332871,13.3105101844225,"kN m/m","DE"
"biaxial-normal","Estado biaxial uniforme","Acciones prescritas","Carga exclusivamente normal","M",342,2.9542299849291,169.264909847434,13.404469941905,"kN m/m","DE"
"biaxial-normal","Estado biaxial uniforme","Acciones prescritas","Carga exclusivamente normal","M",343,2.9629445276575,169.764216366158,13.4943561279792,"kN m/m","DE"
"biaxial-normal","Estado biaxial uniforme","Acciones prescritas","Carga exclusivamente normal","M",344,2.97165907038591,170.263522884882,13.5801414383381,"kN m/m","DE"
"biaxial-normal","Estado biaxial uniforme","Acciones prescritas","Carga exclusivamente normal","M",345,2.98037361311431,170.762829403606,13.6617998143788,"kN m/m","DE"
"biaxial-normal","Estado biaxial uniforme","Acciones prescritas","Carga exclusivamente normal","M",346,2.98908815584272,171.26213592233,13.7393064511175,"kN m/m","DE"
"biaxial-normal","Estado biaxial uniforme","Acciones prescritas","Carga exclusivamente normal","M",347,2.99780269857112,171.761442441054,13.8126378047252,"kN m/m","DE"
"biaxial-normal","Estado biaxial uniforme","Acciones prescritas","Carga exclusivamente normal","M",348,3.00651724129952,172.260748959778,13.8817715996791,"kN m/m","DE"
"biaxial-normal","Estado biaxial uniforme","Acciones prescritas","Carga exclusivamente normal","M",349,3.01523178402793,172.760055478502,13.9466868355291,"kN m/m","DE"
"biaxial-normal","Estado biaxial uniforme","Acciones prescritas","Carga exclusivamente normal","M",350,3.02394632675633,173.259361997226,14.0073637932771,"kN m/m","DE"
"biaxial-normal","Estado biaxial uniforme","Acciones prescritas","Carga exclusivamente normal","M",351,3.03266086948474,173.75866851595,14.0637840413672,"kN m/m","DE"
"biaxial-normal","Estado biaxial uniforme","Acciones prescritas","Carga exclusivamente normal","M",352,3.04137541221314,174.257975034674,14.1159304412839,"kN m/m","DE"
"biaxial-normal","Estado biaxial uniforme","Acciones prescritas","Carga exclusivamente normal","M",353,3.05008995494155,174.757281553398,14.163787152759,"kN m/m","DE"
"biaxial-normal","Estado biaxial uniforme","Acciones prescritas","Carga exclusivamente normal","M",354,3.05880449766995,175.256588072122,14.2073396385826,"kN m/m","DE"
"biaxial-normal","Estado biaxial uniforme","Acciones prescritas","Carga exclusivamente normal","M",355,3.06751904039836,175.755894590846,14.2465746690195,"kN m/m","DE"
"biaxial-normal","Estado biaxial uniforme","Acciones prescritas","Carga exclusivamente normal","M",356,3.07623358312676,176.25520110957,14.2814803258277,"kN m/m","DE"
"biaxial-normal","Estado biaxial uniforme","Acciones prescritas","Carga exclusivamente normal","M",357,3.08494812585516,176.754507628294,14.3120460058789,"kN m/m","DE"
"biaxial-normal","Estado biaxial uniforme","Acciones prescritas","Carga exclusivamente normal","M",358,3.09366266858357,177.253814147018,14.3382624243792,"kN m/m","DE"
"biaxial-normal","Estado biaxial uniforme","Acciones prescritas","Carga exclusivamente normal","M",359,3.10237721131197,177.753120665742,14.3601216176896,"kN m/m","DE"
"biaxial-normal","Estado biaxial uniforme","Acciones prescritas","Carga exclusivamente normal","M",360,3.11109175404038,178.252427184466,14.377616945745,"kN m/m","DE"
"biaxial-normal","Estado biaxial uniforme","Acciones prescritas","Carga exclusivamente normal","M",361,3.11980629676878,178.75173370319,14.3907430940712,"kN m/m","DE"
"biaxial-normal","Estado biaxial uniforme","Acciones prescritas","Carga exclusivamente normal","M",362,3.12852083949719,179.251040221914,14.3994960753996,"kN m/m","DE"
"biaxial-normal","Estado biaxial uniforme","Acciones prescritas","Carga exclusivamente normal","M",363,3.13723538222559,179.750346740638,14.4038732308778,"kN m/m","DE"
"biaxial-normal","Estado biaxial uniforme","Acciones prescritas","Carga exclusivamente normal","M",364,3.14159265358979,180,14.4044204064777,"kN m/m","DE"
"biaxial-normal","Estado biaxial uniforme","Acciones prescritas","Carga exclusivamente normal","M",365,3.145949924954,180.249653259362,14.4038732308778,"kN m/m","DE"
"biaxial-normal","Estado biaxial uniforme","Acciones prescritas","Carga exclusivamente normal","M",366,3.1546644676824,180.748959778086,14.3994960753996,"kN m/m","DE"
"biaxial-normal","Estado biaxial uniforme","Acciones prescritas","Carga exclusivamente normal","M",367,3.1633790104108,181.24826629681,14.3907430940712,"kN m/m","DE"
"biaxial-normal","Estado biaxial uniforme","Acciones prescritas","Carga exclusivamente normal","M",368,3.17209355313921,181.747572815534,14.377616945745,"kN m/m","DE"
"biaxial-normal","Estado biaxial uniforme","Acciones prescritas","Carga exclusivamente normal","M",369,3.18080809586761,182.246879334258,14.3601216176896,"kN m/m","DE"
"biaxial-normal","Estado biaxial uniforme","Acciones prescritas","Carga exclusivamente normal","M",370,3.18952263859602,182.746185852982,14.3382624243792,"kN m/m","DE"
"biaxial-normal","Estado biaxial uniforme","Acciones prescritas","Carga exclusivamente normal","M",371,3.19823718132442,183.245492371706,14.3120460058789,"kN m/m","DE"
"biaxial-normal","Estado biaxial uniforme","Acciones prescritas","Carga exclusivamente normal","M",372,3.20695172405283,183.74479889043,14.2814803258277,"kN m/m","DE"
"biaxial-normal","Estado biaxial uniforme","Acciones prescritas","Carga exclusivamente normal","M",373,3.21566626678123,184.244105409154,14.2465746690195,"kN m/m","DE"
"biaxial-normal","Estado biaxial uniforme","Acciones prescritas","Carga exclusivamente normal","M",374,3.22438080950963,184.743411927878,14.2073396385826,"kN m/m","DE"
"biaxial-normal","Estado biaxial uniforme","Acciones prescritas","Carga exclusivamente normal","M",375,3.23309535223804,185.242718446602,14.163787152759,"kN m/m","DE"
"biaxial-normal","Estado biaxial uniforme","Acciones prescritas","Carga exclusivamente normal","M",376,3.24180989496644,185.742024965326,14.1159304412839,"kN m/m","DE"
"biaxial-normal","Estado biaxial uniforme","Acciones prescritas","Carga exclusivamente normal","M",377,3.25052443769485,186.24133148405,14.0637840413672,"kN m/m","DE"
"biaxial-normal","Estado biaxial uniforme","Acciones prescritas","Carga exclusivamente normal","M",378,3.25923898042325,186.740638002774,14.0073637932771,"kN m/m","DE"
"biaxial-normal","Estado biaxial uniforme","Acciones prescritas","Carga exclusivamente normal","M",379,3.26795352315166,187.239944521498,13.9466868355291,"kN m/m","DE"
"biaxial-normal","Estado biaxial uniforme","Acciones prescritas","Carga exclusivamente normal","M",380,3.27666806588006,187.739251040222,13.8817715996791,"kN m/m","DE"
"biaxial-normal","Estado biaxial uniforme","Acciones prescritas","Carga exclusivamente normal","M",381,3.28538260860847,188.238557558946,13.8126378047252,"kN m/m","DE"
"biaxial-normal","Estado biaxial uniforme","Acciones prescritas","Carga exclusivamente normal","M",382,3.29409715133687,188.73786407767,13.7393064511175,"kN m/m","DE"
"biaxial-normal","Estado biaxial uniforme","Acciones prescritas","Carga exclusivamente normal","M",383,3.30281169406527,189.237170596394,13.6617998143788,"kN m/m","DE"
"biaxial-normal","Estado biaxial uniforme","Acciones prescritas","Carga exclusivamente normal","M",384,3.31152623679368,189.736477115118,13.5801414383381,"kN m/m","DE"
"biaxial-normal","Estado biaxial uniforme","Acciones prescritas","Carga exclusivamente normal","M",385,3.32024077952208,190.235783633842,13.4943561279792,"kN m/m","DE"
"biaxial-normal","Estado biaxial uniforme","Acciones prescritas","Carga exclusivamente normal","M",386,3.32895532225049,190.735090152566,13.404469941905,"kN m/m","DE"
"biaxial-normal","Estado biaxial uniforme","Acciones prescritas","Carga exclusivamente normal","M",387,3.33766986497889,191.23439667129,13.3105101844225,"kN m/m","DE"
"biaxial-normal","Estado biaxial uniforme","Acciones prescritas","Carga exclusivamente normal","M",388,3.3463844077073,191.733703190014,13.2125053972486,"kN m/m","DE"
"biaxial-normal","Estado biaxial uniforme","Acciones prescritas","Carga exclusivamente normal","M",389,3.3550989504357,192.233009708738,13.1104853508397,"kN m/m","DE"
"biaxial-normal","Estado biaxial uniforme","Acciones prescritas","Carga exclusivamente normal","M",390,3.36381349316411,192.732316227462,13.0044810353489,"kN m/m","DE"
"biaxial-normal","Estado biaxial uniforme","Acciones prescritas","Carga exclusivamente normal","M",391,3.37252803589251,193.231622746186,12.894524651212,"kN m/m","DE"
"biaxial-normal","Estado biaxial uniforme","Acciones prescritas","Carga exclusivamente normal","M",392,3.38124257862091,193.73092926491,12.7806495993665,"kN m/m","DE"
"biaxial-normal","Estado biaxial uniforme","Acciones prescritas","Carga exclusivamente normal","M",393,3.38995712134932,194.230235783634,12.662890471105,"kN m/m","DE"
"biaxial-normal","Estado biaxial uniforme","Acciones prescritas","Carga exclusivamente normal","M",394,3.39867166407772,194.729542302358,12.541283037568,"kN m/m","DE"
"biaxial-normal","Estado biaxial uniforme","Acciones prescritas","Carga exclusivamente normal","M",395,3.40738620680613,195.228848821082,12.4158642388777,"kN m/m","DE"
"biaxial-normal","Estado biaxial uniforme","Acciones prescritas","Carga exclusivamente normal","M",396,3.41610074953453,195.728155339806,12.2866721729169,"kN m/m","DE"
"biaxial-normal","Estado biaxial uniforme","Acciones prescritas","Carga exclusivamente normal","M",397,3.42481529226294,196.22746185853,12.1537460837561,"kN m/m","DE"
"biaxial-normal","Estado biaxial uniforme","Acciones prescritas","Carga exclusivamente normal","M",398,3.43352983499134,196.726768377254,12.0171263497327,"kN m/m","DE"
"biaxial-normal","Estado biaxial uniforme","Acciones prescritas","Carga exclusivamente normal","M",399,3.44224437771975,197.226074895978,11.8768544711853,"kN m/m","DE"
"biaxial-normal","Estado biaxial uniforme","Acciones prescritas","Carga exclusivamente normal","M",400,3.45095892044815,197.725381414702,11.7329730578473,"kN m/m","DE"
"biaxial-normal","Estado biaxial uniforme","Acciones prescritas","Carga exclusivamente normal","M",401,3.45967346317655,198.224687933426,11.5855258159039,"kN m/m","DE"
"biaxial-normal","Estado biaxial uniforme","Acciones prescritas","Carga exclusivamente normal","M",402,3.46838800590496,198.72399445215,11.4345575347151,"kN m/m","DE"
"biaxial-normal","Estado biaxial uniforme","Acciones prescritas","Carga exclusivamente normal","M",403,3.47710254863336,199.223300970874,11.2801140732107,"kN m/m","DE"
"biaxial-normal","Estado biaxial uniforme","Acciones prescritas","Carga exclusivamente normal","M",404,3.48581709136177,199.722607489598,11.1222423459597,"kN m/m","DE"
"biaxial-normal","Estado biaxial uniforme","Acciones prescritas","Carga exclusivamente normal","M",405,3.49453163409017,200.221914008322,10.9609903089196,"kN m/m","DE"
"biaxial-normal","Estado biaxial uniforme","Acciones prescritas","Carga exclusivamente normal","M",406,3.50324617681858,200.721220527046,10.7964069448685,"kN m/m","DE"
"biaxial-normal","Estado biaxial uniforme","Acciones prescritas","Carga exclusivamente normal","M",407,3.51196071954698,201.22052704577,10.6285422485264,"kN m/m","DE"
"biaxial-normal","Estado biaxial uniforme","Acciones prescritas","Carga exclusivamente normal","M",408,3.52067526227539,201.719833564494,10.4574472113681,"kN m/m","DE"
"biaxial-normal","Estado biaxial uniforme","Acciones prescritas","Carga exclusivamente normal","M",409,3.52938980500379,202.219140083218,10.2831738061342,"kN m/m","DE"
"biaxial-normal","Estado biaxial uniforme","Acciones prescritas","Carga exclusivamente normal","M",410,3.53810434773219,202.718446601942,10.105774971043,"kN m/m","DE"
"biaxial-normal","Estado biaxial uniforme","Acciones prescritas","Carga exclusivamente normal","M",411,3.5468188904606,203.217753120666,9.9253045937103,"kN m/m","DE"
"biaxial-normal","Estado biaxial uniforme","Acciones prescritas","Carga exclusivamente normal","M",412,3.555533433189,203.71705963939,9.74181749477985,"kN m/m","DE"
"biaxial-normal","Estado biaxial uniforme","Acciones prescritas","Carga exclusivamente normal","M",413,3.56424797591741,204.216366158114,9.55536941127078,"kN m/m","DE"
"biaxial-normal","Estado biaxial uniforme","Acciones prescritas","Carga exclusivamente normal","M",414,3.57296251864581,204.715672676838,9.36601697964676,"kN m/m","DE"
"biaxial-normal","Estado biaxial uniforme","Acciones prescritas","Carga exclusivamente normal","M",415,3.58167706137422,205.214979195562,9.17381771861165,"kN m/m","DE"
"biaxial-normal","Estado biaxial uniforme","Acciones prescritas","Carga exclusivamente normal","M",416,3.59039160410262,205.714285714286,8.97883001163746,"kN m/m","DE"
"biaxial-normal","Estado biaxial uniforme","Acciones prescritas","Carga exclusivamente normal","M",417,3.59910614683103,206.21359223301,8.78111308922935,"kN m/m","DE"
"biaxial-normal","Estado biaxial uniforme","Acciones prescritas","Carga exclusivamente normal","M",418,3.60782068955943,206.712898751734,8.58072701093352,"kN m/m","DE"
"biaxial-normal","Estado biaxial uniforme","Acciones prescritas","Carga exclusivamente normal","M",419,3.61653523228783,207.212205270458,8.37773264709319,"kN m/m","DE"
"biaxial-normal","Estado biaxial uniforme","Acciones prescritas","Carga exclusivamente normal","M",420,3.62524977501624,207.711511789182,8.17219166035829,"kN m/m","DE"
"biaxial-normal","Estado biaxial uniforme","Acciones prescritas","Carga exclusivamente normal","M",421,3.63396431774464,208.210818307906,7.96416648695455,"kN m/m","DE"
"biaxial-normal","Estado biaxial uniforme","Acciones prescritas","Carga exclusivamente normal","M",422,3.64267886047305,208.71012482663,7.75372031771738,"kN m/m","DE"
"biaxial-normal","Estado biaxial uniforme","Acciones prescritas","Carga exclusivamente normal","M",423,3.65139340320145,209.209431345354,7.54091707889689,"kN m/m","DE"
"biaxial-normal","Estado biaxial uniforme","Acciones prescritas","Carga exclusivamente normal","M",424,3.66010794592986,209.708737864078,7.32582141273914,"kN m/m","DE"
"biaxial-normal","Estado biaxial uniforme","Acciones prescritas","Carga exclusivamente normal","M",425,3.66882248865826,210.208044382802,7.10849865785018,"kN m/m","DE"
"biaxial-normal","Estado biaxial uniforme","Acciones prescritas","Carga exclusivamente normal","M",426,3.67753703138666,210.707350901526,6.88901482934838,"kN m/m","DE"
"biaxial-normal","Estado biaxial uniforme","Acciones prescritas","Carga exclusivamente normal","M",427,3.68625157411507,211.20665742025,6.66743659881136,"kN m/m","DE"
"biaxial-normal","Estado biaxial uniforme","Acciones prescritas","Carga exclusivamente normal","M",428,3.69496611684347,211.705963938974,6.44383127402344,"kN m/m","DE"
"biaxial-normal","Estado biaxial uniforme","Acciones prescritas","Carga exclusivamente normal","M",429,3.70368065957188,212.205270457698,6.21826677852997,"kN m/m","DE"
"biaxial-normal","Estado biaxial uniforme","Acciones prescritas","Carga exclusivamente normal","M",430,3.71239520230028,212.704576976422,5.99081163100433,"kN m/m","DE"
"biaxial-normal","Estado biaxial uniforme","Acciones prescritas","Carga exclusivamente normal","M",431,3.72110974502869,213.203883495146,5.7615349244345,"kN m/m","DE"
"biaxial-normal","Estado biaxial uniforme","Acciones prescritas","Carga exclusivamente normal","M",432,3.72982428775709,213.70319001387,5.53050630513498,"kN m/m","DE"
"biaxial-normal","Estado biaxial uniforme","Acciones prescritas","Carga exclusivamente normal","M",433,3.7385388304855,214.202496532594,5.29779595159052,"kN m/m","DE"
"biaxial-normal","Estado biaxial uniforme","Acciones prescritas","Carga exclusivamente normal","M",434,3.7472533732139,214.701803051318,5.06347455313852,"kN m/m","DE"
"biaxial-normal","Estado biaxial uniforme","Acciones prescritas","Carga exclusivamente normal","M",435,3.7559679159423,215.201109570042,4.82761328849589,"kN m/m","DE"
"biaxial-normal","Estado biaxial uniforme","Acciones prescritas","Carga exclusivamente normal","M",436,3.76468245867071,215.700416088766,4.59028380413758,"kN m/m","DE"
"biaxial-normal","Estado biaxial uniforme","Acciones prescritas","Carga exclusivamente normal","M",437,3.77339700139911,216.19972260749,4.35155819253273,"kN m/m","DE"
"biaxial-normal","Estado biaxial uniforme","Acciones prescritas","Carga exclusivamente normal","M",438,3.78211154412752,216.699029126214,4.11150897024558,"kN m/m","DE"
"biaxial-normal","Estado biaxial uniforme","Acciones prescritas","Carga exclusivamente normal","M",439,3.79082608685592,217.198335644938,3.87020905590733,"kN m/m","DE"
"biaxial-normal","Estado biaxial uniforme","Acciones prescritas","Carga exclusivamente normal","M",440,3.79954062958433,217.697642163662,3.62773174806616,"kN m/m","DE"
"biaxial-normal","Estado biaxial uniforme","Acciones prescritas","Carga exclusivamente normal","M",441,3.80825517231273,218.196948682386,3.38415070292149,"kN m/m","DE"
"biaxial-normal","Estado biaxial uniforme","Acciones prescritas","Carga exclusivamente normal","M",442,3.81696971504114,218.69625520111,3.13953991194992,"kN m/m","DE"
"biaxial-normal","Estado biaxial uniforme","Acciones prescritas","Carga exclusivamente normal","M",443,3.82568425776954,219.195561719834,2.89397367942914,"kN m/m","DE"
"biaxial-normal","Estado biaxial uniforme","Acciones prescritas","Carga exclusivamente normal","M",444,3.83439880049794,219.694868238558,2.64752659986679,"kN m/m","DE"
"biaxial-normal","Estado biaxial uniforme","Acciones prescritas","Carga exclusivamente normal","M",445,3.84311334322635,220.194174757282,2.40027353534138,"kN m/m","DE"
"biaxial-normal","Estado biaxial uniforme","Acciones prescritas","Carga exclusivamente normal","M",446,3.85182788595475,220.693481276006,2.15228959276165,"kN m/m","DE"
"biaxial-normal","Estado biaxial uniforme","Acciones prescritas","Carga exclusivamente normal","M",447,3.86054242868316,221.19278779473,1.90365010105181,"kN m/m","DE"
"biaxial-normal","Estado biaxial uniforme","Acciones prescritas","Carga exclusivamente normal","M",448,3.86925697141156,221.692094313454,1.6544305882691,"kN m/m","DE"
"biaxial-normal","Estado biaxial uniforme","Acciones prescritas","Carga exclusivamente normal","M",449,3.87797151413997,222.191400832178,1.40470675866112,"kN m/m","DE"
"biaxial-normal","Estado biaxial uniforme","Acciones prescritas","Carga exclusivamente normal","M",450,3.88668605686837,222.690707350902,1.15455446966936,"kN m/m","DE"
"biaxial-normal","Estado biaxial uniforme","Acciones prescritas","Carga exclusivamente normal","M",451,3.89540059959677,223.190013869625,0.904049708886521,"kN m/m","DE"
"biaxial-normal","Estado biaxial uniforme","Acciones prescritas","Carga exclusivamente normal","M",452,3.90411514232518,223.68932038835,0.653268570973894,"kN m/m","DE"
"biaxial-normal","Estado biaxial uniforme","Acciones prescritas","Carga exclusivamente normal","M",453,3.91282968505358,224.188626907074,0.402287234546648,"kN m/m","DE"
"biaxial-normal","Estado biaxial uniforme","Acciones prescritas","Carga exclusivamente normal","M",454,3.92154422778199,224.687933425798,0.151181939033306,"kN m/m","DE"
"biaxial-normal","Estado biaxial uniforme","Acciones prescritas","Carga exclusivamente normal","M",455,3.92699081698724,225,-0.00578792685560421,"kN m/m","DE"
"biaxial-normal","Estado biaxial uniforme","Acciones prescritas","Carga exclusivamente normal","M",456,3.93025877051039,225.187239944522,-0.0999710384831644,"kN m/m","DE"
"biaxial-normal","Estado biaxial uniforme","Acciones prescritas","Carga exclusivamente normal","M",457,3.9389733132388,225.686546463245,-0.351095406435641,"kN m/m","DE"
"biaxial-normal","Estado biaxial uniforme","Acciones prescritas","Carga exclusivamente normal","M",458,3.9476878559672,226.18585298197,-0.602114881947609,"kN m/m","DE"
"biaxial-normal","Estado biaxial uniforme","Acciones prescritas","Carga exclusivamente normal","M",459,3.95640239869561,226.685159500693,-0.85295321400519,"kN m/m","DE"
"biaxial-normal","Estado biaxial uniforme","Acciones prescritas","Carga exclusivamente normal","M",460,3.96511694142401,227.184466019417,-1.1035342066197,"kN m/m","DE"
"biaxial-normal","Estado biaxial uniforme","Acciones prescritas","Carga exclusivamente normal","M",461,3.97383148415241,227.683772538141,-1.35378174197314,"kN m/m","DE"
"biaxial-normal","Estado biaxial uniforme","Acciones prescritas","Carga exclusivamente normal","M",462,3.98254602688082,228.183079056865,-1.60361980354038,"kN m/m","DE"
"biaxial-normal","Estado biaxial uniforme","Acciones prescritas","Carga exclusivamente normal","M",463,3.99126056960922,228.682385575589,-1.85297249918014,"kN m/m","DE"
"biaxial-normal","Estado biaxial uniforme","Acciones prescritas","Carga exclusivamente normal","M",464,3.99997511233763,229.181692094313,-2.10176408418854,"kN m/m","DE"
"biaxial-normal","Estado biaxial uniforme","Acciones prescritas","Carga exclusivamente normal","M",465,4.00868965506603,229.680998613037,-2.34991898430762,"kN m/m","DE"
"biaxial-normal","Estado biaxial uniforme","Acciones prescritas","Carga exclusivamente normal","M",466,4.01740419779444,230.180305131761,-2.59736181868221,"kN m/m","DE"
"biaxial-normal","Estado biaxial uniforme","Acciones prescritas","Carga exclusivamente normal","M",467,4.02611874052284,230.679611650485,-2.8440174227581,"kN m/m","DE"
"biaxial-normal","Estado biaxial uniforme","Acciones prescritas","Carga exclusivamente normal","M",468,4.03483328325125,231.178918169209,-3.08981087111426,"kN m/m","DE"
"biaxial-normal","Estado biaxial uniforme","Acciones prescritas","Carga exclusivamente normal","M",469,4.04354782597965,231.678224687933,-3.33466750022269,"kN m/m","DE"
"biaxial-normal","Estado biaxial uniforme","Acciones prescritas","Carga exclusivamente normal","M",470,4.05226236870806,232.177531206657,-3.57851293112867,"kN m/m","DE"
"biaxial-normal","Estado biaxial uniforme","Acciones prescritas","Carga exclusivamente normal","M",471,4.06097691143646,232.676837725381,-3.82127309204438,"kN m/m","DE"
"biaxial-normal","Estado biaxial uniforme","Acciones prescritas","Carga exclusivamente normal","M",472,4.06969145416486,233.176144244105,-4.06287424084935,"kN m/m","DE"
"biaxial-normal","Estado biaxial uniforme","Acciones prescritas","Carga exclusivamente normal","M",473,4.07840599689327,233.675450762829,-4.30324298749094,"kN m/m","DE"
"biaxial-normal","Estado biaxial uniforme","Acciones prescritas","Carga exclusivamente normal","M",474,4.08712053962167,234.174757281553,-4.5423063162774,"kN m/m","DE"
"biaxial-normal","Estado biaxial uniforme","Acciones prescritas","Carga exclusivamente normal","M",475,4.09583508235008,234.674063800277,-4.77999160805782,"kN m/m","DE"
"biaxial-normal","Estado biaxial uniforme","Acciones prescritas","Carga exclusivamente normal","M",476,4.10454962507848,235.173370319001,-5.01622666228105,"kN m/m","DE"
"biaxial-normal","Estado biaxial uniforme","Acciones prescritas","Carga exclusivamente normal","M",477,4.11326416780689,235.672676837725,-5.25093971892783,"kN m/m","DE"
"biaxial-normal","Estado biaxial uniforme","Acciones prescritas","Carga exclusivamente normal","M",478,4.12197871053529,236.171983356449,-5.48405948030909,"kN m/m","DE"
"biaxial-normal","Estado biaxial uniforme","Acciones prescritas","Carga exclusivamente normal","M",479,4.13069325326369,236.671289875173,-5.71551513272351,"kN m/m","DE"
"biaxial-normal","Estado biaxial uniforme","Acciones prescritas","Carga exclusivamente normal","M",480,4.1394077959921,237.170596393897,-5.94523636796847,"kN m/m","DE"
"biaxial-normal","Estado biaxial uniforme","Acciones prescritas","Carga exclusivamente normal","M",481,4.1481223387205,237.669902912621,-6.17315340469707,"kN m/m","DE"
"biaxial-normal","Estado biaxial uniforme","Acciones prescritas","Carga exclusivamente normal","M",482,4.15683688144891,238.169209431345,-6.39919700961546,"kN m/m","DE"
"biaxial-normal","Estado biaxial uniforme","Acciones prescritas","Carga exclusivamente normal","M",483,4.16555142417731,238.668515950069,-6.62329851851334,"kN m/m","DE"
"biaxial-normal","Estado biaxial uniforme","Acciones prescritas","Carga exclusivamente normal","M",484,4.17426596690572,239.167822468793,-6.84538985712191,"kN m/m","DE"
"biaxial-normal","Estado biaxial uniforme","Acciones prescritas","Carga exclusivamente normal","M",485,4.18298050963412,239.667128987517,-7.06540356179237,"kN m/m","DE"
"biaxial-normal","Estado biaxial uniforme","Acciones prescritas","Carga exclusivamente normal","M",486,4.19169505236253,240.166435506241,-7.2832727999891,"kN m/m","DE"
"biaxial-normal","Estado biaxial uniforme","Acciones prescritas","Carga exclusivamente normal","M",487,4.20040959509093,240.665742024965,-7.49893139059101,"kN m/m","DE"
"biaxial-normal","Estado biaxial uniforme","Acciones prescritas","Carga exclusivamente normal","M",488,4.20912413781933,241.165048543689,-7.71231382399518,"kN m/m","DE"
"biaxial-normal","Estado biaxial uniforme","Acciones prescritas","Carga exclusivamente normal","M",489,4.21783868054774,241.664355062413,-7.92335528201628,"kN m/m","DE"
"biaxial-normal","Estado biaxial uniforme","Acciones prescritas","Carga exclusivamente normal","M",490,4.22655322327614,242.163661581137,-8.13199165757612,"kN m/m","DE"
"biaxial-normal","Estado biaxial uniforme","Acciones prescritas","Carga exclusivamente normal","M",491,4.23526776600455,242.662968099861,-8.33815957417724,"kN m/m","DE"
"biaxial-normal","Estado biaxial uniforme","Acciones prescritas","Carga exclusivamente normal","M",492,4.24398230873295,243.162274618585,-8.54179640515437,"kN m/m","DE"
"biaxial-normal","Estado biaxial uniforme","Acciones prescritas","Carga exclusivamente normal","M",493,4.25269685146136,243.661581137309,-8.74284029269836,"kN m/m","DE"
"biaxial-normal","Estado biaxial uniforme","Acciones prescritas","Carga exclusivamente normal","M",494,4.26141139418976,244.160887656033,-8.9412301666463,"kN m/m","DE"
"biaxial-normal","Estado biaxial uniforme","Acciones prescritas","Carga exclusivamente normal","M",495,4.27012593691817,244.660194174757,-9.1369057630327,"kN m/m","DE"
"biaxial-normal","Estado biaxial uniforme","Acciones prescritas","Carga exclusivamente normal","M",496,4.27884047964657,245.159500693481,-9.32980764239539,"kN m/m","DE"
"biaxial-normal","Estado biaxial uniforme","Acciones prescritas","Carga exclusivamente normal","M",497,4.28755502237497,245.658807212205,-9.51987720783131,"kN m/m","DE"
"biaxial-normal","Estado biaxial uniforme","Acciones prescritas","Carga exclusivamente normal","M",498,4.29626956510338,246.158113730929,-9.70705672279619,"kN m/m","DE"
"biaxial-normal","Estado biaxial uniforme","Acciones prescritas","Carga exclusivamente normal","M",499,4.30498410783178,246.657420249653,-9.89128932864286,"kN m/m","DE"
"biaxial-normal","Estado biaxial uniforme","Acciones prescritas","Carga exclusivamente normal","M",500,4.31369865056019,247.156726768377,-10.072519061893,"kN m/m","DE"
"biaxial-normal","Estado biaxial uniforme","Acciones prescritas","Carga exclusivamente normal","M",501,4.32241319328859,247.656033287101,-10.2506908712369,"kN m/m","DE"
"biaxial-normal","Estado biaxial uniforme","Acciones prescritas","Carga exclusivamente normal","M",502,4.331127736017,248.155339805825,-10.425750634256,"kN m/m","DE"
"biaxial-normal","Estado biaxial uniforme","Acciones prescritas","Carga exclusivamente normal","M",503,4.3398422787454,248.654646324549,-10.5976451738636,"kN m/m","DE"
"biaxial-normal","Estado biaxial uniforme","Acciones prescritas","Carga exclusivamente normal","M",504,4.3485568214738,249.153952843273,-10.7663222744583,"kN m/m","DE"
"biaxial-normal","Estado biaxial uniforme","Acciones prescritas","Carga exclusivamente normal","M",505,4.35727136420221,249.653259361997,-10.9317306977847,"kN m/m","DE"
"biaxial-normal","Estado biaxial uniforme","Acciones prescritas","Carga exclusivamente normal","M",506,4.36598590693061,250.152565880721,-11.0938201984987,"kN m/m","DE"
"biaxial-normal","Estado biaxial uniforme","Acciones prescritas","Carga exclusivamente normal","M",507,4.37470044965902,250.651872399445,-11.2525415394296,"kN m/m","DE"
"biaxial-normal","Estado biaxial uniforme","Acciones prescritas","Carga exclusivamente normal","M",508,4.38341499238742,251.151178918169,-11.4078465065367,"kN m/m","DE"
"biaxial-normal","Estado biaxial uniforme","Acciones prescritas","Carga exclusivamente normal","M",509,4.39212953511583,251.650485436893,-11.5596879235555,"kN m/m","DE"
"biaxial-normal","Estado biaxial uniforme","Acciones prescritas","Carga exclusivamente normal","M",510,4.40084407784423,252.149791955617,-11.7080196663279,"kN m/m","DE"
"biaxial-normal","Estado biaxial uniforme","Acciones prescritas","Carga exclusivamente normal","M",511,4.40955862057264,252.649098474341,-11.852796676813,"kN m/m","DE"
"biaxial-normal","Estado biaxial uniforme","Acciones prescritas","Carga exclusivamente normal","M",512,4.41827316330104,253.148404993065,-11.9939749767745,"kN m/m","DE"
"biaxial-normal","Estado biaxial uniforme","Acciones prescritas","Carga exclusivamente normal","M",513,4.42698770602945,253.647711511789,-12.1315116811394,"kN m/m","DE"
"biaxial-normal","Estado biaxial uniforme","Acciones prescritas","Carga exclusivamente normal","M",514,4.43570224875785,254.147018030513,-12.2653650110254,"kN m/m","DE"
"biaxial-normal","Estado biaxial uniforme","Acciones prescritas","Carga exclusivamente normal","M",515,4.44441679148625,254.646324549237,-12.3954943064315,"kN m/m","DE"
"biaxial-normal","Estado biaxial uniforme","Acciones prescritas","Carga exclusivamente normal","M",516,4.45313133421466,255.145631067961,-12.5218600385894,"kN m/m","DE"
"biaxial-normal","Estado biaxial uniforme","Acciones prescritas","Carga exclusivamente normal","M",517,4.46184587694306,255.644937586685,-12.6444238219707,"kN m/m","DE"
"biaxial-normal","Estado biaxial uniforme","Acciones prescritas","Carga exclusivamente normal","M",518,4.47056041967147,256.144244105409,-12.7631484259473,"kN m/m","DE"
"biaxial-normal","Estado biaxial uniforme","Acciones prescritas","Carga exclusivamente normal","M",519,4.47927496239987,256.643550624133,-12.8779977861006,"kN m/m","DE"
"biaxial-normal","Estado biaxial uniforme","Acciones prescritas","Carga exclusivamente normal","M",520,4.48798950512828,257.142857142857,-12.9889370151769,"kN m/m","DE"
"biaxial-normal","Estado biaxial uniforme","Acciones prescritas","Carga exclusivamente normal","M",521,4.49670404785668,257.642163661581,-13.0959324136847,"kN m/m","DE"
"biaxial-normal","Estado biaxial uniforme","Acciones prescritas","Carga exclusivamente normal","M",522,4.50541859058508,258.141470180305,-13.1989514801313,"kN m/m","DE"
"biaxial-normal","Estado biaxial uniforme","Acciones prescritas","Carga exclusivamente normal","M",523,4.51413313331349,258.640776699029,-13.2979629208961,"kN m/m","DE"
"biaxial-normal","Estado biaxial uniforme","Acciones prescritas","Carga exclusivamente normal","M",524,4.52284767604189,259.140083217753,-13.3929366597361,"kN m/m","DE"
"biaxial-normal","Estado biaxial uniforme","Acciones prescritas","Carga exclusivamente normal","M",525,4.5315622187703,259.639389736477,-13.4838438469221,"kN m/m","DE"
"biaxial-normal","Estado biaxial uniforme","Acciones prescritas","Carga exclusivamente normal","M",526,4.5402767614987,260.138696255201,-13.5706568680024,"kN m/m","DE"
"biaxial-normal","Estado biaxial uniforme","Acciones prescritas","Carga exclusivamente normal","M",527,4.54899130422711,260.638002773925,-13.653349352191,"kN m/m","DE"
"biaxial-normal","Estado biaxial uniforme","Acciones prescritas","Carga exclusivamente normal","M",528,4.55770584695551,261.137309292649,-13.7318961803782,"kN m/m","DE"
"biaxial-normal","Estado biaxial uniforme","Acciones prescritas","Carga exclusivamente normal","M",529,4.56642038968392,261.636615811373,-13.8062734927608,"kN m/m","DE"
"biaxial-normal","Estado biaxial uniforme","Acciones prescritas","Carga exclusivamente normal","M",530,4.57513493241232,262.135922330097,-13.8764586960899,"kN m/m","DE"
"biaxial-normal","Estado biaxial uniforme","Acciones prescritas","Carga exclusivamente normal","M",531,4.58384947514072,262.635228848821,-13.942430470534,"kN m/m","DE"
"biaxial-normal","Estado biaxial uniforme","Acciones prescritas","Carga exclusivamente normal","M",532,4.59256401786913,263.134535367545,-14.0041687761553,"kN m/m","DE"
"biaxial-normal","Estado biaxial uniforme","Acciones prescritas","Carga exclusivamente normal","M",533,4.60127856059753,263.633841886269,-14.0616548589971,"kN m/m","DE"
"biaxial-normal","Estado biaxial uniforme","Acciones prescritas","Carga exclusivamente normal","M",534,4.60999310332594,264.133148404993,-14.1148712567803,"kN m/m","DE"
"biaxial-normal","Estado biaxial uniforme","Acciones prescritas","Carga exclusivamente normal","M",535,4.61870764605434,264.632454923717,-14.1638018042085,"kN m/m","DE"
"biaxial-normal","Estado biaxial uniforme","Acciones prescritas","Carga exclusivamente normal","M",536,4.62742218878275,265.131761442441,-14.2084316378776,"kN m/m","DE"
"biaxial-normal","Estado biaxial uniforme","Acciones prescritas","Carga exclusivamente normal","M",537,4.63613673151115,265.631067961165,-14.2487472007915,"kN m/m","DE"
"biaxial-normal","Estado biaxial uniforme","Acciones prescritas","Carga exclusivamente normal","M",538,4.64485127423955,266.130374479889,-14.2847362464799,"kN m/m","DE"
"biaxial-normal","Estado biaxial uniforme","Acciones prescritas","Carga exclusivamente normal","M",539,4.65356581696796,266.629680998613,-14.3163878427185,"kN m/m","DE"
"biaxial-normal","Estado biaxial uniforme","Acciones prescritas","Carga exclusivamente normal","M",540,4.66228035969636,267.128987517337,-14.3436923748497,"kN m/m","DE"
"biaxial-normal","Estado biaxial uniforme","Acciones prescritas","Carga exclusivamente normal","M",541,4.67099490242477,267.628294036061,-14.3666415487034,"kN m/m","DE"
"biaxial-normal","Estado biaxial uniforme","Acciones prescritas","Carga exclusivamente normal","M",542,4.67970944515317,268.127600554785,-14.385228393116,"kN m/m","DE"
"biaxial-normal","Estado biaxial uniforme","Acciones prescritas","Carga exclusivamente normal","M",543,4.68842398788158,268.626907073509,-14.3994472620488,"kN m/m","DE"
"biaxial-normal","Estado biaxial uniforme","Acciones prescritas","Carga exclusivamente normal","M",544,4.69713853060998,269.126213592233,-14.4092938363022,"kN m/m","DE"
"biaxial-normal","Estado biaxial uniforme","Acciones prescritas","Carga exclusivamente normal","M",545,4.70585307333839,269.625520110957,-14.4147651248284,"kN m/m","DE"
"biaxial-normal","Estado biaxial uniforme","Acciones prescritas","Carga exclusivamente normal","M",546,4.71238898038469,270,-14.4159962601889,"kN m/m","DE"
"biaxial-normal","Estado biaxial uniforme","Acciones prescritas","Carga exclusivamente normal","M",547,4.71456761606679,270.124826629681,-14.4158594656397,"kN m/m","DE"
"biaxial-normal","Estado biaxial uniforme","Acciones prescritas","Carga exclusivamente normal","M",548,4.7232821587952,270.624133148405,-14.4125765263132,"kN m/m","DE"
"biaxial-normal","Estado biaxial uniforme","Acciones prescritas","Carga exclusivamente normal","M",549,4.7319967015236,271.123439667129,-14.4049173040921,"kN m/m","DE"
"biaxial-normal","Estado biaxial uniforme","Acciones prescritas","Carga exclusivamente normal","M",550,4.740711244252,271.622746185853,-14.3928841255825,"kN m/m","DE"
"biaxial-normal","Estado biaxial uniforme","Acciones prescritas","Carga exclusivamente normal","M",551,4.74942578698041,272.122052704577,-14.3764806460469,"kN m/m","DE"
"biaxial-normal","Estado biaxial uniforme","Acciones prescritas","Carga exclusivamente normal","M",552,4.75814032970881,272.621359223301,-14.3557118482937,"kN m/m","DE"
"biaxial-normal","Estado biaxial uniforme","Acciones prescritas","Carga exclusivamente normal","M",553,4.76685487243722,273.120665742025,-14.3305840411636,"kN m/m","DE"
"biaxial-normal","Estado biaxial uniforme","Acciones prescritas","Carga exclusivamente normal","M",554,4.77556941516562,273.619972260749,-14.3011048576132,"kN m/m","DE"
"biaxial-normal","Estado biaxial uniforme","Acciones prescritas","Carga exclusivamente normal","M",555,4.78428395789403,274.119278779473,-14.2672832523964,"kN m/m","DE"
"biaxial-normal","Estado biaxial uniforme","Acciones prescritas","Carga exclusivamente normal","M",556,4.79299850062243,274.618585298197,-14.2291294993443,"kN m/m","DE"
"biaxial-normal","Estado biaxial uniforme","Acciones prescritas","Carga exclusivamente normal","M",557,4.80171304335083,275.117891816921,-14.1866551882443,"kN m/m","DE"
"biaxial-normal","Estado biaxial uniforme","Acciones prescritas","Carga exclusivamente normal","M",558,4.81042758607924,275.617198335645,-14.1398732213195,"kN m/m","DE"
"biaxial-normal","Estado biaxial uniforme","Acciones prescritas","Carga exclusivamente normal","M",559,4.81914212880764,276.116504854369,-14.0887978093096,"kN m/m","DE"
"biaxial-normal","Estado biaxial uniforme","Acciones prescritas","Carga exclusivamente normal","M",560,4.82785667153605,276.615811373093,-14.0334444671539,"kN m/m","DE"
"biaxial-normal","Estado biaxial uniforme","Acciones prescritas","Carga exclusivamente normal","M",561,4.83657121426445,277.115117891817,-13.9738300092786,"kN m/m","DE"
"biaxial-normal","Estado biaxial uniforme","Acciones prescritas","Carga exclusivamente normal","M",562,4.84528575699286,277.614424410541,-13.9099725444894,"kN m/m","DE"
"biaxial-normal","Estado biaxial uniforme","Acciones prescritas","Carga exclusivamente normal","M",563,4.85400029972126,278.113730929265,-13.84189147047,"kN m/m","DE"
"biaxial-normal","Estado biaxial uniforme","Acciones prescritas","Carga exclusivamente normal","M",564,4.86271484244967,278.613037447989,-13.7696074678903,"kN m/m","DE"
"biaxial-normal","Estado biaxial uniforme","Acciones prescritas","Carga exclusivamente normal","M",565,4.87142938517807,279.112343966713,-13.6931424941243,"kN m/m","DE"
"biaxial-normal","Estado biaxial uniforme","Acciones prescritas","Carga exclusivamente normal","M",566,4.88014392790647,279.611650485437,-13.61251977658,"kN m/m","DE"
"biaxial-normal","Estado biaxial uniforme","Acciones prescritas","Carga exclusivamente normal","M",567,4.88885847063488,280.110957004161,-13.5277638056437,"kN m/m","DE"
"biaxial-normal","Estado biaxial uniforme","Acciones prescritas","Carga exclusivamente normal","M",568,4.89757301336328,280.610263522885,-13.438900327241,"kN m/m","DE"
"biaxial-normal","Estado biaxial uniforme","Acciones prescritas","Carga exclusivamente normal","M",569,4.90628755609169,281.109570041609,-13.3459563350157,"kN m/m","DE"
"biaxial-normal","Estado biaxial uniforme","Acciones prescritas","Carga exclusivamente normal","M",570,4.91500209882009,281.608876560333,-13.2489600621303,"kN m/m","DE"
"biaxial-normal","Estado biaxial uniforme","Acciones prescritas","Carga exclusivamente normal","M",571,4.9237166415485,282.108183079057,-13.1479409726896,"kN m/m","DE"
"biaxial-normal","Estado biaxial uniforme","Acciones prescritas","Carga exclusivamente normal","M",572,4.9324311842769,282.607489597781,-13.0429297527908,"kN m/m","DE"
"biaxial-normal","Estado biaxial uniforme","Acciones prescritas","Carga exclusivamente normal","M",573,4.94114572700531,283.106796116505,-12.9339583012016,"kN m/m","DE"
"biaxial-normal","Estado biaxial uniforme","Acciones prescritas","Carga exclusivamente normal","M",574,4.94986026973371,283.606102635229,-12.821059719671,"kN m/m","DE"
"biaxial-normal","Estado biaxial uniforme","Acciones prescritas","Carga exclusivamente normal","M",575,4.95857481246211,284.105409153953,-12.7042683028739,"kN m/m","DE"
"biaxial-normal","Estado biaxial uniforme","Acciones prescritas","Carga exclusivamente normal","M",576,4.96728935519052,284.604715672677,-12.5836195279936,"kN m/m","DE"
"biaxial-normal","Estado biaxial uniforme","Acciones prescritas","Carga exclusivamente normal","M",577,4.97600389791892,285.104022191401,-12.4591500439451,"kN m/m","DE"
"biaxial-normal","Estado biaxial uniforme","Acciones prescritas","Carga exclusivamente normal","M",578,4.98471844064733,285.603328710125,-12.3308976602422,"kN m/m","DE"
"biaxial-normal","Estado biaxial uniforme","Acciones prescritas","Carga exclusivamente normal","M",579,4.99343298337573,286.102635228849,-12.1989013355125,"kN m/m","DE"
"biaxial-normal","Estado biaxial uniforme","Acciones prescritas","Carga exclusivamente normal","M",580,5.00214752610414,286.601941747573,-12.0632011656634,"kN m/m","DE"
"biaxial-normal","Estado biaxial uniforme","Acciones prescritas","Carga exclusivamente normal","M",581,5.01086206883254,287.101248266297,-11.9238383717016,"kN m/m","DE"
"biaxial-normal","Estado biaxial uniforme","Acciones prescritas","Carga exclusivamente normal","M",582,5.01957661156095,287.600554785021,-11.7808552872122,"kN m/m","DE"
"biaxial-normal","Estado biaxial uniforme","Acciones prescritas","Carga exclusivamente normal","M",583,5.02829115428935,288.099861303745,-11.6342953454992,"kN m/m","DE"
"biaxial-normal","Estado biaxial uniforme","Acciones prescritas","Carga exclusivamente normal","M",584,5.03700569701775,288.599167822469,-11.4842030663915,"kN m/m","DE"
"biaxial-normal","Estado biaxial uniforme","Acciones prescritas","Carga exclusivamente normal","M",585,5.04572023974616,289.098474341193,-11.33062404272,"kN m/m","DE"
"biaxial-normal","Estado biaxial uniforme","Acciones prescritas","Carga exclusivamente normal","M",586,5.05443478247456,289.597780859917,-11.1736049264674,"kN m/m","DE"
"biaxial-normal","Estado biaxial uniforme","Acciones prescritas","Carga exclusivamente normal","M",587,5.06314932520297,290.097087378641,-11.0131934145973,"kN m/m","DE"
"biaxial-normal","Estado biaxial uniforme","Acciones prescritas","Carga exclusivamente normal","M",588,5.07186386793137,290.596393897365,-10.8494382345658,"kN m/m","DE"
"biaxial-normal","Estado biaxial uniforme","Acciones prescritas","Carga exclusivamente normal","M",589,5.08057841065978,291.095700416089,-10.682389129519,"kN m/m","DE"
"biaxial-normal","Estado biaxial uniforme","Acciones prescritas","Carga exclusivamente normal","M",590,5.08929295338818,291.595006934813,-10.5120968431835,"kN m/m","DE"
"biaxial-normal","Estado biaxial uniforme","Acciones prescritas","Carga exclusivamente normal","M",591,5.09800749611659,292.094313453537,-10.3386131044519,"kN m/m","DE"
"biaxial-normal","Estado biaxial uniforme","Acciones prescritas","Carga exclusivamente normal","M",592,5.10672203884499,292.593619972261,-10.1619906116693,"kN m/m","DE"
"biaxial-normal","Estado biaxial uniforme","Acciones prescritas","Carga exclusivamente normal","M",593,5.11543658157339,293.092926490985,-9.98228301662566,"kN m/m","DE"
"biaxial-normal","Estado biaxial uniforme","Acciones prescritas","Carga exclusivamente normal","M",594,5.1241511243018,293.592233009709,-9.79954490825778,"kN m/m","DE"
"biaxial-normal","Estado biaxial uniforme","Acciones prescritas","Carga exclusivamente normal","M",595,5.1328656670302,294.091539528433,-9.61383179606753,"kN m/m","DE"
"biaxial-normal","Estado biaxial uniforme","Acciones prescritas","Carga exclusivamente normal","M",596,5.14158020975861,294.590846047157,-9.4252000932597,"kN m/m","DE"
"biaxial-normal","Estado biaxial uniforme","Acciones prescritas","Carga exclusivamente normal","M",597,5.15029475248701,295.090152565881,-9.23370709960578,"kN m/m","DE"
"biaxial-normal","Estado biaxial uniforme","Acciones prescritas","Carga exclusivamente normal","M",598,5.15900929521542,295.589459084605,-9.0394109840382,"kN m/m","DE"
"biaxial-normal","Estado biaxial uniforme","Acciones prescritas","Carga exclusivamente normal","M",599,5.16772383794382,296.088765603329,-8.84237076698067,"kN m/m","DE"
"biaxial-normal","Estado biaxial uniforme","Acciones prescritas","Carga exclusivamente normal","M",600,5.17643838067223,296.588072122053,-8.64264630241972,"kN m/m","DE"
"biaxial-normal","Estado biaxial uniforme","Acciones prescritas","Carga exclusivamente normal","M",601,5.18515292340063,297.087378640777,-8.4402982597233,"kN m/m","DE"
"biaxial-normal","Estado biaxial uniforme","Acciones prescritas","Carga exclusivamente normal","M",602,5.19386746612903,297.586685159501,-8.23538810521135,"kN m/m","DE"
"biaxial-normal","Estado biaxial uniforme","Acciones prescritas","Carga exclusivamente normal","M",603,5.20258200885744,298.085991678225,-8.02797808348464,"kN m/m","DE"
"biaxial-normal","Estado biaxial uniforme","Acciones prescritas","Carga exclusivamente normal","M",604,5.21129655158584,298.585298196949,-7.81813119851685,"kN m/m","DE"
"biaxial-normal","Estado biaxial uniforme","Acciones prescritas","Carga exclusivamente normal","M",605,5.22001109431425,299.084604715673,-7.60591119451628,"kN m/m","DE"
"biaxial-normal","Estado biaxial uniforme","Acciones prescritas","Carga exclusivamente normal","M",606,5.22872563704265,299.583911234397,-7.39138253656251,"kN m/m","DE"
"biaxial-normal","Estado biaxial uniforme","Acciones prescritas","Carga exclusivamente normal","M",607,5.23744017977106,300.083217753121,-7.17461039102411,"kN m/m","DE"
"biaxial-normal","Estado biaxial uniforme","Acciones prescritas","Carga exclusivamente normal","M",608,5.24615472249946,300.582524271845,-6.95566060576347,"kN m/m","DE"
"biaxial-normal","Estado biaxial uniforme","Acciones prescritas","Carga exclusivamente normal","M",609,5.25486926522786,301.081830790569,-6.73459969013434,"kN m/m","DE"
"biaxial-normal","Estado biaxial uniforme","Acciones prescritas","Carga exclusivamente normal","M",610,5.26358380795627,301.581137309293,-6.51149479477877,"kN m/m","DE"
"biaxial-normal","Estado biaxial uniforme","Acciones prescritas","Carga exclusivamente normal","M",611,5.27229835068467,302.080443828017,-6.28641369122889,"kN m/m","DE"
"biaxial-normal","Estado biaxial uniforme","Acciones prescritas","Carga exclusivamente normal","M",612,5.28101289341308,302.579750346741,-6.05942475132048,"kN m/m","DE"
"biaxial-normal","Estado biaxial uniforme","Acciones prescritas","Carga exclusivamente normal","M",613,5.28972743614148,303.079056865465,-5.83059692642376,"kN m/m","DE"
"biaxial-normal","Estado biaxial uniforme","Acciones prescritas","Carga exclusivamente normal","M",614,5.29844197886989,303.578363384189,-5.5999997264985,"kN m/m","DE"
"biaxial-normal","Estado biaxial uniforme","Acciones prescritas","Carga exclusivamente normal","M",615,5.30715652159829,304.077669902913,-5.36770319897926,"kN m/m","DE"
"biaxial-normal","Estado biaxial uniforme","Acciones prescritas","Carga exclusivamente normal","M",616,5.3158710643267,304.576976421637,-5.13377790749744,"kN m/m","DE"
"biaxial-normal","Estado biaxial uniforme","Acciones prescritas","Carga exclusivamente normal","M",617,5.3245856070551,305.076282940361,-4.89829491044637,"kN m/m","DE"
"biaxial-normal","Estado biaxial uniforme","Acciones prescritas","Carga exclusivamente normal","M",618,5.3333001497835,305.575589459085,-4.6613257393964,"kN m/m","DE"
"biaxial-normal","Estado biaxial uniforme","Acciones prescritas","Carga exclusivamente normal","M",619,5.34201469251191,306.074895977809,-4.42294237736604,"kN m/m","DE"
"biaxial-normal","Estado biaxial uniforme","Acciones prescritas","Carga exclusivamente normal","M",620,5.35072923524031,306.574202496533,-4.18321723695588,"kN m/m","DE"
"biaxial-normal","Estado biaxial uniforme","Acciones prescritas","Carga exclusivamente normal","M",621,5.35944377796872,307.073509015257,-3.94222313835238,"kN m/m","DE"
"biaxial-normal","Estado biaxial uniforme","Acciones prescritas","Carga exclusivamente normal","M",622,5.36815832069712,307.572815533981,-3.70003328720742,"kN m/m","DE"
"biaxial-normal","Estado biaxial uniforme","Acciones prescritas","Carga exclusivamente normal","M",623,5.37687286342553,308.072122052705,-3.45672125240113,"kN m/m","DE"
"biaxial-normal","Estado biaxial uniforme","Acciones prescritas","Carga exclusivamente normal","M",624,5.38558740615393,308.571428571429,-3.21236094369401,"kN m/m","DE"
"biaxial-normal","Estado biaxial uniforme","Acciones prescritas","Carga exclusivamente normal","M",625,5.39430194888234,309.070735090153,-2.96702658927594,"kN m/m","DE"
"biaxial-normal","Estado biaxial uniforme","Acciones prescritas","Carga exclusivamente normal","M",626,5.40301649161074,309.570041608877,-2.7207927132181,"kN m/m","DE"
"biaxial-normal","Estado biaxial uniforme","Acciones prescritas","Carga exclusivamente normal","M",627,5.41173103433914,310.069348127601,-2.47373411283508,"kN m/m","DE"
"biaxial-normal","Estado biaxial uniforme","Acciones prescritas","Carga exclusivamente normal","M",628,5.42044557706755,310.568654646325,-2.22592583596423,"kN m/m","DE"
"biaxial-normal","Estado biaxial uniforme","Acciones prescritas","Carga exclusivamente normal","M",629,5.42916011979595,311.067961165049,-1.97744315816852,"kN m/m","DE"
"biaxial-normal","Estado biaxial uniforme","Acciones prescritas","Carga exclusivamente normal","M",630,5.43787466252436,311.567267683773,-1.72836155987064,"kN m/m","DE"
"biaxial-normal","Estado biaxial uniforme","Acciones prescritas","Carga exclusivamente normal","M",631,5.44658920525276,312.066574202496,-1.47875670342449,"kN m/m","DE"
"biaxial-normal","Estado biaxial uniforme","Acciones prescritas","Carga exclusivamente normal","M",632,5.45530374798117,312.565880721221,-1.2287044101317,"kN m/m","DE"
"biaxial-normal","Estado biaxial uniforme","Acciones prescritas","Carga exclusivamente normal","M",633,5.46401829070957,313.065187239944,-0.978280637209697,"kN m/m","DE"
"biaxial-normal","Estado biaxial uniforme","Acciones prescritas","Carga exclusivamente normal","M",634,5.47273283343798,313.564493758669,-0.72756145471849,"kN m/m","DE"
"biaxial-normal","Estado biaxial uniforme","Acciones prescritas","Carga exclusivamente normal","M",635,5.48144737616638,314.063800277393,-0.476623022453334,"kN m/m","DE"
"biaxial-normal","Estado biaxial uniforme","Acciones prescritas","Carga exclusivamente normal","M",636,5.49016191889478,314.563106796117,-0.22554156680994,"kN m/m","DE"
"biaxial-normal","Estado biaxial uniforme","Acciones prescritas","Carga exclusivamente normal","M",637,5.49778714378214,315,-0.0057879268556148,"kN m/m","DE"
"biaxial-normal","Estado biaxial uniforme","Acciones prescritas","Carga exclusivamente normal","M",638,5.49887646162319,315.06241331484,0.0256066423704098,"kN m/m","DE"
"biaxial-normal","Estado biaxial uniforme","Acciones prescritas","Carga exclusivamente normal","M",639,5.50759100435159,315.561719833564,0.276745314969101,"kN m/m","DE"
"biaxial-normal","Estado biaxial uniforme","Acciones prescritas","Carga exclusivamente normal","M",640,5.51630554708,316.061026352288,0.527798163764299,"kN m/m","DE"
"biaxial-normal","Estado biaxial uniforme","Acciones prescritas","Carga exclusivamente normal","M",641,5.5250200898084,316.560332871013,0.778688927604568,"kN m/m","DE"
"biaxial-normal","Estado biaxial uniforme","Acciones prescritas","Carga exclusivamente normal","M",642,5.53373463253681,317.059639389736,1.02934139457416,"kN m/m","DE"
"biaxial-normal","Estado biaxial uniforme","Acciones prescritas","Carga exclusivamente normal","M",643,5.54244917526521,317.55894590846,1.27967942514375,"kN m/m","DE"
"biaxial-normal","Estado biaxial uniforme","Acciones prescritas","Carga exclusivamente normal","M",644,5.55116371799361,318.058252427184,1.52962697529881,"kN m/m","DE"
"biaxial-normal","Estado biaxial uniforme","Acciones prescritas","Carga exclusivamente normal","M",645,5.55987826072202,318.557558945908,1.7791081196393,"kN m/m","DE"
"biaxial-normal","Estado biaxial uniforme","Acciones prescritas","Carga exclusivamente normal","M",646,5.56859280345042,319.056865464632,2.028047074443,"kN m/m","DE"
"biaxial-normal","Estado biaxial uniforme","Acciones prescritas","Carga exclusivamente normal","M",647,5.57730734617883,319.556171983356,2.27636822068618,"kN m/m","DE"
"biaxial-normal","Estado biaxial uniforme","Acciones prescritas","Carga exclusivamente normal","M",648,5.58602188890723,320.05547850208,2.52399612701386,"kN m/m","DE"
"biaxial-normal","Estado biaxial uniforme","Acciones prescritas","Carga exclusivamente normal","M",649,5.59473643163564,320.554785020804,2.77085557265331,"kN m/m","DE"
"biaxial-normal","Estado biaxial uniforme","Acciones prescritas","Carga exclusivamente normal","M",650,5.60345097436404,321.054091539528,3.01687157026359,"kN m/m","DE"
"biaxial-normal","Estado biaxial uniforme","Acciones prescritas","Carga exclusivamente normal","M",651,5.61216551709245,321.553398058252,3.26196938871393,"kN m/m","DE"
"biaxial-normal","Estado biaxial uniforme","Acciones prescritas","Carga exclusivamente normal","M",652,5.62088005982085,322.052704576976,3.5060745757846,"kN m/m","DE"
"biaxial-normal","Estado biaxial uniforme","Acciones prescritas","Carga exclusivamente normal","M",653,5.62959460254925,322.5520110957,3.74911298078291,"kN m/m","DE"
"biaxial-normal","Estado biaxial uniforme","Acciones prescritas","Carga exclusivamente normal","M",654,5.63830914527766,323.051317614424,3.9910107770675,"kN m/m","DE"
"biaxial-normal","Estado biaxial uniforme","Acciones prescritas","Carga exclusivamente normal","M",655,5.64702368800606,323.550624133148,4.23169448447443,"kN m/m","DE"
"biaxial-normal","Estado biaxial uniforme","Acciones prescritas","Carga exclusivamente normal","M",656,5.65573823073447,324.049930651872,4.47109099163791,"kN m/m","DE"
"biaxial-normal","Estado biaxial uniforme","Acciones prescritas","Carga exclusivamente normal","M",657,5.66445277346287,324.549237170596,4.70912757819887,"kN m/m","DE"
"biaxial-normal","Estado biaxial uniforme","Acciones prescritas","Carga exclusivamente normal","M",658,5.67316731619128,325.04854368932,4.94573193689505,"kN m/m","DE"
"biaxial-normal","Estado biaxial uniforme","Acciones prescritas","Carga exclusivamente normal","M",659,5.68188185891968,325.547850208044,5.1808321955253,"kN m/m","DE"
"biaxial-normal","Estado biaxial uniforme","Acciones prescritas","Carga exclusivamente normal","M",660,5.69059640164809,326.047156726768,5.41435693878201,"kN m/m","DE"
"biaxial-normal","Estado biaxial uniforme","Acciones prescritas","Carga exclusivamente normal","M",661,5.69931094437649,326.546463245492,5.64623522994436,"kN m/m","DE"
"biaxial-normal","Estado biaxial uniforme","Acciones prescritas","Carga exclusivamente normal","M",662,5.70802548710489,327.045769764216,5.87639663242675,"kN m/m","DE"
"biaxial-normal","Estado biaxial uniforme","Acciones prescritas","Carga exclusivamente normal","M",663,5.7167400298333,327.54507628294,6.10477123117477,"kN m/m","DE"
"biaxial-normal","Estado biaxial uniforme","Acciones prescritas","Carga exclusivamente normal","M",664,5.7254545725617,328.044382801664,6.33128965390309,"kN m/m","DE"
"biaxial-normal","Estado biaxial uniforme","Acciones prescritas","Carga exclusivamente normal","M",665,5.73416911529011,328.543689320388,6.55588309216817,"kN m/m","DE"
"biaxial-normal","Estado biaxial uniforme","Acciones prescritas","Carga exclusivamente normal","M",666,5.74288365801851,329.042995839112,6.77848332227015,"kN m/m","DE"
"biaxial-normal","Estado biaxial uniforme","Acciones prescritas","Carga exclusivamente normal","M",667,5.75159820074692,329.542302357836,6.99902272597665,"kN m/m","DE"
"biaxial-normal","Estado biaxial uniforme","Acciones prescritas","Carga exclusivamente normal","M",668,5.76031274347532,330.04160887656,7.21743431106291,"kN m/m","DE"
"biaxial-normal","Estado biaxial uniforme","Acciones prescritas","Carga exclusivamente normal","M",669,5.76902728620373,330.540915395284,7.43365173166164,"kN m/m","DE"
"biaxial-normal","Estado biaxial uniforme","Acciones prescritas","Carga exclusivamente normal","M",670,5.77774182893213,331.040221914008,7.64760930841676,"kN m/m","DE"
"biaxial-normal","Estado biaxial uniforme","Acciones prescritas","Carga exclusivamente normal","M",671,5.78645637166053,331.539528432732,7.8592420484343,"kN m/m","DE"
"biaxial-normal","Estado biaxial uniforme","Acciones prescritas","Carga exclusivamente normal","M",672,5.79517091438894,332.038834951456,8.06848566502515,"kN m/m","DE"
"biaxial-normal","Estado biaxial uniforme","Acciones prescritas","Carga exclusivamente normal","M",673,5.80388545711734,332.53814147018,8.27527659723301,"kN m/m","DE"
"biaxial-normal","Estado biaxial uniforme","Acciones prescritas","Carga exclusivamente normal","M",674,5.81259999984575,333.037447988904,8.47955202914212,"kN m/m","DE"
"biaxial-normal","Estado biaxial uniforme","Acciones prescritas","Carga exclusivamente normal","M",675,5.82131454257415,333.536754507628,8.68124990895852,"kN m/m","DE"
"biaxial-normal","Estado biaxial uniforme","Acciones prescritas","Carga exclusivamente normal","M",676,5.83002908530256,334.036061026352,8.88030896785908,"kN m/m","DE"
"biaxial-normal","Estado biaxial uniforme","Acciones prescritas","Carga exclusivamente normal","M",677,5.83874362803096,334.535367545076,9.0766687386031,"kN m/m","DE"
"biaxial-normal","Estado biaxial uniforme","Acciones prescritas","Carga exclusivamente normal","M",678,5.84745817075936,335.0346740638,9.2702695739,"kN m/m","DE"
"biaxial-normal","Estado biaxial uniforme","Acciones prescritas","Carga exclusivamente normal","M",679,5.85617271348777,335.533980582524,9.4610526645282,"kN m/m","DE"
"biaxial-normal","Estado biaxial uniforme","Acciones prescritas","Carga exclusivamente normal","M",680,5.86488725621617,336.033287101248,9.64896005719909,"kN m/m","DE"
"biaxial-normal","Estado biaxial uniforme","Acciones prescritas","Carga exclusivamente normal","M",681,5.87360179894458,336.532593619972,9.83393467216156,"kN m/m","DE"
"biaxial-normal","Estado biaxial uniforme","Acciones prescritas","Carga exclusivamente normal","M",682,5.88231634167298,337.031900138696,10.0159203205407,"kN m/m","DE"
"biaxial-normal","Estado biaxial uniforme","Acciones prescritas","Carga exclusivamente normal","M",683,5.89103088440139,337.53120665742,10.1948617214058,"kN m/m","DE"
"biaxial-normal","Estado biaxial uniforme","Acciones prescritas","Carga exclusivamente normal","M",684,5.89974542712979,338.030513176144,10.3707045185633,"kN m/m","DE"
"biaxial-normal","Estado biaxial uniforme","Acciones prescritas","Carga exclusivamente normal","M",685,5.9084599698582,338.529819694868,10.5433952970678,"kN m/m","DE"
"biaxial-normal","Estado biaxial uniforme","Acciones prescritas","Carga exclusivamente normal","M",686,5.9171745125866,339.029126213592,10.712881599448,"kN m/m","DE"
"biaxial-normal","Estado biaxial uniforme","Acciones prescritas","Carga exclusivamente normal","M",687,5.925889055315,339.528432732316,10.8791119416413,"kN m/m","DE"
"biaxial-normal","Estado biaxial uniforme","Acciones prescritas","Carga exclusivamente normal","M",688,5.93460359804341,340.02773925104,11.0420358286329,"kN m/m","DE"
"biaxial-normal","Estado biaxial uniforme","Acciones prescritas","Carga exclusivamente normal","M",689,5.94331814077181,340.527045769764,11.2016037697945,"kN m/m","DE"
"biaxial-normal","Estado biaxial uniforme","Acciones prescritas","Carga exclusivamente normal","M",690,5.95203268350022,341.026352288488,11.3577672939179,"kN m/m","DE"
"biaxial-normal","Estado biaxial uniforme","Acciones prescritas","Carga exclusivamente normal","M",691,5.96074722622862,341.525658807212,11.5104789639384,"kN m/m","DE"
"biaxial-normal","Estado biaxial uniforme","Acciones prescritas","Carga exclusivamente normal","M",692,5.96946176895703,342.024965325936,11.6596923913454,"kN m/m","DE"
"biaxial-normal","Estado biaxial uniforme","Acciones prescritas","Carga exclusivamente normal","M",693,5.97817631168543,342.52427184466,11.8053622502727,"kN m/m","DE"
"biaxial-normal","Estado biaxial uniforme","Acciones prescritas","Carga exclusivamente normal","M",694,5.98689085441384,343.023578363384,11.9474442912675,"kN m/m","DE"
"biaxial-normal","Estado biaxial uniforme","Acciones prescritas","Carga exclusivamente normal","M",695,5.99560539714224,343.522884882108,12.0858953547319,"kN m/m","DE"
"biaxial-normal","Estado biaxial uniforme","Acciones prescritas","Carga exclusivamente normal","M",696,6.00431993987064,344.022191400832,12.2206733840327,"kN m/m","DE"
"biaxial-normal","Estado biaxial uniforme","Acciones prescritas","Carga exclusivamente normal","M",697,6.01303448259905,344.521497919556,12.3517374382775,"kN m/m","DE"
"biaxial-normal","Estado biaxial uniforme","Acciones prescritas","Carga exclusivamente normal","M",698,6.02174902532745,345.02080443828,12.4790477047505,"kN m/m","DE"
"biaxial-normal","Estado biaxial uniforme","Acciones prescritas","Carga exclusivamente normal","M",699,6.03046356805586,345.520110957004,12.6025655110066,"kN m/m","DE"
"biaxial-normal","Estado biaxial uniforme","Acciones prescritas","Carga exclusivamente normal","M",700,6.03917811078426,346.019417475728,12.7222533366186,"kN m/m","DE"
"biaxial-normal","Estado biaxial uniforme","Acciones prescritas","Carga exclusivamente normal","M",701,6.04789265351267,346.518723994452,12.8380748245746,"kN m/m","DE"
"biaxial-normal","Estado biaxial uniforme","Acciones prescritas","Carga exclusivamente normal","M",702,6.05660719624107,347.018030513176,12.9499947923222,"kN m/m","DE"
"biaxial-normal","Estado biaxial uniforme","Acciones prescritas","Carga exclusivamente normal","M",703,6.06532173896948,347.5173370319,13.0579792424554,"kN m/m","DE"
"biaxial-normal","Estado biaxial uniforme","Acciones prescritas","Carga exclusivamente normal","M",704,6.07403628169788,348.016643550624,13.1619953730421,"kN m/m","DE"
"biaxial-normal","Estado biaxial uniforme","Acciones prescritas","Carga exclusivamente normal","M",705,6.08275082442628,348.515950069348,13.2620115875879,"kN m/m","DE"
"biaxial-normal","Estado biaxial uniforme","Acciones prescritas","Carga exclusivamente normal","M",706,6.09146536715469,349.015256588072,13.3579975046345,"kN m/m","DE"
"biaxial-normal","Estado biaxial uniforme","Acciones prescritas","Carga exclusivamente normal","M",707,6.10017990988309,349.514563106796,13.4499239669881,"kN m/m","DE"
"biaxial-normal","Estado biaxial uniforme","Acciones prescritas","Carga exclusivamente normal","M",708,6.1088944526115,350.01386962552,13.5377630505766,"kN m/m","DE"
"biaxial-normal","Estado biaxial uniforme","Acciones prescritas","Carga exclusivamente normal","M",709,6.1176089953399,350.513176144244,13.6214880729316,"kN m/m","DE"
"biaxial-normal","Estado biaxial uniforme","Acciones prescritas","Carga exclusivamente normal","M",710,6.12632353806831,351.012482662968,13.7010736012942,"kN m/m","DE"
"biaxial-normal","Estado biaxial uniforme","Acciones prescritas","Carga exclusivamente normal","M",711,6.13503808079671,351.511789181692,13.77649546034,"kN m/m","DE"
"biaxial-normal","Estado biaxial uniforme","Acciones prescritas","Carga exclusivamente normal","M",712,6.14375262352512,352.011095700416,13.8477307395232,"kN m/m","DE"
"biaxial-normal","Estado biaxial uniforme","Acciones prescritas","Carga exclusivamente normal","M",713,6.15246716625352,352.51040221914,13.9147578000356,"kN m/m","DE"
"biaxial-normal","Estado biaxial uniforme","Acciones prescritas","Carga exclusivamente normal","M",714,6.16118170898192,353.009708737864,13.97755628138,"kN m/m","DE"
"biaxial-normal","Estado biaxial uniforme","Acciones prescritas","Carga exclusivamente normal","M",715,6.16989625171033,353.509015256588,14.0361071075552,"kN m/m","DE"
"biaxial-normal","Estado biaxial uniforme","Acciones prescritas","Carga exclusivamente normal","M",716,6.17861079443873,354.008321775312,14.09039249285,"kN m/m","DE"
"biaxial-normal","Estado biaxial uniforme","Acciones prescritas","Carga exclusivamente normal","M",717,6.18732533716714,354.507628294036,14.1403959472464,"kN m/m","DE"
"biaxial-normal","Estado biaxial uniforme","Acciones prescritas","Carga exclusivamente normal","M",718,6.19603987989554,355.00693481276,14.1861022814286,"kN m/m","DE"
"biaxial-normal","Estado biaxial uniforme","Acciones prescritas","Carga exclusivamente normal","M",719,6.20475442262395,355.506241331484,14.227497611397,"kN m/m","DE"
"biaxial-normal","Estado biaxial uniforme","Acciones prescritas","Carga exclusivamente normal","M",720,6.21346896535235,356.005547850208,14.2645693626853,"kN m/m","DE"
"biaxial-normal","Estado biaxial uniforme","Acciones prescritas","Carga exclusivamente normal","M",721,6.22218350808075,356.504854368932,14.297306274181,"kN m/m","DE"
"biaxial-normal","Estado biaxial uniforme","Acciones prescritas","Carga exclusivamente normal","M",722,6.23089805080916,357.004160887656,14.3256984015452,"kN m/m","DE"
"biaxial-normal","Estado biaxial uniforme","Acciones prescritas","Carga exclusivamente normal","M",723,6.23961259353756,357.50346740638,14.3497371202341,"kN m/m","DE"
"biaxial-normal","Estado biaxial uniforme","Acciones prescritas","Carga exclusivamente normal","M",724,6.24832713626597,358.002773925104,14.3694151281182,"kN m/m","DE"
"biaxial-normal","Estado biaxial uniforme","Acciones prescritas","Carga exclusivamente normal","M",725,6.25704167899437,358.502080443828,14.3847264477011,"kN m/m","DE"
"biaxial-normal","Estado biaxial uniforme","Acciones prescritas","Carga exclusivamente normal","M",726,6.26575622172278,359.001386962552,14.3956664279346,"kN m/m","DE"
"biaxial-normal","Estado biaxial uniforme","Acciones prescritas","Carga exclusivamente normal","M",727,6.27447076445118,359.500693481276,14.4022317456321,"kN m/m","DE"
"biaxial-normal","Estado biaxial uniforme","Acciones prescritas","Carga exclusivamente normal","Q",0,0,0,0,"kN/m","DE"
"biaxial-normal","Estado biaxial uniforme","Acciones prescritas","Carga exclusivamente normal","Q",1,0.00871454272840442,0.499306518723994,-0.381968116974944,"kN/m","DE"
"biaxial-normal","Estado biaxial uniforme","Acciones prescritas","Carga exclusivamente normal","Q",2,0.0174290854568088,0.998613037447989,-0.763820205278747,"kN/m","DE"
"biaxial-normal","Estado biaxial uniforme","Acciones prescritas","Carga exclusivamente normal","Q",3,0.0261436281852133,1.49791955617198,-1.14544027148576,"kN/m","DE"
"biaxial-normal","Estado biaxial uniforme","Acciones prescritas","Carga exclusivamente normal","Q",4,0.0348581709136177,1.99722607489598,-1.52671239265058,"kN/m","DE"
"biaxial-normal","Estado biaxial uniforme","Acciones prescritas","Carga exclusivamente normal","Q",5,0.0435727136420221,2.49653259361997,-1.90752075152149,"kN/m","DE"
"biaxial-normal","Estado biaxial uniforme","Acciones prescritas","Carga exclusivamente normal","Q",6,0.0522872563704265,2.99583911234397,-2.28774967172164,"kN/m","DE"
"biaxial-normal","Estado biaxial uniforme","Acciones prescritas","Carga exclusivamente normal","Q",7,0.0610017990988309,3.49514563106796,-2.66728365288756,"kN/m","DE"
"biaxial-normal","Estado biaxial uniforme","Acciones prescritas","Carga exclusivamente normal","Q",8,0.0697163418272354,3.99445214979196,-3.04600740575419,"kN/m","DE"
"biaxial-normal","Estado biaxial uniforme","Acciones prescritas","Carga exclusivamente normal","Q",9,0.0784308845556398,4.49375866851595,-3.42380588717573,"kN/m","DE"
"biaxial-normal","Estado biaxial uniforme","Acciones prescritas","Carga exclusivamente normal","Q",10,0.0871454272840442,4.99306518723994,-3.80056433507174,"kN/m","DE"
"biaxial-normal","Estado biaxial uniforme","Acciones prescritas","Carga exclusivamente normal","Q",11,0.0958599700124486,5.49237170596394,-4.17616830328793,"kN/m","DE"
"biaxial-normal","Estado biaxial uniforme","Acciones prescritas","Carga exclusivamente normal","Q",12,0.104574512740853,5.99167822468793,-4.55050369636092,"kN/m","DE"
"biaxial-normal","Estado biaxial uniforme","Acciones prescritas","Carga exclusivamente normal","Q",13,0.113289055469257,6.49098474341193,-4.92345680417646,"kN/m","DE"
"biaxial-normal","Estado biaxial uniforme","Acciones prescritas","Carga exclusivamente normal","Q",14,0.122003598197662,6.99029126213592,-5.29491433651064,"kN/m","DE"
"biaxial-normal","Estado biaxial uniforme","Acciones prescritas","Carga exclusivamente normal","Q",15,0.130718140926066,7.48959778085992,-5.66476345744353,"kN/m","DE"
"biaxial-normal","Estado biaxial uniforme","Acciones prescritas","Carga exclusivamente normal","Q",16,0.139432683654471,7.98890429958391,-6.03289181963482,"kN/m","DE"
"biaxial-normal","Estado biaxial uniforme","Acciones prescritas","Carga exclusivamente normal","Q",17,0.148147226382875,8.4882108183079,-6.39918759845106,"kN/m","DE"
"biaxial-normal","Estado biaxial uniforme","Acciones prescritas","Carga exclusivamente normal","Q",18,0.15686176911128,8.9875173370319,-6.76353952593407,"kN/m","DE"
"biaxial-normal","Estado biaxial uniforme","Acciones prescritas","Carga exclusivamente normal","Q",19,0.165576311839684,9.4868238557559,-7.12583692460033,"kN/m","DE"
"biaxial-normal","Estado biaxial uniforme","Acciones prescritas","Carga exclusivamente normal","Q",20,0.174290854568088,9.98613037447989,-7.48596974106095,"kN/m","DE"
"biaxial-normal","Estado biaxial uniforme","Acciones prescritas","Carga exclusivamente normal","Q",21,0.183005397296493,10.4854368932039,-7.84382857945204,"kN/m","DE"
"biaxial-normal","Estado biaxial uniforme","Acciones prescritas","Carga exclusivamente normal","Q",22,0.191719940024897,10.9847434119279,-8.19930473466544,"kN/m","DE"
"biaxial-normal","Estado biaxial uniforme","Acciones prescritas","Carga exclusivamente normal","Q",23,0.200434482753302,11.4840499306519,-8.55229022536951,"kN/m","DE"
"biaxial-normal","Estado biaxial uniforme","Acciones prescritas","Carga exclusivamente normal","Q",24,0.209149025481706,11.9833564493759,-8.90267782681015,"kN/m","DE"
"biaxial-normal","Estado biaxial uniforme","Acciones prescritas","Carga exclusivamente normal","Q",25,0.21786356821011,12.4826629680999,-9.25036110338194,"kN/m","DE"
"biaxial-normal","Estado biaxial uniforme","Acciones prescritas","Carga exclusivamente normal","Q",26,0.226578110938515,12.9819694868239,-9.59523444095961,"kN/m","DE"
"biaxial-normal","Estado biaxial uniforme","Acciones prescritas","Carga exclusivamente normal","Q",27,0.235292653666919,13.4812760055479,-9.93719307897992,"kN/m","DE"
"biaxial-normal","Estado biaxial uniforme","Acciones prescritas","Carga exclusivamente normal","Q",28,0.244007196395324,13.9805825242718,-10.2761331422643,"kN/m","DE"
"biaxial-normal","Estado biaxial uniforme","Acciones prescritas","Carga exclusivamente normal","Q",29,0.252721739123728,14.4798890429958,-10.6119516725726,"kN/m","DE"
"biaxial-normal","Estado biaxial uniforme","Acciones prescritas","Carga exclusivamente normal","Q",30,0.261436281852133,14.9791955617198,-10.944546659878,"kN/m","DE"
"biaxial-normal","Estado biaxial uniforme","Acciones prescritas","Carga exclusivamente normal","Q",31,0.270150824580537,15.4785020804438,-11.2738170733545,"kN/m","DE"
"biaxial-normal","Estado biaxial uniforme","Acciones prescritas","Carga exclusivamente normal","Q",32,0.278865367308941,15.9778085991678,-11.5996628920662,"kN/m","DE"
"biaxial-normal","Estado biaxial uniforme","Acciones prescritas","Carga exclusivamente normal","Q",33,0.287579910037346,16.4771151178918,-11.9219851353504,"kN/m","DE"
"biaxial-normal","Estado biaxial uniforme","Acciones prescritas","Carga exclusivamente normal","Q",34,0.29629445276575,16.9764216366158,-12.2406858928845,"kN/m","DE"
"biaxial-normal","Estado biaxial uniforme","Acciones prescritas","Carga exclusivamente normal","Q",35,0.305008995494155,17.4757281553398,-12.5556683544277,"kN/m","DE"
"biaxial-normal","Estado biaxial uniforme","Acciones prescritas","Carga exclusivamente normal","Q",36,0.313723538222559,17.9750346740638,-12.8668368392286,"kN/m","DE"
"biaxial-normal","Estado biaxial uniforme","Acciones prescritas","Carga exclusivamente normal","Q",37,0.322438080950964,18.4743411927878,-13.1740968250896,"kN/m","DE"
"biaxial-normal","Estado biaxial uniforme","Acciones prescritas","Carga exclusivamente normal","Q",38,0.331152623679368,18.9736477115118,-13.4773549770798,"kN/m","DE"
"biaxial-normal","Estado biaxial uniforme","Acciones prescritas","Carga exclusivamente normal","Q",39,0.339867166407772,19.4729542302358,-13.7765191758865,"kN/m","DE"
"biaxial-normal","Estado biaxial uniforme","Acciones prescritas","Carga exclusivamente normal","Q",40,0.348581709136177,19.9722607489598,-14.0714985457981,"kN/m","DE"
"biaxial-normal","Estado biaxial uniforme","Acciones prescritas","Carga exclusivamente normal","Q",41,0.357296251864581,20.4715672676838,-14.3622034823089,"kN/m","DE"
"biaxial-normal","Estado biaxial uniforme","Acciones prescritas","Carga exclusivamente normal","Q",42,0.366010794592986,20.9708737864078,-14.6485456793379,"kN/m","DE"
"biaxial-normal","Estado biaxial uniforme","Acciones prescritas","Carga exclusivamente normal","Q",43,0.37472533732139,21.4701803051318,-14.9304381560531,"kN/m","DE"
"biaxial-normal","Estado biaxial uniforme","Acciones prescritas","Carga exclusivamente normal","Q",44,0.383439880049794,21.9694868238558,-15.2077952832933,"kN/m","DE"
"biaxial-normal","Estado biaxial uniforme","Acciones prescritas","Carga exclusivamente normal","Q",45,0.392154422778199,22.4687933425798,-15.4805328095791,"kN/m","DE"
"biaxial-normal","Estado biaxial uniforme","Acciones prescritas","Carga exclusivamente normal","Q",46,0.400868965506603,22.9680998613037,-15.7485678867059,"kN/m","DE"
"biaxial-normal","Estado biaxial uniforme","Acciones prescritas","Carga exclusivamente normal","Q",47,0.409583508235008,23.4674063800277,-16.01181909491,"kN/m","DE"
"biaxial-normal","Estado biaxial uniforme","Acciones prescritas","Carga exclusivamente normal","Q",48,0.418298050963412,23.9667128987517,-16.2702064676011,"kN/m","DE"
"biaxial-normal","Estado biaxial uniforme","Acciones prescritas","Carga exclusivamente normal","Q",49,0.427012593691816,24.4660194174757,-16.5236515156539,"kN/m","DE"
"biaxial-normal","Estado biaxial uniforme","Acciones prescritas","Carga exclusivamente normal","Q",50,0.435727136420221,24.9653259361997,-16.7720772512495,"kN/m","DE"
"biaxial-normal","Estado biaxial uniforme","Acciones prescritas","Carga exclusivamente normal","Q",51,0.444441679148625,25.4646324549237,-17.0154082112624,"kN/m","DE"
"biaxial-normal","Estado biaxial uniforme","Acciones prescritas","Carga exclusivamente normal","Q",52,0.45315622187703,25.9639389736477,-17.2535704801831,"kN/m","DE"
"biaxial-normal","Estado biaxial uniforme","Acciones prescritas","Carga exclusivamente normal","Q",53,0.461870764605434,26.4632454923717,-17.4864917125716,"kN/m","DE"
"biaxial-normal","Estado biaxial uniforme","Acciones prescritas","Carga exclusivamente normal","Q",54,0.470585307333839,26.9625520110957,-17.7141011550327,"kN/m","DE"
"biaxial-normal","Estado biaxial uniforme","Acciones prescritas","Carga exclusivamente normal","Q",55,0.479299850062243,27.4618585298197,-17.9363296677089,"kN/m","DE"
"biaxial-normal","Estado biaxial uniforme","Acciones prescritas","Carga exclusivamente normal","Q",56,0.488014392790647,27.9611650485437,-18.1531097452828,"kN/m","DE"
"biaxial-normal","Estado biaxial uniforme","Acciones prescritas","Carga exclusivamente normal","Q",57,0.496728935519052,28.4604715672677,-18.3643755374826,"kN/m","DE"
"biaxial-normal","Estado biaxial uniforme","Acciones prescritas","Carga exclusivamente normal","Q",58,0.505443478247456,28.9597780859917,-18.5700628690852,"kN/m","DE"
"biaxial-normal","Estado biaxial uniforme","Acciones prescritas","Carga exclusivamente normal","Q",59,0.514158020975861,29.4590846047157,-18.7701092594103,"kN/m","DE"
"biaxial-normal","Estado biaxial uniforme","Acciones prescritas","Carga exclusivamente normal","Q",60,0.522872563704265,29.9583911234397,-18.9644539413002,"kN/m","DE"
"biaxial-normal","Estado biaxial uniforme","Acciones prescritas","Carga exclusivamente normal","Q",61,0.53158710643267,30.4576976421637,-19.1530378795784,"kN/m","DE"
"biaxial-normal","Estado biaxial uniforme","Acciones prescritas","Carga exclusivamente normal","Q",62,0.540301649161074,30.9570041608877,-19.3358037889827,"kN/m","DE"
"biaxial-normal","Estado biaxial uniforme","Acciones prescritas","Carga exclusivamente normal","Q",63,0.549016191889478,31.4563106796117,-19.5126961515663,"kN/m","DE"
"biaxial-normal","Estado biaxial uniforme","Acciones prescritas","Carga exclusivamente normal","Q",64,0.557730734617883,31.9556171983356,-19.6836612335622,"kN/m","DE"
"biaxial-normal","Estado biaxial uniforme","Acciones prescritas","Carga exclusivamente normal","Q",65,0.566445277346287,32.4549237170596,-19.8486471017059,"kN/m","DE"
"biaxial-normal","Estado biaxial uniforme","Acciones prescritas","Carga exclusivamente normal","Q",66,0.575159820074692,32.9542302357836,-20.0076036390107,"kN/m","DE"
"biaxial-normal","Estado biaxial uniforme","Acciones prescritas","Carga exclusivamente normal","Q",67,0.583874362803096,33.4535367545076,-20.1604825599915,"kN/m","DE"
"biaxial-normal","Estado biaxial uniforme","Acciones prescritas","Carga exclusivamente normal","Q",68,0.592588905531501,33.9528432732316,-20.3072374253325,"kN/m","DE"
"biaxial-normal","Estado biaxial uniforme","Acciones prescritas","Carga exclusivamente normal","Q",69,0.601303448259905,34.4521497919556,-20.4478236559936,"kN/m","DE"
"biaxial-normal","Estado biaxial uniforme","Acciones prescritas","Carga exclusivamente normal","Q",70,0.610017990988309,34.9514563106796,-20.5821985467519,"kN/m","DE"
"biaxial-normal","Estado biaxial uniforme","Acciones prescritas","Carga exclusivamente normal","Q",71,0.618732533716714,35.4507628294036,-20.7103212791745,"kN/m","DE"
"biaxial-normal","Estado biaxial uniforme","Acciones prescritas","Carga exclusivamente normal","Q",72,0.627447076445118,35.9500693481276,-20.8321529340172,"kN/m","DE"
"biaxial-normal","Estado biaxial uniforme","Acciones prescritas","Carga exclusivamente normal","Q",73,0.636161619173523,36.4493758668516,-20.9476565030472,"kN/m","DE"
"biaxial-normal","Estado biaxial uniforme","Acciones prescritas","Carga exclusivamente normal","Q",74,0.644876161901927,36.9486823855756,-21.0567969002847,"kN/m","DE"
"biaxial-normal","Estado biaxial uniforme","Acciones prescritas","Carga exclusivamente normal","Q",75,0.653590704630331,37.4479889042996,-21.1595409726608,"kN/m","DE"
"biaxial-normal","Estado biaxial uniforme","Acciones prescritas","Carga exclusivamente normal","Q",76,0.662305247358736,37.9472954230236,-21.2558575100887,"kN/m","DE"
"biaxial-normal","Estado biaxial uniforme","Acciones prescritas","Carga exclusivamente normal","Q",77,0.67101979008714,38.4466019417476,-21.3457172549434,"kN/m","DE"
"biaxial-normal","Estado biaxial uniforme","Acciones prescritas","Carga exclusivamente normal","Q",78,0.679734332815545,38.9459084604716,-21.4290929109499,"kN/m","DE"
"biaxial-normal","Estado biaxial uniforme","Acciones prescritas","Carga exclusivamente normal","Q",79,0.688448875543949,39.4452149791956,-21.5059591514745,"kN/m","DE"
"biaxial-normal","Estado biaxial uniforme","Acciones prescritas","Carga exclusivamente normal","Q",80,0.697163418272354,39.9445214979196,-21.5762926272184,"kN/m","DE"
"biaxial-normal","Estado biaxial uniforme","Acciones prescritas","Carga exclusivamente normal","Q",81,0.705877961000758,40.4438280166436,-21.6400719733099,"kN/m","DE"
"biaxial-normal","Estado biaxial uniforme","Acciones prescritas","Carga exclusivamente normal","Q",82,0.714592503729162,40.9431345353675,-21.6972778157951,"kN/m","DE"
"biaxial-normal","Estado biaxial uniforme","Acciones prescritas","Carga exclusivamente normal","Q",83,0.723307046457567,41.4424410540915,-21.7478927775223,"kN/m","DE"
"biaxial-normal","Estado biaxial uniforme","Acciones prescritas","Carga exclusivamente normal","Q",84,0.732021589185971,41.9417475728155,-21.7919014834209,"kN/m","DE"
"biaxial-normal","Estado biaxial uniforme","Acciones prescritas","Carga exclusivamente normal","Q",85,0.740736131914376,42.4410540915395,-21.8292905651718,"kN/m","DE"
"biaxial-normal","Estado biaxial uniforme","Acciones prescritas","Carga exclusivamente normal","Q",86,0.74945067464278,42.9403606102635,-21.8600486652684,"kN/m","DE"
"biaxial-normal","Estado biaxial uniforme","Acciones prescritas","Carga exclusivamente normal","Q",87,0.758165217371184,43.4396671289875,-21.8841664404661,"kN/m","DE"
"biaxial-normal","Estado biaxial uniforme","Acciones prescritas","Carga exclusivamente normal","Q",88,0.766879760099589,43.9389736477115,-21.901636564621,"kN/m","DE"
"biaxial-normal","Estado biaxial uniforme","Acciones prescritas","Carga exclusivamente normal","Q",89,0.775594302827993,44.4382801664355,-21.9124537309151,"kN/m","DE"
"biaxial-normal","Estado biaxial uniforme","Acciones prescritas","Carga exclusivamente normal","Q",90,0.784308845556398,44.9375866851595,-21.9166146534683,"kN/m","DE"
"biaxial-normal","Estado biaxial uniforme","Acciones prescritas","Carga exclusivamente normal","Q",91,0.785398163397448,45,-21.9166666666667,"kN/m","DE"
"biaxial-normal","Estado biaxial uniforme","Acciones prescritas","Carga exclusivamente normal","Q",92,0.793023388284802,45.4368932038835,-21.9141180683366,"kN/m","DE"
"biaxial-normal","Estado biaxial uniforme","Acciones prescritas","Carga exclusivamente normal","Q",93,0.801737931013207,45.9361997226075,-21.904964733896,"kN/m","DE"
"biaxial-normal","Estado biaxial uniforme","Acciones prescritas","Carga exclusivamente normal","Q",94,0.810452473741611,46.4355062413315,-21.8891574306122,"kN/m","DE"
"biaxial-normal","Estado biaxial uniforme","Acciones prescritas","Carga exclusivamente normal","Q",95,0.819167016470015,46.9348127600555,-21.8667009601958,"kN/m","DE"
"biaxial-normal","Estado biaxial uniforme","Acciones prescritas","Carga exclusivamente normal","Q",96,0.82788155919842,47.4341192787795,-21.837602144144,"kN/m","DE"
"biaxial-normal","Estado biaxial uniforme","Acciones prescritas","Carga exclusivamente normal","Q",97,0.836596101926824,47.9334257975035,-21.8018698216682,"kN/m","DE"
"biaxial-normal","Estado biaxial uniforme","Acciones prescritas","Carga exclusivamente normal","Q",98,0.845310644655229,48.4327323162275,-21.7595148470093,"kN/m","DE"
"biaxial-normal","Estado biaxial uniforme","Acciones prescritas","Carga exclusivamente normal","Q",99,0.854025187383633,48.9320388349515,-21.71055008614,"kN/m","DE"
"biaxial-normal","Estado biaxial uniforme","Acciones prescritas","Carga exclusivamente normal","Q",100,0.862739730112038,49.4313453536755,-21.6549904128571,"kN/m","DE"
"biaxial-normal","Estado biaxial uniforme","Acciones prescritas","Carga exclusivamente normal","Q",101,0.871454272840442,49.9306518723995,-21.5928527042631,"kN/m","DE"
"biaxial-normal","Estado biaxial uniforme","Acciones prescritas","Carga exclusivamente normal","Q",102,0.880168815568846,50.4299583911234,-21.5241558356396,"kN/m","DE"
"biaxial-normal","Estado biaxial uniforme","Acciones prescritas","Carga exclusivamente normal","Q",103,0.888883358297251,50.9292649098474,-21.4489206747135,"kN/m","DE"
"biaxial-normal","Estado biaxial uniforme","Acciones prescritas","Carga exclusivamente normal","Q",104,0.897597901025655,51.4285714285714,-21.3671700753183,"kN/m","DE"
"biaxial-normal","Estado biaxial uniforme","Acciones prescritas","Carga exclusivamente normal","Q",105,0.90631244375406,51.9278779472954,-21.2789288704519,"kN/m","DE"
"biaxial-normal","Estado biaxial uniforme","Acciones prescritas","Carga exclusivamente normal","Q",106,0.915026986482464,52.4271844660194,-21.1842238647329,"kN/m","DE"
"biaxial-normal","Estado biaxial uniforme","Acciones prescritas","Carga exclusivamente normal","Q",107,0.923741529210868,52.9264909847434,-21.0830838262587,"kN/m","DE"
"biaxial-normal","Estado biaxial uniforme","Acciones prescritas","Carga exclusivamente normal","Q",108,0.932456071939273,53.4257975034674,-20.9755394778665,"kN/m","DE"
"biaxial-normal","Estado biaxial uniforme","Acciones prescritas","Carga exclusivamente normal","Q",109,0.941170614667677,53.9251040221914,-20.8616234878008,"kN/m","DE"
"biaxial-normal","Estado biaxial uniforme","Acciones prescritas","Carga exclusivamente normal","Q",110,0.949885157396082,54.4244105409154,-20.7413704597898,"kN/m","DE"
"biaxial-normal","Estado biaxial uniforme","Acciones prescritas","Carga exclusivamente normal","Q",111,0.958599700124486,54.9237170596394,-20.6148169225343,"kN/m","DE"
"biaxial-normal","Estado biaxial uniforme","Acciones prescritas","Carga exclusivamente normal","Q",112,0.967314242852891,55.4230235783634,-20.4820013186114,"kN/m","DE"
"biaxial-normal","Estado biaxial uniforme","Acciones prescritas","Carga exclusivamente normal","Q",113,0.976028785581295,55.9223300970874,-20.3429639927968,"kN/m","DE"
"biaxial-normal","Estado biaxial uniforme","Acciones prescritas","Carga exclusivamente normal","Q",114,0.984743328309699,56.4216366158114,-20.1977471798097,"kN/m","DE"
"biaxial-normal","Estado biaxial uniforme","Acciones prescritas","Carga exclusivamente normal","Q",115,0.993457871038104,56.9209431345354,-20.0463949914833,"kN/m","DE"
"biaxial-normal","Estado biaxial uniforme","Acciones prescritas","Carga exclusivamente normal","Q",116,1.00217241376651,57.4202496532594,-19.8889534033649,"kN/m","DE"
"biaxial-normal","Estado biaxial uniforme","Acciones prescritas","Carga exclusivamente normal","Q",117,1.01088695649491,57.9195561719834,-19.7254702407505,"kN/m","DE"
"biaxial-normal","Estado biaxial uniforme","Acciones prescritas","Carga exclusivamente normal","Q",118,1.01960149922332,58.4188626907073,-19.5559951641571,"kN/m","DE"
"biaxial-normal","Estado biaxial uniforme","Acciones prescritas","Carga exclusivamente normal","Q",119,1.02831604195172,58.9181692094313,-19.3805796542371,"kN/m","DE"
"biaxial-normal","Estado biaxial uniforme","Acciones prescritas","Carga exclusivamente normal","Q",120,1.03703058468013,59.4174757281553,-19.199276996141,"kN/m","DE"
"biaxial-normal","Estado biaxial uniforme","Acciones prescritas","Carga exclusivamente normal","Q",121,1.04574512740853,59.9167822468793,-19.0121422633304,"kN/m","DE"
"biaxial-normal","Estado biaxial uniforme","Acciones prescritas","Carga exclusivamente normal","Q",122,1.05445967013693,60.4160887656033,-18.8192323008492,"kN/m","DE"
"biaxial-normal","Estado biaxial uniforme","Acciones prescritas","Carga exclusivamente normal","Q",123,1.06317421286534,60.9153952843273,-18.620605708056,"kN/m","DE"
"biaxial-normal","Estado biaxial uniforme","Acciones prescritas","Carga exclusivamente normal","Q",124,1.07188875559374,61.4147018030513,-18.4163228208231,"kN/m","DE"
"biaxial-normal","Estado biaxial uniforme","Acciones prescritas","Carga exclusivamente normal","Q",125,1.08060329832215,61.9140083217753,-18.2064456932093,"kN/m","DE"
"biaxial-normal","Estado biaxial uniforme","Acciones prescritas","Carga exclusivamente normal","Q",126,1.08931784105055,62.4133148404993,-17.9910380786096,"kN/m","DE"
"biaxial-normal","Estado biaxial uniforme","Acciones prescritas","Carga exclusivamente normal","Q",127,1.09803238377896,62.9126213592233,-17.770165410389,"kN/m","DE"
"biaxial-normal","Estado biaxial uniforme","Acciones prescritas","Carga exclusivamente normal","Q",128,1.10674692650736,63.4119278779473,-17.5438947820066,"kN/m","DE"
"biaxial-normal","Estado biaxial uniforme","Acciones prescritas","Carga exclusivamente normal","Q",129,1.11546146923577,63.9112343966713,-17.3122949266345,"kN/m","DE"
"biaxial-normal","Estado biaxial uniforme","Acciones prescritas","Carga exclusivamente normal","Q",130,1.12417601196417,64.4105409153953,-17.0754361962791,"kN/m","DE"
"biaxial-normal","Estado biaxial uniforme","Acciones prescritas","Carga exclusivamente normal","Q",131,1.13289055469257,64.9098474341193,-16.833390540411,"kN/m","DE"
"biaxial-normal","Estado biaxial uniforme","Acciones prescritas","Carga exclusivamente normal","Q",132,1.14160509742098,65.4091539528433,-16.5862314841087,"kN/m","DE"
"biaxial-normal","Estado biaxial uniforme","Acciones prescritas","Carga exclusivamente normal","Q",133,1.15031964014938,65.9084604715673,-16.3340341057244,"kN/m","DE"
"biaxial-normal","Estado biaxial uniforme","Acciones prescritas","Carga exclusivamente normal","Q",134,1.15903418287779,66.4077669902913,-16.0768750140782,"kN/m","DE"
"biaxial-normal","Estado biaxial uniforme","Acciones prescritas","Carga exclusivamente normal","Q",135,1.16774872560619,66.9070735090153,-15.8148323251862,"kN/m","DE"
"biaxial-normal","Estado biaxial uniforme","Acciones prescritas","Carga exclusivamente normal","Q",136,1.1764632683346,67.4063800277392,-15.5479856385326,"kN/m","DE"
"biaxial-normal","Estado biaxial uniforme","Acciones prescritas","Carga exclusivamente normal","Q",137,1.185177811063,67.9056865464632,-15.276416012889,"kN/m","DE"
"biaxial-normal","Estado biaxial uniforme","Acciones prescritas","Carga exclusivamente normal","Q",138,1.19389235379141,68.4049930651872,-15.0002059416925,"kN/m","DE"
"biaxial-normal","Estado biaxial uniforme","Acciones prescritas","Carga exclusivamente normal","Q",139,1.20260689651981,68.9042995839112,-14.7194393279865,"kN/m","DE"
"biaxial-normal","Estado biaxial uniforme","Acciones prescritas","Carga exclusivamente normal","Q",140,1.21132143924821,69.4036061026352,-14.4342014589342,"kN/m","DE"
"biaxial-normal","Estado biaxial uniforme","Acciones prescritas","Carga exclusivamente normal","Q",141,1.22003598197662,69.9029126213592,-14.144578979911,"kN/m","DE"
"biaxial-normal","Estado biaxial uniforme","Acciones prescritas","Carga exclusivamente normal","Q",142,1.22875052470502,70.4022191400832,-13.8506598681847,"kN/m","DE"
"biaxial-normal","Estado biaxial uniforme","Acciones prescritas","Carga exclusivamente normal","Q",143,1.23746506743343,70.9015256588072,-13.5525334061915,"kN/m","DE"
"biaxial-normal","Estado biaxial uniforme","Acciones prescritas","Carga exclusivamente normal","Q",144,1.24617961016183,71.4008321775312,-13.2502901544145,"kN/m","DE"
"biaxial-normal","Estado biaxial uniforme","Acciones prescritas","Carga exclusivamente normal","Q",145,1.25489415289024,71.9001386962552,-12.9440219238747,"kN/m","DE"
"biaxial-normal","Estado biaxial uniforme","Acciones prescritas","Carga exclusivamente normal","Q",146,1.26360869561864,72.3994452149792,-12.6338217482425,"kN/m","DE"
"biaxial-normal","Estado biaxial uniforme","Acciones prescritas","Carga exclusivamente normal","Q",147,1.27232323834705,72.8987517337032,-12.3197838555764,"kN/m","DE"
"biaxial-normal","Estado biaxial uniforme","Acciones prescritas","Carga exclusivamente normal","Q",148,1.28103778107545,73.3980582524272,-12.0020036397006,"kN/m","DE"
"biaxial-normal","Estado biaxial uniforme","Acciones prescritas","Carga exclusivamente normal","Q",149,1.28975232380385,73.8973647711512,-11.6805776312274,"kN/m","DE"
"biaxial-normal","Estado biaxial uniforme","Acciones prescritas","Carga exclusivamente normal","Q",150,1.29846686653226,74.3966712898752,-11.3556034682342,"kN/m","DE"
"biaxial-normal","Estado biaxial uniforme","Acciones prescritas","Carga exclusivamente normal","Q",151,1.30718140926066,74.8959778085992,-11.027179866605,"kN/m","DE"
"biaxial-normal","Estado biaxial uniforme","Acciones prescritas","Carga exclusivamente normal","Q",152,1.31589595198907,75.3952843273232,-10.6954065900436,"kN/m","DE"
"biaxial-normal","Estado biaxial uniforme","Acciones prescritas","Carga exclusivamente normal","Q",153,1.32461049471747,75.8945908460472,-10.3603844197687,"kN/m","DE"
"biaxial-normal","Estado biaxial uniforme","Acciones prescritas","Carga exclusivamente normal","Q",154,1.33332503744588,76.3938973647712,-10.0222151239006,"kN/m","DE"
"biaxial-normal","Estado biaxial uniforme","Acciones prescritas","Carga exclusivamente normal","Q",155,1.34203958017428,76.8932038834951,-9.68100142654706,"kN/m","DE"
"biaxial-normal","Estado biaxial uniforme","Acciones prescritas","Carga exclusivamente normal","Q",156,1.35075412290268,77.3925104022191,-9.33684697659946,"kN/m","DE"
"biaxial-normal","Estado biaxial uniforme","Acciones prescritas","Carga exclusivamente normal","Q",157,1.35946866563109,77.8918169209431,-8.98985631624791,"kN/m","DE"
"biaxial-normal","Estado biaxial uniforme","Acciones prescritas","Carga exclusivamente normal","Q",158,1.36818320835949,78.3911234396671,-8.64013484922489,"kN/m","DE"
"biaxial-normal","Estado biaxial uniforme","Acciones prescritas","Carga exclusivamente normal","Q",159,1.3768977510879,78.8904299583911,-8.28778880878727,"kN/m","DE"
"biaxial-normal","Estado biaxial uniforme","Acciones prescritas","Carga exclusivamente normal","Q",160,1.3856122938163,79.3897364771151,-7.93292522544634,"kN/m","DE"
"biaxial-normal","Estado biaxial uniforme","Acciones prescritas","Carga exclusivamente normal","Q",161,1.39432683654471,79.8890429958391,-7.57565189445564,"kN/m","DE"
"biaxial-normal","Estado biaxial uniforme","Acciones prescritas","Carga exclusivamente normal","Q",162,1.40304137927311,80.3883495145631,-7.21607734306648,"kN/m","DE"
"biaxial-normal","Estado biaxial uniforme","Acciones prescritas","Carga exclusivamente normal","Q",163,1.41175592200152,80.8876560332871,-6.85431079756117,"kN/m","DE"
"biaxial-normal","Estado biaxial uniforme","Acciones prescritas","Carga exclusivamente normal","Q",164,1.42047046472992,81.3869625520111,-6.49046215007383,"kN/m","DE"
"biaxial-normal","Estado biaxial uniforme","Acciones prescritas","Carga exclusivamente normal","Q",165,1.42918500745832,81.8862690707351,-6.12464192520896,"kN/m","DE"
"biaxial-normal","Estado biaxial uniforme","Acciones prescritas","Carga exclusivamente normal","Q",166,1.43789955018673,82.3855755894591,-5.75696124646791,"kN/m","DE"
"biaxial-normal","Estado biaxial uniforme","Acciones prescritas","Carga exclusivamente normal","Q",167,1.44661409291513,82.8848821081831,-5.38753180249345,"kN/m","DE"
"biaxial-normal","Estado biaxial uniforme","Acciones prescritas","Carga exclusivamente normal","Q",168,1.45532863564354,83.3841886269071,-5.01646581314258,"kN/m","DE"
"biaxial-normal","Estado biaxial uniforme","Acciones prescritas","Carga exclusivamente normal","Q",169,1.46404317837194,83.8834951456311,-4.64387599539805,"kN/m","DE"
"biaxial-normal","Estado biaxial uniforme","Acciones prescritas","Carga exclusivamente normal","Q",170,1.47275772110035,84.3828016643551,-4.26987552912882,"kN/m","DE"
"biaxial-normal","Estado biaxial uniforme","Acciones prescritas","Carga exclusivamente normal","Q",171,1.48147226382875,84.882108183079,-3.89457802271,"kN/m","DE"
"biaxial-normal","Estado biaxial uniforme","Acciones prescritas","Carga exclusivamente normal","Q",172,1.49018680655716,85.381414701803,-3.51809747851249,"kN/m","DE"
"biaxial-normal","Estado biaxial uniforme","Acciones prescritas","Carga exclusivamente normal","Q",173,1.49890134928556,85.880721220527,-3.1405482582731,"kN/m","DE"
"biaxial-normal","Estado biaxial uniforme","Acciones prescritas","Carga exclusivamente normal","Q",174,1.50761589201396,86.380027739251,-2.76204504835534,"kN/m","DE"
"biaxial-normal","Estado biaxial uniforme","Acciones prescritas","Carga exclusivamente normal","Q",175,1.51633043474237,86.879334257975,-2.3827028249117,"kN/m","DE"
"biaxial-normal","Estado biaxial uniforme","Acciones prescritas","Carga exclusivamente normal","Q",176,1.52504497747077,87.378640776699,-2.00263681895793,"kN/m","DE"
"biaxial-normal","Estado biaxial uniforme","Acciones prescritas","Carga exclusivamente normal","Q",177,1.53375952019918,87.877947295423,-1.62196248136978,"kN/m","DE"
"biaxial-normal","Estado biaxial uniforme","Acciones prescritas","Carga exclusivamente normal","Q",178,1.54247406292758,88.377253814147,-1.24079544781304,"kN/m","DE"
"biaxial-normal","Estado biaxial uniforme","Acciones prescritas","Carga exclusivamente normal","Q",179,1.55118860565599,88.876560332871,-0.859251503617522,"kN/m","DE"
"biaxial-normal","Estado biaxial uniforme","Acciones prescritas","Carga exclusivamente normal","Q",180,1.55990314838439,89.375866851595,-0.477446548605372,"kN/m","DE"
"biaxial-normal","Estado biaxial uniforme","Acciones prescritas","Carga exclusivamente normal","Q",181,1.5686176911128,89.875173370319,-0.0954965618847698,"kN/m","DE"
"biaxial-normal","Estado biaxial uniforme","Acciones prescritas","Carga exclusivamente normal","Q",182,1.5707963267949,90,-2.68401756813128e-15,"kN/m","DE"
"biaxial-normal","Estado biaxial uniforme","Acciones prescritas","Carga exclusivamente normal","Q",183,1.5773322338412,90.374479889043,0.286482433380467,"kN/m","DE"
"biaxial-normal","Estado biaxial uniforme","Acciones prescritas","Carga exclusivamente normal","Q",184,1.5860467765696,90.873786407767,0.66837440521476,"kN/m","DE"
"biaxial-normal","Estado biaxial uniforme","Acciones prescritas","Carga exclusivamente normal","Q",185,1.59476131929801,91.373092926491,1.05006334807722,"kN/m","DE"
"biaxial-normal","Estado biaxial uniforme","Acciones prescritas","Carga exclusivamente normal","Q",186,1.60347586202641,91.872399445215,1.43143331810014,"kN/m","DE"
"biaxial-normal","Estado biaxial uniforme","Acciones prescritas","Carga exclusivamente normal","Q",187,1.61219040475482,92.371705963939,1.81236846830865,"kN/m","DE"
"biaxial-normal","Estado biaxial uniforme","Acciones prescritas","Carga exclusivamente normal","Q",188,1.62090494748322,92.871012482663,2.19275308381113,"kN/m","DE"
"biaxial-normal","Estado biaxial uniforme","Acciones prescritas","Carga exclusivamente normal","Q",189,1.62961949021163,93.370319001387,2.57247161694929,"kN/m","DE"
"biaxial-normal","Estado biaxial uniforme","Acciones prescritas","Carga exclusivamente normal","Q",190,1.63833403294003,93.869625520111,2.95140872239753,"kN/m","DE"
"biaxial-normal","Estado biaxial uniforme","Acciones prescritas","Carga exclusivamente normal","Q",191,1.64704857566844,94.3689320388349,3.32944929220094,"kN/m","DE"
"biaxial-normal","Estado biaxial uniforme","Acciones prescritas","Carga exclusivamente normal","Q",192,1.65576311839684,94.868238557559,3.70647849074107,"kN/m","DE"
"biaxial-normal","Estado biaxial uniforme","Acciones prescritas","Carga exclusivamente normal","Q",193,1.66447766112524,95.367545076283,4.08238178961894,"kN/m","DE"
"biaxial-normal","Estado biaxial uniforme","Acciones prescritas","Carga exclusivamente normal","Q",194,1.67319220385365,95.8668515950069,4.45704500244488,"kN/m","DE"
"biaxial-normal","Estado biaxial uniforme","Acciones prescritas","Carga exclusivamente normal","Q",195,1.68190674658205,96.3661581137309,4.83035431952438,"kN/m","DE"
"biaxial-normal","Estado biaxial uniforme","Acciones prescritas","Carga exclusivamente normal","Q",196,1.69062128931046,96.8654646324549,5.2021963424295,"kN/m","DE"
"biaxial-normal","Estado biaxial uniforme","Acciones prescritas","Carga exclusivamente normal","Q",197,1.69933583203886,97.3647711511789,5.57245811844541,"kN/m","DE"
"biaxial-normal","Estado biaxial uniforme","Acciones prescritas","Carga exclusivamente normal","Q",198,1.70805037476727,97.8640776699029,5.9410271748815,"kN/m","DE"
"biaxial-normal","Estado biaxial uniforme","Acciones prescritas","Carga exclusivamente normal","Q",199,1.71676491749567,98.3633841886269,6.30779155323667,"kN/m","DE"
"biaxial-normal","Estado biaxial uniforme","Acciones prescritas","Carga exclusivamente normal","Q",200,1.72547946022408,98.8626907073509,6.67263984320847,"kN/m","DE"
"biaxial-normal","Estado biaxial uniforme","Acciones prescritas","Carga exclusivamente normal","Q",201,1.73419400295248,99.3619972260749,7.03546121653564,"kN/m","DE"
"biaxial-normal","Estado biaxial uniforme","Acciones prescritas","Carga exclusivamente normal","Q",202,1.74290854568088,99.8613037447989,7.39614546066395,"kN/m","DE"
"biaxial-normal","Estado biaxial uniforme","Acciones prescritas","Carga exclusivamente normal","Q",203,1.75162308840929,100.360610263523,7.75458301222493,"kN/m","DE"
"biaxial-normal","Estado biaxial uniforme","Acciones prescritas","Carga exclusivamente normal","Q",204,1.76033763113769,100.859916782247,8.1106649903174,"kN/m","DE"
"biaxial-normal","Estado biaxial uniforme","Acciones prescritas","Carga exclusivamente normal","Q",205,1.7690521738661,101.359223300971,8.46428322958175,"kN/m","DE"
"biaxial-normal","Estado biaxial uniforme","Acciones prescritas","Carga exclusivamente normal","Q",206,1.7777667165945,101.858529819695,8.81533031305679,"kN/m","DE"
"biaxial-normal","Estado biaxial uniforme","Acciones prescritas","Carga exclusivamente normal","Q",207,1.78648125932291,102.357836338419,9.16369960480933,"kN/m","DE"
"biaxial-normal","Estado biaxial uniforme","Acciones prescritas","Carga exclusivamente normal","Q",208,1.79519580205131,102.857142857143,9.50928528232648,"kN/m","DE"
"biaxial-normal","Estado biaxial uniforme","Acciones prescritas","Carga exclusivamente normal","Q",209,1.80391034477971,103.356449375867,9.8519823686608,"kN/m","DE"
"biaxial-normal","Estado biaxial uniforme","Acciones prescritas","Carga exclusivamente normal","Q",210,1.81262488750812,103.855755894591,10.1916867643188,"kN/m","DE"
"biaxial-normal","Estado biaxial uniforme","Acciones prescritas","Carga exclusivamente normal","Q",211,1.82133943023652,104.355062413315,10.5282952788825,"kN/m","DE"
"biaxial-normal","Estado biaxial uniforme","Acciones prescritas","Carga exclusivamente normal","Q",212,1.83005397296493,104.854368932039,10.8617056623554,"kN/m","DE"
"biaxial-normal","Estado biaxial uniforme","Acciones prescritas","Carga exclusivamente normal","Q",213,1.83876851569333,105.353675450763,11.1918166362223,"kN/m","DE"
"biaxial-normal","Estado biaxial uniforme","Acciones prescritas","Carga exclusivamente normal","Q",214,1.84748305842174,105.852981969487,11.5185279242143,"kN/m","DE"
"biaxial-normal","Estado biaxial uniforme","Acciones prescritas","Carga exclusivamente normal","Q",215,1.85619760115014,106.352288488211,11.8417402827691,"kN/m","DE"
"biaxial-normal","Estado biaxial uniforme","Acciones prescritas","Carga exclusivamente normal","Q",216,1.86491214387855,106.851595006935,12.1613555311779,"kN/m","DE"
"biaxial-normal","Estado biaxial uniforme","Acciones prescritas","Carga exclusivamente normal","Q",217,1.87362668660695,107.350901525659,12.4772765814094,"kN/m","DE"
"biaxial-normal","Estado biaxial uniforme","Acciones prescritas","Carga exclusivamente normal","Q",218,1.88234122933535,107.850208044383,12.7894074676013,"kN/m","DE"
"biaxial-normal","Estado biaxial uniforme","Acciones prescritas","Carga exclusivamente normal","Q",219,1.89105577206376,108.349514563107,13.097653375212,"kN/m","DE"
"biaxial-normal","Estado biaxial uniforme","Acciones prescritas","Carga exclusivamente normal","Q",220,1.89977031479216,108.848821081831,13.4019206698216,"kN/m","DE"
"biaxial-normal","Estado biaxial uniforme","Acciones prescritas","Carga exclusivamente normal","Q",221,1.90848485752057,109.348127600555,13.702116925575,"kN/m","DE"
"biaxial-normal","Estado biaxial uniforme","Acciones prescritas","Carga exclusivamente normal","Q",222,1.91719940024897,109.847434119279,13.9981509532574,"kN/m","DE"
"biaxial-normal","Estado biaxial uniforme","Acciones prescritas","Carga exclusivamente normal","Q",223,1.92591394297738,110.346740638003,14.2899328279947,"kN/m","DE"
"biaxial-normal","Estado biaxial uniforme","Acciones prescritas","Carga exclusivamente normal","Q",224,1.93462848570578,110.846047156727,14.5773739165694,"kN/m","DE"
"biaxial-normal","Estado biaxial uniforme","Acciones prescritas","Carga exclusivamente normal","Q",225,1.94334302843419,111.345353675451,14.8603869043442,"kN/m","DE"
"biaxial-normal","Estado biaxial uniforme","Acciones prescritas","Carga exclusivamente normal","Q",226,1.95205757116259,111.844660194175,15.1388858217857,"kN/m","DE"
"biaxial-normal","Estado biaxial uniforme","Acciones prescritas","Carga exclusivamente normal","Q",227,1.96077211389099,112.343966712899,15.4127860705781,"kN/m","DE"
"biaxial-normal","Estado biaxial uniforme","Acciones prescritas","Carga exclusivamente normal","Q",228,1.9694866566194,112.843273231623,15.682004449322,"kN/m","DE"
"biaxial-normal","Estado biaxial uniforme","Acciones prescritas","Carga exclusivamente normal","Q",229,1.9782011993478,113.342579750347,15.9464591788077,"kN/m","DE"
"biaxial-normal","Estado biaxial uniforme","Acciones prescritas","Carga exclusivamente normal","Q",230,1.98691574207621,113.841886269071,16.2060699268571,"kN/m","DE"
"biaxial-normal","Estado biaxial uniforme","Acciones prescritas","Carga exclusivamente normal","Q",231,1.99563028480461,114.341192787795,16.4607578327254,"kN/m","DE"
"biaxial-normal","Estado biaxial uniforme","Acciones prescritas","Carga exclusivamente normal","Q",232,2.00434482753302,114.840499306519,16.710445531057,"kN/m","DE"
"biaxial-normal","Estado biaxial uniforme","Acciones prescritas","Carga exclusivamente normal","Q",233,2.01305937026142,115.339805825243,16.9550571753857,"kN/m","DE"
"biaxial-normal","Estado biaxial uniforme","Acciones prescritas","Carga exclusivamente normal","Q",234,2.02177391298983,115.839112343967,17.1945184611746,"kN/m","DE"
"biaxial-normal","Estado biaxial uniforme","Acciones prescritas","Carga exclusivamente normal","Q",235,2.03048845571823,116.338418862691,17.4287566483872,"kN/m","DE"
"biaxial-normal","Estado biaxial uniforme","Acciones prescritas","Carga exclusivamente normal","Q",236,2.03920299844663,116.837725381415,17.6577005835833,"kN/m","DE"
"biaxial-normal","Estado biaxial uniforme","Acciones prescritas","Carga exclusivamente normal","Q",237,2.04791754117504,117.337031900139,17.8812807215328,"kN/m","DE"
"biaxial-normal","Estado biaxial uniforme","Acciones prescritas","Carga exclusivamente normal","Q",238,2.05663208390344,117.836338418863,18.0994291463412,"kN/m","DE"
"biaxial-normal","Estado biaxial uniforme","Acciones prescritas","Carga exclusivamente normal","Q",239,2.06534662663185,118.335644937587,18.3120795920804,"kN/m","DE"
"biaxial-normal","Estado biaxial uniforme","Acciones prescritas","Carga exclusivamente normal","Q",240,2.07406116936025,118.834951456311,18.5191674629174,"kN/m","DE"
"biaxial-normal","Estado biaxial uniforme","Acciones prescritas","Carga exclusivamente normal","Q",241,2.08277571208866,119.334257975035,18.7206298527369,"kN/m","DE"
"biaxial-normal","Estado biaxial uniforme","Acciones prescritas","Carga exclusivamente normal","Q",242,2.09149025481706,119.833564493759,18.9164055642495,"kN/m","DE"
"biaxial-normal","Estado biaxial uniforme","Acciones prescritas","Carga exclusivamente normal","Q",243,2.10020479754546,120.332871012483,19.1064351275815,"kN/m","DE"
"biaxial-normal","Estado biaxial uniforme","Acciones prescritas","Carga exclusivamente normal","Q",244,2.10891934027387,120.832177531207,19.2906608183399,"kN/m","DE"
"biaxial-normal","Estado biaxial uniforme","Acciones prescritas","Carga exclusivamente normal","Q",245,2.11763388300227,121.331484049931,19.4690266751469,"kN/m","DE"
"biaxial-normal","Estado biaxial uniforme","Acciones prescritas","Carga exclusivamente normal","Q",246,2.12634842573068,121.830790568655,19.6414785166393,"kN/m","DE"
"biaxial-normal","Estado biaxial uniforme","Acciones prescritas","Carga exclusivamente normal","Q",247,2.13506296845908,122.330097087379,19.8079639579263,"kN/m","DE"
"biaxial-normal","Estado biaxial uniforme","Acciones prescritas","Carga exclusivamente normal","Q",248,2.14377751118749,122.829403606103,19.968432426503,"kN/m","DE"
"biaxial-normal","Estado biaxial uniforme","Acciones prescritas","Carga exclusivamente normal","Q",249,2.15249205391589,123.328710124827,20.1228351776121,"kN/m","DE"
"biaxial-normal","Estado biaxial uniforme","Acciones prescritas","Carga exclusivamente normal","Q",250,2.1612065966443,123.828016643551,20.2711253090509,"kN/m","DE"
"biaxial-normal","Estado biaxial uniforme","Acciones prescritas","Carga exclusivamente normal","Q",251,2.1699211393727,124.327323162275,20.4132577754186,"kN/m","DE"
"biaxial-normal","Estado biaxial uniforme","Acciones prescritas","Carga exclusivamente normal","Q",252,2.1786356821011,124.826629680999,20.5491894017998,"kN/m","DE"
"biaxial-normal","Estado biaxial uniforme","Acciones prescritas","Carga exclusivamente normal","Q",253,2.18735022482951,125.325936199723,20.678878896879,"kN/m","DE"
"biaxial-normal","Estado biaxial uniforme","Acciones prescritas","Carga exclusivamente normal","Q",254,2.19606476755791,125.825242718447,20.802286865484,"kN/m","DE"
"biaxial-normal","Estado biaxial uniforme","Acciones prescritas","Carga exclusivamente normal","Q",255,2.20477931028632,126.324549237171,20.9193758205524,"kN/m","DE"
"biaxial-normal","Estado biaxial uniforme","Acciones prescritas","Carga exclusivamente normal","Q",256,2.21349385301472,126.823855755895,21.0301101945192,"kN/m","DE"
"biaxial-normal","Estado biaxial uniforme","Acciones prescritas","Carga exclusivamente normal","Q",257,2.22220839574313,127.323162274619,21.1344563501206,"kN/m","DE"
"biaxial-normal","Estado biaxial uniforme","Acciones prescritas","Carga exclusivamente normal","Q",258,2.23092293847153,127.822468793343,21.2323825906124,"kN/m","DE"
"biaxial-normal","Estado biaxial uniforme","Acciones prescritas","Carga exclusivamente normal","Q",259,2.23963748119994,128.321775312067,21.3238591693977,"kN/m","DE"
"biaxial-normal","Estado biaxial uniforme","Acciones prescritas","Carga exclusivamente normal","Q",260,2.24835202392834,128.821081830791,21.4088582990633,"kN/m","DE"
"biaxial-normal","Estado biaxial uniforme","Acciones prescritas","Carga exclusivamente normal","Q",261,2.25706656665674,129.320388349515,21.4873541598207,"kN/m","DE"
"biaxial-normal","Estado biaxial uniforme","Acciones prescritas","Carga exclusivamente normal","Q",262,2.26578110938515,129.819694868239,21.5593229073487,"kN/m","DE"
"biaxial-normal","Estado biaxial uniforme","Acciones prescritas","Carga exclusivamente normal","Q",263,2.27449565211355,130.319001386963,21.624742680037,"kN/m","DE"
"biaxial-normal","Estado biaxial uniforme","Acciones prescritas","Carga exclusivamente normal","Q",264,2.28321019484196,130.818307905687,21.6835936056267,"kN/m","DE"
"biaxial-normal","Estado biaxial uniforme","Acciones prescritas","Carga exclusivamente normal","Q",265,2.29192473757036,131.317614424411,21.735857807247,"kN/m","DE"
"biaxial-normal","Estado biaxial uniforme","Acciones prescritas","Carga exclusivamente normal","Q",266,2.30063928029877,131.816920943135,21.7815194088455,"kN/m","DE"
"biaxial-normal","Estado biaxial uniforme","Acciones prescritas","Carga exclusivamente normal","Q",267,2.30935382302717,132.316227461859,21.8205645400106,"kN/m","DE"
"biaxial-normal","Estado biaxial uniforme","Acciones prescritas","Carga exclusivamente normal","Q",268,2.31806836575558,132.815533980583,21.8529813401853,"kN/m","DE"
"biaxial-normal","Estado biaxial uniforme","Acciones prescritas","Carga exclusivamente normal","Q",269,2.32678290848398,133.314840499307,21.8787599622694,"kN/m","DE"
"biaxial-normal","Estado biaxial uniforme","Acciones prescritas","Carga exclusivamente normal","Q",270,2.33549745121238,133.814147018031,21.8978925756114,"kN/m","DE"
"biaxial-normal","Estado biaxial uniforme","Acciones prescritas","Carga exclusivamente normal","Q",271,2.34421199394079,134.313453536755,21.9103733683867,"kN/m","DE"
"biaxial-normal","Estado biaxial uniforme","Acciones prescritas","Carga exclusivamente normal","Q",272,2.35292653666919,134.812760055478,21.916198549363,"kN/m","DE"
"biaxial-normal","Estado biaxial uniforme","Acciones prescritas","Carga exclusivamente normal","Q",273,2.35619449019234,135,21.9166666666667,"kN/m","DE"
"biaxial-normal","Estado biaxial uniforme","Acciones prescritas","Carga exclusivamente normal","Q",274,2.3616410793976,135.312066574203,21.9153663490525,"kN/m","DE"
"biaxial-normal","Estado biaxial uniforme","Acciones prescritas","Carga exclusivamente normal","Q",275,2.370355622126,135.811373092926,21.9078770202486,"kN/m","DE"
"biaxial-normal","Estado biaxial uniforme","Acciones prescritas","Carga exclusivamente normal","Q",276,2.37907016485441,136.31067961165,21.8937328379499,"kN/m","DE"
"biaxial-normal","Estado biaxial uniforme","Acciones prescritas","Carga exclusivamente normal","Q",277,2.38778470758281,136.809986130374,21.8729380986684,"kN/m","DE"
"biaxial-normal","Estado biaxial uniforme","Acciones prescritas","Carga exclusivamente normal","Q",278,2.39649925031122,137.309292649098,21.8454991191252,"kN/m","DE"
"biaxial-normal","Estado biaxial uniforme","Acciones prescritas","Carga exclusivamente normal","Q",279,2.40521379303962,137.808599167822,21.8114242343308,"kN/m","DE"
"biaxial-normal","Estado biaxial uniforme","Acciones prescritas","Carga exclusivamente normal","Q",280,2.41392833576802,138.307905686546,21.7707237950539,"kN/m","DE"
"biaxial-normal","Estado biaxial uniforme","Acciones prescritas","Carga exclusivamente normal","Q",281,2.42264287849643,138.80721220527,21.7234101646768,"kN/m","DE"
"biaxial-normal","Estado biaxial uniforme","Acciones prescritas","Carga exclusivamente normal","Q",282,2.43135742122483,139.306518723994,21.6694977154402,"kN/m","DE"
"biaxial-normal","Estado biaxial uniforme","Acciones prescritas","Carga exclusivamente normal","Q",283,2.44007196395324,139.805825242718,21.6090028240769,"kN/m","DE"
"biaxial-normal","Estado biaxial uniforme","Acciones prescritas","Carga exclusivamente normal","Q",284,2.44878650668164,140.305131761442,21.5419438668375,"kN/m","DE"
"biaxial-normal","Estado biaxial uniforme","Acciones prescritas","Carga exclusivamente normal","Q",285,2.45750104941005,140.804438280166,21.4683412139085,"kN/m","DE"
"biaxial-normal","Estado biaxial uniforme","Acciones prescritas","Carga exclusivamente normal","Q",286,2.46621559213845,141.30374479889,21.3882172232238,"kN/m","DE"
"biaxial-normal","Estado biaxial uniforme","Acciones prescritas","Carga exclusivamente normal","Q",287,2.47493013486686,141.803051317614,21.3015962336741,"kN/m","DE"
"biaxial-normal","Estado biaxial uniforme","Acciones prescritas","Carga exclusivamente normal","Q",288,2.48364467759526,142.302357836338,21.2085045577128,"kN/m","DE"
"biaxial-normal","Estado biaxial uniforme","Acciones prescritas","Carga exclusivamente normal","Q",289,2.49235922032366,142.801664355062,21.1089704733635,"kN/m","DE"
"biaxial-normal","Estado biaxial uniforme","Acciones prescritas","Carga exclusivamente normal","Q",290,2.50107376305207,143.300970873786,21.0030242156303,"kN/m","DE"
"biaxial-normal","Estado biaxial uniforme","Acciones prescritas","Carga exclusivamente normal","Q",291,2.50978830578047,143.80027739251,20.8906979673131,"kN/m","DE"
"biaxial-normal","Estado biaxial uniforme","Acciones prescritas","Carga exclusivamente normal","Q",292,2.51850284850888,144.299583911234,20.7720258492318,"kN/m","DE"
"biaxial-normal","Estado biaxial uniforme","Acciones prescritas","Carga exclusivamente normal","Q",293,2.52721739123728,144.798890429958,20.6470439098616,"kN/m","DE"
"biaxial-normal","Estado biaxial uniforme","Acciones prescritas","Carga exclusivamente normal","Q",294,2.53593193396569,145.298196948682,20.5157901143824,"kN/m","DE"
"biaxial-normal","Estado biaxial uniforme","Acciones prescritas","Carga exclusivamente normal","Q",295,2.54464647669409,145.797503467406,20.3783043331469,"kN/m","DE"
"biaxial-normal","Estado biaxial uniforme","Acciones prescritas","Carga exclusivamente normal","Q",296,2.55336101942249,146.29680998613,20.2346283295687,"kN/m","DE"
"biaxial-normal","Estado biaxial uniforme","Acciones prescritas","Carga exclusivamente normal","Q",297,2.5620755621509,146.796116504854,20.0848057474365,"kN/m","DE"
"biaxial-normal","Estado biaxial uniforme","Acciones prescritas","Carga exclusivamente normal","Q",298,2.5707901048793,147.295423023578,19.9288820976564,"kN/m","DE"
"biaxial-normal","Estado biaxial uniforme","Acciones prescritas","Carga exclusivamente normal","Q",299,2.57950464760771,147.794729542302,19.7669047444274,"kN/m","DE"
"biaxial-normal","Estado biaxial uniforme","Acciones prescritas","Carga exclusivamente normal","Q",300,2.58821919033611,148.294036061026,19.5989228908536,"kN/m","DE"
"biaxial-normal","Estado biaxial uniforme","Acciones prescritas","Carga exclusivamente normal","Q",301,2.59693373306452,148.79334257975,19.4249875639982,"kN/m","DE"
"biaxial-normal","Estado biaxial uniforme","Acciones prescritas","Carga exclusivamente normal","Q",302,2.60564827579292,149.292649098474,19.2451515993832,"kN/m","DE"
"biaxial-normal","Estado biaxial uniforme","Acciones prescritas","Carga exclusivamente normal","Q",303,2.61436281852133,149.791955617198,19.0594696249398,"kN/m","DE"
"biaxial-normal","Estado biaxial uniforme","Acciones prescritas","Carga exclusivamente normal","Q",304,2.62307736124973,150.291262135922,18.8679980444143,"kN/m","DE"
"biaxial-normal","Estado biaxial uniforme","Acciones prescritas","Carga exclusivamente normal","Q",305,2.63179190397813,150.790568654646,18.6707950202344,"kN/m","DE"
"biaxial-normal","Estado biaxial uniforme","Acciones prescritas","Carga exclusivamente normal","Q",306,2.64050644670654,151.28987517337,18.4679204558419,"kN/m","DE"
"biaxial-normal","Estado biaxial uniforme","Acciones prescritas","Carga exclusivamente normal","Q",307,2.64922098943494,151.789181692094,18.2594359774959,"kN/m","DE"
"biaxial-normal","Estado biaxial uniforme","Acciones prescritas","Carga exclusivamente normal","Q",308,2.65793553216335,152.288488210818,18.0454049155527,"kN/m","DE"
"biaxial-normal","Estado biaxial uniforme","Acciones prescritas","Carga exclusivamente normal","Q",309,2.66665007489175,152.787794729542,17.8258922852285,"kN/m","DE"
"biaxial-normal","Estado biaxial uniforme","Acciones prescritas","Carga exclusivamente normal","Q",310,2.67536461762016,153.287101248266,17.6009647668499,"kN/m","DE"
"biaxial-normal","Estado biaxial uniforme","Acciones prescritas","Carga exclusivamente normal","Q",311,2.68407916034856,153.78640776699,17.3706906855989,"kN/m","DE"
"biaxial-normal","Estado biaxial uniforme","Acciones prescritas","Carga exclusivamente normal","Q",312,2.69279370307697,154.285714285714,17.1351399907577,"kN/m","DE"
"biaxial-normal","Estado biaxial uniforme","Acciones prescritas","Carga exclusivamente normal","Q",313,2.70150824580537,154.785020804438,16.8943842344608,"kN/m","DE"
"biaxial-normal","Estado biaxial uniforme","Acciones prescritas","Carga exclusivamente normal","Q",314,2.71022278853377,155.284327323162,16.6484965499601,"kN/m","DE"
"biaxial-normal","Estado biaxial uniforme","Acciones prescritas","Carga exclusivamente normal","Q",315,2.71893733126218,155.783633841886,16.3975516294092,"kN/m","DE"
"biaxial-normal","Estado biaxial uniforme","Acciones prescritas","Carga exclusivamente normal","Q",316,2.72765187399058,156.28294036061,16.1416257011747,"kN/m","DE"
"biaxial-normal","Estado biaxial uniforme","Acciones prescritas","Carga exclusivamente normal","Q",317,2.73636641671899,156.782246879334,15.8807965066807,"kN/m","DE"
"biaxial-normal","Estado biaxial uniforme","Acciones prescritas","Carga exclusivamente normal","Q",318,2.74508095944739,157.281553398058,15.6151432767937,"kN/m","DE"
"biaxial-normal","Estado biaxial uniforme","Acciones prescritas","Carga exclusivamente normal","Q",319,2.7537955021758,157.780859916782,15.3447467077545,"kN/m","DE"
"biaxial-normal","Estado biaxial uniforme","Acciones prescritas","Carga exclusivamente normal","Q",320,2.7625100449042,158.280166435506,15.0696889366664,"kN/m","DE"
"biaxial-normal","Estado biaxial uniforme","Acciones prescritas","Carga exclusivamente normal","Q",321,2.77122458763261,158.77947295423,14.7900535165439,"kN/m","DE"
"biaxial-normal","Estado biaxial uniforme","Acciones prescritas","Carga exclusivamente normal","Q",322,2.77993913036101,159.278779472954,14.5059253909327,"kN/m","DE"
"biaxial-normal","Estado biaxial uniforme","Acciones prescritas","Carga exclusivamente normal","Q",323,2.78865367308941,159.778085991678,14.2173908681068,"kN/m","DE"
"biaxial-normal","Estado biaxial uniforme","Acciones prescritas","Carga exclusivamente normal","Q",324,2.79736821581782,160.277392510402,13.9245375948506,"kN/m","DE"
"biaxial-normal","Estado biaxial uniforme","Acciones prescritas","Carga exclusivamente normal","Q",325,2.80608275854622,160.776699029126,13.6274545298353,"kN/m","DE"
"biaxial-normal","Estado biaxial uniforme","Acciones prescritas","Carga exclusivamente normal","Q",326,2.81479730127463,161.27600554785,13.3262319165964,"kN/m","DE"
"biaxial-normal","Estado biaxial uniforme","Acciones prescritas","Carga exclusivamente normal","Q",327,2.82351184400303,161.775312066574,13.0209612561204,"kN/m","DE"
"biaxial-normal","Estado biaxial uniforme","Acciones prescritas","Carga exclusivamente normal","Q",328,2.83222638673144,162.274618585298,12.7117352790501,"kN/m","DE"
"biaxial-normal","Estado biaxial uniforme","Acciones prescritas","Carga exclusivamente normal","Q",329,2.84094092945984,162.773925104022,12.3986479175167,"kN/m","DE"
"biaxial-normal","Estado biaxial uniforme","Acciones prescritas","Carga exclusivamente normal","Q",330,2.84965547218825,163.273231622746,12.0817942766057,"kN/m","DE"
"biaxial-normal","Estado biaxial uniforme","Acciones prescritas","Carga exclusivamente normal","Q",331,2.85837001491665,163.77253814147,11.7612706054682,"kN/m","DE"
"biaxial-normal","Estado biaxial uniforme","Acciones prescritas","Carga exclusivamente normal","Q",332,2.86708455764505,164.271844660194,11.4371742680827,"kN/m","DE"
"biaxial-normal","Estado biaxial uniforme","Acciones prescritas","Carga exclusivamente normal","Q",333,2.87579910037346,164.771151178918,11.1096037136802,"kN/m","DE"
"biaxial-normal","Estado biaxial uniforme","Acciones prescritas","Carga exclusivamente normal","Q",334,2.88451364310186,165.270457697642,10.7786584468384,"kN/m","DE"
"biaxial-normal","Estado biaxial uniforme","Acciones prescritas","Carga exclusivamente normal","Q",335,2.89322818583027,165.769764216366,10.4444389972554,"kN/m","DE"
"biaxial-normal","Estado biaxial uniforme","Acciones prescritas","Carga exclusivamente normal","Q",336,2.90194272855867,166.26907073509,10.1070468892128,"kN/m","DE"
"biaxial-normal","Estado biaxial uniforme","Acciones prescritas","Carga exclusivamente normal","Q",337,2.91065727128708,166.768377253814,9.76658461073539,"kN/m","DE"
"biaxial-normal","Estado biaxial uniforme","Acciones prescritas","Carga exclusivamente normal","Q",338,2.91937181401548,167.267683772538,9.42315558245982,"kN/m","DE"
"biaxial-normal","Estado biaxial uniforme","Acciones prescritas","Carga exclusivamente normal","Q",339,2.92808635674389,167.766990291262,9.07686412621812,"kN/m","DE"
"biaxial-normal","Estado biaxial uniforme","Acciones prescritas","Carga exclusivamente normal","Q",340,2.93680089947229,168.266296809986,8.72781543334887,"kN/m","DE"
"biaxial-normal","Estado biaxial uniforme","Acciones prescritas","Carga exclusivamente normal","Q",341,2.94551544220069,168.76560332871,8.3761155327434,"kN/m","DE"
"biaxial-normal","Estado biaxial uniforme","Acciones prescritas","Carga exclusivamente normal","Q",342,2.9542299849291,169.264909847434,8.02187125863818,"kN/m","DE"
"biaxial-normal","Estado biaxial uniforme","Acciones prescritas","Carga exclusivamente normal","Q",343,2.9629445276575,169.764216366158,7.66519021816206,"kN/m","DE"
"biaxial-normal","Estado biaxial uniforme","Acciones prescritas","Carga exclusivamente normal","Q",344,2.97165907038591,170.263522884882,7.30618075864902,"kN/m","DE"
"biaxial-normal","Estado biaxial uniforme","Acciones prescritas","Carga exclusivamente normal","Q",345,2.98037361311431,170.762829403606,6.94495193472603,"kN/m","DE"
"biaxial-normal","Estado biaxial uniforme","Acciones prescritas","Carga exclusivamente normal","Q",346,2.98908815584272,171.26213592233,6.58161347518606,"kN/m","DE"
"biaxial-normal","Estado biaxial uniforme","Acciones prescritas","Carga exclusivamente normal","Q",347,2.99780269857112,171.761442441054,6.21627574965623,"kN/m","DE"
"biaxial-normal","Estado biaxial uniforme","Acciones prescritas","Carga exclusivamente normal","Q",348,3.00651724129952,172.260748959778,5.84904973507127,"kN/m","DE"
"biaxial-normal","Estado biaxial uniforme","Acciones prescritas","Carga exclusivamente normal","Q",349,3.01523178402793,172.760055478502,5.48004698196279,"kN/m","DE"
"biaxial-normal","Estado biaxial uniforme","Acciones prescritas","Carga exclusivamente normal","Q",350,3.02394632675633,173.259361997226,5.10937958057383,"kN/m","DE"
"biaxial-normal","Estado biaxial uniforme","Acciones prescritas","Carga exclusivamente normal","Q",351,3.03266086948474,173.75866851595,4.73716012680999,"kN/m","DE"
"biaxial-normal","Estado biaxial uniforme","Acciones prescritas","Carga exclusivamente normal","Q",352,3.04137541221314,174.257975034674,4.36350168803648,"kN/m","DE"
"biaxial-normal","Estado biaxial uniforme","Acciones prescritas","Carga exclusivamente normal","Q",353,3.05008995494155,174.757281553398,3.9885177687323,"kN/m","DE"
"biaxial-normal","Estado biaxial uniforme","Acciones prescritas","Carga exclusivamente normal","Q",354,3.05880449766995,175.256588072122,3.61232227601147,"kN/m","DE"
"biaxial-normal","Estado biaxial uniforme","Acciones prescritas","Carga exclusivamente normal","Q",355,3.06751904039836,175.755894590846,3.23502948502208,"kN/m","DE"
"biaxial-normal","Estado biaxial uniforme","Acciones prescritas","Carga exclusivamente normal","Q",356,3.07623358312676,176.25520110957,2.85675400423324,"kN/m","DE"
"biaxial-normal","Estado biaxial uniforme","Acciones prescritas","Carga exclusivamente normal","Q",357,3.08494812585516,176.754507628294,2.47761074062129,"kN/m","DE"
"biaxial-normal","Estado biaxial uniforme","Acciones prescritas","Carga exclusivamente normal","Q",358,3.09366266858357,177.253814147018,2.09771486476489,"kN/m","DE"
"biaxial-normal","Estado biaxial uniforme","Acciones prescritas","Carga exclusivamente normal","Q",359,3.10237721131197,177.753120665742,1.7171817758601,"kN/m","DE"
"biaxial-normal","Estado biaxial uniforme","Acciones prescritas","Carga exclusivamente normal","Q",360,3.11109175404038,178.252427184466,1.33612706666636,"kN/m","DE"
"biaxial-normal","Estado biaxial uniforme","Acciones prescritas","Carga exclusivamente normal","Q",361,3.11980629676878,178.75173370319,0.954666488393111,"kN/m","DE"
"biaxial-normal","Estado biaxial uniforme","Acciones prescritas","Carga exclusivamente normal","Q",362,3.12852083949719,179.251040221914,0.572915915538903,"kN/m","DE"
"biaxial-normal","Estado biaxial uniforme","Acciones prescritas","Carga exclusivamente normal","Q",363,3.13723538222559,179.750346740638,0.190991310692471,"kN/m","DE"
"biaxial-normal","Estado biaxial uniforme","Acciones prescritas","Carga exclusivamente normal","Q",364,3.14159265358979,180,5.36803513626256e-15,"kN/m","DE"
"biaxial-normal","Estado biaxial uniforme","Acciones prescritas","Carga exclusivamente normal","Q",365,3.145949924954,180.249653259362,-0.19099131069246,"kN/m","DE"
"biaxial-normal","Estado biaxial uniforme","Acciones prescritas","Carga exclusivamente normal","Q",366,3.1546644676824,180.748959778086,-0.572915915538892,"kN/m","DE"
"biaxial-normal","Estado biaxial uniforme","Acciones prescritas","Carga exclusivamente normal","Q",367,3.1633790104108,181.24826629681,-0.95466648839312,"kN/m","DE"
"biaxial-normal","Estado biaxial uniforme","Acciones prescritas","Carga exclusivamente normal","Q",368,3.17209355313921,181.747572815534,-1.33612706666633,"kN/m","DE"
"biaxial-normal","Estado biaxial uniforme","Acciones prescritas","Carga exclusivamente normal","Q",369,3.18080809586761,182.246879334258,-1.71718177586011,"kN/m","DE"
"biaxial-normal","Estado biaxial uniforme","Acciones prescritas","Carga exclusivamente normal","Q",370,3.18952263859602,182.746185852982,-2.09771486476486,"kN/m","DE"
"biaxial-normal","Estado biaxial uniforme","Acciones prescritas","Carga exclusivamente normal","Q",371,3.19823718132442,183.245492371706,-2.4776107406213,"kN/m","DE"
"biaxial-normal","Estado biaxial uniforme","Acciones prescritas","Carga exclusivamente normal","Q",372,3.20695172405283,183.74479889043,-2.85675400423323,"kN/m","DE"
"biaxial-normal","Estado biaxial uniforme","Acciones prescritas","Carga exclusivamente normal","Q",373,3.21566626678123,184.244105409154,-3.23502948502207,"kN/m","DE"
"biaxial-normal","Estado biaxial uniforme","Acciones prescritas","Carga exclusivamente normal","Q",374,3.22438080950963,184.743411927878,-3.61232227601146,"kN/m","DE"
"biaxial-normal","Estado biaxial uniforme","Acciones prescritas","Carga exclusivamente normal","Q",375,3.23309535223804,185.242718446602,-3.98851776873229,"kN/m","DE"
"biaxial-normal","Estado biaxial uniforme","Acciones prescritas","Carga exclusivamente normal","Q",376,3.24180989496644,185.742024965326,-4.36350168803645,"kN/m","DE"
"biaxial-normal","Estado biaxial uniforme","Acciones prescritas","Carga exclusivamente normal","Q",377,3.25052443769485,186.24133148405,-4.73716012680998,"kN/m","DE"
"biaxial-normal","Estado biaxial uniforme","Acciones prescritas","Carga exclusivamente normal","Q",378,3.25923898042325,186.740638002774,-5.10937958057384,"kN/m","DE"
"biaxial-normal","Estado biaxial uniforme","Acciones prescritas","Carga exclusivamente normal","Q",379,3.26795352315166,187.239944521498,-5.48004698196276,"kN/m","DE"
"biaxial-normal","Estado biaxial uniforme","Acciones prescritas","Carga exclusivamente normal","Q",380,3.27666806588006,187.739251040222,-5.84904973507128,"kN/m","DE"
"biaxial-normal","Estado biaxial uniforme","Acciones prescritas","Carga exclusivamente normal","Q",381,3.28538260860847,188.238557558946,-6.21627574965622,"kN/m","DE"
"biaxial-normal","Estado biaxial uniforme","Acciones prescritas","Carga exclusivamente normal","Q",382,3.29409715133687,188.73786407767,-6.58161347518607,"kN/m","DE"
"biaxial-normal","Estado biaxial uniforme","Acciones prescritas","Carga exclusivamente normal","Q",383,3.30281169406527,189.237170596394,-6.94495193472602,"kN/m","DE"
"biaxial-normal","Estado biaxial uniforme","Acciones prescritas","Carga exclusivamente normal","Q",384,3.31152623679368,189.736477115118,-7.30618075864901,"kN/m","DE"
"biaxial-normal","Estado biaxial uniforme","Acciones prescritas","Carga exclusivamente normal","Q",385,3.32024077952208,190.235783633842,-7.66519021816203,"kN/m","DE"
"biaxial-normal","Estado biaxial uniforme","Acciones prescritas","Carga exclusivamente normal","Q",386,3.32895532225049,190.735090152566,-8.02187125863817,"kN/m","DE"
"biaxial-normal","Estado biaxial uniforme","Acciones prescritas","Carga exclusivamente normal","Q",387,3.33766986497889,191.23439667129,-8.37611553274337,"kN/m","DE"
"biaxial-normal","Estado biaxial uniforme","Acciones prescritas","Carga exclusivamente normal","Q",388,3.3463844077073,191.733703190014,-8.72781543334884,"kN/m","DE"
"biaxial-normal","Estado biaxial uniforme","Acciones prescritas","Carga exclusivamente normal","Q",389,3.3550989504357,192.233009708738,-9.07686412621813,"kN/m","DE"
"biaxial-normal","Estado biaxial uniforme","Acciones prescritas","Carga exclusivamente normal","Q",390,3.36381349316411,192.732316227462,-9.42315558245981,"kN/m","DE"
"biaxial-normal","Estado biaxial uniforme","Acciones prescritas","Carga exclusivamente normal","Q",391,3.37252803589251,193.231622746186,-9.7665846107354,"kN/m","DE"
"biaxial-normal","Estado biaxial uniforme","Acciones prescritas","Carga exclusivamente normal","Q",392,3.38124257862091,193.73092926491,-10.1070468892127,"kN/m","DE"
"biaxial-normal","Estado biaxial uniforme","Acciones prescritas","Carga exclusivamente normal","Q",393,3.38995712134932,194.230235783634,-10.4444389972554,"kN/m","DE"
"biaxial-normal","Estado biaxial uniforme","Acciones prescritas","Carga exclusivamente normal","Q",394,3.39867166407772,194.729542302358,-10.7786584468384,"kN/m","DE"
"biaxial-normal","Estado biaxial uniforme","Acciones prescritas","Carga exclusivamente normal","Q",395,3.40738620680613,195.228848821082,-11.1096037136802,"kN/m","DE"
"biaxial-normal","Estado biaxial uniforme","Acciones prescritas","Carga exclusivamente normal","Q",396,3.41610074953453,195.728155339806,-11.4371742680826,"kN/m","DE"
"biaxial-normal","Estado biaxial uniforme","Acciones prescritas","Carga exclusivamente normal","Q",397,3.42481529226294,196.22746185853,-11.7612706054681,"kN/m","DE"
"biaxial-normal","Estado biaxial uniforme","Acciones prescritas","Carga exclusivamente normal","Q",398,3.43352983499134,196.726768377254,-12.0817942766057,"kN/m","DE"
"biaxial-normal","Estado biaxial uniforme","Acciones prescritas","Carga exclusivamente normal","Q",399,3.44224437771975,197.226074895978,-12.3986479175167,"kN/m","DE"
"biaxial-normal","Estado biaxial uniforme","Acciones prescritas","Carga exclusivamente normal","Q",400,3.45095892044815,197.725381414702,-12.7117352790501,"kN/m","DE"
"biaxial-normal","Estado biaxial uniforme","Acciones prescritas","Carga exclusivamente normal","Q",401,3.45967346317655,198.224687933426,-13.0209612561204,"kN/m","DE"
"biaxial-normal","Estado biaxial uniforme","Acciones prescritas","Carga exclusivamente normal","Q",402,3.46838800590496,198.72399445215,-13.3262319165964,"kN/m","DE"
"biaxial-normal","Estado biaxial uniforme","Acciones prescritas","Carga exclusivamente normal","Q",403,3.47710254863336,199.223300970874,-13.6274545298353,"kN/m","DE"
"biaxial-normal","Estado biaxial uniforme","Acciones prescritas","Carga exclusivamente normal","Q",404,3.48581709136177,199.722607489598,-13.9245375948506,"kN/m","DE"
"biaxial-normal","Estado biaxial uniforme","Acciones prescritas","Carga exclusivamente normal","Q",405,3.49453163409017,200.221914008322,-14.2173908681067,"kN/m","DE"
"biaxial-normal","Estado biaxial uniforme","Acciones prescritas","Carga exclusivamente normal","Q",406,3.50324617681858,200.721220527046,-14.5059253909327,"kN/m","DE"
"biaxial-normal","Estado biaxial uniforme","Acciones prescritas","Carga exclusivamente normal","Q",407,3.51196071954698,201.22052704577,-14.7900535165439,"kN/m","DE"
"biaxial-normal","Estado biaxial uniforme","Acciones prescritas","Carga exclusivamente normal","Q",408,3.52067526227539,201.719833564494,-15.0696889366664,"kN/m","DE"
"biaxial-normal","Estado biaxial uniforme","Acciones prescritas","Carga exclusivamente normal","Q",409,3.52938980500379,202.219140083218,-15.3447467077545,"kN/m","DE"
"biaxial-normal","Estado biaxial uniforme","Acciones prescritas","Carga exclusivamente normal","Q",410,3.53810434773219,202.718446601942,-15.6151432767937,"kN/m","DE"
"biaxial-normal","Estado biaxial uniforme","Acciones prescritas","Carga exclusivamente normal","Q",411,3.5468188904606,203.217753120666,-15.8807965066808,"kN/m","DE"
"biaxial-normal","Estado biaxial uniforme","Acciones prescritas","Carga exclusivamente normal","Q",412,3.555533433189,203.71705963939,-16.1416257011747,"kN/m","DE"
"biaxial-normal","Estado biaxial uniforme","Acciones prescritas","Carga exclusivamente normal","Q",413,3.56424797591741,204.216366158114,-16.3975516294092,"kN/m","DE"
"biaxial-normal","Estado biaxial uniforme","Acciones prescritas","Carga exclusivamente normal","Q",414,3.57296251864581,204.715672676838,-16.64849654996,"kN/m","DE"
"biaxial-normal","Estado biaxial uniforme","Acciones prescritas","Carga exclusivamente normal","Q",415,3.58167706137422,205.214979195562,-16.8943842344608,"kN/m","DE"
"biaxial-normal","Estado biaxial uniforme","Acciones prescritas","Carga exclusivamente normal","Q",416,3.59039160410262,205.714285714286,-17.1351399907576,"kN/m","DE"
"biaxial-normal","Estado biaxial uniforme","Acciones prescritas","Carga exclusivamente normal","Q",417,3.59910614683103,206.21359223301,-17.3706906855989,"kN/m","DE"
"biaxial-normal","Estado biaxial uniforme","Acciones prescritas","Carga exclusivamente normal","Q",418,3.60782068955943,206.712898751734,-17.6009647668499,"kN/m","DE"
"biaxial-normal","Estado biaxial uniforme","Acciones prescritas","Carga exclusivamente normal","Q",419,3.61653523228783,207.212205270458,-17.8258922852285,"kN/m","DE"
"biaxial-normal","Estado biaxial uniforme","Acciones prescritas","Carga exclusivamente normal","Q",420,3.62524977501624,207.711511789182,-18.0454049155527,"kN/m","DE"
"biaxial-normal","Estado biaxial uniforme","Acciones prescritas","Carga exclusivamente normal","Q",421,3.63396431774464,208.210818307906,-18.2594359774959,"kN/m","DE"
"biaxial-normal","Estado biaxial uniforme","Acciones prescritas","Carga exclusivamente normal","Q",422,3.64267886047305,208.71012482663,-18.4679204558419,"kN/m","DE"
"biaxial-normal","Estado biaxial uniforme","Acciones prescritas","Carga exclusivamente normal","Q",423,3.65139340320145,209.209431345354,-18.6707950202343,"kN/m","DE"
"biaxial-normal","Estado biaxial uniforme","Acciones prescritas","Carga exclusivamente normal","Q",424,3.66010794592986,209.708737864078,-18.8679980444142,"kN/m","DE"
"biaxial-normal","Estado biaxial uniforme","Acciones prescritas","Carga exclusivamente normal","Q",425,3.66882248865826,210.208044382802,-19.0594696249398,"kN/m","DE"
"biaxial-normal","Estado biaxial uniforme","Acciones prescritas","Carga exclusivamente normal","Q",426,3.67753703138666,210.707350901526,-19.2451515993832,"kN/m","DE"
"biaxial-normal","Estado biaxial uniforme","Acciones prescritas","Carga exclusivamente normal","Q",427,3.68625157411507,211.20665742025,-19.4249875639982,"kN/m","DE"
"biaxial-normal","Estado biaxial uniforme","Acciones prescritas","Carga exclusivamente normal","Q",428,3.69496611684347,211.705963938974,-19.5989228908536,"kN/m","DE"
"biaxial-normal","Estado biaxial uniforme","Acciones prescritas","Carga exclusivamente normal","Q",429,3.70368065957188,212.205270457698,-19.7669047444274,"kN/m","DE"
"biaxial-normal","Estado biaxial uniforme","Acciones prescritas","Carga exclusivamente normal","Q",430,3.71239520230028,212.704576976422,-19.9288820976564,"kN/m","DE"
"biaxial-normal","Estado biaxial uniforme","Acciones prescritas","Carga exclusivamente normal","Q",431,3.72110974502869,213.203883495146,-20.0848057474365,"kN/m","DE"
"biaxial-normal","Estado biaxial uniforme","Acciones prescritas","Carga exclusivamente normal","Q",432,3.72982428775709,213.70319001387,-20.2346283295687,"kN/m","DE"
"biaxial-normal","Estado biaxial uniforme","Acciones prescritas","Carga exclusivamente normal","Q",433,3.7385388304855,214.202496532594,-20.3783043331469,"kN/m","DE"
"biaxial-normal","Estado biaxial uniforme","Acciones prescritas","Carga exclusivamente normal","Q",434,3.7472533732139,214.701803051318,-20.5157901143824,"kN/m","DE"
"biaxial-normal","Estado biaxial uniforme","Acciones prescritas","Carga exclusivamente normal","Q",435,3.7559679159423,215.201109570042,-20.6470439098616,"kN/m","DE"
"biaxial-normal","Estado biaxial uniforme","Acciones prescritas","Carga exclusivamente normal","Q",436,3.76468245867071,215.700416088766,-20.7720258492318,"kN/m","DE"
"biaxial-normal","Estado biaxial uniforme","Acciones prescritas","Carga exclusivamente normal","Q",437,3.77339700139911,216.19972260749,-20.8906979673131,"kN/m","DE"
"biaxial-normal","Estado biaxial uniforme","Acciones prescritas","Carga exclusivamente normal","Q",438,3.78211154412752,216.699029126214,-21.0030242156303,"kN/m","DE"
"biaxial-normal","Estado biaxial uniforme","Acciones prescritas","Carga exclusivamente normal","Q",439,3.79082608685592,217.198335644938,-21.1089704733635,"kN/m","DE"
"biaxial-normal","Estado biaxial uniforme","Acciones prescritas","Carga exclusivamente normal","Q",440,3.79954062958433,217.697642163662,-21.2085045577127,"kN/m","DE"
"biaxial-normal","Estado biaxial uniforme","Acciones prescritas","Carga exclusivamente normal","Q",441,3.80825517231273,218.196948682386,-21.3015962336741,"kN/m","DE"
"biaxial-normal","Estado biaxial uniforme","Acciones prescritas","Carga exclusivamente normal","Q",442,3.81696971504114,218.69625520111,-21.3882172232238,"kN/m","DE"
"biaxial-normal","Estado biaxial uniforme","Acciones prescritas","Carga exclusivamente normal","Q",443,3.82568425776954,219.195561719834,-21.4683412139085,"kN/m","DE"
"biaxial-normal","Estado biaxial uniforme","Acciones prescritas","Carga exclusivamente normal","Q",444,3.83439880049794,219.694868238558,-21.5419438668375,"kN/m","DE"
"biaxial-normal","Estado biaxial uniforme","Acciones prescritas","Carga exclusivamente normal","Q",445,3.84311334322635,220.194174757282,-21.6090028240769,"kN/m","DE"
"biaxial-normal","Estado biaxial uniforme","Acciones prescritas","Carga exclusivamente normal","Q",446,3.85182788595475,220.693481276006,-21.6694977154402,"kN/m","DE"
"biaxial-normal","Estado biaxial uniforme","Acciones prescritas","Carga exclusivamente normal","Q",447,3.86054242868316,221.19278779473,-21.7234101646768,"kN/m","DE"
"biaxial-normal","Estado biaxial uniforme","Acciones prescritas","Carga exclusivamente normal","Q",448,3.86925697141156,221.692094313454,-21.7707237950539,"kN/m","DE"
"biaxial-normal","Estado biaxial uniforme","Acciones prescritas","Carga exclusivamente normal","Q",449,3.87797151413997,222.191400832178,-21.8114242343308,"kN/m","DE"
"biaxial-normal","Estado biaxial uniforme","Acciones prescritas","Carga exclusivamente normal","Q",450,3.88668605686837,222.690707350902,-21.8454991191252,"kN/m","DE"
"biaxial-normal","Estado biaxial uniforme","Acciones prescritas","Carga exclusivamente normal","Q",451,3.89540059959677,223.190013869625,-21.8729380986684,"kN/m","DE"
"biaxial-normal","Estado biaxial uniforme","Acciones prescritas","Carga exclusivamente normal","Q",452,3.90411514232518,223.68932038835,-21.8937328379499,"kN/m","DE"
"biaxial-normal","Estado biaxial uniforme","Acciones prescritas","Carga exclusivamente normal","Q",453,3.91282968505358,224.188626907074,-21.9078770202486,"kN/m","DE"
"biaxial-normal","Estado biaxial uniforme","Acciones prescritas","Carga exclusivamente normal","Q",454,3.92154422778199,224.687933425798,-21.9153663490525,"kN/m","DE"
"biaxial-normal","Estado biaxial uniforme","Acciones prescritas","Carga exclusivamente normal","Q",455,3.92699081698724,225,-21.9166666666667,"kN/m","DE"
"biaxial-normal","Estado biaxial uniforme","Acciones prescritas","Carga exclusivamente normal","Q",456,3.93025877051039,225.187239944522,-21.916198549363,"kN/m","DE"
"biaxial-normal","Estado biaxial uniforme","Acciones prescritas","Carga exclusivamente normal","Q",457,3.9389733132388,225.686546463245,-21.9103733683867,"kN/m","DE"
"biaxial-normal","Estado biaxial uniforme","Acciones prescritas","Carga exclusivamente normal","Q",458,3.9476878559672,226.18585298197,-21.8978925756114,"kN/m","DE"
"biaxial-normal","Estado biaxial uniforme","Acciones prescritas","Carga exclusivamente normal","Q",459,3.95640239869561,226.685159500693,-21.8787599622694,"kN/m","DE"
"biaxial-normal","Estado biaxial uniforme","Acciones prescritas","Carga exclusivamente normal","Q",460,3.96511694142401,227.184466019417,-21.8529813401853,"kN/m","DE"
"biaxial-normal","Estado biaxial uniforme","Acciones prescritas","Carga exclusivamente normal","Q",461,3.97383148415241,227.683772538141,-21.8205645400106,"kN/m","DE"
"biaxial-normal","Estado biaxial uniforme","Acciones prescritas","Carga exclusivamente normal","Q",462,3.98254602688082,228.183079056865,-21.7815194088455,"kN/m","DE"
"biaxial-normal","Estado biaxial uniforme","Acciones prescritas","Carga exclusivamente normal","Q",463,3.99126056960922,228.682385575589,-21.735857807247,"kN/m","DE"
"biaxial-normal","Estado biaxial uniforme","Acciones prescritas","Carga exclusivamente normal","Q",464,3.99997511233763,229.181692094313,-21.6835936056267,"kN/m","DE"
"biaxial-normal","Estado biaxial uniforme","Acciones prescritas","Carga exclusivamente normal","Q",465,4.00868965506603,229.680998613037,-21.624742680037,"kN/m","DE"
"biaxial-normal","Estado biaxial uniforme","Acciones prescritas","Carga exclusivamente normal","Q",466,4.01740419779444,230.180305131761,-21.5593229073487,"kN/m","DE"
"biaxial-normal","Estado biaxial uniforme","Acciones prescritas","Carga exclusivamente normal","Q",467,4.02611874052284,230.679611650485,-21.4873541598207,"kN/m","DE"
"biaxial-normal","Estado biaxial uniforme","Acciones prescritas","Carga exclusivamente normal","Q",468,4.03483328325125,231.178918169209,-21.4088582990633,"kN/m","DE"
"biaxial-normal","Estado biaxial uniforme","Acciones prescritas","Carga exclusivamente normal","Q",469,4.04354782597965,231.678224687933,-21.3238591693977,"kN/m","DE"
"biaxial-normal","Estado biaxial uniforme","Acciones prescritas","Carga exclusivamente normal","Q",470,4.05226236870806,232.177531206657,-21.2323825906124,"kN/m","DE"
"biaxial-normal","Estado biaxial uniforme","Acciones prescritas","Carga exclusivamente normal","Q",471,4.06097691143646,232.676837725381,-21.1344563501206,"kN/m","DE"
"biaxial-normal","Estado biaxial uniforme","Acciones prescritas","Carga exclusivamente normal","Q",472,4.06969145416486,233.176144244105,-21.0301101945192,"kN/m","DE"
"biaxial-normal","Estado biaxial uniforme","Acciones prescritas","Carga exclusivamente normal","Q",473,4.07840599689327,233.675450762829,-20.9193758205524,"kN/m","DE"
"biaxial-normal","Estado biaxial uniforme","Acciones prescritas","Carga exclusivamente normal","Q",474,4.08712053962167,234.174757281553,-20.802286865484,"kN/m","DE"
"biaxial-normal","Estado biaxial uniforme","Acciones prescritas","Carga exclusivamente normal","Q",475,4.09583508235008,234.674063800277,-20.678878896879,"kN/m","DE"
"biaxial-normal","Estado biaxial uniforme","Acciones prescritas","Carga exclusivamente normal","Q",476,4.10454962507848,235.173370319001,-20.5491894017998,"kN/m","DE"
"biaxial-normal","Estado biaxial uniforme","Acciones prescritas","Carga exclusivamente normal","Q",477,4.11326416780689,235.672676837725,-20.4132577754186,"kN/m","DE"
"biaxial-normal","Estado biaxial uniforme","Acciones prescritas","Carga exclusivamente normal","Q",478,4.12197871053529,236.171983356449,-20.2711253090509,"kN/m","DE"
"biaxial-normal","Estado biaxial uniforme","Acciones prescritas","Carga exclusivamente normal","Q",479,4.13069325326369,236.671289875173,-20.1228351776121,"kN/m","DE"
"biaxial-normal","Estado biaxial uniforme","Acciones prescritas","Carga exclusivamente normal","Q",480,4.1394077959921,237.170596393897,-19.968432426503,"kN/m","DE"
"biaxial-normal","Estado biaxial uniforme","Acciones prescritas","Carga exclusivamente normal","Q",481,4.1481223387205,237.669902912621,-19.8079639579263,"kN/m","DE"
"biaxial-normal","Estado biaxial uniforme","Acciones prescritas","Carga exclusivamente normal","Q",482,4.15683688144891,238.169209431345,-19.6414785166393,"kN/m","DE"
"biaxial-normal","Estado biaxial uniforme","Acciones prescritas","Carga exclusivamente normal","Q",483,4.16555142417731,238.668515950069,-19.4690266751469,"kN/m","DE"
"biaxial-normal","Estado biaxial uniforme","Acciones prescritas","Carga exclusivamente normal","Q",484,4.17426596690572,239.167822468793,-19.2906608183399,"kN/m","DE"
"biaxial-normal","Estado biaxial uniforme","Acciones prescritas","Carga exclusivamente normal","Q",485,4.18298050963412,239.667128987517,-19.1064351275815,"kN/m","DE"
"biaxial-normal","Estado biaxial uniforme","Acciones prescritas","Carga exclusivamente normal","Q",486,4.19169505236253,240.166435506241,-18.9164055642495,"kN/m","DE"
"biaxial-normal","Estado biaxial uniforme","Acciones prescritas","Carga exclusivamente normal","Q",487,4.20040959509093,240.665742024965,-18.7206298527369,"kN/m","DE"
"biaxial-normal","Estado biaxial uniforme","Acciones prescritas","Carga exclusivamente normal","Q",488,4.20912413781933,241.165048543689,-18.5191674629174,"kN/m","DE"
"biaxial-normal","Estado biaxial uniforme","Acciones prescritas","Carga exclusivamente normal","Q",489,4.21783868054774,241.664355062413,-18.3120795920804,"kN/m","DE"
"biaxial-normal","Estado biaxial uniforme","Acciones prescritas","Carga exclusivamente normal","Q",490,4.22655322327614,242.163661581137,-18.0994291463412,"kN/m","DE"
"biaxial-normal","Estado biaxial uniforme","Acciones prescritas","Carga exclusivamente normal","Q",491,4.23526776600455,242.662968099861,-17.8812807215328,"kN/m","DE"
"biaxial-normal","Estado biaxial uniforme","Acciones prescritas","Carga exclusivamente normal","Q",492,4.24398230873295,243.162274618585,-17.6577005835833,"kN/m","DE"
"biaxial-normal","Estado biaxial uniforme","Acciones prescritas","Carga exclusivamente normal","Q",493,4.25269685146136,243.661581137309,-17.4287566483872,"kN/m","DE"
"biaxial-normal","Estado biaxial uniforme","Acciones prescritas","Carga exclusivamente normal","Q",494,4.26141139418976,244.160887656033,-17.1945184611746,"kN/m","DE"
"biaxial-normal","Estado biaxial uniforme","Acciones prescritas","Carga exclusivamente normal","Q",495,4.27012593691817,244.660194174757,-16.9550571753857,"kN/m","DE"
"biaxial-normal","Estado biaxial uniforme","Acciones prescritas","Carga exclusivamente normal","Q",496,4.27884047964657,245.159500693481,-16.710445531057,"kN/m","DE"
"biaxial-normal","Estado biaxial uniforme","Acciones prescritas","Carga exclusivamente normal","Q",497,4.28755502237497,245.658807212205,-16.4607578327254,"kN/m","DE"
"biaxial-normal","Estado biaxial uniforme","Acciones prescritas","Carga exclusivamente normal","Q",498,4.29626956510338,246.158113730929,-16.2060699268571,"kN/m","DE"
"biaxial-normal","Estado biaxial uniforme","Acciones prescritas","Carga exclusivamente normal","Q",499,4.30498410783178,246.657420249653,-15.9464591788078,"kN/m","DE"
"biaxial-normal","Estado biaxial uniforme","Acciones prescritas","Carga exclusivamente normal","Q",500,4.31369865056019,247.156726768377,-15.682004449322,"kN/m","DE"
"biaxial-normal","Estado biaxial uniforme","Acciones prescritas","Carga exclusivamente normal","Q",501,4.32241319328859,247.656033287101,-15.4127860705781,"kN/m","DE"
"biaxial-normal","Estado biaxial uniforme","Acciones prescritas","Carga exclusivamente normal","Q",502,4.331127736017,248.155339805825,-15.1388858217857,"kN/m","DE"
"biaxial-normal","Estado biaxial uniforme","Acciones prescritas","Carga exclusivamente normal","Q",503,4.3398422787454,248.654646324549,-14.8603869043442,"kN/m","DE"
"biaxial-normal","Estado biaxial uniforme","Acciones prescritas","Carga exclusivamente normal","Q",504,4.3485568214738,249.153952843273,-14.5773739165694,"kN/m","DE"
"biaxial-normal","Estado biaxial uniforme","Acciones prescritas","Carga exclusivamente normal","Q",505,4.35727136420221,249.653259361997,-14.2899328279947,"kN/m","DE"
"biaxial-normal","Estado biaxial uniforme","Acciones prescritas","Carga exclusivamente normal","Q",506,4.36598590693061,250.152565880721,-13.9981509532574,"kN/m","DE"
"biaxial-normal","Estado biaxial uniforme","Acciones prescritas","Carga exclusivamente normal","Q",507,4.37470044965902,250.651872399445,-13.702116925575,"kN/m","DE"
"biaxial-normal","Estado biaxial uniforme","Acciones prescritas","Carga exclusivamente normal","Q",508,4.38341499238742,251.151178918169,-13.4019206698217,"kN/m","DE"
"biaxial-normal","Estado biaxial uniforme","Acciones prescritas","Carga exclusivamente normal","Q",509,4.39212953511583,251.650485436893,-13.097653375212,"kN/m","DE"
"biaxial-normal","Estado biaxial uniforme","Acciones prescritas","Carga exclusivamente normal","Q",510,4.40084407784423,252.149791955617,-12.7894074676013,"kN/m","DE"
"biaxial-normal","Estado biaxial uniforme","Acciones prescritas","Carga exclusivamente normal","Q",511,4.40955862057264,252.649098474341,-12.4772765814094,"kN/m","DE"
"biaxial-normal","Estado biaxial uniforme","Acciones prescritas","Carga exclusivamente normal","Q",512,4.41827316330104,253.148404993065,-12.161355531178,"kN/m","DE"
"biaxial-normal","Estado biaxial uniforme","Acciones prescritas","Carga exclusivamente normal","Q",513,4.42698770602945,253.647711511789,-11.8417402827691,"kN/m","DE"
"biaxial-normal","Estado biaxial uniforme","Acciones prescritas","Carga exclusivamente normal","Q",514,4.43570224875785,254.147018030513,-11.5185279242143,"kN/m","DE"
"biaxial-normal","Estado biaxial uniforme","Acciones prescritas","Carga exclusivamente normal","Q",515,4.44441679148625,254.646324549237,-11.1918166362223,"kN/m","DE"
"biaxial-normal","Estado biaxial uniforme","Acciones prescritas","Carga exclusivamente normal","Q",516,4.45313133421466,255.145631067961,-10.8617056623554,"kN/m","DE"
"biaxial-normal","Estado biaxial uniforme","Acciones prescritas","Carga exclusivamente normal","Q",517,4.46184587694306,255.644937586685,-10.5282952788825,"kN/m","DE"
"biaxial-normal","Estado biaxial uniforme","Acciones prescritas","Carga exclusivamente normal","Q",518,4.47056041967147,256.144244105409,-10.1916867643188,"kN/m","DE"
"biaxial-normal","Estado biaxial uniforme","Acciones prescritas","Carga exclusivamente normal","Q",519,4.47927496239987,256.643550624133,-9.85198236866083,"kN/m","DE"
"biaxial-normal","Estado biaxial uniforme","Acciones prescritas","Carga exclusivamente normal","Q",520,4.48798950512828,257.142857142857,-9.50928528232649,"kN/m","DE"
"biaxial-normal","Estado biaxial uniforme","Acciones prescritas","Carga exclusivamente normal","Q",521,4.49670404785668,257.642163661581,-9.16369960480937,"kN/m","DE"
"biaxial-normal","Estado biaxial uniforme","Acciones prescritas","Carga exclusivamente normal","Q",522,4.50541859058508,258.141470180305,-8.81533031305681,"kN/m","DE"
"biaxial-normal","Estado biaxial uniforme","Acciones prescritas","Carga exclusivamente normal","Q",523,4.51413313331349,258.640776699029,-8.46428322958175,"kN/m","DE"
"biaxial-normal","Estado biaxial uniforme","Acciones prescritas","Carga exclusivamente normal","Q",524,4.52284767604189,259.140083217753,-8.11066499031739,"kN/m","DE"
"biaxial-normal","Estado biaxial uniforme","Acciones prescritas","Carga exclusivamente normal","Q",525,4.5315622187703,259.639389736477,-7.75458301222494,"kN/m","DE"
"biaxial-normal","Estado biaxial uniforme","Acciones prescritas","Carga exclusivamente normal","Q",526,4.5402767614987,260.138696255201,-7.39614546066395,"kN/m","DE"
"biaxial-normal","Estado biaxial uniforme","Acciones prescritas","Carga exclusivamente normal","Q",527,4.54899130422711,260.638002773925,-7.03546121653565,"kN/m","DE"
"biaxial-normal","Estado biaxial uniforme","Acciones prescritas","Carga exclusivamente normal","Q",528,4.55770584695551,261.137309292649,-6.67263984320847,"kN/m","DE"
"biaxial-normal","Estado biaxial uniforme","Acciones prescritas","Carga exclusivamente normal","Q",529,4.56642038968392,261.636615811373,-6.30779155323666,"kN/m","DE"
"biaxial-normal","Estado biaxial uniforme","Acciones prescritas","Carga exclusivamente normal","Q",530,4.57513493241232,262.135922330097,-5.94102717488151,"kN/m","DE"
"biaxial-normal","Estado biaxial uniforme","Acciones prescritas","Carga exclusivamente normal","Q",531,4.58384947514072,262.635228848821,-5.57245811844541,"kN/m","DE"
"biaxial-normal","Estado biaxial uniforme","Acciones prescritas","Carga exclusivamente normal","Q",532,4.59256401786913,263.134535367545,-5.20219634242952,"kN/m","DE"
"biaxial-normal","Estado biaxial uniforme","Acciones prescritas","Carga exclusivamente normal","Q",533,4.60127856059753,263.633841886269,-4.83035431952438,"kN/m","DE"
"biaxial-normal","Estado biaxial uniforme","Acciones prescritas","Carga exclusivamente normal","Q",534,4.60999310332594,264.133148404993,-4.4570450024449,"kN/m","DE"
"biaxial-normal","Estado biaxial uniforme","Acciones prescritas","Carga exclusivamente normal","Q",535,4.61870764605434,264.632454923717,-4.08238178961895,"kN/m","DE"
"biaxial-normal","Estado biaxial uniforme","Acciones prescritas","Carga exclusivamente normal","Q",536,4.62742218878275,265.131761442441,-3.7064784907411,"kN/m","DE"
"biaxial-normal","Estado biaxial uniforme","Acciones prescritas","Carga exclusivamente normal","Q",537,4.63613673151115,265.631067961165,-3.32944929220097,"kN/m","DE"
"biaxial-normal","Estado biaxial uniforme","Acciones prescritas","Carga exclusivamente normal","Q",538,4.64485127423955,266.130374479889,-2.95140872239757,"kN/m","DE"
"biaxial-normal","Estado biaxial uniforme","Acciones prescritas","Carga exclusivamente normal","Q",539,4.65356581696796,266.629680998613,-2.57247161694931,"kN/m","DE"
"biaxial-normal","Estado biaxial uniforme","Acciones prescritas","Carga exclusivamente normal","Q",540,4.66228035969636,267.128987517337,-2.19275308381115,"kN/m","DE"
"biaxial-normal","Estado biaxial uniforme","Acciones prescritas","Carga exclusivamente normal","Q",541,4.67099490242477,267.628294036061,-1.81236846830865,"kN/m","DE"
"biaxial-normal","Estado biaxial uniforme","Acciones prescritas","Carga exclusivamente normal","Q",542,4.67970944515317,268.127600554785,-1.43143331810016,"kN/m","DE"
"biaxial-normal","Estado biaxial uniforme","Acciones prescritas","Carga exclusivamente normal","Q",543,4.68842398788158,268.626907073509,-1.05006334807723,"kN/m","DE"
"biaxial-normal","Estado biaxial uniforme","Acciones prescritas","Carga exclusivamente normal","Q",544,4.69713853060998,269.126213592233,-0.668374405214752,"kN/m","DE"
"biaxial-normal","Estado biaxial uniforme","Acciones prescritas","Carga exclusivamente normal","Q",545,4.70585307333839,269.625520110957,-0.286482433380478,"kN/m","DE"
"biaxial-normal","Estado biaxial uniforme","Acciones prescritas","Carga exclusivamente normal","Q",546,4.71238898038469,270,-8.05205270439385e-15,"kN/m","DE"
"biaxial-normal","Estado biaxial uniforme","Acciones prescritas","Carga exclusivamente normal","Q",547,4.71456761606679,270.124826629681,0.0954965618847785,"kN/m","DE"
"biaxial-normal","Estado biaxial uniforme","Acciones prescritas","Carga exclusivamente normal","Q",548,4.7232821587952,270.624133148405,0.477446548605352,"kN/m","DE"
"biaxial-normal","Estado biaxial uniforme","Acciones prescritas","Carga exclusivamente normal","Q",549,4.7319967015236,271.123439667129,0.859251503617521,"kN/m","DE"
"biaxial-normal","Estado biaxial uniforme","Acciones prescritas","Carga exclusivamente normal","Q",550,4.740711244252,271.622746185853,1.24079544781305,"kN/m","DE"
"biaxial-normal","Estado biaxial uniforme","Acciones prescritas","Carga exclusivamente normal","Q",551,4.74942578698041,272.122052704577,1.62196248136976,"kN/m","DE"
"biaxial-normal","Estado biaxial uniforme","Acciones prescritas","Carga exclusivamente normal","Q",552,4.75814032970881,272.621359223301,2.00263681895793,"kN/m","DE"
"biaxial-normal","Estado biaxial uniforme","Acciones prescritas","Carga exclusivamente normal","Q",553,4.76685487243722,273.120665742025,2.38270282491168,"kN/m","DE"
"biaxial-normal","Estado biaxial uniforme","Acciones prescritas","Carga exclusivamente normal","Q",554,4.77556941516562,273.619972260749,2.76204504835533,"kN/m","DE"
"biaxial-normal","Estado biaxial uniforme","Acciones prescritas","Carga exclusivamente normal","Q",555,4.78428395789403,274.119278779473,3.14054825827307,"kN/m","DE"
"biaxial-normal","Estado biaxial uniforme","Acciones prescritas","Carga exclusivamente normal","Q",556,4.79299850062243,274.618585298197,3.51809747851248,"kN/m","DE"
"biaxial-normal","Estado biaxial uniforme","Acciones prescritas","Carga exclusivamente normal","Q",557,4.80171304335083,275.117891816921,3.89457802270996,"kN/m","DE"
"biaxial-normal","Estado biaxial uniforme","Acciones prescritas","Carga exclusivamente normal","Q",558,4.81042758607924,275.617198335645,4.2698755291288,"kN/m","DE"
"biaxial-normal","Estado biaxial uniforme","Acciones prescritas","Carga exclusivamente normal","Q",559,4.81914212880764,276.116504854369,4.64387599539805,"kN/m","DE"
"biaxial-normal","Estado biaxial uniforme","Acciones prescritas","Carga exclusivamente normal","Q",560,4.82785667153605,276.615811373093,5.01646581314256,"kN/m","DE"
"biaxial-normal","Estado biaxial uniforme","Acciones prescritas","Carga exclusivamente normal","Q",561,4.83657121426445,277.115117891817,5.38753180249345,"kN/m","DE"
"biaxial-normal","Estado biaxial uniforme","Acciones prescritas","Carga exclusivamente normal","Q",562,4.84528575699286,277.614424410541,5.75696124646791,"kN/m","DE"
"biaxial-normal","Estado biaxial uniforme","Acciones prescritas","Carga exclusivamente normal","Q",563,4.85400029972126,278.113730929265,6.12464192520897,"kN/m","DE"
"biaxial-normal","Estado biaxial uniforme","Acciones prescritas","Carga exclusivamente normal","Q",564,4.86271484244967,278.613037447989,6.49046215007382,"kN/m","DE"
"biaxial-normal","Estado biaxial uniforme","Acciones prescritas","Carga exclusivamente normal","Q",565,4.87142938517807,279.112343966713,6.85431079756118,"kN/m","DE"
"biaxial-normal","Estado biaxial uniforme","Acciones prescritas","Carga exclusivamente normal","Q",566,4.88014392790647,279.611650485437,7.21607734306647,"kN/m","DE"
"biaxial-normal","Estado biaxial uniforme","Acciones prescritas","Carga exclusivamente normal","Q",567,4.88885847063488,280.110957004161,7.57565189445564,"kN/m","DE"
"biaxial-normal","Estado biaxial uniforme","Acciones prescritas","Carga exclusivamente normal","Q",568,4.89757301336328,280.610263522885,7.93292522544632,"kN/m","DE"
"biaxial-normal","Estado biaxial uniforme","Acciones prescritas","Carga exclusivamente normal","Q",569,4.90628755609169,281.109570041609,8.28778880878726,"kN/m","DE"
"biaxial-normal","Estado biaxial uniforme","Acciones prescritas","Carga exclusivamente normal","Q",570,4.91500209882009,281.608876560333,8.64013484922486,"kN/m","DE"
"biaxial-normal","Estado biaxial uniforme","Acciones prescritas","Carga exclusivamente normal","Q",571,4.9237166415485,282.108183079057,8.9898563162479,"kN/m","DE"
"biaxial-normal","Estado biaxial uniforme","Acciones prescritas","Carga exclusivamente normal","Q",572,4.9324311842769,282.607489597781,9.33684697659946,"kN/m","DE"
"biaxial-normal","Estado biaxial uniforme","Acciones prescritas","Carga exclusivamente normal","Q",573,4.94114572700531,283.106796116505,9.68100142654704,"kN/m","DE"
"biaxial-normal","Estado biaxial uniforme","Acciones prescritas","Carga exclusivamente normal","Q",574,4.94986026973371,283.606102635229,10.0222151239006,"kN/m","DE"
"biaxial-normal","Estado biaxial uniforme","Acciones prescritas","Carga exclusivamente normal","Q",575,4.95857481246211,284.105409153953,10.3603844197687,"kN/m","DE"
"biaxial-normal","Estado biaxial uniforme","Acciones prescritas","Carga exclusivamente normal","Q",576,4.96728935519052,284.604715672677,10.6954065900436,"kN/m","DE"
"biaxial-normal","Estado biaxial uniforme","Acciones prescritas","Carga exclusivamente normal","Q",577,4.97600389791892,285.104022191401,11.027179866605,"kN/m","DE"
"biaxial-normal","Estado biaxial uniforme","Acciones prescritas","Carga exclusivamente normal","Q",578,4.98471844064733,285.603328710125,11.3556034682342,"kN/m","DE"
"biaxial-normal","Estado biaxial uniforme","Acciones prescritas","Carga exclusivamente normal","Q",579,4.99343298337573,286.102635228849,11.6805776312274,"kN/m","DE"
"biaxial-normal","Estado biaxial uniforme","Acciones prescritas","Carga exclusivamente normal","Q",580,5.00214752610414,286.601941747573,12.0020036397006,"kN/m","DE"
"biaxial-normal","Estado biaxial uniforme","Acciones prescritas","Carga exclusivamente normal","Q",581,5.01086206883254,287.101248266297,12.3197838555764,"kN/m","DE"
"biaxial-normal","Estado biaxial uniforme","Acciones prescritas","Carga exclusivamente normal","Q",582,5.01957661156095,287.600554785021,12.6338217482425,"kN/m","DE"
"biaxial-normal","Estado biaxial uniforme","Acciones prescritas","Carga exclusivamente normal","Q",583,5.02829115428935,288.099861303745,12.9440219238747,"kN/m","DE"
"biaxial-normal","Estado biaxial uniforme","Acciones prescritas","Carga exclusivamente normal","Q",584,5.03700569701775,288.599167822469,13.2502901544145,"kN/m","DE"
"biaxial-normal","Estado biaxial uniforme","Acciones prescritas","Carga exclusivamente normal","Q",585,5.04572023974616,289.098474341193,13.5525334061915,"kN/m","DE"
"biaxial-normal","Estado biaxial uniforme","Acciones prescritas","Carga exclusivamente normal","Q",586,5.05443478247456,289.597780859917,13.8506598681847,"kN/m","DE"
"biaxial-normal","Estado biaxial uniforme","Acciones prescritas","Carga exclusivamente normal","Q",587,5.06314932520297,290.097087378641,14.144578979911,"kN/m","DE"
"biaxial-normal","Estado biaxial uniforme","Acciones prescritas","Carga exclusivamente normal","Q",588,5.07186386793137,290.596393897365,14.4342014589342,"kN/m","DE"
"biaxial-normal","Estado biaxial uniforme","Acciones prescritas","Carga exclusivamente normal","Q",589,5.08057841065978,291.095700416089,14.7194393279865,"kN/m","DE"
"biaxial-normal","Estado biaxial uniforme","Acciones prescritas","Carga exclusivamente normal","Q",590,5.08929295338818,291.595006934813,15.0002059416925,"kN/m","DE"
"biaxial-normal","Estado biaxial uniforme","Acciones prescritas","Carga exclusivamente normal","Q",591,5.09800749611659,292.094313453537,15.276416012889,"kN/m","DE"
"biaxial-normal","Estado biaxial uniforme","Acciones prescritas","Carga exclusivamente normal","Q",592,5.10672203884499,292.593619972261,15.5479856385325,"kN/m","DE"
"biaxial-normal","Estado biaxial uniforme","Acciones prescritas","Carga exclusivamente normal","Q",593,5.11543658157339,293.092926490985,15.8148323251862,"kN/m","DE"
"biaxial-normal","Estado biaxial uniforme","Acciones prescritas","Carga exclusivamente normal","Q",594,5.1241511243018,293.592233009709,16.0768750140781,"kN/m","DE"
"biaxial-normal","Estado biaxial uniforme","Acciones prescritas","Carga exclusivamente normal","Q",595,5.1328656670302,294.091539528433,16.3340341057244,"kN/m","DE"
"biaxial-normal","Estado biaxial uniforme","Acciones prescritas","Carga exclusivamente normal","Q",596,5.14158020975861,294.590846047157,16.5862314841087,"kN/m","DE"
"biaxial-normal","Estado biaxial uniforme","Acciones prescritas","Carga exclusivamente normal","Q",597,5.15029475248701,295.090152565881,16.833390540411,"kN/m","DE"
"biaxial-normal","Estado biaxial uniforme","Acciones prescritas","Carga exclusivamente normal","Q",598,5.15900929521542,295.589459084605,17.0754361962791,"kN/m","DE"
"biaxial-normal","Estado biaxial uniforme","Acciones prescritas","Carga exclusivamente normal","Q",599,5.16772383794382,296.088765603329,17.3122949266345,"kN/m","DE"
"biaxial-normal","Estado biaxial uniforme","Acciones prescritas","Carga exclusivamente normal","Q",600,5.17643838067223,296.588072122053,17.5438947820066,"kN/m","DE"
"biaxial-normal","Estado biaxial uniforme","Acciones prescritas","Carga exclusivamente normal","Q",601,5.18515292340063,297.087378640777,17.770165410389,"kN/m","DE"
"biaxial-normal","Estado biaxial uniforme","Acciones prescritas","Carga exclusivamente normal","Q",602,5.19386746612903,297.586685159501,17.9910380786096,"kN/m","DE"
"biaxial-normal","Estado biaxial uniforme","Acciones prescritas","Carga exclusivamente normal","Q",603,5.20258200885744,298.085991678225,18.2064456932093,"kN/m","DE"
"biaxial-normal","Estado biaxial uniforme","Acciones prescritas","Carga exclusivamente normal","Q",604,5.21129655158584,298.585298196949,18.4163228208231,"kN/m","DE"
"biaxial-normal","Estado biaxial uniforme","Acciones prescritas","Carga exclusivamente normal","Q",605,5.22001109431425,299.084604715673,18.620605708056,"kN/m","DE"
"biaxial-normal","Estado biaxial uniforme","Acciones prescritas","Carga exclusivamente normal","Q",606,5.22872563704265,299.583911234397,18.8192323008492,"kN/m","DE"
"biaxial-normal","Estado biaxial uniforme","Acciones prescritas","Carga exclusivamente normal","Q",607,5.23744017977106,300.083217753121,19.0121422633304,"kN/m","DE"
"biaxial-normal","Estado biaxial uniforme","Acciones prescritas","Carga exclusivamente normal","Q",608,5.24615472249946,300.582524271845,19.199276996141,"kN/m","DE"
"biaxial-normal","Estado biaxial uniforme","Acciones prescritas","Carga exclusivamente normal","Q",609,5.25486926522786,301.081830790569,19.3805796542371,"kN/m","DE"
"biaxial-normal","Estado biaxial uniforme","Acciones prescritas","Carga exclusivamente normal","Q",610,5.26358380795627,301.581137309293,19.5559951641571,"kN/m","DE"
"biaxial-normal","Estado biaxial uniforme","Acciones prescritas","Carga exclusivamente normal","Q",611,5.27229835068467,302.080443828017,19.7254702407505,"kN/m","DE"
"biaxial-normal","Estado biaxial uniforme","Acciones prescritas","Carga exclusivamente normal","Q",612,5.28101289341308,302.579750346741,19.8889534033648,"kN/m","DE"
"biaxial-normal","Estado biaxial uniforme","Acciones prescritas","Carga exclusivamente normal","Q",613,5.28972743614148,303.079056865465,20.0463949914833,"kN/m","DE"
"biaxial-normal","Estado biaxial uniforme","Acciones prescritas","Carga exclusivamente normal","Q",614,5.29844197886989,303.578363384189,20.1977471798097,"kN/m","DE"
"biaxial-normal","Estado biaxial uniforme","Acciones prescritas","Carga exclusivamente normal","Q",615,5.30715652159829,304.077669902913,20.3429639927968,"kN/m","DE"
"biaxial-normal","Estado biaxial uniforme","Acciones prescritas","Carga exclusivamente normal","Q",616,5.3158710643267,304.576976421637,20.4820013186114,"kN/m","DE"
"biaxial-normal","Estado biaxial uniforme","Acciones prescritas","Carga exclusivamente normal","Q",617,5.3245856070551,305.076282940361,20.6148169225343,"kN/m","DE"
"biaxial-normal","Estado biaxial uniforme","Acciones prescritas","Carga exclusivamente normal","Q",618,5.3333001497835,305.575589459085,20.7413704597898,"kN/m","DE"
"biaxial-normal","Estado biaxial uniforme","Acciones prescritas","Carga exclusivamente normal","Q",619,5.34201469251191,306.074895977809,20.8616234878008,"kN/m","DE"
"biaxial-normal","Estado biaxial uniforme","Acciones prescritas","Carga exclusivamente normal","Q",620,5.35072923524031,306.574202496533,20.9755394778665,"kN/m","DE"
"biaxial-normal","Estado biaxial uniforme","Acciones prescritas","Carga exclusivamente normal","Q",621,5.35944377796872,307.073509015257,21.0830838262587,"kN/m","DE"
"biaxial-normal","Estado biaxial uniforme","Acciones prescritas","Carga exclusivamente normal","Q",622,5.36815832069712,307.572815533981,21.1842238647329,"kN/m","DE"
"biaxial-normal","Estado biaxial uniforme","Acciones prescritas","Carga exclusivamente normal","Q",623,5.37687286342553,308.072122052705,21.2789288704519,"kN/m","DE"
"biaxial-normal","Estado biaxial uniforme","Acciones prescritas","Carga exclusivamente normal","Q",624,5.38558740615393,308.571428571429,21.3671700753183,"kN/m","DE"
"biaxial-normal","Estado biaxial uniforme","Acciones prescritas","Carga exclusivamente normal","Q",625,5.39430194888234,309.070735090153,21.4489206747135,"kN/m","DE"
"biaxial-normal","Estado biaxial uniforme","Acciones prescritas","Carga exclusivamente normal","Q",626,5.40301649161074,309.570041608877,21.5241558356396,"kN/m","DE"
"biaxial-normal","Estado biaxial uniforme","Acciones prescritas","Carga exclusivamente normal","Q",627,5.41173103433914,310.069348127601,21.5928527042631,"kN/m","DE"
"biaxial-normal","Estado biaxial uniforme","Acciones prescritas","Carga exclusivamente normal","Q",628,5.42044557706755,310.568654646325,21.6549904128571,"kN/m","DE"
"biaxial-normal","Estado biaxial uniforme","Acciones prescritas","Carga exclusivamente normal","Q",629,5.42916011979595,311.067961165049,21.71055008614,"kN/m","DE"
"biaxial-normal","Estado biaxial uniforme","Acciones prescritas","Carga exclusivamente normal","Q",630,5.43787466252436,311.567267683773,21.7595148470093,"kN/m","DE"
"biaxial-normal","Estado biaxial uniforme","Acciones prescritas","Carga exclusivamente normal","Q",631,5.44658920525276,312.066574202496,21.8018698216682,"kN/m","DE"
"biaxial-normal","Estado biaxial uniforme","Acciones prescritas","Carga exclusivamente normal","Q",632,5.45530374798117,312.565880721221,21.837602144144,"kN/m","DE"
"biaxial-normal","Estado biaxial uniforme","Acciones prescritas","Carga exclusivamente normal","Q",633,5.46401829070957,313.065187239944,21.8667009601958,"kN/m","DE"
"biaxial-normal","Estado biaxial uniforme","Acciones prescritas","Carga exclusivamente normal","Q",634,5.47273283343798,313.564493758669,21.8891574306122,"kN/m","DE"
"biaxial-normal","Estado biaxial uniforme","Acciones prescritas","Carga exclusivamente normal","Q",635,5.48144737616638,314.063800277393,21.904964733896,"kN/m","DE"
"biaxial-normal","Estado biaxial uniforme","Acciones prescritas","Carga exclusivamente normal","Q",636,5.49016191889478,314.563106796117,21.9141180683366,"kN/m","DE"
"biaxial-normal","Estado biaxial uniforme","Acciones prescritas","Carga exclusivamente normal","Q",637,5.49778714378214,315,21.9166666666667,"kN/m","DE"
"biaxial-normal","Estado biaxial uniforme","Acciones prescritas","Carga exclusivamente normal","Q",638,5.49887646162319,315.06241331484,21.9166146534683,"kN/m","DE"
"biaxial-normal","Estado biaxial uniforme","Acciones prescritas","Carga exclusivamente normal","Q",639,5.50759100435159,315.561719833564,21.9124537309151,"kN/m","DE"
"biaxial-normal","Estado biaxial uniforme","Acciones prescritas","Carga exclusivamente normal","Q",640,5.51630554708,316.061026352288,21.901636564621,"kN/m","DE"
"biaxial-normal","Estado biaxial uniforme","Acciones prescritas","Carga exclusivamente normal","Q",641,5.5250200898084,316.560332871013,21.8841664404661,"kN/m","DE"
"biaxial-normal","Estado biaxial uniforme","Acciones prescritas","Carga exclusivamente normal","Q",642,5.53373463253681,317.059639389736,21.8600486652684,"kN/m","DE"
"biaxial-normal","Estado biaxial uniforme","Acciones prescritas","Carga exclusivamente normal","Q",643,5.54244917526521,317.55894590846,21.8292905651718,"kN/m","DE"
"biaxial-normal","Estado biaxial uniforme","Acciones prescritas","Carga exclusivamente normal","Q",644,5.55116371799361,318.058252427184,21.7919014834209,"kN/m","DE"
"biaxial-normal","Estado biaxial uniforme","Acciones prescritas","Carga exclusivamente normal","Q",645,5.55987826072202,318.557558945908,21.7478927775223,"kN/m","DE"
"biaxial-normal","Estado biaxial uniforme","Acciones prescritas","Carga exclusivamente normal","Q",646,5.56859280345042,319.056865464632,21.6972778157951,"kN/m","DE"
"biaxial-normal","Estado biaxial uniforme","Acciones prescritas","Carga exclusivamente normal","Q",647,5.57730734617883,319.556171983356,21.6400719733099,"kN/m","DE"
"biaxial-normal","Estado biaxial uniforme","Acciones prescritas","Carga exclusivamente normal","Q",648,5.58602188890723,320.05547850208,21.5762926272184,"kN/m","DE"
"biaxial-normal","Estado biaxial uniforme","Acciones prescritas","Carga exclusivamente normal","Q",649,5.59473643163564,320.554785020804,21.5059591514745,"kN/m","DE"
"biaxial-normal","Estado biaxial uniforme","Acciones prescritas","Carga exclusivamente normal","Q",650,5.60345097436404,321.054091539528,21.4290929109499,"kN/m","DE"
"biaxial-normal","Estado biaxial uniforme","Acciones prescritas","Carga exclusivamente normal","Q",651,5.61216551709245,321.553398058252,21.3457172549434,"kN/m","DE"
"biaxial-normal","Estado biaxial uniforme","Acciones prescritas","Carga exclusivamente normal","Q",652,5.62088005982085,322.052704576976,21.2558575100887,"kN/m","DE"
"biaxial-normal","Estado biaxial uniforme","Acciones prescritas","Carga exclusivamente normal","Q",653,5.62959460254925,322.5520110957,21.1595409726609,"kN/m","DE"
"biaxial-normal","Estado biaxial uniforme","Acciones prescritas","Carga exclusivamente normal","Q",654,5.63830914527766,323.051317614424,21.0567969002847,"kN/m","DE"
"biaxial-normal","Estado biaxial uniforme","Acciones prescritas","Carga exclusivamente normal","Q",655,5.64702368800606,323.550624133148,20.9476565030472,"kN/m","DE"
"biaxial-normal","Estado biaxial uniforme","Acciones prescritas","Carga exclusivamente normal","Q",656,5.65573823073447,324.049930651872,20.8321529340172,"kN/m","DE"
"biaxial-normal","Estado biaxial uniforme","Acciones prescritas","Carga exclusivamente normal","Q",657,5.66445277346287,324.549237170596,20.7103212791745,"kN/m","DE"
"biaxial-normal","Estado biaxial uniforme","Acciones prescritas","Carga exclusivamente normal","Q",658,5.67316731619128,325.04854368932,20.5821985467519,"kN/m","DE"
"biaxial-normal","Estado biaxial uniforme","Acciones prescritas","Carga exclusivamente normal","Q",659,5.68188185891968,325.547850208044,20.4478236559936,"kN/m","DE"
"biaxial-normal","Estado biaxial uniforme","Acciones prescritas","Carga exclusivamente normal","Q",660,5.69059640164809,326.047156726768,20.3072374253325,"kN/m","DE"
"biaxial-normal","Estado biaxial uniforme","Acciones prescritas","Carga exclusivamente normal","Q",661,5.69931094437649,326.546463245492,20.1604825599915,"kN/m","DE"
"biaxial-normal","Estado biaxial uniforme","Acciones prescritas","Carga exclusivamente normal","Q",662,5.70802548710489,327.045769764216,20.0076036390107,"kN/m","DE"
"biaxial-normal","Estado biaxial uniforme","Acciones prescritas","Carga exclusivamente normal","Q",663,5.7167400298333,327.54507628294,19.8486471017059,"kN/m","DE"
"biaxial-normal","Estado biaxial uniforme","Acciones prescritas","Carga exclusivamente normal","Q",664,5.7254545725617,328.044382801664,19.6836612335622,"kN/m","DE"
"biaxial-normal","Estado biaxial uniforme","Acciones prescritas","Carga exclusivamente normal","Q",665,5.73416911529011,328.543689320388,19.5126961515663,"kN/m","DE"
"biaxial-normal","Estado biaxial uniforme","Acciones prescritas","Carga exclusivamente normal","Q",666,5.74288365801851,329.042995839112,19.3358037889828,"kN/m","DE"
"biaxial-normal","Estado biaxial uniforme","Acciones prescritas","Carga exclusivamente normal","Q",667,5.75159820074692,329.542302357836,19.1530378795785,"kN/m","DE"
"biaxial-normal","Estado biaxial uniforme","Acciones prescritas","Carga exclusivamente normal","Q",668,5.76031274347532,330.04160887656,18.9644539413002,"kN/m","DE"
"biaxial-normal","Estado biaxial uniforme","Acciones prescritas","Carga exclusivamente normal","Q",669,5.76902728620373,330.540915395284,18.7701092594103,"kN/m","DE"
"biaxial-normal","Estado biaxial uniforme","Acciones prescritas","Carga exclusivamente normal","Q",670,5.77774182893213,331.040221914008,18.5700628690852,"kN/m","DE"
"biaxial-normal","Estado biaxial uniforme","Acciones prescritas","Carga exclusivamente normal","Q",671,5.78645637166053,331.539528432732,18.3643755374826,"kN/m","DE"
"biaxial-normal","Estado biaxial uniforme","Acciones prescritas","Carga exclusivamente normal","Q",672,5.79517091438894,332.038834951456,18.1531097452828,"kN/m","DE"
"biaxial-normal","Estado biaxial uniforme","Acciones prescritas","Carga exclusivamente normal","Q",673,5.80388545711734,332.53814147018,17.9363296677089,"kN/m","DE"
"biaxial-normal","Estado biaxial uniforme","Acciones prescritas","Carga exclusivamente normal","Q",674,5.81259999984575,333.037447988904,17.7141011550327,"kN/m","DE"
"biaxial-normal","Estado biaxial uniforme","Acciones prescritas","Carga exclusivamente normal","Q",675,5.82131454257415,333.536754507628,17.4864917125716,"kN/m","DE"
"biaxial-normal","Estado biaxial uniforme","Acciones prescritas","Carga exclusivamente normal","Q",676,5.83002908530256,334.036061026352,17.2535704801831,"kN/m","DE"
"biaxial-normal","Estado biaxial uniforme","Acciones prescritas","Carga exclusivamente normal","Q",677,5.83874362803096,334.535367545076,17.0154082112624,"kN/m","DE"
"biaxial-normal","Estado biaxial uniforme","Acciones prescritas","Carga exclusivamente normal","Q",678,5.84745817075936,335.0346740638,16.7720772512495,"kN/m","DE"
"biaxial-normal","Estado biaxial uniforme","Acciones prescritas","Carga exclusivamente normal","Q",679,5.85617271348777,335.533980582524,16.5236515156539,"kN/m","DE"
"biaxial-normal","Estado biaxial uniforme","Acciones prescritas","Carga exclusivamente normal","Q",680,5.86488725621617,336.033287101248,16.2702064676012,"kN/m","DE"
"biaxial-normal","Estado biaxial uniforme","Acciones prescritas","Carga exclusivamente normal","Q",681,5.87360179894458,336.532593619972,16.01181909491,"kN/m","DE"
"biaxial-normal","Estado biaxial uniforme","Acciones prescritas","Carga exclusivamente normal","Q",682,5.88231634167298,337.031900138696,15.7485678867059,"kN/m","DE"
"biaxial-normal","Estado biaxial uniforme","Acciones prescritas","Carga exclusivamente normal","Q",683,5.89103088440139,337.53120665742,15.4805328095791,"kN/m","DE"
"biaxial-normal","Estado biaxial uniforme","Acciones prescritas","Carga exclusivamente normal","Q",684,5.89974542712979,338.030513176144,15.2077952832933,"kN/m","DE"
"biaxial-normal","Estado biaxial uniforme","Acciones prescritas","Carga exclusivamente normal","Q",685,5.9084599698582,338.529819694868,14.9304381560531,"kN/m","DE"
"biaxial-normal","Estado biaxial uniforme","Acciones prescritas","Carga exclusivamente normal","Q",686,5.9171745125866,339.029126213592,14.6485456793379,"kN/m","DE"
"biaxial-normal","Estado biaxial uniforme","Acciones prescritas","Carga exclusivamente normal","Q",687,5.925889055315,339.528432732316,14.3622034823089,"kN/m","DE"
"biaxial-normal","Estado biaxial uniforme","Acciones prescritas","Carga exclusivamente normal","Q",688,5.93460359804341,340.02773925104,14.0714985457981,"kN/m","DE"
"biaxial-normal","Estado biaxial uniforme","Acciones prescritas","Carga exclusivamente normal","Q",689,5.94331814077181,340.527045769764,13.7765191758865,"kN/m","DE"
"biaxial-normal","Estado biaxial uniforme","Acciones prescritas","Carga exclusivamente normal","Q",690,5.95203268350022,341.026352288488,13.4773549770798,"kN/m","DE"
"biaxial-normal","Estado biaxial uniforme","Acciones prescritas","Carga exclusivamente normal","Q",691,5.96074722622862,341.525658807212,13.1740968250896,"kN/m","DE"
"biaxial-normal","Estado biaxial uniforme","Acciones prescritas","Carga exclusivamente normal","Q",692,5.96946176895703,342.024965325936,12.8668368392286,"kN/m","DE"
"biaxial-normal","Estado biaxial uniforme","Acciones prescritas","Carga exclusivamente normal","Q",693,5.97817631168543,342.52427184466,12.5556683544277,"kN/m","DE"
"biaxial-normal","Estado biaxial uniforme","Acciones prescritas","Carga exclusivamente normal","Q",694,5.98689085441384,343.023578363384,12.2406858928845,"kN/m","DE"
"biaxial-normal","Estado biaxial uniforme","Acciones prescritas","Carga exclusivamente normal","Q",695,5.99560539714224,343.522884882108,11.9219851353504,"kN/m","DE"
"biaxial-normal","Estado biaxial uniforme","Acciones prescritas","Carga exclusivamente normal","Q",696,6.00431993987064,344.022191400832,11.5996628920662,"kN/m","DE"
"biaxial-normal","Estado biaxial uniforme","Acciones prescritas","Carga exclusivamente normal","Q",697,6.01303448259905,344.521497919556,11.2738170733545,"kN/m","DE"
"biaxial-normal","Estado biaxial uniforme","Acciones prescritas","Carga exclusivamente normal","Q",698,6.02174902532745,345.02080443828,10.944546659878,"kN/m","DE"
"biaxial-normal","Estado biaxial uniforme","Acciones prescritas","Carga exclusivamente normal","Q",699,6.03046356805586,345.520110957004,10.6119516725726,"kN/m","DE"
"biaxial-normal","Estado biaxial uniforme","Acciones prescritas","Carga exclusivamente normal","Q",700,6.03917811078426,346.019417475728,10.2761331422644,"kN/m","DE"
"biaxial-normal","Estado biaxial uniforme","Acciones prescritas","Carga exclusivamente normal","Q",701,6.04789265351267,346.518723994452,9.93719307897992,"kN/m","DE"
"biaxial-normal","Estado biaxial uniforme","Acciones prescritas","Carga exclusivamente normal","Q",702,6.05660719624107,347.018030513176,9.59523444095963,"kN/m","DE"
"biaxial-normal","Estado biaxial uniforme","Acciones prescritas","Carga exclusivamente normal","Q",703,6.06532173896948,347.5173370319,9.25036110338195,"kN/m","DE"
"biaxial-normal","Estado biaxial uniforme","Acciones prescritas","Carga exclusivamente normal","Q",704,6.07403628169788,348.016643550624,8.90267782681014,"kN/m","DE"
"biaxial-normal","Estado biaxial uniforme","Acciones prescritas","Carga exclusivamente normal","Q",705,6.08275082442628,348.515950069348,8.55229022536952,"kN/m","DE"
"biaxial-normal","Estado biaxial uniforme","Acciones prescritas","Carga exclusivamente normal","Q",706,6.09146536715469,349.015256588072,8.19930473466544,"kN/m","DE"
"biaxial-normal","Estado biaxial uniforme","Acciones prescritas","Carga exclusivamente normal","Q",707,6.10017990988309,349.514563106796,7.84382857945207,"kN/m","DE"
"biaxial-normal","Estado biaxial uniforme","Acciones prescritas","Carga exclusivamente normal","Q",708,6.1088944526115,350.01386962552,7.48596974106096,"kN/m","DE"
"biaxial-normal","Estado biaxial uniforme","Acciones prescritas","Carga exclusivamente normal","Q",709,6.1176089953399,350.513176144244,7.12583692460033,"kN/m","DE"
"biaxial-normal","Estado biaxial uniforme","Acciones prescritas","Carga exclusivamente normal","Q",710,6.12632353806831,351.012482662968,6.76353952593409,"kN/m","DE"
"biaxial-normal","Estado biaxial uniforme","Acciones prescritas","Carga exclusivamente normal","Q",711,6.13503808079671,351.511789181692,6.3991875984511,"kN/m","DE"
"biaxial-normal","Estado biaxial uniforme","Acciones prescritas","Carga exclusivamente normal","Q",712,6.14375262352512,352.011095700416,6.03289181963481,"kN/m","DE"
"biaxial-normal","Estado biaxial uniforme","Acciones prescritas","Carga exclusivamente normal","Q",713,6.15246716625352,352.51040221914,5.66476345744354,"kN/m","DE"
"biaxial-normal","Estado biaxial uniforme","Acciones prescritas","Carga exclusivamente normal","Q",714,6.16118170898192,353.009708737864,5.29491433651067,"kN/m","DE"
"biaxial-normal","Estado biaxial uniforme","Acciones prescritas","Carga exclusivamente normal","Q",715,6.16989625171033,353.509015256588,4.92345680417644,"kN/m","DE"
"biaxial-normal","Estado biaxial uniforme","Acciones prescritas","Carga exclusivamente normal","Q",716,6.17861079443873,354.008321775312,4.55050369636093,"kN/m","DE"
"biaxial-normal","Estado biaxial uniforme","Acciones prescritas","Carga exclusivamente normal","Q",717,6.18732533716714,354.507628294036,4.17616830328796,"kN/m","DE"
"biaxial-normal","Estado biaxial uniforme","Acciones prescritas","Carga exclusivamente normal","Q",718,6.19603987989554,355.00693481276,3.80056433507178,"kN/m","DE"
"biaxial-normal","Estado biaxial uniforme","Acciones prescritas","Carga exclusivamente normal","Q",719,6.20475442262395,355.506241331484,3.42380588717572,"kN/m","DE"
"biaxial-normal","Estado biaxial uniforme","Acciones prescritas","Carga exclusivamente normal","Q",720,6.21346896535235,356.005547850208,3.04600740575421,"kN/m","DE"
"biaxial-normal","Estado biaxial uniforme","Acciones prescritas","Carga exclusivamente normal","Q",721,6.22218350808075,356.504854368932,2.6672836528876,"kN/m","DE"
"biaxial-normal","Estado biaxial uniforme","Acciones prescritas","Carga exclusivamente normal","Q",722,6.23089805080916,357.004160887656,2.28774967172162,"kN/m","DE"
"biaxial-normal","Estado biaxial uniforme","Acciones prescritas","Carga exclusivamente normal","Q",723,6.23961259353756,357.50346740638,1.9075207515215,"kN/m","DE"
"biaxial-normal","Estado biaxial uniforme","Acciones prescritas","Carga exclusivamente normal","Q",724,6.24832713626597,358.002773925104,1.52671239265058,"kN/m","DE"
"biaxial-normal","Estado biaxial uniforme","Acciones prescritas","Carga exclusivamente normal","Q",725,6.25704167899437,358.502080443828,1.14544027148577,"kN/m","DE"
"biaxial-normal","Estado biaxial uniforme","Acciones prescritas","Carga exclusivamente normal","Q",726,6.26575622172278,359.001386962552,0.76382020527875,"kN/m","DE"
"biaxial-normal","Estado biaxial uniforme","Acciones prescritas","Carga exclusivamente normal","Q",727,6.27447076445118,359.500693481276,0.381968116974931,"kN/m","DE"
