"case","stage","model","prescription","interfaceFrictionCoefficient","resultant","thetaIndex","theta","thetaDeg","value","unit","evidenceLevel"
"interface-alpha-1","Estado biaxial uniforme","Acciones prescritas","Interfaz: αδ = 1.00",1,"N",0,0,0,-65.7500000000001,"kN/m","DE"
"interface-alpha-1","Estado biaxial uniforme","Acciones prescritas","Interfaz: αδ = 1.00",1,"N",1,0.00871454272840442,0.499306518723994,-65.7549931426136,"kN/m","DE"
"interface-alpha-1","Estado biaxial uniforme","Acciones prescritas","Interfaz: αδ = 1.00",1,"N",2,0.0174290854568088,0.998613037447989,-65.7699710537107,"kN/m","DE"
"interface-alpha-1","Estado biaxial uniforme","Acciones prescritas","Interfaz: αδ = 1.00",1,"N",3,0.0261436281852133,1.49791955617198,-65.794929183521,"kN/m","DE"
"interface-alpha-1","Estado biaxial uniforme","Acciones prescritas","Interfaz: αδ = 1.00",1,"N",4,0.0348581709136177,1.99722607489598,-65.8298599506302,"kN/m","DE"
"interface-alpha-1","Estado biaxial uniforme","Acciones prescritas","Interfaz: αδ = 1.00",1,"N",5,0.0435727136420221,2.49653259361997,-65.8747527442822,"kN/m","DE"
"interface-alpha-1","Estado biaxial uniforme","Acciones prescritas","Interfaz: αδ = 1.00",1,"N",6,0.0522872563704265,2.99583911234397,-65.9295939276027,"kN/m","DE"
"interface-alpha-1","Estado biaxial uniforme","Acciones prescritas","Interfaz: αδ = 1.00",1,"N",7,0.0610017990988309,3.49514563106796,-65.9943668417417,"kN/m","DE"
"interface-alpha-1","Estado biaxial uniforme","Acciones prescritas","Interfaz: αδ = 1.00",1,"N",8,0.0697163418272354,3.99445214979196,-66.0690518109333,"kN/m","DE"
"interface-alpha-1","Estado biaxial uniforme","Acciones prescritas","Interfaz: αδ = 1.00",1,"N",9,0.0784308845556398,4.49375866851595,-66.1536261484734,"kN/m","DE"
"interface-alpha-1","Estado biaxial uniforme","Acciones prescritas","Interfaz: αδ = 1.00",1,"N",10,0.0871454272840442,4.99306518723994,-66.2480641636103,"kN/m","DE"
"interface-alpha-1","Estado biaxial uniforme","Acciones prescritas","Interfaz: αδ = 1.00",1,"N",11,0.0958599700124486,5.49237170596394,-66.3523371693492,"kN/m","DE"
"interface-alpha-1","Estado biaxial uniforme","Acciones prescritas","Interfaz: αδ = 1.00",1,"N",12,0.104574512740853,5.99167822468793,-66.4664134911661,"kN/m","DE"
"interface-alpha-1","Estado biaxial uniforme","Acciones prescritas","Interfaz: αδ = 1.00",1,"N",13,0.113289055469257,6.49098474341193,-66.5902584766295,"kN/m","DE"
"interface-alpha-1","Estado biaxial uniforme","Acciones prescritas","Interfaz: αδ = 1.00",1,"N",14,0.122003598197662,6.99029126213592,-66.7238345059264,"kN/m","DE"
"interface-alpha-1","Estado biaxial uniforme","Acciones prescritas","Interfaz: αδ = 1.00",1,"N",15,0.130718140926066,7.48959778085992,-66.8671010032903,"kN/m","DE"
"interface-alpha-1","Estado biaxial uniforme","Acciones prescritas","Interfaz: αδ = 1.00",1,"N",16,0.139432683654471,7.98890429958391,-67.0200144493262,"kN/m","DE"
"interface-alpha-1","Estado biaxial uniforme","Acciones prescritas","Interfaz: αδ = 1.00",1,"N",17,0.148147226382875,8.4882108183079,-67.1825283942307,"kN/m","DE"
"interface-alpha-1","Estado biaxial uniforme","Acciones prescritas","Interfaz: αδ = 1.00",1,"N",18,0.15686176911128,8.9875173370319,-67.3545934719018,"kN/m","DE"
"interface-alpha-1","Estado biaxial uniforme","Acciones prescritas","Interfaz: αδ = 1.00",1,"N",19,0.165576311839684,9.4868238557559,-67.5361574149343,"kN/m","DE"
"interface-alpha-1","Estado biaxial uniforme","Acciones prescritas","Interfaz: αδ = 1.00",1,"N",20,0.174290854568088,9.98613037447989,-67.7271650704971,"kN/m","DE"
"interface-alpha-1","Estado biaxial uniforme","Acciones prescritas","Interfaz: αδ = 1.00",1,"N",21,0.183005397296493,10.4854368932039,-67.9275584170867,"kN/m","DE"
"interface-alpha-1","Estado biaxial uniforme","Acciones prescritas","Interfaz: αδ = 1.00",1,"N",22,0.191719940024897,10.9847434119279,-68.137276582152,"kN/m","DE"
"interface-alpha-1","Estado biaxial uniforme","Acciones prescritas","Interfaz: αδ = 1.00",1,"N",23,0.200434482753302,11.4840499306519,-68.3562558605853,"kN/m","DE"
"interface-alpha-1","Estado biaxial uniforme","Acciones prescritas","Interfaz: αδ = 1.00",1,"N",24,0.209149025481706,11.9833564493759,-68.5844297340739,"kN/m","DE"
"interface-alpha-1","Estado biaxial uniforme","Acciones prescritas","Interfaz: αδ = 1.00",1,"N",25,0.21786356821011,12.4826629680999,-68.8217288913058,"kN/m","DE"
"interface-alpha-1","Estado biaxial uniforme","Acciones prescritas","Interfaz: αδ = 1.00",1,"N",26,0.226578110938515,12.9819694868239,-69.0680812490241,"kN/m","DE"
"interface-alpha-1","Estado biaxial uniforme","Acciones prescritas","Interfaz: αδ = 1.00",1,"N",27,0.235292653666919,13.4812760055479,-69.3234119739236,"kN/m","DE"
"interface-alpha-1","Estado biaxial uniforme","Acciones prescritas","Interfaz: αδ = 1.00",1,"N",28,0.244007196395324,13.9805825242718,-69.5876435053823,"kN/m","DE"
"interface-alpha-1","Estado biaxial uniforme","Acciones prescritas","Interfaz: αδ = 1.00",1,"N",29,0.252721739123728,14.4798890429958,-69.8606955790219,"kN/m","DE"
"interface-alpha-1","Estado biaxial uniforme","Acciones prescritas","Interfaz: αδ = 1.00",1,"N",30,0.261436281852133,14.9791955617198,-70.142485251089,"kN/m","DE"
"interface-alpha-1","Estado biaxial uniforme","Acciones prescritas","Interfaz: αδ = 1.00",1,"N",31,0.270150824580537,15.4785020804438,-70.4329269236509,"kN/m","DE"
"interface-alpha-1","Estado biaxial uniforme","Acciones prescritas","Interfaz: αδ = 1.00",1,"N",32,0.278865367308941,15.9778085991678,-70.7319323705972,"kN/m","DE"
"interface-alpha-1","Estado biaxial uniforme","Acciones prescritas","Interfaz: αδ = 1.00",1,"N",33,0.287579910037346,16.4771151178918,-71.0394107644394,"kN/m","DE"
"interface-alpha-1","Estado biaxial uniforme","Acciones prescritas","Interfaz: αδ = 1.00",1,"N",34,0.29629445276575,16.9764216366158,-71.3552687039018,"kN/m","DE"
"interface-alpha-1","Estado biaxial uniforme","Acciones prescritas","Interfaz: αδ = 1.00",1,"N",35,0.305008995494155,17.4757281553398,-71.6794102422931,"kN/m","DE"
"interface-alpha-1","Estado biaxial uniforme","Acciones prescritas","Interfaz: αδ = 1.00",1,"N",36,0.313723538222559,17.9750346740638,-72.0117369166519,"kN/m","DE"
"interface-alpha-1","Estado biaxial uniforme","Acciones prescritas","Interfaz: αδ = 1.00",1,"N",37,0.322438080950964,18.4743411927878,-72.3521477776564,"kN/m","DE"
"interface-alpha-1","Estado biaxial uniforme","Acciones prescritas","Interfaz: αδ = 1.00",1,"N",38,0.331152623679368,18.9736477115118,-72.7005394202888,"kN/m","DE"
"interface-alpha-1","Estado biaxial uniforme","Acciones prescritas","Interfaz: αδ = 1.00",1,"N",39,0.339867166407772,19.4729542302358,-73.056806015247,"kN/m","DE"
"interface-alpha-1","Estado biaxial uniforme","Acciones prescritas","Interfaz: αδ = 1.00",1,"N",40,0.348581709136177,19.9722607489598,-73.420839341091,"kN/m","DE"
"interface-alpha-1","Estado biaxial uniforme","Acciones prescritas","Interfaz: αδ = 1.00",1,"N",41,0.357296251864581,20.4715672676838,-73.7925288171175,"kN/m","DE"
"interface-alpha-1","Estado biaxial uniforme","Acciones prescritas","Interfaz: αδ = 1.00",1,"N",42,0.366010794592986,20.9708737864078,-74.1717615369501,"kN/m","DE"
"interface-alpha-1","Estado biaxial uniforme","Acciones prescritas","Interfaz: αδ = 1.00",1,"N",43,0.37472533732139,21.4701803051318,-74.5584223028365,"kN/m","DE"
"interface-alpha-1","Estado biaxial uniforme","Acciones prescritas","Interfaz: αδ = 1.00",1,"N",44,0.383439880049794,21.9694868238558,-74.9523936606414,"kN/m","DE"
"interface-alpha-1","Estado biaxial uniforme","Acciones prescritas","Interfaz: αδ = 1.00",1,"N",45,0.392154422778199,22.4687933425798,-75.3535559355254,"kN/m","DE"
"interface-alpha-1","Estado biaxial uniforme","Acciones prescritas","Interfaz: αδ = 1.00",1,"N",46,0.400868965506603,22.9680998613037,-75.7617872682977,"kN/m","DE"
"interface-alpha-1","Estado biaxial uniforme","Acciones prescritas","Interfaz: αδ = 1.00",1,"N",47,0.409583508235008,23.4674063800277,-76.1769636524324,"kN/m","DE"
"interface-alpha-1","Estado biaxial uniforme","Acciones prescritas","Interfaz: αδ = 1.00",1,"N",48,0.418298050963412,23.9667128987517,-76.5989589717385,"kN/m","DE"
"interface-alpha-1","Estado biaxial uniforme","Acciones prescritas","Interfaz: αδ = 1.00",1,"N",49,0.427012593691816,24.4660194174757,-77.0276450386683,"kN/m","DE"
"interface-alpha-1","Estado biaxial uniforme","Acciones prescritas","Interfaz: αδ = 1.00",1,"N",50,0.435727136420221,24.9653259361997,-77.4628916332573,"kN/m","DE"
"interface-alpha-1","Estado biaxial uniforme","Acciones prescritas","Interfaz: αδ = 1.00",1,"N",51,0.444441679148625,25.4646324549237,-77.9045665426799,"kN/m","DE"
"interface-alpha-1","Estado biaxial uniforme","Acciones prescritas","Interfaz: αδ = 1.00",1,"N",52,0.45315622187703,25.9639389736477,-78.3525356014115,"kN/m","DE"
"interface-alpha-1","Estado biaxial uniforme","Acciones prescritas","Interfaz: αδ = 1.00",1,"N",53,0.461870764605434,26.4632454923717,-78.8066627319832,"kN/m","DE"
"interface-alpha-1","Estado biaxial uniforme","Acciones prescritas","Interfaz: αδ = 1.00",1,"N",54,0.470585307333839,26.9625520110957,-79.2668099863171,"kN/m","DE"
"interface-alpha-1","Estado biaxial uniforme","Acciones prescritas","Interfaz: αδ = 1.00",1,"N",55,0.479299850062243,27.4618585298197,-79.7328375876307,"kN/m","DE"
"interface-alpha-1","Estado biaxial uniforme","Acciones prescritas","Interfaz: αδ = 1.00",1,"N",56,0.488014392790647,27.9611650485437,-80.2046039728958,"kN/m","DE"
"interface-alpha-1","Estado biaxial uniforme","Acciones prescritas","Interfaz: αδ = 1.00",1,"N",57,0.496728935519052,28.4604715672677,-80.6819658358407,"kN/m","DE"
"interface-alpha-1","Estado biaxial uniforme","Acciones prescritas","Interfaz: αδ = 1.00",1,"N",58,0.505443478247456,28.9597780859917,-81.1647781704814,"kN/m","DE"
"interface-alpha-1","Estado biaxial uniforme","Acciones prescritas","Interfaz: αδ = 1.00",1,"N",59,0.514158020975861,29.4590846047157,-81.6528943151699,"kN/m","DE"
"interface-alpha-1","Estado biaxial uniforme","Acciones prescritas","Interfaz: αδ = 1.00",1,"N",60,0.522872563704265,29.9583911234397,-82.1461659971442,"kN/m","DE"
"interface-alpha-1","Estado biaxial uniforme","Acciones prescritas","Interfaz: αδ = 1.00",1,"N",61,0.53158710643267,30.4576976421637,-82.6444433775691,"kN/m","DE"
"interface-alpha-1","Estado biaxial uniforme","Acciones prescritas","Interfaz: αδ = 1.00",1,"N",62,0.540301649161074,30.9570041608877,-83.1475750970516,"kN/m","DE"
"interface-alpha-1","Estado biaxial uniforme","Acciones prescritas","Interfaz: αδ = 1.00",1,"N",63,0.549016191889478,31.4563106796117,-83.6554083216189,"kN/m","DE"
"interface-alpha-1","Estado biaxial uniforme","Acciones prescritas","Interfaz: αδ = 1.00",1,"N",64,0.557730734617883,31.9556171983356,-84.1677887891438,"kN/m","DE"
"interface-alpha-1","Estado biaxial uniforme","Acciones prescritas","Interfaz: αδ = 1.00",1,"N",65,0.566445277346287,32.4549237170596,-84.6845608562046,"kN/m","DE"
"interface-alpha-1","Estado biaxial uniforme","Acciones prescritas","Interfaz: αδ = 1.00",1,"N",66,0.575159820074692,32.9542302357836,-85.2055675453636,"kN/m","DE"
"interface-alpha-1","Estado biaxial uniforme","Acciones prescritas","Interfaz: αδ = 1.00",1,"N",67,0.583874362803096,33.4535367545076,-85.7306505928519,"kN/m","DE"
"interface-alpha-1","Estado biaxial uniforme","Acciones prescritas","Interfaz: αδ = 1.00",1,"N",68,0.592588905531501,33.9528432732316,-86.2596504966444,"kN/m","DE"
"interface-alpha-1","Estado biaxial uniforme","Acciones prescritas","Interfaz: αδ = 1.00",1,"N",69,0.601303448259905,34.4521497919556,-86.7924065649106,"kN/m","DE"
"interface-alpha-1","Estado biaxial uniforme","Acciones prescritas","Interfaz: αδ = 1.00",1,"N",70,0.610017990988309,34.9514563106796,-87.3287569648275,"kN/m","DE"
"interface-alpha-1","Estado biaxial uniforme","Acciones prescritas","Interfaz: αδ = 1.00",1,"N",71,0.618732533716714,35.4507628294036,-87.8685387717389,"kN/m","DE"
"interface-alpha-1","Estado biaxial uniforme","Acciones prescritas","Interfaz: αδ = 1.00",1,"N",72,0.627447076445118,35.9500693481276,-88.4115880186461,"kN/m","DE"
"interface-alpha-1","Estado biaxial uniforme","Acciones prescritas","Interfaz: αδ = 1.00",1,"N",73,0.636161619173523,36.4493758668516,-88.9577397460152,"kN/m","DE"
"interface-alpha-1","Estado biaxial uniforme","Acciones prescritas","Interfaz: αδ = 1.00",1,"N",74,0.644876161901927,36.9486823855756,-89.5068280518866,"kN/m","DE"
"interface-alpha-1","Estado biaxial uniforme","Acciones prescritas","Interfaz: αδ = 1.00",1,"N",75,0.653590704630331,37.4479889042996,-90.0586861422697,"kN/m","DE"
"interface-alpha-1","Estado biaxial uniforme","Acciones prescritas","Interfaz: αδ = 1.00",1,"N",76,0.662305247358736,37.9472954230236,-90.6131463818095,"kN/m","DE"
"interface-alpha-1","Estado biaxial uniforme","Acciones prescritas","Interfaz: αδ = 1.00",1,"N",77,0.67101979008714,38.4466019417476,-91.1700403447084,"kN/m","DE"
"interface-alpha-1","Estado biaxial uniforme","Acciones prescritas","Interfaz: αδ = 1.00",1,"N",78,0.679734332815545,38.9459084604716,-91.7291988658879,"kN/m","DE"
"interface-alpha-1","Estado biaxial uniforme","Acciones prescritas","Interfaz: αδ = 1.00",1,"N",79,0.688448875543949,39.4452149791956,-92.2904520923752,"kN/m","DE"
"interface-alpha-1","Estado biaxial uniforme","Acciones prescritas","Interfaz: αδ = 1.00",1,"N",80,0.697163418272354,39.9445214979196,-92.8536295348986,"kN/m","DE"
"interface-alpha-1","Estado biaxial uniforme","Acciones prescritas","Interfaz: αδ = 1.00",1,"N",81,0.705877961000758,40.4438280166436,-93.4185601196766,"kN/m","DE"
"interface-alpha-1","Estado biaxial uniforme","Acciones prescritas","Interfaz: αδ = 1.00",1,"N",82,0.714592503729162,40.9431345353675,-93.9850722403835,"kN/m","DE"
"interface-alpha-1","Estado biaxial uniforme","Acciones prescritas","Interfaz: αδ = 1.00",1,"N",83,0.723307046457567,41.4424410540915,-94.5529938102779,"kN/m","DE"
"interface-alpha-1","Estado biaxial uniforme","Acciones prescritas","Interfaz: αδ = 1.00",1,"N",84,0.732021589185971,41.9417475728155,-95.1221523144767,"kN/m","DE"
"interface-alpha-1","Estado biaxial uniforme","Acciones prescritas","Interfaz: αδ = 1.00",1,"N",85,0.740736131914376,42.4410540915395,-95.692374862359,"kN/m","DE"
"interface-alpha-1","Estado biaxial uniforme","Acciones prescritas","Interfaz: αδ = 1.00",1,"N",86,0.74945067464278,42.9403606102635,-96.2634882400843,"kN/m","DE"
"interface-alpha-1","Estado biaxial uniforme","Acciones prescritas","Interfaz: αδ = 1.00",1,"N",87,0.758165217371184,43.4396671289875,-96.8353189632089,"kN/m","DE"
"interface-alpha-1","Estado biaxial uniforme","Acciones prescritas","Interfaz: αδ = 1.00",1,"N",88,0.766879760099589,43.9389736477115,-97.4076933293843,"kN/m","DE"
"interface-alpha-1","Estado biaxial uniforme","Acciones prescritas","Interfaz: αδ = 1.00",1,"N",89,0.775594302827993,44.4382801664355,-97.9804374711225,"kN/m","DE"
"interface-alpha-1","Estado biaxial uniforme","Acciones prescritas","Interfaz: αδ = 1.00",1,"N",90,0.784308845556398,44.9375866851595,-98.55337740861,"kN/m","DE"
"interface-alpha-1","Estado biaxial uniforme","Acciones prescritas","Interfaz: αδ = 1.00",1,"N",91,0.785398163397448,45,-98.6250000000001,"kN/m","DE"
"interface-alpha-1","Estado biaxial uniforme","Acciones prescritas","Interfaz: αδ = 1.00",1,"N",92,0.793023388284802,45.4368932038835,-99.1263391025575,"kN/m","DE"
"interface-alpha-1","Estado biaxial uniforme","Acciones prescritas","Interfaz: αδ = 1.00",1,"N",93,0.801737931013207,45.9361997226075,-99.6991485070671,"kN/m","DE"
"interface-alpha-1","Estado biaxial uniforme","Acciones prescritas","Interfaz: αδ = 1.00",1,"N",94,0.810452473741611,46.4355062413315,-100.271631622501,"kN/m","DE"
"interface-alpha-1","Estado biaxial uniforme","Acciones prescritas","Interfaz: αδ = 1.00",1,"N",95,0.819167016470015,46.9348127600555,-100.843614548336,"kN/m","DE"
"interface-alpha-1","Estado biaxial uniforme","Acciones prescritas","Interfaz: αδ = 1.00",1,"N",96,0.82788155919842,47.4341192787795,-101.414923535991,"kN/m","DE"
"interface-alpha-1","Estado biaxial uniforme","Acciones prescritas","Interfaz: αδ = 1.00",1,"N",97,0.836596101926824,47.9334257975035,-101.985385041602,"kN/m","DE"
"interface-alpha-1","Estado biaxial uniforme","Acciones prescritas","Interfaz: αδ = 1.00",1,"N",98,0.845310644655229,48.4327323162275,-102.554825778742,"kN/m","DE"
"interface-alpha-1","Estado biaxial uniforme","Acciones prescritas","Interfaz: αδ = 1.00",1,"N",99,0.854025187383633,48.9320388349515,-103.123072771056,"kN/m","DE"
"interface-alpha-1","Estado biaxial uniforme","Acciones prescritas","Interfaz: αδ = 1.00",1,"N",100,0.862739730112038,49.4313453536755,-103.689953404811,"kN/m","DE"
"interface-alpha-1","Estado biaxial uniforme","Acciones prescritas","Interfaz: αδ = 1.00",1,"N",101,0.871454272840442,49.9306518723995,-104.255295481322,"kN/m","DE"
"interface-alpha-1","Estado biaxial uniforme","Acciones prescritas","Interfaz: αδ = 1.00",1,"N",102,0.880168815568846,50.4299583911234,-104.818927269268,"kN/m","DE"
"interface-alpha-1","Estado biaxial uniforme","Acciones prescritas","Interfaz: αδ = 1.00",1,"N",103,0.888883358297251,50.9292649098474,-105.380677556853,"kN/m","DE"
"interface-alpha-1","Estado biaxial uniforme","Acciones prescritas","Interfaz: αδ = 1.00",1,"N",104,0.897597901025655,51.4285714285714,-105.940375703814,"kN/m","DE"
"interface-alpha-1","Estado biaxial uniforme","Acciones prescritas","Interfaz: αδ = 1.00",1,"N",105,0.90631244375406,51.9278779472954,-106.49785169326,"kN/m","DE"
"interface-alpha-1","Estado biaxial uniforme","Acciones prescritas","Interfaz: αδ = 1.00",1,"N",106,0.915026986482464,52.4271844660194,-107.052936183312,"kN/m","DE"
"interface-alpha-1","Estado biaxial uniforme","Acciones prescritas","Interfaz: αδ = 1.00",1,"N",107,0.923741529210868,52.9264909847434,-107.605460558548,"kN/m","DE"
"interface-alpha-1","Estado biaxial uniforme","Acciones prescritas","Interfaz: αδ = 1.00",1,"N",108,0.932456071939273,53.4257975034674,-108.155256981217,"kN/m","DE"
"interface-alpha-1","Estado biaxial uniforme","Acciones prescritas","Interfaz: αδ = 1.00",1,"N",109,0.941170614667677,53.9251040221914,-108.702158442229,"kN/m","DE"
"interface-alpha-1","Estado biaxial uniforme","Acciones prescritas","Interfaz: αδ = 1.00",1,"N",110,0.949885157396082,54.4244105409154,-109.24599881188,"kN/m","DE"
"interface-alpha-1","Estado biaxial uniforme","Acciones prescritas","Interfaz: αδ = 1.00",1,"N",111,0.958599700124486,54.9237170596394,-109.786612890321,"kN/m","DE"
"interface-alpha-1","Estado biaxial uniforme","Acciones prescritas","Interfaz: αδ = 1.00",1,"N",112,0.967314242852891,55.4230235783634,-110.323836457738,"kN/m","DE"
"interface-alpha-1","Estado biaxial uniforme","Acciones prescritas","Interfaz: αδ = 1.00",1,"N",113,0.976028785581295,55.9223300970874,-110.857506324236,"kN/m","DE"
"interface-alpha-1","Estado biaxial uniforme","Acciones prescritas","Interfaz: αδ = 1.00",1,"N",114,0.984743328309699,56.4216366158114,-111.387460379413,"kN/m","DE"
"interface-alpha-1","Estado biaxial uniforme","Acciones prescritas","Interfaz: αδ = 1.00",1,"N",115,0.993457871038104,56.9209431345354,-111.9135376416,"kN/m","DE"
"interface-alpha-1","Estado biaxial uniforme","Acciones prescritas","Interfaz: αδ = 1.00",1,"N",116,1.00217241376651,57.4202496532594,-112.435578306764,"kN/m","DE"
"interface-alpha-1","Estado biaxial uniforme","Acciones prescritas","Interfaz: αδ = 1.00",1,"N",117,1.01088695649491,57.9195561719834,-112.953423797049,"kN/m","DE"
"interface-alpha-1","Estado biaxial uniforme","Acciones prescritas","Interfaz: αδ = 1.00",1,"N",118,1.01960149922332,58.4188626907073,-113.46691680895,"kN/m","DE"
"interface-alpha-1","Estado biaxial uniforme","Acciones prescritas","Interfaz: αδ = 1.00",1,"N",119,1.02831604195172,58.9181692094313,-113.975901361092,"kN/m","DE"
"interface-alpha-1","Estado biaxial uniforme","Acciones prescritas","Interfaz: αδ = 1.00",1,"N",120,1.03703058468013,59.4174757281553,-114.480222841615,"kN/m","DE"
"interface-alpha-1","Estado biaxial uniforme","Acciones prescritas","Interfaz: αδ = 1.00",1,"N",121,1.04574512740853,59.9167822468793,-114.979728055137,"kN/m","DE"
"interface-alpha-1","Estado biaxial uniforme","Acciones prescritas","Interfaz: αδ = 1.00",1,"N",122,1.05445967013693,60.4160887656033,-115.474265269293,"kN/m","DE"
"interface-alpha-1","Estado biaxial uniforme","Acciones prescritas","Interfaz: αδ = 1.00",1,"N",123,1.06317421286534,60.9153952843273,-115.963684260823,"kN/m","DE"
"interface-alpha-1","Estado biaxial uniforme","Acciones prescritas","Interfaz: αδ = 1.00",1,"N",124,1.07188875559374,61.4147018030513,-116.447836361204,"kN/m","DE"
"interface-alpha-1","Estado biaxial uniforme","Acciones prescritas","Interfaz: αδ = 1.00",1,"N",125,1.08060329832215,61.9140083217753,-116.926574501815,"kN/m","DE"
"interface-alpha-1","Estado biaxial uniforme","Acciones prescritas","Interfaz: αδ = 1.00",1,"N",126,1.08931784105055,62.4133148404993,-117.399753258606,"kN/m","DE"
"interface-alpha-1","Estado biaxial uniforme","Acciones prescritas","Interfaz: αδ = 1.00",1,"N",127,1.09803238377896,62.9126213592233,-117.867228896276,"kN/m","DE"
"interface-alpha-1","Estado biaxial uniforme","Acciones prescritas","Interfaz: αδ = 1.00",1,"N",128,1.10674692650736,63.4119278779473,-118.328859411933,"kN/m","DE"
"interface-alpha-1","Estado biaxial uniforme","Acciones prescritas","Interfaz: αδ = 1.00",1,"N",129,1.11546146923577,63.9112343966713,-118.784504578232,"kN/m","DE"
"interface-alpha-1","Estado biaxial uniforme","Acciones prescritas","Interfaz: αδ = 1.00",1,"N",130,1.12417601196417,64.4105409153953,-119.234025985968,"kN/m","DE"
"interface-alpha-1","Estado biaxial uniforme","Acciones prescritas","Interfaz: αδ = 1.00",1,"N",131,1.13289055469257,64.9098474341193,-119.677287086122,"kN/m","DE"
"interface-alpha-1","Estado biaxial uniforme","Acciones prescritas","Interfaz: αδ = 1.00",1,"N",132,1.14160509742098,65.4091539528433,-120.11415323134,"kN/m","DE"
"interface-alpha-1","Estado biaxial uniforme","Acciones prescritas","Interfaz: αδ = 1.00",1,"N",133,1.15031964014938,65.9084604715673,-120.544491716833,"kN/m","DE"
"interface-alpha-1","Estado biaxial uniforme","Acciones prescritas","Interfaz: αδ = 1.00",1,"N",134,1.15903418287779,66.4077669902913,-120.968171820689,"kN/m","DE"
"interface-alpha-1","Estado biaxial uniforme","Acciones prescritas","Interfaz: αδ = 1.00",1,"N",135,1.16774872560619,66.9070735090153,-121.385064843582,"kN/m","DE"
"interface-alpha-1","Estado biaxial uniforme","Acciones prescritas","Interfaz: αδ = 1.00",1,"N",136,1.1764632683346,67.4063800277392,-121.795044147864,"kN/m","DE"
"interface-alpha-1","Estado biaxial uniforme","Acciones prescritas","Interfaz: αδ = 1.00",1,"N",137,1.185177811063,67.9056865464632,-122.197985196037,"kN/m","DE"
"interface-alpha-1","Estado biaxial uniforme","Acciones prescritas","Interfaz: αδ = 1.00",1,"N",138,1.19389235379141,68.4049930651872,-122.593765588581,"kN/m","DE"
"interface-alpha-1","Estado biaxial uniforme","Acciones prescritas","Interfaz: αδ = 1.00",1,"N",139,1.20260689651981,68.9042995839112,-122.982265101133,"kN/m","DE"
"interface-alpha-1","Estado biaxial uniforme","Acciones prescritas","Interfaz: αδ = 1.00",1,"N",140,1.21132143924821,69.4036061026352,-123.363365721012,"kN/m","DE"
"interface-alpha-1","Estado biaxial uniforme","Acciones prescritas","Interfaz: αδ = 1.00",1,"N",141,1.22003598197662,69.9029126213592,-123.736951683061,"kN/m","DE"
"interface-alpha-1","Estado biaxial uniforme","Acciones prescritas","Interfaz: αδ = 1.00",1,"N",142,1.22875052470502,70.4022191400832,-124.102909504818,"kN/m","DE"
"interface-alpha-1","Estado biaxial uniforme","Acciones prescritas","Interfaz: αδ = 1.00",1,"N",143,1.23746506743343,70.9015256588072,-124.461128020983,"kN/m","DE"
"interface-alpha-1","Estado biaxial uniforme","Acciones prescritas","Interfaz: αδ = 1.00",1,"N",144,1.24617961016183,71.4008321775312,-124.811498417192,"kN/m","DE"
"interface-alpha-1","Estado biaxial uniforme","Acciones prescritas","Interfaz: αδ = 1.00",1,"N",145,1.25489415289024,71.9001386962552,-125.153914263065,"kN/m","DE"
"interface-alpha-1","Estado biaxial uniforme","Acciones prescritas","Interfaz: αδ = 1.00",1,"N",146,1.26360869561864,72.3994452149792,-125.48827154454,"kN/m","DE"
"interface-alpha-1","Estado biaxial uniforme","Acciones prescritas","Interfaz: αδ = 1.00",1,"N",147,1.27232323834705,72.8987517337032,-125.814468695466,"kN/m","DE"
"interface-alpha-1","Estado biaxial uniforme","Acciones prescritas","Interfaz: αδ = 1.00",1,"N",148,1.28103778107545,73.3980582524272,-126.132406628459,"kN/m","DE"
"interface-alpha-1","Estado biaxial uniforme","Acciones prescritas","Interfaz: αδ = 1.00",1,"N",149,1.28975232380385,73.8973647711512,-126.441988764997,"kN/m","DE"
"interface-alpha-1","Estado biaxial uniforme","Acciones prescritas","Interfaz: αδ = 1.00",1,"N",150,1.29846686653226,74.3966712898752,-126.74312106476,"kN/m","DE"
"interface-alpha-1","Estado biaxial uniforme","Acciones prescritas","Interfaz: αδ = 1.00",1,"N",151,1.30718140926066,74.8959778085992,-127.035712054196,"kN/m","DE"
"interface-alpha-1","Estado biaxial uniforme","Acciones prescritas","Interfaz: αδ = 1.00",1,"N",152,1.31589595198907,75.3952843273232,-127.319672854307,"kN/m","DE"
"interface-alpha-1","Estado biaxial uniforme","Acciones prescritas","Interfaz: αδ = 1.00",1,"N",153,1.32461049471747,75.8945908460472,-127.594917207646,"kN/m","DE"
"interface-alpha-1","Estado biaxial uniforme","Acciones prescritas","Interfaz: αδ = 1.00",1,"N",154,1.33332503744588,76.3938973647712,-127.861361504522,"kN/m","DE"
"interface-alpha-1","Estado biaxial uniforme","Acciones prescritas","Interfaz: αδ = 1.00",1,"N",155,1.34203958017428,76.8932038834951,-128.118924808394,"kN/m","DE"
"interface-alpha-1","Estado biaxial uniforme","Acciones prescritas","Interfaz: αδ = 1.00",1,"N",156,1.35075412290268,77.3925104022191,-128.36752888046,"kN/m","DE"
"interface-alpha-1","Estado biaxial uniforme","Acciones prescritas","Interfaz: αδ = 1.00",1,"N",157,1.35946866563109,77.8918169209431,-128.607098203424,"kN/m","DE"
"interface-alpha-1","Estado biaxial uniforme","Acciones prescritas","Interfaz: αδ = 1.00",1,"N",158,1.36818320835949,78.3911234396671,-128.837560004429,"kN/m","DE"
"interface-alpha-1","Estado biaxial uniforme","Acciones prescritas","Interfaz: αδ = 1.00",1,"N",159,1.3768977510879,78.8904299583911,-129.058844277171,"kN/m","DE"
"interface-alpha-1","Estado biaxial uniforme","Acciones prescritas","Interfaz: αδ = 1.00",1,"N",160,1.3856122938163,79.3897364771151,-129.27088380316,"kN/m","DE"
"interface-alpha-1","Estado biaxial uniforme","Acciones prescritas","Interfaz: αδ = 1.00",1,"N",161,1.39432683654471,79.8890429958391,-129.47361417214,"kN/m","DE"
"interface-alpha-1","Estado biaxial uniforme","Acciones prescritas","Interfaz: αδ = 1.00",1,"N",162,1.40304137927311,80.3883495145631,-129.666973801652,"kN/m","DE"
"interface-alpha-1","Estado biaxial uniforme","Acciones prescritas","Interfaz: αδ = 1.00",1,"N",163,1.41175592200152,80.8876560332871,-129.850903955746,"kN/m","DE"
"interface-alpha-1","Estado biaxial uniforme","Acciones prescritas","Interfaz: αδ = 1.00",1,"N",164,1.42047046472992,81.3869625520111,-130.025348762817,"kN/m","DE"
"interface-alpha-1","Estado biaxial uniforme","Acciones prescritas","Interfaz: αδ = 1.00",1,"N",165,1.42918500745832,81.8862690707351,-130.19025523258,"kN/m","DE"
"interface-alpha-1","Estado biaxial uniforme","Acciones prescritas","Interfaz: αδ = 1.00",1,"N",166,1.43789955018673,82.3855755894591,-130.345573272168,"kN/m","DE"
"interface-alpha-1","Estado biaxial uniforme","Acciones prescritas","Interfaz: αδ = 1.00",1,"N",167,1.44661409291513,82.8848821081831,-130.491255701345,"kN/m","DE"
"interface-alpha-1","Estado biaxial uniforme","Acciones prescritas","Interfaz: αδ = 1.00",1,"N",168,1.45532863564354,83.3841886269071,-130.62725826684,"kN/m","DE"
"interface-alpha-1","Estado biaxial uniforme","Acciones prescritas","Interfaz: αδ = 1.00",1,"N",169,1.46404317837194,83.8834951456311,-130.753539655788,"kN/m","DE"
"interface-alpha-1","Estado biaxial uniforme","Acciones prescritas","Interfaz: αδ = 1.00",1,"N",170,1.47275772110035,84.3828016643551,-130.870061508282,"kN/m","DE"
"interface-alpha-1","Estado biaxial uniforme","Acciones prescritas","Interfaz: αδ = 1.00",1,"N",171,1.48147226382875,84.882108183079,-130.976788429023,"kN/m","DE"
"interface-alpha-1","Estado biaxial uniforme","Acciones prescritas","Interfaz: αδ = 1.00",1,"N",172,1.49018680655716,85.381414701803,-131.073687998073,"kN/m","DE"
"interface-alpha-1","Estado biaxial uniforme","Acciones prescritas","Interfaz: αδ = 1.00",1,"N",173,1.49890134928556,85.880721220527,-131.160730780701,"kN/m","DE"
"interface-alpha-1","Estado biaxial uniforme","Acciones prescritas","Interfaz: αδ = 1.00",1,"N",174,1.50761589201396,86.380027739251,-131.237890336329,"kN/m","DE"
"interface-alpha-1","Estado biaxial uniforme","Acciones prescritas","Interfaz: αδ = 1.00",1,"N",175,1.51633043474237,86.879334257975,-131.305143226558,"kN/m","DE"
"interface-alpha-1","Estado biaxial uniforme","Acciones prescritas","Interfaz: αδ = 1.00",1,"N",176,1.52504497747077,87.378640776699,-131.362469022292,"kN/m","DE"
"interface-alpha-1","Estado biaxial uniforme","Acciones prescritas","Interfaz: αδ = 1.00",1,"N",177,1.53375952019918,87.877947295423,-131.409850309942,"kN/m","DE"
"interface-alpha-1","Estado biaxial uniforme","Acciones prescritas","Interfaz: αδ = 1.00",1,"N",178,1.54247406292758,88.377253814147,-131.447272696715,"kN/m","DE"
"interface-alpha-1","Estado biaxial uniforme","Acciones prescritas","Interfaz: αδ = 1.00",1,"N",179,1.55118860565599,88.876560332871,-131.474724814988,"kN/m","DE"
"interface-alpha-1","Estado biaxial uniforme","Acciones prescritas","Interfaz: αδ = 1.00",1,"N",180,1.55990314838439,89.375866851595,-131.492198325759,"kN/m","DE"
"interface-alpha-1","Estado biaxial uniforme","Acciones prescritas","Interfaz: αδ = 1.00",1,"N",181,1.5686176911128,89.875173370319,-131.49968792118,"kN/m","DE"
"interface-alpha-1","Estado biaxial uniforme","Acciones prescritas","Interfaz: αδ = 1.00",1,"N",182,1.5707963267949,90,-131.5,"kN/m","DE"
"interface-alpha-1","Estado biaxial uniforme","Acciones prescritas","Interfaz: αδ = 1.00",1,"N",183,1.5773322338412,90.374479889043,-131.497191326174,"kN/m","DE"
"interface-alpha-1","Estado biaxial uniforme","Acciones prescritas","Interfaz: αδ = 1.00",1,"N",184,1.5860467765696,90.873786407767,-131.484709299118,"kN/m","DE"
"interface-alpha-1","Estado biaxial uniforme","Acciones prescritas","Interfaz: αδ = 1.00",1,"N",185,1.59476131929801,91.373092926491,-131.462245631619,"kN/m","DE"
"interface-alpha-1","Estado biaxial uniforme","Acciones prescritas","Interfaz: αδ = 1.00",1,"N",186,1.60347586202641,91.872399445215,-131.429807147362,"kN/m","DE"
"interface-alpha-1","Estado biaxial uniforme","Acciones prescritas","Interfaz: αδ = 1.00",1,"N",187,1.61219040475482,92.371705963939,-131.387403700033,"kN/m","DE"
"interface-alpha-1","Estado biaxial uniforme","Acciones prescritas","Interfaz: αδ = 1.00",1,"N",188,1.62090494748322,92.871012482663,-131.335048170329,"kN/m","DE"
"interface-alpha-1","Estado biaxial uniforme","Acciones prescritas","Interfaz: αδ = 1.00",1,"N",189,1.62961949021163,93.370319001387,-131.272756462044,"kN/m","DE"
"interface-alpha-1","Estado biaxial uniforme","Acciones prescritas","Interfaz: αδ = 1.00",1,"N",190,1.63833403294003,93.869625520111,-131.200547497241,"kN/m","DE"
"interface-alpha-1","Estado biaxial uniforme","Acciones prescritas","Interfaz: αδ = 1.00",1,"N",191,1.64704857566844,94.3689320388349,-131.1184432105,"kN/m","DE"
"interface-alpha-1","Estado biaxial uniforme","Acciones prescritas","Interfaz: αδ = 1.00",1,"N",192,1.65576311839684,94.868238557559,-131.026468542255,"kN/m","DE"
"interface-alpha-1","Estado biaxial uniforme","Acciones prescritas","Interfaz: αδ = 1.00",1,"N",193,1.66447766112524,95.367545076283,-130.924651431223,"kN/m","DE"
"interface-alpha-1","Estado biaxial uniforme","Acciones prescritas","Interfaz: αδ = 1.00",1,"N",194,1.67319220385365,95.8668515950069,-130.813022805912,"kN/m","DE"
"interface-alpha-1","Estado biaxial uniforme","Acciones prescritas","Interfaz: αδ = 1.00",1,"N",195,1.68190674658205,96.3661581137309,-130.691616575227,"kN/m","DE"
"interface-alpha-1","Estado biaxial uniforme","Acciones prescritas","Interfaz: αδ = 1.00",1,"N",196,1.69062128931046,96.8654646324549,-130.560469618174,"kN/m","DE"
"interface-alpha-1","Estado biaxial uniforme","Acciones prescritas","Interfaz: αδ = 1.00",1,"N",197,1.69933583203886,97.3647711511789,-130.41962177265,"kN/m","DE"
"interface-alpha-1","Estado biaxial uniforme","Acciones prescritas","Interfaz: αδ = 1.00",1,"N",198,1.70805037476727,97.8640776699029,-130.269115823348,"kN/m","DE"
"interface-alpha-1","Estado biaxial uniforme","Acciones prescritas","Interfaz: αδ = 1.00",1,"N",199,1.71676491749567,98.3633841886269,-130.108997488757,"kN/m","DE"
"interface-alpha-1","Estado biaxial uniforme","Acciones prescritas","Interfaz: αδ = 1.00",1,"N",200,1.72547946022408,98.8626907073509,-129.939315407276,"kN/m","DE"
"interface-alpha-1","Estado biaxial uniforme","Acciones prescritas","Interfaz: αδ = 1.00",1,"N",201,1.73419400295248,99.3619972260749,-129.760121122438,"kN/m","DE"
"interface-alpha-1","Estado biaxial uniforme","Acciones prescritas","Interfaz: αδ = 1.00",1,"N",202,1.74290854568088,99.8613037447989,-129.571469067255,"kN/m","DE"
"interface-alpha-1","Estado biaxial uniforme","Acciones prescritas","Interfaz: αδ = 1.00",1,"N",203,1.75162308840929,100.360610263523,-129.37341654768,"kN/m","DE"
"interface-alpha-1","Estado biaxial uniforme","Acciones prescritas","Interfaz: αδ = 1.00",1,"N",204,1.76033763113769,100.859916782247,-129.166023725203,"kN/m","DE"
"interface-alpha-1","Estado biaxial uniforme","Acciones prescritas","Interfaz: αδ = 1.00",1,"N",205,1.7690521738661,101.359223300971,-128.949353598571,"kN/m","DE"
"interface-alpha-1","Estado biaxial uniforme","Acciones prescritas","Interfaz: αδ = 1.00",1,"N",206,1.7777667165945,101.858529819695,-128.723471984659,"kN/m","DE"
"interface-alpha-1","Estado biaxial uniforme","Acciones prescritas","Interfaz: αδ = 1.00",1,"N",207,1.78648125932291,102.357836338419,-128.488447498469,"kN/m","DE"
"interface-alpha-1","Estado biaxial uniforme","Acciones prescritas","Interfaz: αδ = 1.00",1,"N",208,1.79519580205131,102.857142857143,-128.244351532292,"kN/m","DE"
"interface-alpha-1","Estado biaxial uniforme","Acciones prescritas","Interfaz: αδ = 1.00",1,"N",209,1.80391034477971,103.356449375867,-127.991258234019,"kN/m","DE"
"interface-alpha-1","Estado biaxial uniforme","Acciones prescritas","Interfaz: αδ = 1.00",1,"N",210,1.81262488750812,103.855755894591,-127.72924448462,"kN/m","DE"
"interface-alpha-1","Estado biaxial uniforme","Acciones prescritas","Interfaz: αδ = 1.00",1,"N",211,1.82133943023652,104.355062413315,-127.458389874787,"kN/m","DE"
"interface-alpha-1","Estado biaxial uniforme","Acciones prescritas","Interfaz: αδ = 1.00",1,"N",212,1.83005397296493,104.854368932039,-127.178776680762,"kN/m","DE"
"interface-alpha-1","Estado biaxial uniforme","Acciones prescritas","Interfaz: αδ = 1.00",1,"N",213,1.83876851569333,105.353675450763,-126.890489839337,"kN/m","DE"
"interface-alpha-1","Estado biaxial uniforme","Acciones prescritas","Interfaz: αδ = 1.00",1,"N",214,1.84748305842174,105.852981969487,-126.59361692206,"kN/m","DE"
"interface-alpha-1","Estado biaxial uniforme","Acciones prescritas","Interfaz: αδ = 1.00",1,"N",215,1.85619760115014,106.352288488211,-126.288248108632,"kN/m","DE"
"interface-alpha-1","Estado biaxial uniforme","Acciones prescritas","Interfaz: αδ = 1.00",1,"N",216,1.86491214387855,106.851595006935,-125.974476159511,"kN/m","DE"
"interface-alpha-1","Estado biaxial uniforme","Acciones prescritas","Interfaz: αδ = 1.00",1,"N",217,1.87362668660695,107.350901525659,-125.652396387736,"kN/m","DE"
"interface-alpha-1","Estado biaxial uniforme","Acciones prescritas","Interfaz: αδ = 1.00",1,"N",218,1.88234122933535,107.850208044383,-125.322106629975,"kN/m","DE"
"interface-alpha-1","Estado biaxial uniforme","Acciones prescritas","Interfaz: αδ = 1.00",1,"N",219,1.89105577206376,108.349514563107,-124.983707216806,"kN/m","DE"
"interface-alpha-1","Estado biaxial uniforme","Acciones prescritas","Interfaz: αδ = 1.00",1,"N",220,1.89977031479216,108.848821081831,-124.637300942238,"kN/m","DE"
"interface-alpha-1","Estado biaxial uniforme","Acciones prescritas","Interfaz: αδ = 1.00",1,"N",221,1.90848485752057,109.348127600555,-124.282993032488,"kN/m","DE"
"interface-alpha-1","Estado biaxial uniforme","Acciones prescritas","Interfaz: αδ = 1.00",1,"N",222,1.91719940024897,109.847434119279,-123.920891114015,"kN/m","DE"
"interface-alpha-1","Estado biaxial uniforme","Acciones prescritas","Interfaz: αδ = 1.00",1,"N",223,1.92591394297738,110.346740638003,-123.551105180827,"kN/m","DE"
"interface-alpha-1","Estado biaxial uniforme","Acciones prescritas","Interfaz: αδ = 1.00",1,"N",224,1.93462848570578,110.846047156727,-123.173747561071,"kN/m","DE"
"interface-alpha-1","Estado biaxial uniforme","Acciones prescritas","Interfaz: αδ = 1.00",1,"N",225,1.94334302843419,111.345353675451,-122.788932882908,"kN/m","DE"
"interface-alpha-1","Estado biaxial uniforme","Acciones prescritas","Interfaz: αδ = 1.00",1,"N",226,1.95205757116259,111.844660194175,-122.396778039697,"kN/m","DE"
"interface-alpha-1","Estado biaxial uniforme","Acciones prescritas","Interfaz: αδ = 1.00",1,"N",227,1.96077211389099,112.343966712899,-121.997402154482,"kN/m","DE"
"interface-alpha-1","Estado biaxial uniforme","Acciones prescritas","Interfaz: αδ = 1.00",1,"N",228,1.9694866566194,112.843273231623,-121.590926543812,"kN/m","DE"
"interface-alpha-1","Estado biaxial uniforme","Acciones prescritas","Interfaz: αδ = 1.00",1,"N",229,1.9782011993478,113.342579750347,-121.177474680884,"kN/m","DE"
"interface-alpha-1","Estado biaxial uniforme","Acciones prescritas","Interfaz: αδ = 1.00",1,"N",230,1.98691574207621,113.841886269071,-120.757172158039,"kN/m","DE"
"interface-alpha-1","Estado biaxial uniforme","Acciones prescritas","Interfaz: αδ = 1.00",1,"N",231,1.99563028480461,114.341192787795,-120.330146648614,"kN/m","DE"
"interface-alpha-1","Estado biaxial uniforme","Acciones prescritas","Interfaz: αδ = 1.00",1,"N",232,2.00434482753302,114.840499306519,-119.896527868152,"kN/m","DE"
"interface-alpha-1","Estado biaxial uniforme","Acciones prescritas","Interfaz: αδ = 1.00",1,"N",233,2.01305937026142,115.339805825243,-119.456447535005,"kN/m","DE"
"interface-alpha-1","Estado biaxial uniforme","Acciones prescritas","Interfaz: αδ = 1.00",1,"N",234,2.02177391298983,115.839112343967,-119.010039330321,"kN/m","DE"
"interface-alpha-1","Estado biaxial uniforme","Acciones prescritas","Interfaz: αδ = 1.00",1,"N",235,2.03048845571823,116.338418862691,-118.557438857436,"kN/m","DE"
"interface-alpha-1","Estado biaxial uniforme","Acciones prescritas","Interfaz: αδ = 1.00",1,"N",236,2.03920299844663,116.837725381415,-118.098783600682,"kN/m","DE"
"interface-alpha-1","Estado biaxial uniforme","Acciones prescritas","Interfaz: αδ = 1.00",1,"N",237,2.04791754117504,117.337031900139,-117.634212883624,"kN/m","DE"
"interface-alpha-1","Estado biaxial uniforme","Acciones prescritas","Interfaz: αδ = 1.00",1,"N",238,2.05663208390344,117.836338418863,-117.163867826739,"kN/m","DE"
"interface-alpha-1","Estado biaxial uniforme","Acciones prescritas","Interfaz: αδ = 1.00",1,"N",239,2.06534662663185,118.335644937587,-116.687891304549,"kN/m","DE"
"interface-alpha-1","Estado biaxial uniforme","Acciones prescritas","Interfaz: αδ = 1.00",1,"N",240,2.07406116936025,118.834951456311,-116.20642790222,"kN/m","DE"
"interface-alpha-1","Estado biaxial uniforme","Acciones prescritas","Interfaz: αδ = 1.00",1,"N",241,2.08277571208866,119.334257975035,-115.71962387164,"kN/m","DE"
"interface-alpha-1","Estado biaxial uniforme","Acciones prescritas","Interfaz: αδ = 1.00",1,"N",242,2.09149025481706,119.833564493759,-115.227627086997,"kN/m","DE"
"interface-alpha-1","Estado biaxial uniforme","Acciones prescritas","Interfaz: αδ = 1.00",1,"N",243,2.10020479754546,120.332871012483,-114.730586999856,"kN/m","DE"
"interface-alpha-1","Estado biaxial uniforme","Acciones prescritas","Interfaz: αδ = 1.00",1,"N",244,2.10891934027387,120.832177531207,-114.228654593763,"kN/m","DE"
"interface-alpha-1","Estado biaxial uniforme","Acciones prescritas","Interfaz: αδ = 1.00",1,"N",245,2.11763388300227,121.331484049931,-113.721982338383,"kN/m","DE"
"interface-alpha-1","Estado biaxial uniforme","Acciones prescritas","Interfaz: αδ = 1.00",1,"N",246,2.12634842573068,121.830790568655,-113.210724143178,"kN/m","DE"
"interface-alpha-1","Estado biaxial uniforme","Acciones prescritas","Interfaz: αδ = 1.00",1,"N",247,2.13506296845908,122.330097087379,-112.695035310665,"kN/m","DE"
"interface-alpha-1","Estado biaxial uniforme","Acciones prescritas","Interfaz: αδ = 1.00",1,"N",248,2.14377751118749,122.829403606103,-112.175072489231,"kN/m","DE"
"interface-alpha-1","Estado biaxial uniforme","Acciones prescritas","Interfaz: αδ = 1.00",1,"N",249,2.15249205391589,123.328710124827,-111.650993625554,"kN/m","DE"
"interface-alpha-1","Estado biaxial uniforme","Acciones prescritas","Interfaz: αδ = 1.00",1,"N",250,2.1612065966443,123.828016643551,-111.122957916624,"kN/m","DE"
"interface-alpha-1","Estado biaxial uniforme","Acciones prescritas","Interfaz: αδ = 1.00",1,"N",251,2.1699211393727,124.327323162275,-110.591125761382,"kN/m","DE"
"interface-alpha-1","Estado biaxial uniforme","Acciones prescritas","Interfaz: αδ = 1.00",1,"N",252,2.1786356821011,124.826629680999,-110.055658711997,"kN/m","DE"
"interface-alpha-1","Estado biaxial uniforme","Acciones prescritas","Interfaz: αδ = 1.00",1,"N",253,2.18735022482951,125.325936199723,-109.516719424796,"kN/m","DE"
"interface-alpha-1","Estado biaxial uniforme","Acciones prescritas","Interfaz: αδ = 1.00",1,"N",254,2.19606476755791,125.825242718447,-108.974471610848,"kN/m","DE"
"interface-alpha-1","Estado biaxial uniforme","Acciones prescritas","Interfaz: αδ = 1.00",1,"N",255,2.20477931028632,126.324549237171,-108.42907998624,"kN/m","DE"
"interface-alpha-1","Estado biaxial uniforme","Acciones prescritas","Interfaz: αδ = 1.00",1,"N",256,2.21349385301472,126.823855755895,-107.880710222039,"kN/m","DE"
"interface-alpha-1","Estado biaxial uniforme","Acciones prescritas","Interfaz: αδ = 1.00",1,"N",257,2.22220839574313,127.323162274619,-107.329528893967,"kN/m","DE"
"interface-alpha-1","Estado biaxial uniforme","Acciones prescritas","Interfaz: αδ = 1.00",1,"N",258,2.23092293847153,127.822468793343,-106.775703431802,"kN/m","DE"
"interface-alpha-1","Estado biaxial uniforme","Acciones prescritas","Interfaz: αδ = 1.00",1,"N",259,2.23963748119994,128.321775312067,-106.219402068518,"kN/m","DE"
"interface-alpha-1","Estado biaxial uniforme","Acciones prescritas","Interfaz: αδ = 1.00",1,"N",260,2.24835202392834,128.821081830791,-105.660793789183,"kN/m","DE"
"interface-alpha-1","Estado biaxial uniforme","Acciones prescritas","Interfaz: αδ = 1.00",1,"N",261,2.25706656665674,129.320388349515,-105.100048279626,"kN/m","DE"
"interface-alpha-1","Estado biaxial uniforme","Acciones prescritas","Interfaz: αδ = 1.00",1,"N",262,2.26578110938515,129.819694868239,-104.53733587489,"kN/m","DE"
"interface-alpha-1","Estado biaxial uniforme","Acciones prescritas","Interfaz: αδ = 1.00",1,"N",263,2.27449565211355,130.319001386963,-103.972827507495,"kN/m","DE"
"interface-alpha-1","Estado biaxial uniforme","Acciones prescritas","Interfaz: αδ = 1.00",1,"N",264,2.28321019484196,130.818307905687,-103.406694655512,"kN/m","DE"
"interface-alpha-1","Estado biaxial uniforme","Acciones prescritas","Interfaz: αδ = 1.00",1,"N",265,2.29192473757036,131.317614424411,-102.839109290474,"kN/m","DE"
"interface-alpha-1","Estado biaxial uniforme","Acciones prescritas","Interfaz: αδ = 1.00",1,"N",266,2.30063928029877,131.816920943135,-102.270243825137,"kN/m","DE"
"interface-alpha-1","Estado biaxial uniforme","Acciones prescritas","Interfaz: αδ = 1.00",1,"N",267,2.30935382302717,132.316227461859,-101.700271061105,"kN/m","DE"
"interface-alpha-1","Estado biaxial uniforme","Acciones prescritas","Interfaz: αδ = 1.00",1,"N",268,2.31806836575558,132.815533980583,-101.129364136344,"kN/m","DE"
"interface-alpha-1","Estado biaxial uniforme","Acciones prescritas","Interfaz: αδ = 1.00",1,"N",269,2.32678290848398,133.314840499307,-100.557696472585,"kN/m","DE"
"interface-alpha-1","Estado biaxial uniforme","Acciones prescritas","Interfaz: αδ = 1.00",1,"N",270,2.33549745121238,133.814147018031,-99.9854417226436,"kN/m","DE"
"interface-alpha-1","Estado biaxial uniforme","Acciones prescritas","Interfaz: αδ = 1.00",1,"N",271,2.34421199394079,134.313453536755,-99.4127737176733,"kN/m","DE"
"interface-alpha-1","Estado biaxial uniforme","Acciones prescritas","Interfaz: αδ = 1.00",1,"N",272,2.35292653666919,134.812760055478,-98.8398664143597,"kN/m","DE"
"interface-alpha-1","Estado biaxial uniforme","Acciones prescritas","Interfaz: αδ = 1.00",1,"N",273,2.35619449019234,135,-98.6250000000003,"kN/m","DE"
"interface-alpha-1","Estado biaxial uniforme","Acciones prescritas","Interfaz: αδ = 1.00",1,"N",274,2.3616410793976,135.312066574203,-98.2668938420788,"kN/m","DE"
"interface-alpha-1","Estado biaxial uniforme","Acciones prescritas","Interfaz: αδ = 1.00",1,"N",275,2.370355622126,135.811373092926,-97.6940300500331,"kN/m","DE"
"interface-alpha-1","Estado biaxial uniforme","Acciones prescritas","Interfaz: αδ = 1.00",1,"N",276,2.37907016485441,136.31067961165,-97.1214490543816,"kN/m","DE"
"interface-alpha-1","Estado biaxial uniforme","Acciones prescritas","Interfaz: αδ = 1.00",1,"N",277,2.38778470758281,136.809986130374,-96.5493247853794,"kN/m","DE"
"interface-alpha-1","Estado biaxial uniforme","Acciones prescritas","Interfaz: αδ = 1.00",1,"N",278,2.39649925031122,137.309292649098,-95.977831034544,"kN/m","DE"
"interface-alpha-1","Estado biaxial uniforme","Acciones prescritas","Interfaz: αδ = 1.00",1,"N",279,2.40521379303962,137.808599167822,-95.4071414018633,"kN/m","DE"
"interface-alpha-1","Estado biaxial uniforme","Acciones prescritas","Interfaz: αδ = 1.00",1,"N",280,2.41392833576802,138.307905686546,-94.8374292430618,"kN/m","DE"
"interface-alpha-1","Estado biaxial uniforme","Acciones prescritas","Interfaz: αδ = 1.00",1,"N",281,2.42264287849643,138.80721220527,-94.2688676169416,"kN/m","DE"
"interface-alpha-1","Estado biaxial uniforme","Acciones prescritas","Interfaz: αδ = 1.00",1,"N",282,2.43135742122483,139.306518723994,-93.7016292328126,"kN/m","DE"
"interface-alpha-1","Estado biaxial uniforme","Acciones prescritas","Interfaz: αδ = 1.00",1,"N",283,2.44007196395324,139.805825242718,-93.13588639803,"kN/m","DE"
"interface-alpha-1","Estado biaxial uniforme","Acciones prescritas","Interfaz: αδ = 1.00",1,"N",284,2.44878650668164,140.305131761442,-92.5718109656527,"kN/m","DE"
"interface-alpha-1","Estado biaxial uniforme","Acciones prescritas","Interfaz: αδ = 1.00",1,"N",285,2.45750104941005,140.804438280166,-92.0095742822405,"kN/m","DE"
"interface-alpha-1","Estado biaxial uniforme","Acciones prescritas","Interfaz: αδ = 1.00",1,"N",286,2.46621559213845,141.30374479889,-91.4493471358053,"kN/m","DE"
"interface-alpha-1","Estado biaxial uniforme","Acciones prescritas","Interfaz: αδ = 1.00",1,"N",287,2.47493013486686,141.803051317614,-90.891299703931,"kN/m","DE"
"interface-alpha-1","Estado biaxial uniforme","Acciones prescritas","Interfaz: αδ = 1.00",1,"N",288,2.48364467759526,142.302357836338,-90.3356015020801,"kN/m","DE"
"interface-alpha-1","Estado biaxial uniforme","Acciones prescritas","Interfaz: αδ = 1.00",1,"N",289,2.49235922032366,142.801664355062,-89.7824213321003,"kN/m","DE"
"interface-alpha-1","Estado biaxial uniforme","Acciones prescritas","Interfaz: αδ = 1.00",1,"N",290,2.50107376305207,143.300970873786,-89.2319272309483,"kN/m","DE"
"interface-alpha-1","Estado biaxial uniforme","Acciones prescritas","Interfaz: αδ = 1.00",1,"N",291,2.50978830578047,143.80027739251,-88.6842864196468,"kN/m","DE"
"interface-alpha-1","Estado biaxial uniforme","Acciones prescritas","Interfaz: αδ = 1.00",1,"N",292,2.51850284850888,144.299583911234,-88.1396652524875,"kN/m","DE"
"interface-alpha-1","Estado biaxial uniforme","Acciones prescritas","Interfaz: αδ = 1.00",1,"N",293,2.52721739123728,144.798890429958,-87.598229166499,"kN/m","DE"
"interface-alpha-1","Estado biaxial uniforme","Acciones prescritas","Interfaz: αδ = 1.00",1,"N",294,2.53593193396569,145.298196948682,-87.0601426311926,"kN/m","DE"
"interface-alpha-1","Estado biaxial uniforme","Acciones prescritas","Interfaz: αδ = 1.00",1,"N",295,2.54464647669409,145.797503467406,-86.5255690986025,"kN/m","DE"
"interface-alpha-1","Estado biaxial uniforme","Acciones prescritas","Interfaz: αδ = 1.00",1,"N",296,2.55336101942249,146.29680998613,-85.9946709536341,"kN/m","DE"
"interface-alpha-1","Estado biaxial uniforme","Acciones prescritas","Interfaz: αδ = 1.00",1,"N",297,2.5620755621509,146.796116504854,-85.4676094647378,"kN/m","DE"
"interface-alpha-1","Estado biaxial uniforme","Acciones prescritas","Interfaz: αδ = 1.00",1,"N",298,2.5707901048793,147.295423023578,-84.9445447349207,"kN/m","DE"
"interface-alpha-1","Estado biaxial uniforme","Acciones prescritas","Interfaz: αδ = 1.00",1,"N",299,2.57950464760771,147.794729542302,-84.4256356531132,"kN/m","DE"
"interface-alpha-1","Estado biaxial uniforme","Acciones prescritas","Interfaz: αδ = 1.00",1,"N",300,2.58821919033611,148.294036061026,-83.9110398459037,"kN/m","DE"
"interface-alpha-1","Estado biaxial uniforme","Acciones prescritas","Interfaz: αδ = 1.00",1,"N",301,2.59693373306452,148.79334257975,-83.4009136296575,"kN/m","DE"
"interface-alpha-1","Estado biaxial uniforme","Acciones prescritas","Interfaz: αδ = 1.00",1,"N",302,2.60564827579292,149.292649098474,-82.8954119630332,"kN/m","DE"
"interface-alpha-1","Estado biaxial uniforme","Acciones prescritas","Interfaz: αδ = 1.00",1,"N",303,2.61436281852133,149.791955617198,-82.3946883999112,"kN/m","DE"
"interface-alpha-1","Estado biaxial uniforme","Acciones prescritas","Interfaz: αδ = 1.00",1,"N",304,2.62307736124973,150.291262135922,-81.8988950427501,"kN/m","DE"
"interface-alpha-1","Estado biaxial uniforme","Acciones prescritas","Interfaz: αδ = 1.00",1,"N",305,2.63179190397813,150.790568654646,-81.4081824963827,"kN/m","DE"
"interface-alpha-1","Estado biaxial uniforme","Acciones prescritas","Interfaz: αδ = 1.00",1,"N",306,2.64050644670654,151.28987517337,-80.9226998222675,"kN/m","DE"
"interface-alpha-1","Estado biaxial uniforme","Acciones prescritas","Interfaz: αδ = 1.00",1,"N",307,2.64922098943494,151.789181692094,-80.4425944932093,"kN/m","DE"
"interface-alpha-1","Estado biaxial uniforme","Acciones prescritas","Interfaz: αδ = 1.00",1,"N",308,2.65793553216335,152.288488210818,-79.9680123485619,"kN/m","DE"
"interface-alpha-1","Estado biaxial uniforme","Acciones prescritas","Interfaz: αδ = 1.00",1,"N",309,2.66665007489175,152.787794729542,-79.4990975499272,"kN/m","DE"
"interface-alpha-1","Estado biaxial uniforme","Acciones prescritas","Interfaz: αδ = 1.00",1,"N",310,2.67536461762016,153.287101248266,-79.0359925373638,"kN/m","DE"
"interface-alpha-1","Estado biaxial uniforme","Acciones prescritas","Interfaz: αδ = 1.00",1,"N",311,2.68407916034856,153.78640776699,-78.5788379861185,"kN/m","DE"
"interface-alpha-1","Estado biaxial uniforme","Acciones prescritas","Interfaz: αδ = 1.00",1,"N",312,2.69279370307697,154.285714285714,-78.1277727638947,"kN/m","DE"
"interface-alpha-1","Estado biaxial uniforme","Acciones prescritas","Interfaz: αδ = 1.00",1,"N",313,2.70150824580537,154.785020804438,-77.6829338886684,"kN/m","DE"
"interface-alpha-1","Estado biaxial uniforme","Acciones prescritas","Interfaz: αδ = 1.00",1,"N",314,2.71022278853377,155.284327323162,-77.2444564870674,"kN/m","DE"
"interface-alpha-1","Estado biaxial uniforme","Acciones prescritas","Interfaz: αδ = 1.00",1,"N",315,2.71893733126218,155.783633841886,-76.8124737533244,"kN/m","DE"
"interface-alpha-1","Estado biaxial uniforme","Acciones prescritas","Interfaz: αδ = 1.00",1,"N",316,2.72765187399058,156.28294036061,-76.3871169088169,"kN/m","DE"
"interface-alpha-1","Estado biaxial uniforme","Acciones prescritas","Interfaz: αδ = 1.00",1,"N",317,2.73636641671899,156.782246879334,-75.9685151622075,"kN/m","DE"
"interface-alpha-1","Estado biaxial uniforme","Acciones prescritas","Interfaz: αδ = 1.00",1,"N",318,2.74508095944739,157.281553398058,-75.5567956701938,"kN/m","DE"
"interface-alpha-1","Estado biaxial uniforme","Acciones prescritas","Interfaz: αδ = 1.00",1,"N",319,2.7537955021758,157.780859916782,-75.1520834988831,"kN/m","DE"
"interface-alpha-1","Estado biaxial uniforme","Acciones prescritas","Interfaz: αδ = 1.00",1,"N",320,2.7625100449042,158.280166435506,-74.7545015858018,"kN/m","DE"
"interface-alpha-1","Estado biaxial uniforme","Acciones prescritas","Interfaz: αδ = 1.00",1,"N",321,2.77122458763261,158.77947295423,-74.3641707025511,"kN/m","DE"
"interface-alpha-1","Estado biaxial uniforme","Acciones prescritas","Interfaz: αδ = 1.00",1,"N",322,2.77993913036101,159.278779472954,-73.9812094181204,"kN/m","DE"
"interface-alpha-1","Estado biaxial uniforme","Acciones prescritas","Interfaz: αδ = 1.00",1,"N",323,2.78865367308941,159.778085991678,-73.6057340628707,"kN/m","DE"
"interface-alpha-1","Estado biaxial uniforme","Acciones prescritas","Interfaz: αδ = 1.00",1,"N",324,2.79736821581782,160.277392510402,-73.2378586931974,"kN/m","DE"
"interface-alpha-1","Estado biaxial uniforme","Acciones prescritas","Interfaz: αδ = 1.00",1,"N",325,2.80608275854622,160.776699029126,-72.8776950568834,"kN/m","DE"
"interface-alpha-1","Estado biaxial uniforme","Acciones prescritas","Interfaz: αδ = 1.00",1,"N",326,2.81479730127463,161.27600554785,-72.5253525591546,"kN/m","DE"
"interface-alpha-1","Estado biaxial uniforme","Acciones prescritas","Interfaz: αδ = 1.00",1,"N",327,2.82351184400303,161.775312066574,-72.1809382294464,"kN/m","DE"
"interface-alpha-1","Estado biaxial uniforme","Acciones prescritas","Interfaz: αδ = 1.00",1,"N",328,2.83222638673144,162.274618585298,-71.844556688891,"kN/m","DE"
"interface-alpha-1","Estado biaxial uniforme","Acciones prescritas","Interfaz: αδ = 1.00",1,"N",329,2.84094092945984,162.773925104022,-71.5163101185383,"kN/m","DE"
"interface-alpha-1","Estado biaxial uniforme","Acciones prescritas","Interfaz: αδ = 1.00",1,"N",330,2.84965547218825,163.273231622746,-71.1962982283161,"kN/m","DE"
"interface-alpha-1","Estado biaxial uniforme","Acciones prescritas","Interfaz: αδ = 1.00",1,"N",331,2.85837001491665,163.77253814147,-70.8846182267419,"kN/m","DE"
"interface-alpha-1","Estado biaxial uniforme","Acciones prescritas","Interfaz: αδ = 1.00",1,"N",332,2.86708455764505,164.271844660194,-70.581364791394,"kN/m","DE"
"interface-alpha-1","Estado biaxial uniforme","Acciones prescritas","Interfaz: αδ = 1.00",1,"N",333,2.87579910037346,164.771151178918,-70.2866300401526,"kN/m","DE"
"interface-alpha-1","Estado biaxial uniforme","Acciones prescritas","Interfaz: αδ = 1.00",1,"N",334,2.88451364310186,165.270457697642,-70.0005035032165,"kN/m","DE"
"interface-alpha-1","Estado biaxial uniforme","Acciones prescritas","Interfaz: αδ = 1.00",1,"N",335,2.89322818583027,165.769764216366,-69.7230720959079,"kN/m","DE"
"interface-alpha-1","Estado biaxial uniforme","Acciones prescritas","Interfaz: αδ = 1.00",1,"N",336,2.90194272855867,166.26907073509,-69.4544200922695,"kN/m","DE"
"interface-alpha-1","Estado biaxial uniforme","Acciones prescritas","Interfaz: αδ = 1.00",1,"N",337,2.91065727128708,166.768377253814,-69.194629099466,"kN/m","DE"
"interface-alpha-1","Estado biaxial uniforme","Acciones prescritas","Interfaz: αδ = 1.00",1,"N",338,2.91937181401548,167.267683772538,-68.9437780329941,"kN/m","DE"
"interface-alpha-1","Estado biaxial uniforme","Acciones prescritas","Interfaz: αδ = 1.00",1,"N",339,2.92808635674389,167.766990291262,-68.7019430927109,"kN/m","DE"
"interface-alpha-1","Estado biaxial uniforme","Acciones prescritas","Interfaz: αδ = 1.00",1,"N",340,2.93680089947229,168.266296809986,-68.4691977396868,"kN/m","DE"
"interface-alpha-1","Estado biaxial uniforme","Acciones prescritas","Interfaz: αδ = 1.00",1,"N",341,2.94551544220069,168.76560332871,-68.2456126738907,"kN/m","DE"
"interface-alpha-1","Estado biaxial uniforme","Acciones prescritas","Interfaz: αδ = 1.00",1,"N",342,2.9542299849291,169.264909847434,-68.031255812714,"kN/m","DE"
"interface-alpha-1","Estado biaxial uniforme","Acciones prescritas","Interfaz: αδ = 1.00",1,"N",343,2.9629445276575,169.764216366158,-67.8261922703394,"kN/m","DE"
"interface-alpha-1","Estado biaxial uniforme","Acciones prescritas","Interfaz: αδ = 1.00",1,"N",344,2.97165907038591,170.263522884882,-67.6304843379616,"kN/m","DE"
"interface-alpha-1","Estado biaxial uniforme","Acciones prescritas","Interfaz: αδ = 1.00",1,"N",345,2.98037361311431,170.762829403606,-67.4441914648651,"kN/m","DE"
"interface-alpha-1","Estado biaxial uniforme","Acciones prescritas","Interfaz: αδ = 1.00",1,"N",346,2.98908815584272,171.26213592233,-67.2673702403661,"kN/m","DE"
"interface-alpha-1","Estado biaxial uniforme","Acciones prescritas","Interfaz: αδ = 1.00",1,"N",347,2.99780269857112,171.761442441054,-67.1000743766223,"kN/m","DE"
"interface-alpha-1","Estado biaxial uniforme","Acciones prescritas","Interfaz: αδ = 1.00",1,"N",348,3.00651724129952,172.260748959778,-66.9423546923168,"kN/m","DE"
"interface-alpha-1","Estado biaxial uniforme","Acciones prescritas","Interfaz: αδ = 1.00",1,"N",349,3.01523178402793,172.760055478502,-66.7942590972218,"kN/m","DE"
"interface-alpha-1","Estado biaxial uniforme","Acciones prescritas","Interfaz: αδ = 1.00",1,"N",350,3.02394632675633,173.259361997226,-66.6558325776445,"kN/m","DE"
"interface-alpha-1","Estado biaxial uniforme","Acciones prescritas","Interfaz: αδ = 1.00",1,"N",351,3.03266086948474,173.75866851595,-66.5271171827622,"kN/m","DE"
"interface-alpha-1","Estado biaxial uniforme","Acciones prescritas","Interfaz: αδ = 1.00",1,"N",352,3.04137541221314,174.257975034674,-66.4081520118495,"kN/m","DE"
"interface-alpha-1","Estado biaxial uniforme","Acciones prescritas","Interfaz: αδ = 1.00",1,"N",353,3.05008995494155,174.757281553398,-66.2989732024007,"kN/m","DE"
"interface-alpha-1","Estado biaxial uniforme","Acciones prescritas","Interfaz: αδ = 1.00",1,"N",354,3.05880449766995,175.256588072122,-66.199613919153,"kN/m","DE"
"interface-alpha-1","Estado biaxial uniforme","Acciones prescritas","Interfaz: αδ = 1.00",1,"N",355,3.06751904039836,175.755894590846,-66.1101043440119,"kN/m","DE"
"interface-alpha-1","Estado biaxial uniforme","Acciones prescritas","Interfaz: αδ = 1.00",1,"N",356,3.07623358312676,176.25520110957,-66.0304716668828,"kN/m","DE"
"interface-alpha-1","Estado biaxial uniforme","Acciones prescritas","Interfaz: αδ = 1.00",1,"N",357,3.08494812585516,176.754507628294,-65.9607400774124,"kN/m","DE"
"interface-alpha-1","Estado biaxial uniforme","Acciones prescritas","Interfaz: αδ = 1.00",1,"N",358,3.09366266858357,177.253814147018,-65.9009307576398,"kN/m","DE"
"interface-alpha-1","Estado biaxial uniforme","Acciones prescritas","Interfaz: αδ = 1.00",1,"N",359,3.10237721131197,177.753120665742,-65.8510618755628,"kN/m","DE"
"interface-alpha-1","Estado biaxial uniforme","Acciones prescritas","Interfaz: αδ = 1.00",1,"N",360,3.11109175404038,178.252427184466,-65.811148579619,"kN/m","DE"
"interface-alpha-1","Estado biaxial uniforme","Acciones prescritas","Interfaz: αδ = 1.00",1,"N",361,3.11980629676878,178.75173370319,-65.7812029940838,"kN/m","DE"
"interface-alpha-1","Estado biaxial uniforme","Acciones prescritas","Interfaz: αδ = 1.00",1,"N",362,3.12852083949719,179.251040221914,-65.7612342153878,"kN/m","DE"
"interface-alpha-1","Estado biaxial uniforme","Acciones prescritas","Interfaz: αδ = 1.00",1,"N",363,3.13723538222559,179.750346740638,-65.7512483093539,"kN/m","DE"
"interface-alpha-1","Estado biaxial uniforme","Acciones prescritas","Interfaz: αδ = 1.00",1,"N",364,3.14159265358979,180,-65.7500000000005,"kN/m","DE"
"interface-alpha-1","Estado biaxial uniforme","Acciones prescritas","Interfaz: αδ = 1.00",1,"N",365,3.145949924954,180.249653259362,-65.7512483093539,"kN/m","DE"
"interface-alpha-1","Estado biaxial uniforme","Acciones prescritas","Interfaz: αδ = 1.00",1,"N",366,3.1546644676824,180.748959778086,-65.7612342153879,"kN/m","DE"
"interface-alpha-1","Estado biaxial uniforme","Acciones prescritas","Interfaz: αδ = 1.00",1,"N",367,3.1633790104108,181.24826629681,-65.7812029940838,"kN/m","DE"
"interface-alpha-1","Estado biaxial uniforme","Acciones prescritas","Interfaz: αδ = 1.00",1,"N",368,3.17209355313921,181.747572815534,-65.8111485796191,"kN/m","DE"
"interface-alpha-1","Estado biaxial uniforme","Acciones prescritas","Interfaz: αδ = 1.00",1,"N",369,3.18080809586761,182.246879334258,-65.8510618755629,"kN/m","DE"
"interface-alpha-1","Estado biaxial uniforme","Acciones prescritas","Interfaz: αδ = 1.00",1,"N",370,3.18952263859602,182.746185852982,-65.9009307576398,"kN/m","DE"
"interface-alpha-1","Estado biaxial uniforme","Acciones prescritas","Interfaz: αδ = 1.00",1,"N",371,3.19823718132442,183.245492371706,-65.9607400774124,"kN/m","DE"
"interface-alpha-1","Estado biaxial uniforme","Acciones prescritas","Interfaz: αδ = 1.00",1,"N",372,3.20695172405283,183.74479889043,-66.0304716668828,"kN/m","DE"
"interface-alpha-1","Estado biaxial uniforme","Acciones prescritas","Interfaz: αδ = 1.00",1,"N",373,3.21566626678123,184.244105409154,-66.1101043440119,"kN/m","DE"
"interface-alpha-1","Estado biaxial uniforme","Acciones prescritas","Interfaz: αδ = 1.00",1,"N",374,3.22438080950963,184.743411927878,-66.1996139191531,"kN/m","DE"
"interface-alpha-1","Estado biaxial uniforme","Acciones prescritas","Interfaz: αδ = 1.00",1,"N",375,3.23309535223804,185.242718446602,-66.2989732024008,"kN/m","DE"
"interface-alpha-1","Estado biaxial uniforme","Acciones prescritas","Interfaz: αδ = 1.00",1,"N",376,3.24180989496644,185.742024965326,-66.4081520118496,"kN/m","DE"
"interface-alpha-1","Estado biaxial uniforme","Acciones prescritas","Interfaz: αδ = 1.00",1,"N",377,3.25052443769485,186.24133148405,-66.5271171827623,"kN/m","DE"
"interface-alpha-1","Estado biaxial uniforme","Acciones prescritas","Interfaz: αδ = 1.00",1,"N",378,3.25923898042325,186.740638002774,-66.6558325776446,"kN/m","DE"
"interface-alpha-1","Estado biaxial uniforme","Acciones prescritas","Interfaz: αδ = 1.00",1,"N",379,3.26795352315166,187.239944521498,-66.7942590972219,"kN/m","DE"
"interface-alpha-1","Estado biaxial uniforme","Acciones prescritas","Interfaz: αδ = 1.00",1,"N",380,3.27666806588006,187.739251040222,-66.942354692317,"kN/m","DE"
"interface-alpha-1","Estado biaxial uniforme","Acciones prescritas","Interfaz: αδ = 1.00",1,"N",381,3.28538260860847,188.238557558946,-67.1000743766224,"kN/m","DE"
"interface-alpha-1","Estado biaxial uniforme","Acciones prescritas","Interfaz: αδ = 1.00",1,"N",382,3.29409715133687,188.73786407767,-67.2673702403663,"kN/m","DE"
"interface-alpha-1","Estado biaxial uniforme","Acciones prescritas","Interfaz: αδ = 1.00",1,"N",383,3.30281169406527,189.237170596394,-67.4441914648652,"kN/m","DE"
"interface-alpha-1","Estado biaxial uniforme","Acciones prescritas","Interfaz: αδ = 1.00",1,"N",384,3.31152623679368,189.736477115118,-67.6304843379617,"kN/m","DE"
"interface-alpha-1","Estado biaxial uniforme","Acciones prescritas","Interfaz: αδ = 1.00",1,"N",385,3.32024077952208,190.235783633842,-67.8261922703396,"kN/m","DE"
"interface-alpha-1","Estado biaxial uniforme","Acciones prescritas","Interfaz: αδ = 1.00",1,"N",386,3.32895532225049,190.735090152566,-68.0312558127141,"kN/m","DE"
"interface-alpha-1","Estado biaxial uniforme","Acciones prescritas","Interfaz: αδ = 1.00",1,"N",387,3.33766986497889,191.23439667129,-68.2456126738908,"kN/m","DE"
"interface-alpha-1","Estado biaxial uniforme","Acciones prescritas","Interfaz: αδ = 1.00",1,"N",388,3.3463844077073,191.733703190014,-68.469197739687,"kN/m","DE"
"interface-alpha-1","Estado biaxial uniforme","Acciones prescritas","Interfaz: αδ = 1.00",1,"N",389,3.3550989504357,192.233009708738,-68.7019430927111,"kN/m","DE"
"interface-alpha-1","Estado biaxial uniforme","Acciones prescritas","Interfaz: αδ = 1.00",1,"N",390,3.36381349316411,192.732316227462,-68.9437780329943,"kN/m","DE"
"interface-alpha-1","Estado biaxial uniforme","Acciones prescritas","Interfaz: αδ = 1.00",1,"N",391,3.37252803589251,193.231622746186,-69.1946290994662,"kN/m","DE"
"interface-alpha-1","Estado biaxial uniforme","Acciones prescritas","Interfaz: αδ = 1.00",1,"N",392,3.38124257862091,193.73092926491,-69.4544200922697,"kN/m","DE"
"interface-alpha-1","Estado biaxial uniforme","Acciones prescritas","Interfaz: αδ = 1.00",1,"N",393,3.38995712134932,194.230235783634,-69.723072095908,"kN/m","DE"
"interface-alpha-1","Estado biaxial uniforme","Acciones prescritas","Interfaz: αδ = 1.00",1,"N",394,3.39867166407772,194.729542302358,-70.0005035032167,"kN/m","DE"
"interface-alpha-1","Estado biaxial uniforme","Acciones prescritas","Interfaz: αδ = 1.00",1,"N",395,3.40738620680613,195.228848821082,-70.2866300401528,"kN/m","DE"
"interface-alpha-1","Estado biaxial uniforme","Acciones prescritas","Interfaz: αδ = 1.00",1,"N",396,3.41610074953453,195.728155339806,-70.5813647913942,"kN/m","DE"
"interface-alpha-1","Estado biaxial uniforme","Acciones prescritas","Interfaz: αδ = 1.00",1,"N",397,3.42481529226294,196.22746185853,-70.884618226742,"kN/m","DE"
"interface-alpha-1","Estado biaxial uniforme","Acciones prescritas","Interfaz: αδ = 1.00",1,"N",398,3.43352983499134,196.726768377254,-71.1962982283164,"kN/m","DE"
"interface-alpha-1","Estado biaxial uniforme","Acciones prescritas","Interfaz: αδ = 1.00",1,"N",399,3.44224437771975,197.226074895978,-71.5163101185386,"kN/m","DE"
"interface-alpha-1","Estado biaxial uniforme","Acciones prescritas","Interfaz: αδ = 1.00",1,"N",400,3.45095892044815,197.725381414702,-71.8445566888913,"kN/m","DE"
"interface-alpha-1","Estado biaxial uniforme","Acciones prescritas","Interfaz: αδ = 1.00",1,"N",401,3.45967346317655,198.224687933426,-72.1809382294467,"kN/m","DE"
"interface-alpha-1","Estado biaxial uniforme","Acciones prescritas","Interfaz: αδ = 1.00",1,"N",402,3.46838800590496,198.72399445215,-72.525352559155,"kN/m","DE"
"interface-alpha-1","Estado biaxial uniforme","Acciones prescritas","Interfaz: αδ = 1.00",1,"N",403,3.47710254863336,199.223300970874,-72.8776950568837,"kN/m","DE"
"interface-alpha-1","Estado biaxial uniforme","Acciones prescritas","Interfaz: αδ = 1.00",1,"N",404,3.48581709136177,199.722607489598,-73.2378586931977,"kN/m","DE"
"interface-alpha-1","Estado biaxial uniforme","Acciones prescritas","Interfaz: αδ = 1.00",1,"N",405,3.49453163409017,200.221914008322,-73.605734062871,"kN/m","DE"
"interface-alpha-1","Estado biaxial uniforme","Acciones prescritas","Interfaz: αδ = 1.00",1,"N",406,3.50324617681858,200.721220527046,-73.9812094181206,"kN/m","DE"
"interface-alpha-1","Estado biaxial uniforme","Acciones prescritas","Interfaz: αδ = 1.00",1,"N",407,3.51196071954698,201.22052704577,-74.3641707025513,"kN/m","DE"
"interface-alpha-1","Estado biaxial uniforme","Acciones prescritas","Interfaz: αδ = 1.00",1,"N",408,3.52067526227539,201.719833564494,-74.7545015858021,"kN/m","DE"
"interface-alpha-1","Estado biaxial uniforme","Acciones prescritas","Interfaz: αδ = 1.00",1,"N",409,3.52938980500379,202.219140083218,-75.1520834988834,"kN/m","DE"
"interface-alpha-1","Estado biaxial uniforme","Acciones prescritas","Interfaz: αδ = 1.00",1,"N",410,3.53810434773219,202.718446601942,-75.5567956701941,"kN/m","DE"
"interface-alpha-1","Estado biaxial uniforme","Acciones prescritas","Interfaz: αδ = 1.00",1,"N",411,3.5468188904606,203.217753120666,-75.9685151622078,"kN/m","DE"
"interface-alpha-1","Estado biaxial uniforme","Acciones prescritas","Interfaz: αδ = 1.00",1,"N",412,3.555533433189,203.71705963939,-76.3871169088172,"kN/m","DE"
"interface-alpha-1","Estado biaxial uniforme","Acciones prescritas","Interfaz: αδ = 1.00",1,"N",413,3.56424797591741,204.216366158114,-76.8124737533246,"kN/m","DE"
"interface-alpha-1","Estado biaxial uniforme","Acciones prescritas","Interfaz: αδ = 1.00",1,"N",414,3.57296251864581,204.715672676838,-77.2444564870676,"kN/m","DE"
"interface-alpha-1","Estado biaxial uniforme","Acciones prescritas","Interfaz: αδ = 1.00",1,"N",415,3.58167706137422,205.214979195562,-77.6829338886686,"kN/m","DE"
"interface-alpha-1","Estado biaxial uniforme","Acciones prescritas","Interfaz: αδ = 1.00",1,"N",416,3.59039160410262,205.714285714286,-78.1277727638949,"kN/m","DE"
"interface-alpha-1","Estado biaxial uniforme","Acciones prescritas","Interfaz: αδ = 1.00",1,"N",417,3.59910614683103,206.21359223301,-78.5788379861187,"kN/m","DE"
"interface-alpha-1","Estado biaxial uniforme","Acciones prescritas","Interfaz: αδ = 1.00",1,"N",418,3.60782068955943,206.712898751734,-79.035992537364,"kN/m","DE"
"interface-alpha-1","Estado biaxial uniforme","Acciones prescritas","Interfaz: αδ = 1.00",1,"N",419,3.61653523228783,207.212205270458,-79.4990975499274,"kN/m","DE"
"interface-alpha-1","Estado biaxial uniforme","Acciones prescritas","Interfaz: αδ = 1.00",1,"N",420,3.62524977501624,207.711511789182,-79.9680123485622,"kN/m","DE"
"interface-alpha-1","Estado biaxial uniforme","Acciones prescritas","Interfaz: αδ = 1.00",1,"N",421,3.63396431774464,208.210818307906,-80.4425944932095,"kN/m","DE"
"interface-alpha-1","Estado biaxial uniforme","Acciones prescritas","Interfaz: αδ = 1.00",1,"N",422,3.64267886047305,208.71012482663,-80.9226998222677,"kN/m","DE"
"interface-alpha-1","Estado biaxial uniforme","Acciones prescritas","Interfaz: αδ = 1.00",1,"N",423,3.65139340320145,209.209431345354,-81.4081824963829,"kN/m","DE"
"interface-alpha-1","Estado biaxial uniforme","Acciones prescritas","Interfaz: αδ = 1.00",1,"N",424,3.66010794592986,209.708737864078,-81.8988950427503,"kN/m","DE"
"interface-alpha-1","Estado biaxial uniforme","Acciones prescritas","Interfaz: αδ = 1.00",1,"N",425,3.66882248865826,210.208044382802,-82.3946883999114,"kN/m","DE"
"interface-alpha-1","Estado biaxial uniforme","Acciones prescritas","Interfaz: αδ = 1.00",1,"N",426,3.67753703138666,210.707350901526,-82.8954119630333,"kN/m","DE"
"interface-alpha-1","Estado biaxial uniforme","Acciones prescritas","Interfaz: αδ = 1.00",1,"N",427,3.68625157411507,211.20665742025,-83.4009136296577,"kN/m","DE"
"interface-alpha-1","Estado biaxial uniforme","Acciones prescritas","Interfaz: αδ = 1.00",1,"N",428,3.69496611684347,211.705963938974,-83.9110398459039,"kN/m","DE"
"interface-alpha-1","Estado biaxial uniforme","Acciones prescritas","Interfaz: αδ = 1.00",1,"N",429,3.70368065957188,212.205270457698,-84.4256356531133,"kN/m","DE"
"interface-alpha-1","Estado biaxial uniforme","Acciones prescritas","Interfaz: αδ = 1.00",1,"N",430,3.71239520230028,212.704576976422,-84.9445447349209,"kN/m","DE"
"interface-alpha-1","Estado biaxial uniforme","Acciones prescritas","Interfaz: αδ = 1.00",1,"N",431,3.72110974502869,213.203883495146,-85.467609464738,"kN/m","DE"
"interface-alpha-1","Estado biaxial uniforme","Acciones prescritas","Interfaz: αδ = 1.00",1,"N",432,3.72982428775709,213.70319001387,-85.9946709536342,"kN/m","DE"
"interface-alpha-1","Estado biaxial uniforme","Acciones prescritas","Interfaz: αδ = 1.00",1,"N",433,3.7385388304855,214.202496532594,-86.5255690986026,"kN/m","DE"
"interface-alpha-1","Estado biaxial uniforme","Acciones prescritas","Interfaz: αδ = 1.00",1,"N",434,3.7472533732139,214.701803051318,-87.0601426311927,"kN/m","DE"
"interface-alpha-1","Estado biaxial uniforme","Acciones prescritas","Interfaz: αδ = 1.00",1,"N",435,3.7559679159423,215.201109570042,-87.5982291664991,"kN/m","DE"
"interface-alpha-1","Estado biaxial uniforme","Acciones prescritas","Interfaz: αδ = 1.00",1,"N",436,3.76468245867071,215.700416088766,-88.1396652524876,"kN/m","DE"
"interface-alpha-1","Estado biaxial uniforme","Acciones prescritas","Interfaz: αδ = 1.00",1,"N",437,3.77339700139911,216.19972260749,-88.684286419647,"kN/m","DE"
"interface-alpha-1","Estado biaxial uniforme","Acciones prescritas","Interfaz: αδ = 1.00",1,"N",438,3.78211154412752,216.699029126214,-89.2319272309485,"kN/m","DE"
"interface-alpha-1","Estado biaxial uniforme","Acciones prescritas","Interfaz: αδ = 1.00",1,"N",439,3.79082608685592,217.198335644938,-89.7824213321004,"kN/m","DE"
"interface-alpha-1","Estado biaxial uniforme","Acciones prescritas","Interfaz: αδ = 1.00",1,"N",440,3.79954062958433,217.697642163662,-90.3356015020803,"kN/m","DE"
"interface-alpha-1","Estado biaxial uniforme","Acciones prescritas","Interfaz: αδ = 1.00",1,"N",441,3.80825517231273,218.196948682386,-90.8912997039312,"kN/m","DE"
"interface-alpha-1","Estado biaxial uniforme","Acciones prescritas","Interfaz: αδ = 1.00",1,"N",442,3.81696971504114,218.69625520111,-91.4493471358055,"kN/m","DE"
"interface-alpha-1","Estado biaxial uniforme","Acciones prescritas","Interfaz: αδ = 1.00",1,"N",443,3.82568425776954,219.195561719834,-92.0095742822407,"kN/m","DE"
"interface-alpha-1","Estado biaxial uniforme","Acciones prescritas","Interfaz: αδ = 1.00",1,"N",444,3.83439880049794,219.694868238558,-92.5718109656529,"kN/m","DE"
"interface-alpha-1","Estado biaxial uniforme","Acciones prescritas","Interfaz: αδ = 1.00",1,"N",445,3.84311334322635,220.194174757282,-93.1358863980302,"kN/m","DE"
"interface-alpha-1","Estado biaxial uniforme","Acciones prescritas","Interfaz: αδ = 1.00",1,"N",446,3.85182788595475,220.693481276006,-93.7016292328129,"kN/m","DE"
"interface-alpha-1","Estado biaxial uniforme","Acciones prescritas","Interfaz: αδ = 1.00",1,"N",447,3.86054242868316,221.19278779473,-94.2688676169418,"kN/m","DE"
"interface-alpha-1","Estado biaxial uniforme","Acciones prescritas","Interfaz: αδ = 1.00",1,"N",448,3.86925697141156,221.692094313454,-94.837429243062,"kN/m","DE"
"interface-alpha-1","Estado biaxial uniforme","Acciones prescritas","Interfaz: αδ = 1.00",1,"N",449,3.87797151413997,222.191400832178,-95.4071414018635,"kN/m","DE"
"interface-alpha-1","Estado biaxial uniforme","Acciones prescritas","Interfaz: αδ = 1.00",1,"N",450,3.88668605686837,222.690707350902,-95.9778310345444,"kN/m","DE"
"interface-alpha-1","Estado biaxial uniforme","Acciones prescritas","Interfaz: αδ = 1.00",1,"N",451,3.89540059959677,223.190013869625,-96.5493247853797,"kN/m","DE"
"interface-alpha-1","Estado biaxial uniforme","Acciones prescritas","Interfaz: αδ = 1.00",1,"N",452,3.90411514232518,223.68932038835,-97.1214490543819,"kN/m","DE"
"interface-alpha-1","Estado biaxial uniforme","Acciones prescritas","Interfaz: αδ = 1.00",1,"N",453,3.91282968505358,224.188626907074,-97.6940300500334,"kN/m","DE"
"interface-alpha-1","Estado biaxial uniforme","Acciones prescritas","Interfaz: αδ = 1.00",1,"N",454,3.92154422778199,224.687933425798,-98.2668938420791,"kN/m","DE"
"interface-alpha-1","Estado biaxial uniforme","Acciones prescritas","Interfaz: αδ = 1.00",1,"N",455,3.92699081698724,225,-98.6250000000005,"kN/m","DE"
"interface-alpha-1","Estado biaxial uniforme","Acciones prescritas","Interfaz: αδ = 1.00",1,"N",456,3.93025877051039,225.187239944522,-98.83986641436,"kN/m","DE"
"interface-alpha-1","Estado biaxial uniforme","Acciones prescritas","Interfaz: αδ = 1.00",1,"N",457,3.9389733132388,225.686546463245,-99.4127737176736,"kN/m","DE"
"interface-alpha-1","Estado biaxial uniforme","Acciones prescritas","Interfaz: αδ = 1.00",1,"N",458,3.9476878559672,226.18585298197,-99.9854417226439,"kN/m","DE"
"interface-alpha-1","Estado biaxial uniforme","Acciones prescritas","Interfaz: αδ = 1.00",1,"N",459,3.95640239869561,226.685159500693,-100.557696472585,"kN/m","DE"
"interface-alpha-1","Estado biaxial uniforme","Acciones prescritas","Interfaz: αδ = 1.00",1,"N",460,3.96511694142401,227.184466019417,-101.129364136345,"kN/m","DE"
"interface-alpha-1","Estado biaxial uniforme","Acciones prescritas","Interfaz: αδ = 1.00",1,"N",461,3.97383148415241,227.683772538141,-101.700271061105,"kN/m","DE"
"interface-alpha-1","Estado biaxial uniforme","Acciones prescritas","Interfaz: αδ = 1.00",1,"N",462,3.98254602688082,228.183079056865,-102.270243825137,"kN/m","DE"
"interface-alpha-1","Estado biaxial uniforme","Acciones prescritas","Interfaz: αδ = 1.00",1,"N",463,3.99126056960922,228.682385575589,-102.839109290475,"kN/m","DE"
"interface-alpha-1","Estado biaxial uniforme","Acciones prescritas","Interfaz: αδ = 1.00",1,"N",464,3.99997511233763,229.181692094313,-103.406694655513,"kN/m","DE"
"interface-alpha-1","Estado biaxial uniforme","Acciones prescritas","Interfaz: αδ = 1.00",1,"N",465,4.00868965506603,229.680998613037,-103.972827507496,"kN/m","DE"
"interface-alpha-1","Estado biaxial uniforme","Acciones prescritas","Interfaz: αδ = 1.00",1,"N",466,4.01740419779444,230.180305131761,-104.53733587489,"kN/m","DE"
"interface-alpha-1","Estado biaxial uniforme","Acciones prescritas","Interfaz: αδ = 1.00",1,"N",467,4.02611874052284,230.679611650485,-105.100048279626,"kN/m","DE"
"interface-alpha-1","Estado biaxial uniforme","Acciones prescritas","Interfaz: αδ = 1.00",1,"N",468,4.03483328325125,231.178918169209,-105.660793789184,"kN/m","DE"
"interface-alpha-1","Estado biaxial uniforme","Acciones prescritas","Interfaz: αδ = 1.00",1,"N",469,4.04354782597965,231.678224687933,-106.219402068519,"kN/m","DE"
"interface-alpha-1","Estado biaxial uniforme","Acciones prescritas","Interfaz: αδ = 1.00",1,"N",470,4.05226236870806,232.177531206657,-106.775703431802,"kN/m","DE"
"interface-alpha-1","Estado biaxial uniforme","Acciones prescritas","Interfaz: αδ = 1.00",1,"N",471,4.06097691143646,232.676837725381,-107.329528893967,"kN/m","DE"
"interface-alpha-1","Estado biaxial uniforme","Acciones prescritas","Interfaz: αδ = 1.00",1,"N",472,4.06969145416486,233.176144244105,-107.88071022204,"kN/m","DE"
"interface-alpha-1","Estado biaxial uniforme","Acciones prescritas","Interfaz: αδ = 1.00",1,"N",473,4.07840599689327,233.675450762829,-108.429079986241,"kN/m","DE"
"interface-alpha-1","Estado biaxial uniforme","Acciones prescritas","Interfaz: αδ = 1.00",1,"N",474,4.08712053962167,234.174757281553,-108.974471610849,"kN/m","DE"
"interface-alpha-1","Estado biaxial uniforme","Acciones prescritas","Interfaz: αδ = 1.00",1,"N",475,4.09583508235008,234.674063800277,-109.516719424797,"kN/m","DE"
"interface-alpha-1","Estado biaxial uniforme","Acciones prescritas","Interfaz: αδ = 1.00",1,"N",476,4.10454962507848,235.173370319001,-110.055658711998,"kN/m","DE"
"interface-alpha-1","Estado biaxial uniforme","Acciones prescritas","Interfaz: αδ = 1.00",1,"N",477,4.11326416780689,235.672676837725,-110.591125761382,"kN/m","DE"
"interface-alpha-1","Estado biaxial uniforme","Acciones prescritas","Interfaz: αδ = 1.00",1,"N",478,4.12197871053529,236.171983356449,-111.122957916625,"kN/m","DE"
"interface-alpha-1","Estado biaxial uniforme","Acciones prescritas","Interfaz: αδ = 1.00",1,"N",479,4.13069325326369,236.671289875173,-111.650993625555,"kN/m","DE"
"interface-alpha-1","Estado biaxial uniforme","Acciones prescritas","Interfaz: αδ = 1.00",1,"N",480,4.1394077959921,237.170596393897,-112.175072489231,"kN/m","DE"
"interface-alpha-1","Estado biaxial uniforme","Acciones prescritas","Interfaz: αδ = 1.00",1,"N",481,4.1481223387205,237.669902912621,-112.695035310666,"kN/m","DE"
"interface-alpha-1","Estado biaxial uniforme","Acciones prescritas","Interfaz: αδ = 1.00",1,"N",482,4.15683688144891,238.169209431345,-113.210724143179,"kN/m","DE"
"interface-alpha-1","Estado biaxial uniforme","Acciones prescritas","Interfaz: αδ = 1.00",1,"N",483,4.16555142417731,238.668515950069,-113.721982338383,"kN/m","DE"
"interface-alpha-1","Estado biaxial uniforme","Acciones prescritas","Interfaz: αδ = 1.00",1,"N",484,4.17426596690572,239.167822468793,-114.228654593764,"kN/m","DE"
"interface-alpha-1","Estado biaxial uniforme","Acciones prescritas","Interfaz: αδ = 1.00",1,"N",485,4.18298050963412,239.667128987517,-114.730586999856,"kN/m","DE"
"interface-alpha-1","Estado biaxial uniforme","Acciones prescritas","Interfaz: αδ = 1.00",1,"N",486,4.19169505236253,240.166435506241,-115.227627086997,"kN/m","DE"
"interface-alpha-1","Estado biaxial uniforme","Acciones prescritas","Interfaz: αδ = 1.00",1,"N",487,4.20040959509093,240.665742024965,-115.71962387164,"kN/m","DE"
"interface-alpha-1","Estado biaxial uniforme","Acciones prescritas","Interfaz: αδ = 1.00",1,"N",488,4.20912413781933,241.165048543689,-116.20642790222,"kN/m","DE"
"interface-alpha-1","Estado biaxial uniforme","Acciones prescritas","Interfaz: αδ = 1.00",1,"N",489,4.21783868054774,241.664355062413,-116.68789130455,"kN/m","DE"
"interface-alpha-1","Estado biaxial uniforme","Acciones prescritas","Interfaz: αδ = 1.00",1,"N",490,4.22655322327614,242.163661581137,-117.16386782674,"kN/m","DE"
"interface-alpha-1","Estado biaxial uniforme","Acciones prescritas","Interfaz: αδ = 1.00",1,"N",491,4.23526776600455,242.662968099861,-117.634212883624,"kN/m","DE"
"interface-alpha-1","Estado biaxial uniforme","Acciones prescritas","Interfaz: αδ = 1.00",1,"N",492,4.24398230873295,243.162274618585,-118.098783600682,"kN/m","DE"
"interface-alpha-1","Estado biaxial uniforme","Acciones prescritas","Interfaz: αδ = 1.00",1,"N",493,4.25269685146136,243.661581137309,-118.557438857437,"kN/m","DE"
"interface-alpha-1","Estado biaxial uniforme","Acciones prescritas","Interfaz: αδ = 1.00",1,"N",494,4.26141139418976,244.160887656033,-119.010039330322,"kN/m","DE"
"interface-alpha-1","Estado biaxial uniforme","Acciones prescritas","Interfaz: αδ = 1.00",1,"N",495,4.27012593691817,244.660194174757,-119.456447535005,"kN/m","DE"
"interface-alpha-1","Estado biaxial uniforme","Acciones prescritas","Interfaz: αδ = 1.00",1,"N",496,4.27884047964657,245.159500693481,-119.896527868152,"kN/m","DE"
"interface-alpha-1","Estado biaxial uniforme","Acciones prescritas","Interfaz: αδ = 1.00",1,"N",497,4.28755502237497,245.658807212205,-120.330146648615,"kN/m","DE"
"interface-alpha-1","Estado biaxial uniforme","Acciones prescritas","Interfaz: αδ = 1.00",1,"N",498,4.29626956510338,246.158113730929,-120.75717215804,"kN/m","DE"
"interface-alpha-1","Estado biaxial uniforme","Acciones prescritas","Interfaz: αδ = 1.00",1,"N",499,4.30498410783178,246.657420249653,-121.177474680884,"kN/m","DE"
"interface-alpha-1","Estado biaxial uniforme","Acciones prescritas","Interfaz: αδ = 1.00",1,"N",500,4.31369865056019,247.156726768377,-121.590926543812,"kN/m","DE"
"interface-alpha-1","Estado biaxial uniforme","Acciones prescritas","Interfaz: αδ = 1.00",1,"N",501,4.32241319328859,247.656033287101,-121.997402154483,"kN/m","DE"
"interface-alpha-1","Estado biaxial uniforme","Acciones prescritas","Interfaz: αδ = 1.00",1,"N",502,4.331127736017,248.155339805825,-122.396778039697,"kN/m","DE"
"interface-alpha-1","Estado biaxial uniforme","Acciones prescritas","Interfaz: αδ = 1.00",1,"N",503,4.3398422787454,248.654646324549,-122.788932882909,"kN/m","DE"
"interface-alpha-1","Estado biaxial uniforme","Acciones prescritas","Interfaz: αδ = 1.00",1,"N",504,4.3485568214738,249.153952843273,-123.173747561071,"kN/m","DE"
"interface-alpha-1","Estado biaxial uniforme","Acciones prescritas","Interfaz: αδ = 1.00",1,"N",505,4.35727136420221,249.653259361997,-123.551105180828,"kN/m","DE"
"interface-alpha-1","Estado biaxial uniforme","Acciones prescritas","Interfaz: αδ = 1.00",1,"N",506,4.36598590693061,250.152565880721,-123.920891114015,"kN/m","DE"
"interface-alpha-1","Estado biaxial uniforme","Acciones prescritas","Interfaz: αδ = 1.00",1,"N",507,4.37470044965902,250.651872399445,-124.282993032489,"kN/m","DE"
"interface-alpha-1","Estado biaxial uniforme","Acciones prescritas","Interfaz: αδ = 1.00",1,"N",508,4.38341499238742,251.151178918169,-124.637300942239,"kN/m","DE"
"interface-alpha-1","Estado biaxial uniforme","Acciones prescritas","Interfaz: αδ = 1.00",1,"N",509,4.39212953511583,251.650485436893,-124.983707216807,"kN/m","DE"
"interface-alpha-1","Estado biaxial uniforme","Acciones prescritas","Interfaz: αδ = 1.00",1,"N",510,4.40084407784423,252.149791955617,-125.322106629975,"kN/m","DE"
"interface-alpha-1","Estado biaxial uniforme","Acciones prescritas","Interfaz: αδ = 1.00",1,"N",511,4.40955862057264,252.649098474341,-125.652396387736,"kN/m","DE"
"interface-alpha-1","Estado biaxial uniforme","Acciones prescritas","Interfaz: αδ = 1.00",1,"N",512,4.41827316330104,253.148404993065,-125.974476159511,"kN/m","DE"
"interface-alpha-1","Estado biaxial uniforme","Acciones prescritas","Interfaz: αδ = 1.00",1,"N",513,4.42698770602945,253.647711511789,-126.288248108633,"kN/m","DE"
"interface-alpha-1","Estado biaxial uniforme","Acciones prescritas","Interfaz: αδ = 1.00",1,"N",514,4.43570224875785,254.147018030513,-126.593616922061,"kN/m","DE"
"interface-alpha-1","Estado biaxial uniforme","Acciones prescritas","Interfaz: αδ = 1.00",1,"N",515,4.44441679148625,254.646324549237,-126.890489839337,"kN/m","DE"
"interface-alpha-1","Estado biaxial uniforme","Acciones prescritas","Interfaz: αδ = 1.00",1,"N",516,4.45313133421466,255.145631067961,-127.178776680762,"kN/m","DE"
"interface-alpha-1","Estado biaxial uniforme","Acciones prescritas","Interfaz: αδ = 1.00",1,"N",517,4.46184587694306,255.644937586685,-127.458389874788,"kN/m","DE"
"interface-alpha-1","Estado biaxial uniforme","Acciones prescritas","Interfaz: αδ = 1.00",1,"N",518,4.47056041967147,256.144244105409,-127.72924448462,"kN/m","DE"
"interface-alpha-1","Estado biaxial uniforme","Acciones prescritas","Interfaz: αδ = 1.00",1,"N",519,4.47927496239987,256.643550624133,-127.99125823402,"kN/m","DE"
"interface-alpha-1","Estado biaxial uniforme","Acciones prescritas","Interfaz: αδ = 1.00",1,"N",520,4.48798950512828,257.142857142857,-128.244351532293,"kN/m","DE"
"interface-alpha-1","Estado biaxial uniforme","Acciones prescritas","Interfaz: αδ = 1.00",1,"N",521,4.49670404785668,257.642163661581,-128.48844749847,"kN/m","DE"
"interface-alpha-1","Estado biaxial uniforme","Acciones prescritas","Interfaz: αδ = 1.00",1,"N",522,4.50541859058508,258.141470180305,-128.72347198466,"kN/m","DE"
"interface-alpha-1","Estado biaxial uniforme","Acciones prescritas","Interfaz: αδ = 1.00",1,"N",523,4.51413313331349,258.640776699029,-128.949353598572,"kN/m","DE"
"interface-alpha-1","Estado biaxial uniforme","Acciones prescritas","Interfaz: αδ = 1.00",1,"N",524,4.52284767604189,259.140083217753,-129.166023725203,"kN/m","DE"
"interface-alpha-1","Estado biaxial uniforme","Acciones prescritas","Interfaz: αδ = 1.00",1,"N",525,4.5315622187703,259.639389736477,-129.373416547681,"kN/m","DE"
"interface-alpha-1","Estado biaxial uniforme","Acciones prescritas","Interfaz: αδ = 1.00",1,"N",526,4.5402767614987,260.138696255201,-129.571469067256,"kN/m","DE"
"interface-alpha-1","Estado biaxial uniforme","Acciones prescritas","Interfaz: αδ = 1.00",1,"N",527,4.54899130422711,260.638002773925,-129.760121122439,"kN/m","DE"
"interface-alpha-1","Estado biaxial uniforme","Acciones prescritas","Interfaz: αδ = 1.00",1,"N",528,4.55770584695551,261.137309292649,-129.939315407276,"kN/m","DE"
"interface-alpha-1","Estado biaxial uniforme","Acciones prescritas","Interfaz: αδ = 1.00",1,"N",529,4.56642038968392,261.636615811373,-130.108997488758,"kN/m","DE"
"interface-alpha-1","Estado biaxial uniforme","Acciones prescritas","Interfaz: αδ = 1.00",1,"N",530,4.57513493241232,262.135922330097,-130.269115823349,"kN/m","DE"
"interface-alpha-1","Estado biaxial uniforme","Acciones prescritas","Interfaz: αδ = 1.00",1,"N",531,4.58384947514072,262.635228848821,-130.419621772651,"kN/m","DE"
"interface-alpha-1","Estado biaxial uniforme","Acciones prescritas","Interfaz: αδ = 1.00",1,"N",532,4.59256401786913,263.134535367545,-130.560469618175,"kN/m","DE"
"interface-alpha-1","Estado biaxial uniforme","Acciones prescritas","Interfaz: αδ = 1.00",1,"N",533,4.60127856059753,263.633841886269,-130.691616575228,"kN/m","DE"
"interface-alpha-1","Estado biaxial uniforme","Acciones prescritas","Interfaz: αδ = 1.00",1,"N",534,4.60999310332594,264.133148404993,-130.813022805913,"kN/m","DE"
"interface-alpha-1","Estado biaxial uniforme","Acciones prescritas","Interfaz: αδ = 1.00",1,"N",535,4.61870764605434,264.632454923717,-130.924651431224,"kN/m","DE"
"interface-alpha-1","Estado biaxial uniforme","Acciones prescritas","Interfaz: αδ = 1.00",1,"N",536,4.62742218878275,265.131761442441,-131.026468542256,"kN/m","DE"
"interface-alpha-1","Estado biaxial uniforme","Acciones prescritas","Interfaz: αδ = 1.00",1,"N",537,4.63613673151115,265.631067961165,-131.118443210501,"kN/m","DE"
"interface-alpha-1","Estado biaxial uniforme","Acciones prescritas","Interfaz: αδ = 1.00",1,"N",538,4.64485127423955,266.130374479889,-131.200547497242,"kN/m","DE"
"interface-alpha-1","Estado biaxial uniforme","Acciones prescritas","Interfaz: αδ = 1.00",1,"N",539,4.65356581696796,266.629680998613,-131.272756462045,"kN/m","DE"
"interface-alpha-1","Estado biaxial uniforme","Acciones prescritas","Interfaz: αδ = 1.00",1,"N",540,4.66228035969636,267.128987517337,-131.335048170329,"kN/m","DE"
"interface-alpha-1","Estado biaxial uniforme","Acciones prescritas","Interfaz: αδ = 1.00",1,"N",541,4.67099490242477,267.628294036061,-131.387403700034,"kN/m","DE"
"interface-alpha-1","Estado biaxial uniforme","Acciones prescritas","Interfaz: αδ = 1.00",1,"N",542,4.67970944515317,268.127600554785,-131.429807147363,"kN/m","DE"
"interface-alpha-1","Estado biaxial uniforme","Acciones prescritas","Interfaz: αδ = 1.00",1,"N",543,4.68842398788158,268.626907073509,-131.46224563162,"kN/m","DE"
"interface-alpha-1","Estado biaxial uniforme","Acciones prescritas","Interfaz: αδ = 1.00",1,"N",544,4.69713853060998,269.126213592233,-131.484709299118,"kN/m","DE"
"interface-alpha-1","Estado biaxial uniforme","Acciones prescritas","Interfaz: αδ = 1.00",1,"N",545,4.70585307333839,269.625520110957,-131.497191326174,"kN/m","DE"
"interface-alpha-1","Estado biaxial uniforme","Acciones prescritas","Interfaz: αδ = 1.00",1,"N",546,4.71238898038469,270,-131.500000000001,"kN/m","DE"
"interface-alpha-1","Estado biaxial uniforme","Acciones prescritas","Interfaz: αδ = 1.00",1,"N",547,4.71456761606679,270.124826629681,-131.499687921181,"kN/m","DE"
"interface-alpha-1","Estado biaxial uniforme","Acciones prescritas","Interfaz: αδ = 1.00",1,"N",548,4.7232821587952,270.624133148405,-131.492198325759,"kN/m","DE"
"interface-alpha-1","Estado biaxial uniforme","Acciones prescritas","Interfaz: αδ = 1.00",1,"N",549,4.7319967015236,271.123439667129,-131.474724814989,"kN/m","DE"
"interface-alpha-1","Estado biaxial uniforme","Acciones prescritas","Interfaz: αδ = 1.00",1,"N",550,4.740711244252,271.622746185853,-131.447272696716,"kN/m","DE"
"interface-alpha-1","Estado biaxial uniforme","Acciones prescritas","Interfaz: αδ = 1.00",1,"N",551,4.74942578698041,272.122052704577,-131.409850309943,"kN/m","DE"
"interface-alpha-1","Estado biaxial uniforme","Acciones prescritas","Interfaz: αδ = 1.00",1,"N",552,4.75814032970881,272.621359223301,-131.362469022293,"kN/m","DE"
"interface-alpha-1","Estado biaxial uniforme","Acciones prescritas","Interfaz: αδ = 1.00",1,"N",553,4.76685487243722,273.120665742025,-131.305143226559,"kN/m","DE"
"interface-alpha-1","Estado biaxial uniforme","Acciones prescritas","Interfaz: αδ = 1.00",1,"N",554,4.77556941516562,273.619972260749,-131.23789033633,"kN/m","DE"
"interface-alpha-1","Estado biaxial uniforme","Acciones prescritas","Interfaz: αδ = 1.00",1,"N",555,4.78428395789403,274.119278779473,-131.160730780702,"kN/m","DE"
"interface-alpha-1","Estado biaxial uniforme","Acciones prescritas","Interfaz: αδ = 1.00",1,"N",556,4.79299850062243,274.618585298197,-131.073687998074,"kN/m","DE"
"interface-alpha-1","Estado biaxial uniforme","Acciones prescritas","Interfaz: αδ = 1.00",1,"N",557,4.80171304335083,275.117891816921,-130.976788429024,"kN/m","DE"
"interface-alpha-1","Estado biaxial uniforme","Acciones prescritas","Interfaz: αδ = 1.00",1,"N",558,4.81042758607924,275.617198335645,-130.870061508283,"kN/m","DE"
"interface-alpha-1","Estado biaxial uniforme","Acciones prescritas","Interfaz: αδ = 1.00",1,"N",559,4.81914212880764,276.116504854369,-130.753539655789,"kN/m","DE"
"interface-alpha-1","Estado biaxial uniforme","Acciones prescritas","Interfaz: αδ = 1.00",1,"N",560,4.82785667153605,276.615811373093,-130.627258266841,"kN/m","DE"
"interface-alpha-1","Estado biaxial uniforme","Acciones prescritas","Interfaz: αδ = 1.00",1,"N",561,4.83657121426445,277.115117891817,-130.491255701346,"kN/m","DE"
"interface-alpha-1","Estado biaxial uniforme","Acciones prescritas","Interfaz: αδ = 1.00",1,"N",562,4.84528575699286,277.614424410541,-130.345573272169,"kN/m","DE"
"interface-alpha-1","Estado biaxial uniforme","Acciones prescritas","Interfaz: αδ = 1.00",1,"N",563,4.85400029972126,278.113730929265,-130.190255232581,"kN/m","DE"
"interface-alpha-1","Estado biaxial uniforme","Acciones prescritas","Interfaz: αδ = 1.00",1,"N",564,4.86271484244967,278.613037447989,-130.025348762817,"kN/m","DE"
"interface-alpha-1","Estado biaxial uniforme","Acciones prescritas","Interfaz: αδ = 1.00",1,"N",565,4.87142938517807,279.112343966713,-129.850903955747,"kN/m","DE"
"interface-alpha-1","Estado biaxial uniforme","Acciones prescritas","Interfaz: αδ = 1.00",1,"N",566,4.88014392790647,279.611650485437,-129.666973801653,"kN/m","DE"
"interface-alpha-1","Estado biaxial uniforme","Acciones prescritas","Interfaz: αδ = 1.00",1,"N",567,4.88885847063488,280.110957004161,-129.473614172141,"kN/m","DE"
"interface-alpha-1","Estado biaxial uniforme","Acciones prescritas","Interfaz: αδ = 1.00",1,"N",568,4.89757301336328,280.610263522885,-129.270883803161,"kN/m","DE"
"interface-alpha-1","Estado biaxial uniforme","Acciones prescritas","Interfaz: αδ = 1.00",1,"N",569,4.90628755609169,281.109570041609,-129.058844277172,"kN/m","DE"
"interface-alpha-1","Estado biaxial uniforme","Acciones prescritas","Interfaz: αδ = 1.00",1,"N",570,4.91500209882009,281.608876560333,-128.837560004429,"kN/m","DE"
"interface-alpha-1","Estado biaxial uniforme","Acciones prescritas","Interfaz: αδ = 1.00",1,"N",571,4.9237166415485,282.108183079057,-128.607098203424,"kN/m","DE"
"interface-alpha-1","Estado biaxial uniforme","Acciones prescritas","Interfaz: αδ = 1.00",1,"N",572,4.9324311842769,282.607489597781,-128.367528880461,"kN/m","DE"
"interface-alpha-1","Estado biaxial uniforme","Acciones prescritas","Interfaz: αδ = 1.00",1,"N",573,4.94114572700531,283.106796116505,-128.118924808394,"kN/m","DE"
"interface-alpha-1","Estado biaxial uniforme","Acciones prescritas","Interfaz: αδ = 1.00",1,"N",574,4.94986026973371,283.606102635229,-127.861361504522,"kN/m","DE"
"interface-alpha-1","Estado biaxial uniforme","Acciones prescritas","Interfaz: αδ = 1.00",1,"N",575,4.95857481246211,284.105409153953,-127.594917207647,"kN/m","DE"
"interface-alpha-1","Estado biaxial uniforme","Acciones prescritas","Interfaz: αδ = 1.00",1,"N",576,4.96728935519052,284.604715672677,-127.319672854308,"kN/m","DE"
"interface-alpha-1","Estado biaxial uniforme","Acciones prescritas","Interfaz: αδ = 1.00",1,"N",577,4.97600389791892,285.104022191401,-127.035712054197,"kN/m","DE"
"interface-alpha-1","Estado biaxial uniforme","Acciones prescritas","Interfaz: αδ = 1.00",1,"N",578,4.98471844064733,285.603328710125,-126.743121064761,"kN/m","DE"
"interface-alpha-1","Estado biaxial uniforme","Acciones prescritas","Interfaz: αδ = 1.00",1,"N",579,4.99343298337573,286.102635228849,-126.441988764997,"kN/m","DE"
"interface-alpha-1","Estado biaxial uniforme","Acciones prescritas","Interfaz: αδ = 1.00",1,"N",580,5.00214752610414,286.601941747573,-126.132406628459,"kN/m","DE"
"interface-alpha-1","Estado biaxial uniforme","Acciones prescritas","Interfaz: αδ = 1.00",1,"N",581,5.01086206883254,287.101248266297,-125.814468695467,"kN/m","DE"
"interface-alpha-1","Estado biaxial uniforme","Acciones prescritas","Interfaz: αδ = 1.00",1,"N",582,5.01957661156095,287.600554785021,-125.48827154454,"kN/m","DE"
"interface-alpha-1","Estado biaxial uniforme","Acciones prescritas","Interfaz: αδ = 1.00",1,"N",583,5.02829115428935,288.099861303745,-125.153914263066,"kN/m","DE"
"interface-alpha-1","Estado biaxial uniforme","Acciones prescritas","Interfaz: αδ = 1.00",1,"N",584,5.03700569701775,288.599167822469,-124.811498417193,"kN/m","DE"
"interface-alpha-1","Estado biaxial uniforme","Acciones prescritas","Interfaz: αδ = 1.00",1,"N",585,5.04572023974616,289.098474341193,-124.461128020984,"kN/m","DE"
"interface-alpha-1","Estado biaxial uniforme","Acciones prescritas","Interfaz: αδ = 1.00",1,"N",586,5.05443478247456,289.597780859917,-124.102909504818,"kN/m","DE"
"interface-alpha-1","Estado biaxial uniforme","Acciones prescritas","Interfaz: αδ = 1.00",1,"N",587,5.06314932520297,290.097087378641,-123.736951683061,"kN/m","DE"
"interface-alpha-1","Estado biaxial uniforme","Acciones prescritas","Interfaz: αδ = 1.00",1,"N",588,5.07186386793137,290.596393897365,-123.363365721012,"kN/m","DE"
"interface-alpha-1","Estado biaxial uniforme","Acciones prescritas","Interfaz: αδ = 1.00",1,"N",589,5.08057841065978,291.095700416089,-122.982265101133,"kN/m","DE"
"interface-alpha-1","Estado biaxial uniforme","Acciones prescritas","Interfaz: αδ = 1.00",1,"N",590,5.08929295338818,291.595006934813,-122.593765588581,"kN/m","DE"
"interface-alpha-1","Estado biaxial uniforme","Acciones prescritas","Interfaz: αδ = 1.00",1,"N",591,5.09800749611659,292.094313453537,-122.197985196037,"kN/m","DE"
"interface-alpha-1","Estado biaxial uniforme","Acciones prescritas","Interfaz: αδ = 1.00",1,"N",592,5.10672203884499,292.593619972261,-121.795044147864,"kN/m","DE"
"interface-alpha-1","Estado biaxial uniforme","Acciones prescritas","Interfaz: αδ = 1.00",1,"N",593,5.11543658157339,293.092926490985,-121.385064843582,"kN/m","DE"
"interface-alpha-1","Estado biaxial uniforme","Acciones prescritas","Interfaz: αδ = 1.00",1,"N",594,5.1241511243018,293.592233009709,-120.96817182069,"kN/m","DE"
"interface-alpha-1","Estado biaxial uniforme","Acciones prescritas","Interfaz: αδ = 1.00",1,"N",595,5.1328656670302,294.091539528433,-120.544491716834,"kN/m","DE"
"interface-alpha-1","Estado biaxial uniforme","Acciones prescritas","Interfaz: αδ = 1.00",1,"N",596,5.14158020975861,294.590846047157,-120.11415323134,"kN/m","DE"
"interface-alpha-1","Estado biaxial uniforme","Acciones prescritas","Interfaz: αδ = 1.00",1,"N",597,5.15029475248701,295.090152565881,-119.677287086122,"kN/m","DE"
"interface-alpha-1","Estado biaxial uniforme","Acciones prescritas","Interfaz: αδ = 1.00",1,"N",598,5.15900929521542,295.589459084605,-119.234025985968,"kN/m","DE"
"interface-alpha-1","Estado biaxial uniforme","Acciones prescritas","Interfaz: αδ = 1.00",1,"N",599,5.16772383794382,296.088765603329,-118.784504578232,"kN/m","DE"
"interface-alpha-1","Estado biaxial uniforme","Acciones prescritas","Interfaz: αδ = 1.00",1,"N",600,5.17643838067223,296.588072122053,-118.328859411934,"kN/m","DE"
"interface-alpha-1","Estado biaxial uniforme","Acciones prescritas","Interfaz: αδ = 1.00",1,"N",601,5.18515292340063,297.087378640777,-117.867228896276,"kN/m","DE"
"interface-alpha-1","Estado biaxial uniforme","Acciones prescritas","Interfaz: αδ = 1.00",1,"N",602,5.19386746612903,297.586685159501,-117.399753258607,"kN/m","DE"
"interface-alpha-1","Estado biaxial uniforme","Acciones prescritas","Interfaz: αδ = 1.00",1,"N",603,5.20258200885744,298.085991678225,-116.926574501816,"kN/m","DE"
"interface-alpha-1","Estado biaxial uniforme","Acciones prescritas","Interfaz: αδ = 1.00",1,"N",604,5.21129655158584,298.585298196949,-116.447836361205,"kN/m","DE"
"interface-alpha-1","Estado biaxial uniforme","Acciones prescritas","Interfaz: αδ = 1.00",1,"N",605,5.22001109431425,299.084604715673,-115.963684260823,"kN/m","DE"
"interface-alpha-1","Estado biaxial uniforme","Acciones prescritas","Interfaz: αδ = 1.00",1,"N",606,5.22872563704265,299.583911234397,-115.474265269294,"kN/m","DE"
"interface-alpha-1","Estado biaxial uniforme","Acciones prescritas","Interfaz: αδ = 1.00",1,"N",607,5.23744017977106,300.083217753121,-114.979728055138,"kN/m","DE"
"interface-alpha-1","Estado biaxial uniforme","Acciones prescritas","Interfaz: αδ = 1.00",1,"N",608,5.24615472249946,300.582524271845,-114.480222841615,"kN/m","DE"
"interface-alpha-1","Estado biaxial uniforme","Acciones prescritas","Interfaz: αδ = 1.00",1,"N",609,5.25486926522786,301.081830790569,-113.975901361092,"kN/m","DE"
"interface-alpha-1","Estado biaxial uniforme","Acciones prescritas","Interfaz: αδ = 1.00",1,"N",610,5.26358380795627,301.581137309293,-113.46691680895,"kN/m","DE"
"interface-alpha-1","Estado biaxial uniforme","Acciones prescritas","Interfaz: αδ = 1.00",1,"N",611,5.27229835068467,302.080443828017,-112.95342379705,"kN/m","DE"
"interface-alpha-1","Estado biaxial uniforme","Acciones prescritas","Interfaz: αδ = 1.00",1,"N",612,5.28101289341308,302.579750346741,-112.435578306764,"kN/m","DE"
"interface-alpha-1","Estado biaxial uniforme","Acciones prescritas","Interfaz: αδ = 1.00",1,"N",613,5.28972743614148,303.079056865465,-111.913537641601,"kN/m","DE"
"interface-alpha-1","Estado biaxial uniforme","Acciones prescritas","Interfaz: αδ = 1.00",1,"N",614,5.29844197886989,303.578363384189,-111.387460379414,"kN/m","DE"
"interface-alpha-1","Estado biaxial uniforme","Acciones prescritas","Interfaz: αδ = 1.00",1,"N",615,5.30715652159829,304.077669902913,-110.857506324237,"kN/m","DE"
"interface-alpha-1","Estado biaxial uniforme","Acciones prescritas","Interfaz: αδ = 1.00",1,"N",616,5.3158710643267,304.576976421637,-110.323836457738,"kN/m","DE"
"interface-alpha-1","Estado biaxial uniforme","Acciones prescritas","Interfaz: αδ = 1.00",1,"N",617,5.3245856070551,305.076282940361,-109.786612890321,"kN/m","DE"
"interface-alpha-1","Estado biaxial uniforme","Acciones prescritas","Interfaz: αδ = 1.00",1,"N",618,5.3333001497835,305.575589459085,-109.24599881188,"kN/m","DE"
"interface-alpha-1","Estado biaxial uniforme","Acciones prescritas","Interfaz: αδ = 1.00",1,"N",619,5.34201469251191,306.074895977809,-108.702158442229,"kN/m","DE"
"interface-alpha-1","Estado biaxial uniforme","Acciones prescritas","Interfaz: αδ = 1.00",1,"N",620,5.35072923524031,306.574202496533,-108.155256981218,"kN/m","DE"
"interface-alpha-1","Estado biaxial uniforme","Acciones prescritas","Interfaz: αδ = 1.00",1,"N",621,5.35944377796872,307.073509015257,-107.605460558548,"kN/m","DE"
"interface-alpha-1","Estado biaxial uniforme","Acciones prescritas","Interfaz: αδ = 1.00",1,"N",622,5.36815832069712,307.572815533981,-107.052936183312,"kN/m","DE"
"interface-alpha-1","Estado biaxial uniforme","Acciones prescritas","Interfaz: αδ = 1.00",1,"N",623,5.37687286342553,308.072122052705,-106.49785169326,"kN/m","DE"
"interface-alpha-1","Estado biaxial uniforme","Acciones prescritas","Interfaz: αδ = 1.00",1,"N",624,5.38558740615393,308.571428571429,-105.940375703814,"kN/m","DE"
"interface-alpha-1","Estado biaxial uniforme","Acciones prescritas","Interfaz: αδ = 1.00",1,"N",625,5.39430194888234,309.070735090153,-105.380677556853,"kN/m","DE"
"interface-alpha-1","Estado biaxial uniforme","Acciones prescritas","Interfaz: αδ = 1.00",1,"N",626,5.40301649161074,309.570041608877,-104.818927269268,"kN/m","DE"
"interface-alpha-1","Estado biaxial uniforme","Acciones prescritas","Interfaz: αδ = 1.00",1,"N",627,5.41173103433914,310.069348127601,-104.255295481322,"kN/m","DE"
"interface-alpha-1","Estado biaxial uniforme","Acciones prescritas","Interfaz: αδ = 1.00",1,"N",628,5.42044557706755,310.568654646325,-103.689953404811,"kN/m","DE"
"interface-alpha-1","Estado biaxial uniforme","Acciones prescritas","Interfaz: αδ = 1.00",1,"N",629,5.42916011979595,311.067961165049,-103.123072771056,"kN/m","DE"
"interface-alpha-1","Estado biaxial uniforme","Acciones prescritas","Interfaz: αδ = 1.00",1,"N",630,5.43787466252436,311.567267683773,-102.554825778742,"kN/m","DE"
"interface-alpha-1","Estado biaxial uniforme","Acciones prescritas","Interfaz: αδ = 1.00",1,"N",631,5.44658920525276,312.066574202496,-101.985385041602,"kN/m","DE"
"interface-alpha-1","Estado biaxial uniforme","Acciones prescritas","Interfaz: αδ = 1.00",1,"N",632,5.45530374798117,312.565880721221,-101.414923535991,"kN/m","DE"
"interface-alpha-1","Estado biaxial uniforme","Acciones prescritas","Interfaz: αδ = 1.00",1,"N",633,5.46401829070957,313.065187239944,-100.843614548337,"kN/m","DE"
"interface-alpha-1","Estado biaxial uniforme","Acciones prescritas","Interfaz: αδ = 1.00",1,"N",634,5.47273283343798,313.564493758669,-100.271631622501,"kN/m","DE"
"interface-alpha-1","Estado biaxial uniforme","Acciones prescritas","Interfaz: αδ = 1.00",1,"N",635,5.48144737616638,314.063800277393,-99.6991485070672,"kN/m","DE"
"interface-alpha-1","Estado biaxial uniforme","Acciones prescritas","Interfaz: αδ = 1.00",1,"N",636,5.49016191889478,314.563106796117,-99.1263391025576,"kN/m","DE"
"interface-alpha-1","Estado biaxial uniforme","Acciones prescritas","Interfaz: αδ = 1.00",1,"N",637,5.49778714378214,315,-98.6250000000002,"kN/m","DE"
"interface-alpha-1","Estado biaxial uniforme","Acciones prescritas","Interfaz: αδ = 1.00",1,"N",638,5.49887646162319,315.06241331484,-98.55337740861,"kN/m","DE"
"interface-alpha-1","Estado biaxial uniforme","Acciones prescritas","Interfaz: αδ = 1.00",1,"N",639,5.50759100435159,315.561719833564,-97.9804374711225,"kN/m","DE"
"interface-alpha-1","Estado biaxial uniforme","Acciones prescritas","Interfaz: αδ = 1.00",1,"N",640,5.51630554708,316.061026352288,-97.4076933293844,"kN/m","DE"
"interface-alpha-1","Estado biaxial uniforme","Acciones prescritas","Interfaz: αδ = 1.00",1,"N",641,5.5250200898084,316.560332871013,-96.8353189632089,"kN/m","DE"
"interface-alpha-1","Estado biaxial uniforme","Acciones prescritas","Interfaz: αδ = 1.00",1,"N",642,5.53373463253681,317.059639389736,-96.2634882400844,"kN/m","DE"
"interface-alpha-1","Estado biaxial uniforme","Acciones prescritas","Interfaz: αδ = 1.00",1,"N",643,5.54244917526521,317.55894590846,-95.6923748623591,"kN/m","DE"
"interface-alpha-1","Estado biaxial uniforme","Acciones prescritas","Interfaz: αδ = 1.00",1,"N",644,5.55116371799361,318.058252427184,-95.1221523144768,"kN/m","DE"
"interface-alpha-1","Estado biaxial uniforme","Acciones prescritas","Interfaz: αδ = 1.00",1,"N",645,5.55987826072202,318.557558945908,-94.552993810278,"kN/m","DE"
"interface-alpha-1","Estado biaxial uniforme","Acciones prescritas","Interfaz: αδ = 1.00",1,"N",646,5.56859280345042,319.056865464632,-93.9850722403836,"kN/m","DE"
"interface-alpha-1","Estado biaxial uniforme","Acciones prescritas","Interfaz: αδ = 1.00",1,"N",647,5.57730734617883,319.556171983356,-93.4185601196767,"kN/m","DE"
"interface-alpha-1","Estado biaxial uniforme","Acciones prescritas","Interfaz: αδ = 1.00",1,"N",648,5.58602188890723,320.05547850208,-92.8536295348987,"kN/m","DE"
"interface-alpha-1","Estado biaxial uniforme","Acciones prescritas","Interfaz: αδ = 1.00",1,"N",649,5.59473643163564,320.554785020804,-92.2904520923753,"kN/m","DE"
"interface-alpha-1","Estado biaxial uniforme","Acciones prescritas","Interfaz: αδ = 1.00",1,"N",650,5.60345097436404,321.054091539528,-91.729198865888,"kN/m","DE"
"interface-alpha-1","Estado biaxial uniforme","Acciones prescritas","Interfaz: αδ = 1.00",1,"N",651,5.61216551709245,321.553398058252,-91.1700403447084,"kN/m","DE"
"interface-alpha-1","Estado biaxial uniforme","Acciones prescritas","Interfaz: αδ = 1.00",1,"N",652,5.62088005982085,322.052704576976,-90.6131463818096,"kN/m","DE"
"interface-alpha-1","Estado biaxial uniforme","Acciones prescritas","Interfaz: αδ = 1.00",1,"N",653,5.62959460254925,322.5520110957,-90.0586861422697,"kN/m","DE"
"interface-alpha-1","Estado biaxial uniforme","Acciones prescritas","Interfaz: αδ = 1.00",1,"N",654,5.63830914527766,323.051317614424,-89.5068280518866,"kN/m","DE"
"interface-alpha-1","Estado biaxial uniforme","Acciones prescritas","Interfaz: αδ = 1.00",1,"N",655,5.64702368800606,323.550624133148,-88.9577397460153,"kN/m","DE"
"interface-alpha-1","Estado biaxial uniforme","Acciones prescritas","Interfaz: αδ = 1.00",1,"N",656,5.65573823073447,324.049930651872,-88.4115880186461,"kN/m","DE"
"interface-alpha-1","Estado biaxial uniforme","Acciones prescritas","Interfaz: αδ = 1.00",1,"N",657,5.66445277346287,324.549237170596,-87.868538771739,"kN/m","DE"
"interface-alpha-1","Estado biaxial uniforme","Acciones prescritas","Interfaz: αδ = 1.00",1,"N",658,5.67316731619128,325.04854368932,-87.3287569648276,"kN/m","DE"
"interface-alpha-1","Estado biaxial uniforme","Acciones prescritas","Interfaz: αδ = 1.00",1,"N",659,5.68188185891968,325.547850208044,-86.7924065649107,"kN/m","DE"
"interface-alpha-1","Estado biaxial uniforme","Acciones prescritas","Interfaz: αδ = 1.00",1,"N",660,5.69059640164809,326.047156726768,-86.2596504966444,"kN/m","DE"
"interface-alpha-1","Estado biaxial uniforme","Acciones prescritas","Interfaz: αδ = 1.00",1,"N",661,5.69931094437649,326.546463245492,-85.730650592852,"kN/m","DE"
"interface-alpha-1","Estado biaxial uniforme","Acciones prescritas","Interfaz: αδ = 1.00",1,"N",662,5.70802548710489,327.045769764216,-85.2055675453636,"kN/m","DE"
"interface-alpha-1","Estado biaxial uniforme","Acciones prescritas","Interfaz: αδ = 1.00",1,"N",663,5.7167400298333,327.54507628294,-84.6845608562047,"kN/m","DE"
"interface-alpha-1","Estado biaxial uniforme","Acciones prescritas","Interfaz: αδ = 1.00",1,"N",664,5.7254545725617,328.044382801664,-84.1677887891438,"kN/m","DE"
"interface-alpha-1","Estado biaxial uniforme","Acciones prescritas","Interfaz: αδ = 1.00",1,"N",665,5.73416911529011,328.543689320388,-83.6554083216189,"kN/m","DE"
"interface-alpha-1","Estado biaxial uniforme","Acciones prescritas","Interfaz: αδ = 1.00",1,"N",666,5.74288365801851,329.042995839112,-83.1475750970517,"kN/m","DE"
"interface-alpha-1","Estado biaxial uniforme","Acciones prescritas","Interfaz: αδ = 1.00",1,"N",667,5.75159820074692,329.542302357836,-82.6444433775692,"kN/m","DE"
"interface-alpha-1","Estado biaxial uniforme","Acciones prescritas","Interfaz: αδ = 1.00",1,"N",668,5.76031274347532,330.04160887656,-82.1461659971443,"kN/m","DE"
"interface-alpha-1","Estado biaxial uniforme","Acciones prescritas","Interfaz: αδ = 1.00",1,"N",669,5.76902728620373,330.540915395284,-81.65289431517,"kN/m","DE"
"interface-alpha-1","Estado biaxial uniforme","Acciones prescritas","Interfaz: αδ = 1.00",1,"N",670,5.77774182893213,331.040221914008,-81.1647781704815,"kN/m","DE"
"interface-alpha-1","Estado biaxial uniforme","Acciones prescritas","Interfaz: αδ = 1.00",1,"N",671,5.78645637166053,331.539528432732,-80.6819658358407,"kN/m","DE"
"interface-alpha-1","Estado biaxial uniforme","Acciones prescritas","Interfaz: αδ = 1.00",1,"N",672,5.79517091438894,332.038834951456,-80.2046039728958,"kN/m","DE"
"interface-alpha-1","Estado biaxial uniforme","Acciones prescritas","Interfaz: αδ = 1.00",1,"N",673,5.80388545711734,332.53814147018,-79.7328375876307,"kN/m","DE"
"interface-alpha-1","Estado biaxial uniforme","Acciones prescritas","Interfaz: αδ = 1.00",1,"N",674,5.81259999984575,333.037447988904,-79.2668099863171,"kN/m","DE"
"interface-alpha-1","Estado biaxial uniforme","Acciones prescritas","Interfaz: αδ = 1.00",1,"N",675,5.82131454257415,333.536754507628,-78.8066627319831,"kN/m","DE"
"interface-alpha-1","Estado biaxial uniforme","Acciones prescritas","Interfaz: αδ = 1.00",1,"N",676,5.83002908530256,334.036061026352,-78.3525356014115,"kN/m","DE"
"interface-alpha-1","Estado biaxial uniforme","Acciones prescritas","Interfaz: αδ = 1.00",1,"N",677,5.83874362803096,334.535367545076,-77.9045665426799,"kN/m","DE"
"interface-alpha-1","Estado biaxial uniforme","Acciones prescritas","Interfaz: αδ = 1.00",1,"N",678,5.84745817075936,335.0346740638,-77.4628916332573,"kN/m","DE"
"interface-alpha-1","Estado biaxial uniforme","Acciones prescritas","Interfaz: αδ = 1.00",1,"N",679,5.85617271348777,335.533980582524,-77.0276450386683,"kN/m","DE"
"interface-alpha-1","Estado biaxial uniforme","Acciones prescritas","Interfaz: αδ = 1.00",1,"N",680,5.86488725621617,336.033287101248,-76.5989589717385,"kN/m","DE"
"interface-alpha-1","Estado biaxial uniforme","Acciones prescritas","Interfaz: αδ = 1.00",1,"N",681,5.87360179894458,336.532593619972,-76.1769636524324,"kN/m","DE"
"interface-alpha-1","Estado biaxial uniforme","Acciones prescritas","Interfaz: αδ = 1.00",1,"N",682,5.88231634167298,337.031900138696,-75.7617872682976,"kN/m","DE"
"interface-alpha-1","Estado biaxial uniforme","Acciones prescritas","Interfaz: αδ = 1.00",1,"N",683,5.89103088440139,337.53120665742,-75.3535559355254,"kN/m","DE"
"interface-alpha-1","Estado biaxial uniforme","Acciones prescritas","Interfaz: αδ = 1.00",1,"N",684,5.89974542712979,338.030513176144,-74.9523936606414,"kN/m","DE"
"interface-alpha-1","Estado biaxial uniforme","Acciones prescritas","Interfaz: αδ = 1.00",1,"N",685,5.9084599698582,338.529819694868,-74.5584223028364,"kN/m","DE"
"interface-alpha-1","Estado biaxial uniforme","Acciones prescritas","Interfaz: αδ = 1.00",1,"N",686,5.9171745125866,339.029126213592,-74.17176153695,"kN/m","DE"
"interface-alpha-1","Estado biaxial uniforme","Acciones prescritas","Interfaz: αδ = 1.00",1,"N",687,5.925889055315,339.528432732316,-73.7925288171174,"kN/m","DE"
"interface-alpha-1","Estado biaxial uniforme","Acciones prescritas","Interfaz: αδ = 1.00",1,"N",688,5.93460359804341,340.02773925104,-73.4208393410909,"kN/m","DE"
"interface-alpha-1","Estado biaxial uniforme","Acciones prescritas","Interfaz: αδ = 1.00",1,"N",689,5.94331814077181,340.527045769764,-73.0568060152469,"kN/m","DE"
"interface-alpha-1","Estado biaxial uniforme","Acciones prescritas","Interfaz: αδ = 1.00",1,"N",690,5.95203268350022,341.026352288488,-72.7005394202887,"kN/m","DE"
"interface-alpha-1","Estado biaxial uniforme","Acciones prescritas","Interfaz: αδ = 1.00",1,"N",691,5.96074722622862,341.525658807212,-72.3521477776562,"kN/m","DE"
"interface-alpha-1","Estado biaxial uniforme","Acciones prescritas","Interfaz: αδ = 1.00",1,"N",692,5.96946176895703,342.024965325936,-72.0117369166518,"kN/m","DE"
"interface-alpha-1","Estado biaxial uniforme","Acciones prescritas","Interfaz: αδ = 1.00",1,"N",693,5.97817631168543,342.52427184466,-71.6794102422929,"kN/m","DE"
"interface-alpha-1","Estado biaxial uniforme","Acciones prescritas","Interfaz: αδ = 1.00",1,"N",694,5.98689085441384,343.023578363384,-71.3552687039016,"kN/m","DE"
"interface-alpha-1","Estado biaxial uniforme","Acciones prescritas","Interfaz: αδ = 1.00",1,"N",695,5.99560539714224,343.522884882108,-71.0394107644392,"kN/m","DE"
"interface-alpha-1","Estado biaxial uniforme","Acciones prescritas","Interfaz: αδ = 1.00",1,"N",696,6.00431993987064,344.022191400832,-70.731932370597,"kN/m","DE"
"interface-alpha-1","Estado biaxial uniforme","Acciones prescritas","Interfaz: αδ = 1.00",1,"N",697,6.01303448259905,344.521497919556,-70.4329269236508,"kN/m","DE"
"interface-alpha-1","Estado biaxial uniforme","Acciones prescritas","Interfaz: αδ = 1.00",1,"N",698,6.02174902532745,345.02080443828,-70.1424852510888,"kN/m","DE"
"interface-alpha-1","Estado biaxial uniforme","Acciones prescritas","Interfaz: αδ = 1.00",1,"N",699,6.03046356805586,345.520110957004,-69.8606955790217,"kN/m","DE"
"interface-alpha-1","Estado biaxial uniforme","Acciones prescritas","Interfaz: αδ = 1.00",1,"N",700,6.03917811078426,346.019417475728,-69.5876435053821,"kN/m","DE"
"interface-alpha-1","Estado biaxial uniforme","Acciones prescritas","Interfaz: αδ = 1.00",1,"N",701,6.04789265351267,346.518723994452,-69.3234119739234,"kN/m","DE"
"interface-alpha-1","Estado biaxial uniforme","Acciones prescritas","Interfaz: αδ = 1.00",1,"N",702,6.05660719624107,347.018030513176,-69.0680812490239,"kN/m","DE"
"interface-alpha-1","Estado biaxial uniforme","Acciones prescritas","Interfaz: αδ = 1.00",1,"N",703,6.06532173896948,347.5173370319,-68.8217288913056,"kN/m","DE"
"interface-alpha-1","Estado biaxial uniforme","Acciones prescritas","Interfaz: αδ = 1.00",1,"N",704,6.07403628169788,348.016643550624,-68.5844297340737,"kN/m","DE"
"interface-alpha-1","Estado biaxial uniforme","Acciones prescritas","Interfaz: αδ = 1.00",1,"N",705,6.08275082442628,348.515950069348,-68.3562558605851,"kN/m","DE"
"interface-alpha-1","Estado biaxial uniforme","Acciones prescritas","Interfaz: αδ = 1.00",1,"N",706,6.09146536715469,349.015256588072,-68.1372765821517,"kN/m","DE"
"interface-alpha-1","Estado biaxial uniforme","Acciones prescritas","Interfaz: αδ = 1.00",1,"N",707,6.10017990988309,349.514563106796,-67.9275584170865,"kN/m","DE"
"interface-alpha-1","Estado biaxial uniforme","Acciones prescritas","Interfaz: αδ = 1.00",1,"N",708,6.1088944526115,350.01386962552,-67.7271650704969,"kN/m","DE"
"interface-alpha-1","Estado biaxial uniforme","Acciones prescritas","Interfaz: αδ = 1.00",1,"N",709,6.1176089953399,350.513176144244,-67.536157414934,"kN/m","DE"
"interface-alpha-1","Estado biaxial uniforme","Acciones prescritas","Interfaz: αδ = 1.00",1,"N",710,6.12632353806831,351.012482662968,-67.3545934719016,"kN/m","DE"
"interface-alpha-1","Estado biaxial uniforme","Acciones prescritas","Interfaz: αδ = 1.00",1,"N",711,6.13503808079671,351.511789181692,-67.1825283942305,"kN/m","DE"
"interface-alpha-1","Estado biaxial uniforme","Acciones prescritas","Interfaz: αδ = 1.00",1,"N",712,6.14375262352512,352.011095700416,-67.0200144493259,"kN/m","DE"
"interface-alpha-1","Estado biaxial uniforme","Acciones prescritas","Interfaz: αδ = 1.00",1,"N",713,6.15246716625352,352.51040221914,-66.86710100329,"kN/m","DE"
"interface-alpha-1","Estado biaxial uniforme","Acciones prescritas","Interfaz: αδ = 1.00",1,"N",714,6.16118170898192,353.009708737864,-66.7238345059261,"kN/m","DE"
"interface-alpha-1","Estado biaxial uniforme","Acciones prescritas","Interfaz: αδ = 1.00",1,"N",715,6.16989625171033,353.509015256588,-66.5902584766292,"kN/m","DE"
"interface-alpha-1","Estado biaxial uniforme","Acciones prescritas","Interfaz: αδ = 1.00",1,"N",716,6.17861079443873,354.008321775312,-66.4664134911658,"kN/m","DE"
"interface-alpha-1","Estado biaxial uniforme","Acciones prescritas","Interfaz: αδ = 1.00",1,"N",717,6.18732533716714,354.507628294036,-66.3523371693489,"kN/m","DE"
"interface-alpha-1","Estado biaxial uniforme","Acciones prescritas","Interfaz: αδ = 1.00",1,"N",718,6.19603987989554,355.00693481276,-66.24806416361,"kN/m","DE"
"interface-alpha-1","Estado biaxial uniforme","Acciones prescritas","Interfaz: αδ = 1.00",1,"N",719,6.20475442262395,355.506241331484,-66.1536261484731,"kN/m","DE"
"interface-alpha-1","Estado biaxial uniforme","Acciones prescritas","Interfaz: αδ = 1.00",1,"N",720,6.21346896535235,356.005547850208,-66.069051810933,"kN/m","DE"
"interface-alpha-1","Estado biaxial uniforme","Acciones prescritas","Interfaz: αδ = 1.00",1,"N",721,6.22218350808075,356.504854368932,-65.9943668417414,"kN/m","DE"
"interface-alpha-1","Estado biaxial uniforme","Acciones prescritas","Interfaz: αδ = 1.00",1,"N",722,6.23089805080916,357.004160887656,-65.9295939276024,"kN/m","DE"
"interface-alpha-1","Estado biaxial uniforme","Acciones prescritas","Interfaz: αδ = 1.00",1,"N",723,6.23961259353756,357.50346740638,-65.8747527442819,"kN/m","DE"
"interface-alpha-1","Estado biaxial uniforme","Acciones prescritas","Interfaz: αδ = 1.00",1,"N",724,6.24832713626597,358.002773925104,-65.8298599506299,"kN/m","DE"
"interface-alpha-1","Estado biaxial uniforme","Acciones prescritas","Interfaz: αδ = 1.00",1,"N",725,6.25704167899437,358.502080443828,-65.7949291835207,"kN/m","DE"
"interface-alpha-1","Estado biaxial uniforme","Acciones prescritas","Interfaz: αδ = 1.00",1,"N",726,6.26575622172278,359.001386962552,-65.7699710537103,"kN/m","DE"
"interface-alpha-1","Estado biaxial uniforme","Acciones prescritas","Interfaz: αδ = 1.00",1,"N",727,6.27447076445118,359.500693481276,-65.7549931426133,"kN/m","DE"
"interface-alpha-1","Estado biaxial uniforme","Acciones prescritas","Interfaz: αδ = 1.00",1,"M",0,0,0,21.6095245731448,"kN m/m","DE"
"interface-alpha-1","Estado biaxial uniforme","Acciones prescritas","Interfaz: αδ = 1.00",1,"M",1,0.00871454272840442,0.499306518723994,21.6062415818764,"kN m/m","DE"
"interface-alpha-1","Estado biaxial uniforme","Acciones prescritas","Interfaz: αδ = 1.00",1,"M",2,0.0174290854568088,0.998613037447989,21.5963936053301,"kN m/m","DE"
"interface-alpha-1","Estado biaxial uniforme","Acciones prescritas","Interfaz: αδ = 1.00",1,"M",3,0.0261436281852133,1.49791955617198,21.5799836349798,"kN m/m","DE"
"interface-alpha-1","Estado biaxial uniforme","Acciones prescritas","Interfaz: αδ = 1.00",1,"M",4,0.0348581709136177,1.99722607489598,21.5570166556055,"kN m/m","DE"
"interface-alpha-1","Estado biaxial uniforme","Acciones prescritas","Interfaz: αδ = 1.00",1,"M",5,0.0435727136420221,2.49653259361997,21.5274996437793,"kN m/m","DE"
"interface-alpha-1","Estado biaxial uniforme","Acciones prescritas","Interfaz: αδ = 1.00",1,"M",6,0.0522872563704265,2.99583911234397,21.4914415657461,"kN m/m","DE"
"interface-alpha-1","Estado biaxial uniforme","Acciones prescritas","Interfaz: αδ = 1.00",1,"M",7,0.0610017990988309,3.49514563106796,21.4488533746997,"kN m/m","DE"
"interface-alpha-1","Estado biaxial uniforme","Acciones prescritas","Interfaz: αδ = 1.00",1,"M",8,0.0697163418272354,3.99445214979196,21.3997480074562,"kN m/m","DE"
"interface-alpha-1","Estado biaxial uniforme","Acciones prescritas","Interfaz: αδ = 1.00",1,"M",9,0.0784308845556398,4.49375866851595,21.3441403805236,"kN m/m","DE"
"interface-alpha-1","Estado biaxial uniforme","Acciones prescritas","Interfaz: αδ = 1.00",1,"M",10,0.0871454272840442,4.99306518723994,21.2820473855711,"kN m/m","DE"
"interface-alpha-1","Estado biaxial uniforme","Acciones prescritas","Interfaz: αδ = 1.00",1,"M",11,0.0958599700124486,5.49237170596394,21.2134878842978,"kN m/m","DE"
"interface-alpha-1","Estado biaxial uniforme","Acciones prescritas","Interfaz: αδ = 1.00",1,"M",12,0.104574512740853,5.99167822468793,21.1384827027031,"kN m/m","DE"
"interface-alpha-1","Estado biaxial uniforme","Acciones prescritas","Interfaz: αδ = 1.00",1,"M",13,0.113289055469257,6.49098474341193,21.057054624761,"kN m/m","DE"
"interface-alpha-1","Estado biaxial uniforme","Acciones prescritas","Interfaz: αδ = 1.00",1,"M",14,0.122003598197662,6.99029126213592,20.9692283854982,"kN m/m","DE"
"interface-alpha-1","Estado biaxial uniforme","Acciones prescritas","Interfaz: αδ = 1.00",1,"M",15,0.130718140926066,7.48959778085992,20.8750306634815,"kN m/m","DE"
"interface-alpha-1","Estado biaxial uniforme","Acciones prescritas","Interfaz: αδ = 1.00",1,"M",16,0.139432683654471,7.98890429958391,20.7744900727129,"kN m/m","DE"
"interface-alpha-1","Estado biaxial uniforme","Acciones prescritas","Interfaz: αδ = 1.00",1,"M",17,0.148147226382875,8.4882108183079,20.6676371539382,"kN m/m","DE"
"interface-alpha-1","Estado biaxial uniforme","Acciones prescritas","Interfaz: αδ = 1.00",1,"M",18,0.15686176911128,8.9875173370319,20.5545043653694,"kN m/m","DE"
"interface-alpha-1","Estado biaxial uniforme","Acciones prescritas","Interfaz: αδ = 1.00",1,"M",19,0.165576311839684,9.4868238557559,20.4351260728256,"kN m/m","DE"
"interface-alpha-1","Estado biaxial uniforme","Acciones prescritas","Interfaz: αδ = 1.00",1,"M",20,0.174290854568088,9.98613037447989,20.309538539293,"kN m/m","DE"
"interface-alpha-1","Estado biaxial uniforme","Acciones prescritas","Interfaz: αδ = 1.00",1,"M",21,0.183005397296493,10.4854368932039,20.1777799139104,"kN m/m","DE"
"interface-alpha-1","Estado biaxial uniforme","Acciones prescritas","Interfaz: αδ = 1.00",1,"M",22,0.191719940024897,10.9847434119279,20.0398902203799,"kN m/m","DE"
"interface-alpha-1","Estado biaxial uniforme","Acciones prescritas","Interfaz: αδ = 1.00",1,"M",23,0.200434482753302,11.4840499306519,19.89591134481,"kN m/m","DE"
"interface-alpha-1","Estado biaxial uniforme","Acciones prescritas","Interfaz: αδ = 1.00",1,"M",24,0.209149025481706,11.9833564493759,19.7458870229912,"kN m/m","DE"
"interface-alpha-1","Estado biaxial uniforme","Acciones prescritas","Interfaz: αδ = 1.00",1,"M",25,0.21786356821011,12.4826629680999,19.5898628271113,"kN m/m","DE"
"interface-alpha-1","Estado biaxial uniforme","Acciones prescritas","Interfaz: αδ = 1.00",1,"M",26,0.226578110938515,12.9819694868239,19.4278861519115,"kN m/m","DE"
"interface-alpha-1","Estado biaxial uniforme","Acciones prescritas","Interfaz: αδ = 1.00",1,"M",27,0.235292653666919,13.4812760055479,19.2600062002901,"kN m/m","DE"
"interface-alpha-1","Estado biaxial uniforme","Acciones prescritas","Interfaz: αδ = 1.00",1,"M",28,0.244007196395324,13.9805825242718,19.086273968356,"kN m/m","DE"
"interface-alpha-1","Estado biaxial uniforme","Acciones prescritas","Interfaz: αδ = 1.00",1,"M",29,0.252721739123728,14.4798890429958,18.906742229938,"kN m/m","DE"
"interface-alpha-1","Estado biaxial uniforme","Acciones prescritas","Interfaz: αδ = 1.00",1,"M",30,0.261436281852133,14.9791955617198,18.7214655205538,"kN m/m","DE"
"interface-alpha-1","Estado biaxial uniforme","Acciones prescritas","Interfaz: αδ = 1.00",1,"M",31,0.270150824580537,15.4785020804438,18.5305001208444,"kN m/m","DE"
"interface-alpha-1","Estado biaxial uniforme","Acciones prescritas","Interfaz: αδ = 1.00",1,"M",32,0.278865367308941,15.9778085991678,18.3339040394772,"kN m/m","DE"
"interface-alpha-1","Estado biaxial uniforme","Acciones prescritas","Interfaz: αδ = 1.00",1,"M",33,0.287579910037346,16.4771151178918,18.131736995526,"kN m/m","DE"
"interface-alpha-1","Estado biaxial uniforme","Acciones prescritas","Interfaz: αδ = 1.00",1,"M",34,0.29629445276575,16.9764216366158,17.9240604003295,"kN m/m","DE"
"interface-alpha-1","Estado biaxial uniforme","Acciones prescritas","Interfaz: αδ = 1.00",1,"M",35,0.305008995494155,17.4757281553398,17.7109373388371,"kN m/m","DE"
"interface-alpha-1","Estado biaxial uniforme","Acciones prescritas","Interfaz: αδ = 1.00",1,"M",36,0.313723538222559,17.9750346740638,17.4924325504462,"kN m/m","DE"
"interface-alpha-1","Estado biaxial uniforme","Acciones prescritas","Interfaz: αδ = 1.00",1,"M",37,0.322438080950964,18.4743411927878,17.2686124093358,"kN m/m","DE"
"interface-alpha-1","Estado biaxial uniforme","Acciones prescritas","Interfaz: αδ = 1.00",1,"M",38,0.331152623679368,18.9736477115118,17.0395449043049,"kN m/m","DE"
"interface-alpha-1","Estado biaxial uniforme","Acciones prescritas","Interfaz: αδ = 1.00",1,"M",39,0.339867166407772,19.4729542302358,16.80529961812,"kN m/m","DE"
"interface-alpha-1","Estado biaxial uniforme","Acciones prescritas","Interfaz: αδ = 1.00",1,"M",40,0.348581709136177,19.9722607489598,16.5659477063775,"kN m/m","DE"
"interface-alpha-1","Estado biaxial uniforme","Acciones prescritas","Interfaz: αδ = 1.00",1,"M",41,0.357296251864581,20.4715672676838,16.3215618758901,"kN m/m","DE"
"interface-alpha-1","Estado biaxial uniforme","Acciones prescritas","Interfaz: αδ = 1.00",1,"M",42,0.366010794592986,20.9708737864078,16.0722163626001,"kN m/m","DE"
"interface-alpha-1","Estado biaxial uniforme","Acciones prescritas","Interfaz: αδ = 1.00",1,"M",43,0.37472533732139,21.4701803051318,15.8179869090298,"kN m/m","DE"
"interface-alpha-1","Estado biaxial uniforme","Acciones prescritas","Interfaz: αδ = 1.00",1,"M",44,0.383439880049794,21.9694868238558,15.5589507412731,"kN m/m","DE"
"interface-alpha-1","Estado biaxial uniforme","Acciones prescritas","Interfaz: αδ = 1.00",1,"M",45,0.392154422778199,22.4687933425798,15.2951865455368,"kN m/m","DE"
"interface-alpha-1","Estado biaxial uniforme","Acciones prescritas","Interfaz: αδ = 1.00",1,"M",46,0.400868965506603,22.9680998613037,15.0267744442391,"kN m/m","DE"
"interface-alpha-1","Estado biaxial uniforme","Acciones prescritas","Interfaz: αδ = 1.00",1,"M",47,0.409583508235008,23.4674063800277,14.7537959716705,"kN m/m","DE"
"interface-alpha-1","Estado biaxial uniforme","Acciones prescritas","Interfaz: αδ = 1.00",1,"M",48,0.418298050963412,23.9667128987517,14.4763340492268,"kN m/m","DE"
"interface-alpha-1","Estado biaxial uniforme","Acciones prescritas","Interfaz: αδ = 1.00",1,"M",49,0.427012593691816,24.4660194174757,14.1944729602204,"kN m/m","DE"
"interface-alpha-1","Estado biaxial uniforme","Acciones prescritas","Interfaz: αδ = 1.00",1,"M",50,0.435727136420221,24.9653259361997,13.9082983242782,"kN m/m","DE"
"interface-alpha-1","Estado biaxial uniforme","Acciones prescritas","Interfaz: αδ = 1.00",1,"M",51,0.444441679148625,25.4646324549237,13.6178970713328,"kN m/m","DE"
"interface-alpha-1","Estado biaxial uniforme","Acciones prescritas","Interfaz: αδ = 1.00",1,"M",52,0.45315622187703,25.9639389736477,13.3233574152167,"kN m/m","DE"
"interface-alpha-1","Estado biaxial uniforme","Acciones prescritas","Interfaz: αδ = 1.00",1,"M",53,0.461870764605434,26.4632454923717,13.0247688268659,"kN m/m","DE"
"interface-alpha-1","Estado biaxial uniforme","Acciones prescritas","Interfaz: αδ = 1.00",1,"M",54,0.470585307333839,26.9625520110957,12.7222220071414,"kN m/m","DE"
"interface-alpha-1","Estado biaxial uniforme","Acciones prescritas","Interfaz: αδ = 1.00",1,"M",55,0.479299850062243,27.4618585298197,12.4158088592777,"kN m/m","DE"
"interface-alpha-1","Estado biaxial uniforme","Acciones prescritas","Interfaz: αδ = 1.00",1,"M",56,0.488014392790647,27.9611650485437,12.1056224609659,"kN m/m","DE"
"interface-alpha-1","Estado biaxial uniforme","Acciones prescritas","Interfaz: αδ = 1.00",1,"M",57,0.496728935519052,28.4604715672677,11.7917570360796,"kN m/m","DE"
"interface-alpha-1","Estado biaxial uniforme","Acciones prescritas","Interfaz: αδ = 1.00",1,"M",58,0.505443478247456,28.9597780859917,11.4743079260533,"kN m/m","DE"
"interface-alpha-1","Estado biaxial uniforme","Acciones prescritas","Interfaz: αδ = 1.00",1,"M",59,0.514158020975861,29.4590846047157,11.1533715609206,"kN m/m","DE"
"interface-alpha-1","Estado biaxial uniforme","Acciones prescritas","Interfaz: αδ = 1.00",1,"M",60,0.522872563704265,29.9583911234397,10.8290454300225,"kN m/m","DE"
"interface-alpha-1","Estado biaxial uniforme","Acciones prescritas","Interfaz: αδ = 1.00",1,"M",61,0.53158710643267,30.4576976421637,10.5014280523931,"kN m/m","DE"
"interface-alpha-1","Estado biaxial uniforme","Acciones prescritas","Interfaz: αδ = 1.00",1,"M",62,0.540301649161074,30.9570041608877,10.1706189468334,"kN m/m","DE"
"interface-alpha-1","Estado biaxial uniforme","Acciones prescritas","Interfaz: αδ = 1.00",1,"M",63,0.549016191889478,31.4563106796117,9.83671860168043,"kN m/m","DE"
"interface-alpha-1","Estado biaxial uniforme","Acciones prescritas","Interfaz: αδ = 1.00",1,"M",64,0.557730734617883,31.9556171983356,9.4998284442828,"kN m/m","DE"
"interface-alpha-1","Estado biaxial uniforme","Acciones prescritas","Interfaz: αδ = 1.00",1,"M",65,0.566445277346287,32.4549237170596,9.16005081019034,"kN m/m","DE"
"interface-alpha-1","Estado biaxial uniforme","Acciones prescritas","Interfaz: αδ = 1.00",1,"M",66,0.575159820074692,32.9542302357836,8.8174889120683,"kN m/m","DE"
"interface-alpha-1","Estado biaxial uniforme","Acciones prescritas","Interfaz: αδ = 1.00",1,"M",67,0.583874362803096,33.4535367545076,8.47224680834471,"kN m/m","DE"
"interface-alpha-1","Estado biaxial uniforme","Acciones prescritas","Interfaz: αδ = 1.00",1,"M",68,0.592588905531501,33.9528432732316,8.12442937160115,"kN m/m","DE"
"interface-alpha-1","Estado biaxial uniforme","Acciones prescritas","Interfaz: αδ = 1.00",1,"M",69,0.601303448259905,34.4521497919556,7.77414225671616,"kN m/m","DE"
"interface-alpha-1","Estado biaxial uniforme","Acciones prescritas","Interfaz: αδ = 1.00",1,"M",70,0.610017990988309,34.9514563106796,7.42149186877077,"kN m/m","DE"
"interface-alpha-1","Estado biaxial uniforme","Acciones prescritas","Interfaz: αδ = 1.00",1,"M",71,0.618732533716714,35.4507628294036,7.0665853307265,"kN m/m","DE"
"interface-alpha-1","Estado biaxial uniforme","Acciones prescritas","Interfaz: αδ = 1.00",1,"M",72,0.627447076445118,35.9500693481276,6.70953045088505,"kN m/m","DE"
"interface-alpha-1","Estado biaxial uniforme","Acciones prescritas","Interfaz: αδ = 1.00",1,"M",73,0.636161619173523,36.4493758668516,6.35043569013986,"kN m/m","DE"
"interface-alpha-1","Estado biaxial uniforme","Acciones prescritas","Interfaz: αδ = 1.00",1,"M",74,0.644876161901927,36.9486823855756,5.98941012902942,"kN m/m","DE"
"interface-alpha-1","Estado biaxial uniforme","Acciones prescritas","Interfaz: αδ = 1.00",1,"M",75,0.653590704630331,37.4479889042996,5.62656343460256,"kN m/m","DE"
"interface-alpha-1","Estado biaxial uniforme","Acciones prescritas","Interfaz: αδ = 1.00",1,"M",76,0.662305247358736,37.9472954230236,5.26200582710513,"kN m/m","DE"
"interface-alpha-1","Estado biaxial uniforme","Acciones prescritas","Interfaz: αδ = 1.00",1,"M",77,0.67101979008714,38.4466019417476,4.8958480464991,"kN m/m","DE"
"interface-alpha-1","Estado biaxial uniforme","Acciones prescritas","Interfaz: αδ = 1.00",1,"M",78,0.679734332815545,38.9459084604716,4.5282013188236,"kN m/m","DE"
"interface-alpha-1","Estado biaxial uniforme","Acciones prescritas","Interfaz: αδ = 1.00",1,"M",79,0.688448875543949,39.4452149791956,4.15917732240821,"kN m/m","DE"
"interface-alpha-1","Estado biaxial uniforme","Acciones prescritas","Interfaz: αδ = 1.00",1,"M",80,0.697163418272354,39.9445214979196,3.78888815394902,"kN m/m","DE"
"interface-alpha-1","Estado biaxial uniforme","Acciones prescritas","Interfaz: αδ = 1.00",1,"M",81,0.705877961000758,40.4438280166436,3.41744629445751,"kN m/m","DE"
"interface-alpha-1","Estado biaxial uniforme","Acciones prescritas","Interfaz: αδ = 1.00",1,"M",82,0.714592503729162,40.9431345353675,3.04496457509276,"kN m/m","DE"
"interface-alpha-1","Estado biaxial uniforme","Acciones prescritas","Interfaz: αδ = 1.00",1,"M",83,0.723307046457567,41.4424410540915,2.6715561428872,"kN m/m","DE"
"interface-alpha-1","Estado biaxial uniforme","Acciones prescritas","Interfaz: αδ = 1.00",1,"M",84,0.732021589185971,41.9417475728155,2.29733442637648,"kN m/m","DE"
"interface-alpha-1","Estado biaxial uniforme","Acciones prescritas","Interfaz: αδ = 1.00",1,"M",85,0.740736131914376,42.4410540915395,1.92241310114387,"kN m/m","DE"
"interface-alpha-1","Estado biaxial uniforme","Acciones prescritas","Interfaz: αδ = 1.00",1,"M",86,0.74945067464278,42.9403606102635,1.54690605528951,"kN m/m","DE"
"interface-alpha-1","Estado biaxial uniforme","Acciones prescritas","Interfaz: αδ = 1.00",1,"M",87,0.758165217371184,43.4396671289875,1.17092735483511,"kN m/m","DE"
"interface-alpha-1","Estado biaxial uniforme","Acciones prescritas","Interfaz: αδ = 1.00",1,"M",88,0.766879760099589,43.9389736477115,0.794591209074753,"kN m/m","DE"
"interface-alpha-1","Estado biaxial uniforme","Acciones prescritas","Interfaz: αδ = 1.00",1,"M",89,0.775594302827993,44.4382801664355,0.418011935881935,"kN m/m","DE"
"interface-alpha-1","Estado biaxial uniforme","Acciones prescritas","Interfaz: αδ = 1.00",1,"M",90,0.784308845556398,44.9375866851595,0.0413039269839146,"kN m/m","DE"
"interface-alpha-1","Estado biaxial uniforme","Acciones prescritas","Interfaz: αδ = 1.00",1,"M",91,0.785398163397448,45,-0.00578792685512042,"kN m/m","DE"
"interface-alpha-1","Estado biaxial uniforme","Acciones prescritas","Interfaz: αδ = 1.00",1,"M",92,0.793023388284802,45.4368932038835,-0.335418386786628,"kN m/m","DE"
"interface-alpha-1","Estado biaxial uniforme","Acciones prescritas","Interfaz: αδ = 1.00",1,"M",93,0.801737931013207,45.9361997226075,-0.712040570251688,"kN m/m","DE"
"interface-alpha-1","Estado biaxial uniforme","Acciones prescritas","Interfaz: αδ = 1.00",1,"M",94,0.810452473741611,46.4355062413315,-1.08844821864939,"kN m/m","DE"
"interface-alpha-1","Estado biaxial uniforme","Acciones prescritas","Interfaz: αδ = 1.00",1,"M",95,0.819167016470015,46.9348127600555,-1.46452699238618,"kN m/m","DE"
"interface-alpha-1","Estado biaxial uniforme","Acciones prescritas","Interfaz: αδ = 1.00",1,"M",96,0.82788155919842,47.4341192787795,-1.84016265176919,"kN m/m","DE"
"interface-alpha-1","Estado biaxial uniforme","Acciones prescritas","Interfaz: αδ = 1.00",1,"M",97,0.836596101926824,47.9334257975035,-2.21524109170836,"kN m/m","DE"
"interface-alpha-1","Estado biaxial uniforme","Acciones prescritas","Interfaz: αδ = 1.00",1,"M",98,0.845310644655229,48.4327323162275,-2.58964837637757,"kN m/m","DE"
"interface-alpha-1","Estado biaxial uniforme","Acciones prescritas","Interfaz: αδ = 1.00",1,"M",99,0.854025187383633,48.9320388349515,-2.9632707738244,"kN m/m","DE"
"interface-alpha-1","Estado biaxial uniforme","Acciones prescritas","Interfaz: αδ = 1.00",1,"M",100,0.862739730112038,49.4313453536755,-3.33599479051797,"kN m/m","DE"
"interface-alpha-1","Estado biaxial uniforme","Acciones prescritas","Interfaz: αδ = 1.00",1,"M",101,0.871454272840442,49.9306518723995,-3.70770720582426,"kN m/m","DE"
"interface-alpha-1","Estado biaxial uniforme","Acciones prescritas","Interfaz: αδ = 1.00",1,"M",102,0.880168815568846,50.4299583911234,-4.07829510639877,"kN m/m","DE"
"interface-alpha-1","Estado biaxial uniforme","Acciones prescritas","Interfaz: αδ = 1.00",1,"M",103,0.888883358297251,50.9292649098474,-4.44764592048556,"kN m/m","DE"
"interface-alpha-1","Estado biaxial uniforme","Acciones prescritas","Interfaz: αδ = 1.00",1,"M",104,0.897597901025655,51.4285714285714,-4.81564745211264,"kN m/m","DE"
"interface-alpha-1","Estado biaxial uniforme","Acciones prescritas","Interfaz: αδ = 1.00",1,"M",105,0.90631244375406,51.9278779472954,-5.18218791517329,"kN m/m","DE"
"interface-alpha-1","Estado biaxial uniforme","Acciones prescritas","Interfaz: αδ = 1.00",1,"M",106,0.915026986482464,52.4271844660194,-5.54715596738274,"kN m/m","DE"
"interface-alpha-1","Estado biaxial uniforme","Acciones prescritas","Interfaz: αδ = 1.00",1,"M",107,0.923741529210868,52.9264909847434,-5.91044074410017,"kN m/m","DE"
"interface-alpha-1","Estado biaxial uniforme","Acciones prescritas","Interfaz: αδ = 1.00",1,"M",108,0.932456071939273,53.4257975034674,-6.27193189200544,"kN m/m","DE"
"interface-alpha-1","Estado biaxial uniforme","Acciones prescritas","Interfaz: αδ = 1.00",1,"M",109,0.941170614667677,53.9251040221914,-6.63151960262063,"kN m/m","DE"
"interface-alpha-1","Estado biaxial uniforme","Acciones prescritas","Interfaz: αδ = 1.00",1,"M",110,0.949885157396082,54.4244105409154,-6.98909464566619,"kN m/m","DE"
"interface-alpha-1","Estado biaxial uniforme","Acciones prescritas","Interfaz: αδ = 1.00",1,"M",111,0.958599700124486,54.9237170596394,-7.34454840224112,"kN m/m","DE"
"interface-alpha-1","Estado biaxial uniforme","Acciones prescritas","Interfaz: αδ = 1.00",1,"M",112,0.967314242852891,55.4230235783634,-7.69777289781769,"kN m/m","DE"
"interface-alpha-1","Estado biaxial uniforme","Acciones prescritas","Interfaz: αδ = 1.00",1,"M",113,0.976028785581295,55.9223300970874,-8.04866083504044,"kN m/m","DE"
"interface-alpha-1","Estado biaxial uniforme","Acciones prescritas","Interfaz: αδ = 1.00",1,"M",114,0.984743328309699,56.4216366158114,-8.39710562631925,"kN m/m","DE"
"interface-alpha-1","Estado biaxial uniforme","Acciones prescritas","Interfaz: αδ = 1.00",1,"M",115,0.993457871038104,56.9209431345354,-8.74300142620714,"kN m/m","DE"
"interface-alpha-1","Estado biaxial uniforme","Acciones prescritas","Interfaz: αδ = 1.00",1,"M",116,1.00217241376651,57.4202496532594,-9.08624316355223,"kN m/m","DE"
"interface-alpha-1","Estado biaxial uniforme","Acciones prescritas","Interfaz: αδ = 1.00",1,"M",117,1.01088695649491,57.9195561719834,-9.42672657341483,"kN m/m","DE"
"interface-alpha-1","Estado biaxial uniforme","Acciones prescritas","Interfaz: αδ = 1.00",1,"M",118,1.01960149922332,58.4188626907073,-9.76434822873962,"kN m/m","DE"
"interface-alpha-1","Estado biaxial uniforme","Acciones prescritas","Interfaz: αδ = 1.00",1,"M",119,1.02831604195172,58.9181692094313,-10.099005571773,"kN m/m","DE"
"interface-alpha-1","Estado biaxial uniforme","Acciones prescritas","Interfaz: αδ = 1.00",1,"M",120,1.03703058468013,59.4174757281553,-10.4305969452167,"kN m/m","DE"
"interface-alpha-1","Estado biaxial uniforme","Acciones prescritas","Interfaz: αδ = 1.00",1,"M",121,1.04574512740853,59.9167822468793,-10.7590216231077,"kN m/m","DE"
"interface-alpha-1","Estado biaxial uniforme","Acciones prescritas","Interfaz: αδ = 1.00",1,"M",122,1.05445967013693,60.4160887656033,-11.0841798414153,"kN m/m","DE"
"interface-alpha-1","Estado biaxial uniforme","Acciones prescritas","Interfaz: αδ = 1.00",1,"M",123,1.06317421286534,60.9153952843273,-11.4059728283459,"kN m/m","DE"
"interface-alpha-1","Estado biaxial uniforme","Acciones prescritas","Interfaz: αδ = 1.00",1,"M",124,1.07188875559374,61.4147018030513,-11.7243028343468,"kN m/m","DE"
"interface-alpha-1","Estado biaxial uniforme","Acciones prescritas","Interfaz: αδ = 1.00",1,"M",125,1.08060329832215,61.9140083217753,-12.0390731617985,"kN m/m","DE"
"interface-alpha-1","Estado biaxial uniforme","Acciones prescritas","Interfaz: αδ = 1.00",1,"M",126,1.08931784105055,62.4133148404993,-12.3501881943886,"kN m/m","DE"
"interface-alpha-1","Estado biaxial uniforme","Acciones prescritas","Interfaz: αδ = 1.00",1,"M",127,1.09803238377896,62.9126213592233,-12.6575534261565,"kN m/m","DE"
"interface-alpha-1","Estado biaxial uniforme","Acciones prescritas","Interfaz: αδ = 1.00",1,"M",128,1.10674692650736,63.4119278779473,-12.9610754902011,"kN m/m","DE"
"interface-alpha-1","Estado biaxial uniforme","Acciones prescritas","Interfaz: αδ = 1.00",1,"M",129,1.11546146923577,63.9112343966713,-13.2606621870425,"kN m/m","DE"
"interface-alpha-1","Estado biaxial uniforme","Acciones prescritas","Interfaz: αδ = 1.00",1,"M",130,1.12417601196417,64.4105409153953,-13.5562225126288,"kN m/m","DE"
"interface-alpha-1","Estado biaxial uniforme","Acciones prescritas","Interfaz: αδ = 1.00",1,"M",131,1.13289055469257,64.9098474341193,-13.8476666859802,"kN m/m","DE"
"interface-alpha-1","Estado biaxial uniforme","Acciones prescritas","Interfaz: αδ = 1.00",1,"M",132,1.14160509742098,65.4091539528433,-14.134906176461,"kN m/m","DE"
"interface-alpha-1","Estado biaxial uniforme","Acciones prescritas","Interfaz: αδ = 1.00",1,"M",133,1.15031964014938,65.9084604715673,-14.4178537306728,"kN m/m","DE"
"interface-alpha-1","Estado biaxial uniforme","Acciones prescritas","Interfaz: αδ = 1.00",1,"M",134,1.15903418287779,66.4077669902913,-14.6964233989581,"kN m/m","DE"
"interface-alpha-1","Estado biaxial uniforme","Acciones prescritas","Interfaz: αδ = 1.00",1,"M",135,1.16774872560619,66.9070735090153,-14.9705305615099,"kN m/m","DE"
"interface-alpha-1","Estado biaxial uniforme","Acciones prescritas","Interfaz: αδ = 1.00",1,"M",136,1.1764632683346,67.4063800277392,-15.2400919540755,"kN m/m","DE"
"interface-alpha-1","Estado biaxial uniforme","Acciones prescritas","Interfaz: αδ = 1.00",1,"M",137,1.185177811063,67.9056865464632,-15.5050256932493,"kN m/m","DE"
"interface-alpha-1","Estado biaxial uniforme","Acciones prescritas","Interfaz: αδ = 1.00",1,"M",138,1.19389235379141,68.4049930651872,-15.7652513013467,"kN m/m","DE"
"interface-alpha-1","Estado biaxial uniforme","Acciones prescritas","Interfaz: αδ = 1.00",1,"M",139,1.20260689651981,68.9042995839112,-16.0206897308499,"kN m/m","DE"
"interface-alpha-1","Estado biaxial uniforme","Acciones prescritas","Interfaz: αδ = 1.00",1,"M",140,1.21132143924821,69.4036061026352,-16.2712633884201,"kN m/m","DE"
"interface-alpha-1","Estado biaxial uniforme","Acciones prescritas","Interfaz: αδ = 1.00",1,"M",141,1.22003598197662,69.9029126213592,-16.5168961584674,"kN m/m","DE"
"interface-alpha-1","Estado biaxial uniforme","Acciones prescritas","Interfaz: αδ = 1.00",1,"M",142,1.22875052470502,70.4022191400832,-16.7575134262725,"kN m/m","DE"
"interface-alpha-1","Estado biaxial uniforme","Acciones prescritas","Interfaz: αδ = 1.00",1,"M",143,1.23746506743343,70.9015256588072,-16.9930421006514,"kN m/m","DE"
"interface-alpha-1","Estado biaxial uniforme","Acciones prescritas","Interfaz: αδ = 1.00",1,"M",144,1.24617961016183,71.4008321775312,-17.2234106361588,"kN m/m","DE"
"interface-alpha-1","Estado biaxial uniforme","Acciones prescritas","Interfaz: αδ = 1.00",1,"M",145,1.25489415289024,71.9001386962552,-17.4485490548202,"kN m/m","DE"
"interface-alpha-1","Estado biaxial uniforme","Acciones prescritas","Interfaz: αδ = 1.00",1,"M",146,1.26360869561864,72.3994452149792,-17.6683889673898,"kN m/m","DE"
"interface-alpha-1","Estado biaxial uniforme","Acciones prescritas","Interfaz: αδ = 1.00",1,"M",147,1.27232323834705,72.8987517337032,-17.8828635941238,"kN m/m","DE"
"interface-alpha-1","Estado biaxial uniforme","Acciones prescritas","Interfaz: αδ = 1.00",1,"M",148,1.28103778107545,73.3980582524272,-18.0919077850665,"kN m/m","DE"
"interface-alpha-1","Estado biaxial uniforme","Acciones prescritas","Interfaz: αδ = 1.00",1,"M",149,1.28975232380385,73.8973647711512,-18.2954580398402,"kN m/m","DE"
"interface-alpha-1","Estado biaxial uniforme","Acciones prescritas","Interfaz: αδ = 1.00",1,"M",150,1.29846686653226,74.3966712898752,-18.4934525269346,"kN m/m","DE"
"interface-alpha-1","Estado biaxial uniforme","Acciones prescritas","Interfaz: αδ = 1.00",1,"M",151,1.30718140926066,74.8959778085992,-18.685831102489,"kN m/m","DE"
"interface-alpha-1","Estado biaxial uniforme","Acciones prescritas","Interfaz: αδ = 1.00",1,"M",152,1.31589595198907,75.3952843273232,-18.8725353285619,"kN m/m","DE"
"interface-alpha-1","Estado biaxial uniforme","Acciones prescritas","Interfaz: αδ = 1.00",1,"M",153,1.32461049471747,75.8945908460472,-19.0535084908823,"kN m/m","DE"
"interface-alpha-1","Estado biaxial uniforme","Acciones prescritas","Interfaz: αδ = 1.00",1,"M",154,1.33332503744588,76.3938973647712,-19.2286956160779,"kN m/m","DE"
"interface-alpha-1","Estado biaxial uniforme","Acciones prescritas","Interfaz: αδ = 1.00",1,"M",155,1.34203958017428,76.8932038834951,-19.3980434883738,"kN m/m","DE"
"interface-alpha-1","Estado biaxial uniforme","Acciones prescritas","Interfaz: αδ = 1.00",1,"M",156,1.35075412290268,77.3925104022191,-19.5615006657576,"kN m/m","DE"
"interface-alpha-1","Estado biaxial uniforme","Acciones prescritas","Interfaz: αδ = 1.00",1,"M",157,1.35946866563109,77.8918169209431,-19.7190174956059,"kN m/m","DE"
"interface-alpha-1","Estado biaxial uniforme","Acciones prescritas","Interfaz: αδ = 1.00",1,"M",158,1.36818320835949,78.3911234396671,-19.8705461297669,"kN m/m","DE"
"interface-alpha-1","Estado biaxial uniforme","Acciones prescritas","Interfaz: αδ = 1.00",1,"M",159,1.3768977510879,78.8904299583911,-20.0160405390951,"kN m/m","DE"
"interface-alpha-1","Estado biaxial uniforme","Acciones prescritas","Interfaz: αδ = 1.00",1,"M",160,1.3856122938163,79.3897364771151,-20.155456527433,"kN m/m","DE"
"interface-alpha-1","Estado biaxial uniforme","Acciones prescritas","Interfaz: αδ = 1.00",1,"M",161,1.39432683654471,79.8890429958391,-20.288751745037,"kN m/m","DE"
"interface-alpha-1","Estado biaxial uniforme","Acciones prescritas","Interfaz: αδ = 1.00",1,"M",162,1.40304137927311,80.3883495145631,-20.4158857014414,"kN m/m","DE"
"interface-alpha-1","Estado biaxial uniforme","Acciones prescritas","Interfaz: αδ = 1.00",1,"M",163,1.41175592200152,80.8876560332871,-20.536819777758,"kN m/m","DE"
"interface-alpha-1","Estado biaxial uniforme","Acciones prescritas","Interfaz: αδ = 1.00",1,"M",164,1.42047046472992,81.3869625520111,-20.651517238407,"kN m/m","DE"
"interface-alpha-1","Estado biaxial uniforme","Acciones prescritas","Interfaz: αδ = 1.00",1,"M",165,1.42918500745832,81.8862690707351,-20.7599432422764,"kN m/m","DE"
"interface-alpha-1","Estado biaxial uniforme","Acciones prescritas","Interfaz: αδ = 1.00",1,"M",166,1.43789955018673,82.3855755894591,-20.8620648533056,"kN m/m","DE"
"interface-alpha-1","Estado biaxial uniforme","Acciones prescritas","Interfaz: αδ = 1.00",1,"M",167,1.44661409291513,82.8848821081831,-20.9578510504894,"kN m/m","DE"
"interface-alpha-1","Estado biaxial uniforme","Acciones prescritas","Interfaz: αδ = 1.00",1,"M",168,1.45532863564354,83.3841886269071,-21.0472727373023,"kN m/m","DE"
"interface-alpha-1","Estado biaxial uniforme","Acciones prescritas","Interfaz: αδ = 1.00",1,"M",169,1.46404317837194,83.8834951456311,-21.1303027505358,"kN m/m","DE"
"interface-alpha-1","Estado biaxial uniforme","Acciones prescritas","Interfaz: αδ = 1.00",1,"M",170,1.47275772110035,84.3828016643551,-21.2069158685507,"kN m/m","DE"
"interface-alpha-1","Estado biaxial uniforme","Acciones prescritas","Interfaz: αδ = 1.00",1,"M",171,1.48147226382875,84.882108183079,-21.2770888189379,"kN m/m","DE"
"interface-alpha-1","Estado biaxial uniforme","Acciones prescritas","Interfaz: αδ = 1.00",1,"M",172,1.49018680655716,85.381414701803,-21.3408002855879,"kN m/m","DE"
"interface-alpha-1","Estado biaxial uniforme","Acciones prescritas","Interfaz: αδ = 1.00",1,"M",173,1.49890134928556,85.880721220527,-21.3980309151661,"kN m/m","DE"
"interface-alpha-1","Estado biaxial uniforme","Acciones prescritas","Interfaz: αδ = 1.00",1,"M",174,1.50761589201396,86.380027739251,-21.4487633229912,"kN m/m","DE"
"interface-alpha-1","Estado biaxial uniforme","Acciones prescritas","Interfaz: αδ = 1.00",1,"M",175,1.51633043474237,86.879334257975,-21.4929820983168,"kN m/m","DE"
"interface-alpha-1","Estado biaxial uniforme","Acciones prescritas","Interfaz: αδ = 1.00",1,"M",176,1.52504497747077,87.378640776699,-21.530673809012,"kN m/m","DE"
"interface-alpha-1","Estado biaxial uniforme","Acciones prescritas","Interfaz: αδ = 1.00",1,"M",177,1.53375952019918,87.877947295423,-21.5618270056418,"kN m/m","DE"
"interface-alpha-1","Estado biaxial uniforme","Acciones prescritas","Interfaz: αδ = 1.00",1,"M",178,1.54247406292758,88.377253814147,-21.5864322249451,"kN m/m","DE"
"interface-alpha-1","Estado biaxial uniforme","Acciones prescritas","Interfaz: αδ = 1.00",1,"M",179,1.55118860565599,88.876560332871,-21.6044819927095,"kN m/m","DE"
"interface-alpha-1","Estado biaxial uniforme","Acciones prescritas","Interfaz: αδ = 1.00",1,"M",180,1.55990314838439,89.375866851595,-21.6159708260412,"kN m/m","DE"
"interface-alpha-1","Estado biaxial uniforme","Acciones prescritas","Interfaz: αδ = 1.00",1,"M",181,1.5686176911128,89.875173370319,-21.620895235031,"kN m/m","DE"
"interface-alpha-1","Estado biaxial uniforme","Acciones prescritas","Interfaz: αδ = 1.00",1,"M",182,1.5707963267949,90,-21.6211004268549,"kN m/m","DE"
"interface-alpha-1","Estado biaxial uniforme","Acciones prescritas","Interfaz: αδ = 1.00",1,"M",183,1.5773322338412,90.374479889043,-21.6192537238141,"kN m/m","DE"
"interface-alpha-1","Estado biaxial uniforme","Acciones prescritas","Interfaz: αδ = 1.00",1,"M",184,1.5860467765696,90.873786407767,-21.6110467910247,"kN m/m","DE"
"interface-alpha-1","Estado biaxial uniforme","Acciones prescritas","Interfaz: αδ = 1.00",1,"M",185,1.59476131929801,91.373092926491,-21.5962769296445,"kN m/m","DE"
"interface-alpha-1","Estado biaxial uniforme","Acciones prescritas","Interfaz: αδ = 1.00",1,"M",186,1.60347586202641,91.872399445215,-21.5749486262455,"kN m/m","DE"
"interface-alpha-1","Estado biaxial uniforme","Acciones prescritas","Interfaz: αδ = 1.00",1,"M",187,1.61219040475482,92.371705963939,-21.5470683596265,"kN m/m","DE"
"interface-alpha-1","Estado biaxial uniforme","Acciones prescritas","Interfaz: αδ = 1.00",1,"M",188,1.62090494748322,92.871012482663,-21.512644598846,"kN m/m","DE"
"interface-alpha-1","Estado biaxial uniforme","Acciones prescritas","Interfaz: αδ = 1.00",1,"M",189,1.62961949021163,93.370319001387,-21.4716878006492,"kN m/m","DE"
"interface-alpha-1","Estado biaxial uniforme","Acciones prescritas","Interfaz: αδ = 1.00",1,"M",190,1.63833403294003,93.869625520111,-21.4242104062912,"kN m/m","DE"
"interface-alpha-1","Estado biaxial uniforme","Acciones prescritas","Interfaz: αδ = 1.00",1,"M",191,1.64704857566844,94.3689320388349,-21.3702268377586,"kN m/m","DE"
"interface-alpha-1","Estado biaxial uniforme","Acciones prescritas","Interfaz: αδ = 1.00",1,"M",192,1.65576311839684,94.868238557559,-21.3097534933878,"kN m/m","DE"
"interface-alpha-1","Estado biaxial uniforme","Acciones prescritas","Interfaz: αδ = 1.00",1,"M",193,1.66447766112524,95.367545076283,-21.2428087428843,"kN m/m","DE"
"interface-alpha-1","Estado biaxial uniforme","Acciones prescritas","Interfaz: αδ = 1.00",1,"M",194,1.67319220385365,95.8668515950069,-21.1694129217421,"kN m/m","DE"
"interface-alpha-1","Estado biaxial uniforme","Acciones prescritas","Interfaz: αδ = 1.00",1,"M",195,1.68190674658205,96.3661581137309,-21.0895883250672,"kN m/m","DE"
"interface-alpha-1","Estado biaxial uniforme","Acciones prescritas","Interfaz: αδ = 1.00",1,"M",196,1.69062128931046,96.8654646324549,-21.0033592008045,"kN m/m","DE"
"interface-alpha-1","Estado biaxial uniforme","Acciones prescritas","Interfaz: αδ = 1.00",1,"M",197,1.69933583203886,97.3647711511789,-20.9107517423725,"kN m/m","DE"
"interface-alpha-1","Estado biaxial uniforme","Acciones prescritas","Interfaz: αδ = 1.00",1,"M",198,1.70805037476727,97.8640776699029,-20.8117940807063,"kN m/m","DE"
"interface-alpha-1","Estado biaxial uniforme","Acciones prescritas","Interfaz: αδ = 1.00",1,"M",199,1.71676491749567,98.3633841886269,-20.7065162757127,"kN m/m","DE"
"interface-alpha-1","Estado biaxial uniforme","Acciones prescritas","Interfaz: αδ = 1.00",1,"M",200,1.72547946022408,98.8626907073509,-20.5949503071389,"kN m/m","DE"
"interface-alpha-1","Estado biaxial uniforme","Acciones prescritas","Interfaz: αδ = 1.00",1,"M",201,1.73419400295248,99.3619972260749,-20.4771300648581,"kN m/m","DE"
"interface-alpha-1","Estado biaxial uniforme","Acciones prescritas","Interfaz: αδ = 1.00",1,"M",202,1.74290854568088,99.8613037447989,-20.3530913385752,"kN m/m","DE"
"interface-alpha-1","Estado biaxial uniforme","Acciones prescritas","Interfaz: αδ = 1.00",1,"M",203,1.75162308840929,100.360610263523,-20.2228718069547,"kN m/m","DE"
"interface-alpha-1","Estado biaxial uniforme","Acciones prescritas","Interfaz: αδ = 1.00",1,"M",204,1.76033763113769,100.859916782247,-20.0865110261758,"kN m/m","DE"
"interface-alpha-1","Estado biaxial uniforme","Acciones prescritas","Interfaz: αδ = 1.00",1,"M",205,1.7690521738661,101.359223300971,-19.9440504179158,"kN m/m","DE"
"interface-alpha-1","Estado biaxial uniforme","Acciones prescritas","Interfaz: αδ = 1.00",1,"M",206,1.7777667165945,101.858529819695,-19.7955332567686,"kN m/m","DE"
"interface-alpha-1","Estado biaxial uniforme","Acciones prescritas","Interfaz: αδ = 1.00",1,"M",207,1.78648125932291,102.357836338419,-19.6410046570986,"kN m/m","DE"
"interface-alpha-1","Estado biaxial uniforme","Acciones prescritas","Interfaz: αδ = 1.00",1,"M",208,1.79519580205131,102.857142857143,-19.4805115593371,"kN m/m","DE"
"interface-alpha-1","Estado biaxial uniforme","Acciones prescritas","Interfaz: αδ = 1.00",1,"M",209,1.80391034477971,103.356449375867,-19.3141027157226,"kN m/m","DE"
"interface-alpha-1","Estado biaxial uniforme","Acciones prescritas","Interfaz: αδ = 1.00",1,"M",210,1.81262488750812,103.855755894591,-19.1418286754925,"kN m/m","DE"
"interface-alpha-1","Estado biaxial uniforme","Acciones prescritas","Interfaz: αδ = 1.00",1,"M",211,1.82133943023652,104.355062413315,-18.9637417695277,"kN m/m","DE"
"interface-alpha-1","Estado biaxial uniforme","Acciones prescritas","Interfaz: αδ = 1.00",1,"M",212,1.83005397296493,104.854368932039,-18.7798960944557,"kN m/m","DE"
"interface-alpha-1","Estado biaxial uniforme","Acciones prescritas","Interfaz: αδ = 1.00",1,"M",213,1.83876851569333,105.353675450763,-18.5903474962189,"kN m/m","DE"
"interface-alpha-1","Estado biaxial uniforme","Acciones prescritas","Interfaz: αδ = 1.00",1,"M",214,1.84748305842174,105.852981969487,-18.3951535531097,"kN m/m","DE"
"interface-alpha-1","Estado biaxial uniforme","Acciones prescritas","Interfaz: αδ = 1.00",1,"M",215,1.85619760115014,106.352288488211,-18.1943735582807,"kN m/m","DE"
"interface-alpha-1","Estado biaxial uniforme","Acciones prescritas","Interfaz: αδ = 1.00",1,"M",216,1.86491214387855,106.851595006935,-17.9880685017334,"kN m/m","DE"
"interface-alpha-1","Estado biaxial uniforme","Acciones prescritas","Interfaz: αδ = 1.00",1,"M",217,1.87362668660695,107.350901525659,-17.7763010517912,"kN m/m","DE"
"interface-alpha-1","Estado biaxial uniforme","Acciones prescritas","Interfaz: αδ = 1.00",1,"M",218,1.88234122933535,107.850208044383,-17.5591355360635,"kN m/m","DE"
"interface-alpha-1","Estado biaxial uniforme","Acciones prescritas","Interfaz: αδ = 1.00",1,"M",219,1.89105577206376,108.349514563107,-17.336637921905,"kN m/m","DE"
"interface-alpha-1","Estado biaxial uniforme","Acciones prescritas","Interfaz: αδ = 1.00",1,"M",220,1.89977031479216,108.848821081831,-17.1088757963767,"kN m/m","DE"
"interface-alpha-1","Estado biaxial uniforme","Acciones prescritas","Interfaz: αδ = 1.00",1,"M",221,1.90848485752057,109.348127600555,-16.875918345716,"kN m/m","DE"
"interface-alpha-1","Estado biaxial uniforme","Acciones prescritas","Interfaz: αδ = 1.00",1,"M",222,1.91719940024897,109.847434119279,-16.6378363343199,"kN m/m","DE"
"interface-alpha-1","Estado biaxial uniforme","Acciones prescritas","Interfaz: αδ = 1.00",1,"M",223,1.92591394297738,110.346740638003,-16.3947020832489,"kN m/m","DE"
"interface-alpha-1","Estado biaxial uniforme","Acciones prescritas","Interfaz: αδ = 1.00",1,"M",224,1.93462848570578,110.846047156727,-16.1465894482591,"kN m/m","DE"
"interface-alpha-1","Estado biaxial uniforme","Acciones prescritas","Interfaz: αδ = 1.00",1,"M",225,1.94334302843419,111.345353675451,-15.8935737973672,"kN m/m","DE"
"interface-alpha-1","Estado biaxial uniforme","Acciones prescritas","Interfaz: αδ = 1.00",1,"M",226,1.95205757116259,111.844660194175,-15.6357319879558,"kN m/m","DE"
"interface-alpha-1","Estado biaxial uniforme","Acciones prescritas","Interfaz: αδ = 1.00",1,"M",227,1.96077211389099,112.343966712899,-15.3731423434271,"kN m/m","DE"
"interface-alpha-1","Estado biaxial uniforme","Acciones prescritas","Interfaz: αδ = 1.00",1,"M",228,1.9694866566194,112.843273231623,-15.1058846294113,"kN m/m","DE"
"interface-alpha-1","Estado biaxial uniforme","Acciones prescritas","Interfaz: αδ = 1.00",1,"M",229,1.9782011993478,113.342579750347,-14.8340400295361,"kN m/m","DE"
"interface-alpha-1","Estado biaxial uniforme","Acciones prescritas","Interfaz: αδ = 1.00",1,"M",230,1.98691574207621,113.841886269071,-14.5576911207661,"kN m/m","DE"
"interface-alpha-1","Estado biaxial uniforme","Acciones prescritas","Interfaz: αδ = 1.00",1,"M",231,1.99563028480461,114.341192787795,-14.2769218483188,"kN m/m","DE"
"interface-alpha-1","Estado biaxial uniforme","Acciones prescritas","Interfaz: αδ = 1.00",1,"M",232,2.00434482753302,114.840499306519,-13.9918175001649,"kN m/m","DE"
"interface-alpha-1","Estado biaxial uniforme","Acciones prescritas","Interfaz: αδ = 1.00",1,"M",233,2.01305937026142,115.339805825243,-13.7024646811209,"kN m/m","DE"
"interface-alpha-1","Estado biaxial uniforme","Acciones prescritas","Interfaz: αδ = 1.00",1,"M",234,2.02177391298983,115.839112343967,-13.4089512865413,"kN m/m","DE"
"interface-alpha-1","Estado biaxial uniforme","Acciones prescritas","Interfaz: αδ = 1.00",1,"M",235,2.03048845571823,116.338418862691,-13.1113664756194,"kN m/m","DE"
"interface-alpha-1","Estado biaxial uniforme","Acciones prescritas","Interfaz: αδ = 1.00",1,"M",236,2.03920299844663,116.837725381415,-12.8098006443034,"kN m/m","DE"
"interface-alpha-1","Estado biaxial uniforme","Acciones prescritas","Interfaz: αδ = 1.00",1,"M",237,2.04791754117504,117.337031900139,-12.5043453978377,"kN m/m","DE"
"interface-alpha-1","Estado biaxial uniforme","Acciones prescritas","Interfaz: αδ = 1.00",1,"M",238,2.05663208390344,117.836338418863,-12.195093522936,"kN m/m","DE"
"interface-alpha-1","Estado biaxial uniforme","Acciones prescritas","Interfaz: αδ = 1.00",1,"M",239,2.06534662663185,118.335644937587,-11.8821389595962,"kN m/m","DE"
"interface-alpha-1","Estado biaxial uniforme","Acciones prescritas","Interfaz: αδ = 1.00",1,"M",240,2.07406116936025,118.834951456311,-11.5655767725646,"kN m/m","DE"
"interface-alpha-1","Estado biaxial uniforme","Acciones prescritas","Interfaz: αδ = 1.00",1,"M",241,2.08277571208866,119.334257975035,-11.2455031224584,"kN m/m","DE"
"interface-alpha-1","Estado biaxial uniforme","Acciones prescritas","Interfaz: αδ = 1.00",1,"M",242,2.09149025481706,119.833564493759,-10.9220152365555,"kN m/m","DE"
"interface-alpha-1","Estado biaxial uniforme","Acciones prescritas","Interfaz: αδ = 1.00",1,"M",243,2.10020479754546,120.332871012483,-10.5952113792604,"kN m/m","DE"
"interface-alpha-1","Estado biaxial uniforme","Acciones prescritas","Interfaz: αδ = 1.00",1,"M",244,2.10891934027387,120.832177531207,-10.2651908222547,"kN m/m","DE"
"interface-alpha-1","Estado biaxial uniforme","Acciones prescritas","Interfaz: αδ = 1.00",1,"M",245,2.11763388300227,121.331484049931,-9.93205381434193,"kN m/m","DE"
"interface-alpha-1","Estado biaxial uniforme","Acciones prescritas","Interfaz: αδ = 1.00",1,"M",246,2.12634842573068,121.830790568655,-9.59590155099515,"kN m/m","DE"
"interface-alpha-1","Estado biaxial uniforme","Acciones prescritas","Interfaz: αδ = 1.00",1,"M",247,2.13506296845908,122.330097087379,-9.25683614361752,"kN m/m","DE"
"interface-alpha-1","Estado biaxial uniforme","Acciones prescritas","Interfaz: αδ = 1.00",1,"M",248,2.14377751118749,122.829403606103,-8.91496058852465,"kN m/m","DE"
"interface-alpha-1","Estado biaxial uniforme","Acciones prescritas","Interfaz: αδ = 1.00",1,"M",249,2.15249205391589,123.328710124827,-8.57037873565721,"kN m/m","DE"
"interface-alpha-1","Estado biaxial uniforme","Acciones prescritas","Interfaz: αδ = 1.00",1,"M",250,2.1612065966443,123.828016643551,-8.22319525703563,"kN m/m","DE"
"interface-alpha-1","Estado biaxial uniforme","Acciones prescritas","Interfaz: αδ = 1.00",1,"M",251,2.1699211393727,124.327323162275,-7.87351561496374,"kN m/m","DE"
"interface-alpha-1","Estado biaxial uniforme","Acciones prescritas","Interfaz: αδ = 1.00",1,"M",252,2.1786356821011,124.826629680999,-7.52144602999357,"kN m/m","DE"
"interface-alpha-1","Estado biaxial uniforme","Acciones prescritas","Interfaz: αδ = 1.00",1,"M",253,2.18735022482951,125.325936199723,-7.16709344865879,"kN m/m","DE"
"interface-alpha-1","Estado biaxial uniforme","Acciones prescritas","Interfaz: αδ = 1.00",1,"M",254,2.19606476755791,125.825242718447,-6.81056551098817,"kN m/m","DE"
"interface-alpha-1","Estado biaxial uniforme","Acciones prescritas","Interfaz: αδ = 1.00",1,"M",255,2.20477931028632,126.324549237171,-6.45197051780848,"kN m/m","DE"
"interface-alpha-1","Estado biaxial uniforme","Acciones prescritas","Interfaz: αδ = 1.00",1,"M",256,2.21349385301472,126.823855755895,-6.0914173978461,"kN m/m","DE"
"interface-alpha-1","Estado biaxial uniforme","Acciones prescritas","Interfaz: αδ = 1.00",1,"M",257,2.22220839574313,127.323162274619,-5.7290156746386,"kN m/m","DE"
"interface-alpha-1","Estado biaxial uniforme","Acciones prescritas","Interfaz: αδ = 1.00",1,"M",258,2.23092293847153,127.822468793343,-5.36487543326504,"kN m/m","DE"
"interface-alpha-1","Estado biaxial uniforme","Acciones prescritas","Interfaz: αδ = 1.00",1,"M",259,2.23963748119994,128.321775312067,-4.99910728690612,"kN m/m","DE"
"interface-alpha-1","Estado biaxial uniforme","Acciones prescritas","Interfaz: αδ = 1.00",1,"M",260,2.24835202392834,128.821081830791,-4.63182234324348,"kN m/m","DE"
"interface-alpha-1","Estado biaxial uniforme","Acciones prescritas","Interfaz: αδ = 1.00",1,"M",261,2.25706656665674,129.320388349515,-4.26313217070927,"kN m/m","DE"
"interface-alpha-1","Estado biaxial uniforme","Acciones prescritas","Interfaz: αδ = 1.00",1,"M",262,2.26578110938515,129.819694868239,-3.89314876459544,"kN m/m","DE"
"interface-alpha-1","Estado biaxial uniforme","Acciones prescritas","Interfaz: αδ = 1.00",1,"M",263,2.27449565211355,130.319001386963,-3.52198451303347,"kN m/m","DE"
"interface-alpha-1","Estado biaxial uniforme","Acciones prescritas","Interfaz: αδ = 1.00",1,"M",264,2.28321019484196,130.818307905687,-3.14975216285482,"kN m/m","DE"
"interface-alpha-1","Estado biaxial uniforme","Acciones prescritas","Interfaz: αδ = 1.00",1,"M",265,2.29192473757036,131.317614424411,-2.77656478534225,"kN m/m","DE"
"interface-alpha-1","Estado biaxial uniforme","Acciones prescritas","Interfaz: αδ = 1.00",1,"M",266,2.30063928029877,131.816920943135,-2.40253574188253,"kN m/m","DE"
"interface-alpha-1","Estado biaxial uniforme","Acciones prescritas","Interfaz: αδ = 1.00",1,"M",267,2.30935382302717,132.316227461859,-2.02777864953171,"kN m/m","DE"
"interface-alpha-1","Estado biaxial uniforme","Acciones prescritas","Interfaz: αδ = 1.00",1,"M",268,2.31806836575558,132.815533980583,-1.65240734650152,"kN m/m","DE"
"interface-alpha-1","Estado biaxial uniforme","Acciones prescritas","Interfaz: αδ = 1.00",1,"M",269,2.32678290848398,133.314840499307,-1.27653585757976,"kN m/m","DE"
"interface-alpha-1","Estado biaxial uniforme","Acciones prescritas","Interfaz: αδ = 1.00",1,"M",270,2.33549745121238,133.814147018031,-0.900278359493356,"kN m/m","DE"
"interface-alpha-1","Estado biaxial uniforme","Acciones prescritas","Interfaz: αδ = 1.00",1,"M",271,2.34421199394079,134.313453536755,-0.523749146225441,"kN m/m","DE"
"interface-alpha-1","Estado biaxial uniforme","Acciones prescritas","Interfaz: αδ = 1.00",1,"M",272,2.35292653666919,134.812760055478,-0.147062594296742,"kN m/m","DE"
"interface-alpha-1","Estado biaxial uniforme","Acciones prescritas","Interfaz: αδ = 1.00",1,"M",273,2.35619449019234,135,-0.00578792685543306,"kN m/m","DE"
"interface-alpha-1","Estado biaxial uniforme","Acciones prescritas","Interfaz: αδ = 1.00",1,"M",274,2.3616410793976,135.312066574203,0.229666871977969,"kN m/m","DE"
"interface-alpha-1","Estado biaxial uniforme","Acciones prescritas","Interfaz: αδ = 1.00",1,"M",275,2.370355622126,135.811373092926,0.606324815247945,"kN m/m","DE"
"interface-alpha-1","Estado biaxial uniforme","Acciones prescritas","Interfaz: αδ = 1.00",1,"M",276,2.37907016485441,136.31067961165,0.982796819888861,"kN m/m","DE"
"interface-alpha-1","Estado biaxial uniforme","Acciones prescritas","Interfaz: αδ = 1.00",1,"M",277,2.38778470758281,136.809986130374,1.35896852675778,"kN m/m","DE"
"interface-alpha-1","Estado biaxial uniforme","Acciones prescritas","Interfaz: αδ = 1.00",1,"M",278,2.39649925031122,137.309292649098,1.73472566793201,"kN m/m","DE"
"interface-alpha-1","Estado biaxial uniforme","Acciones prescritas","Interfaz: αδ = 1.00",1,"M",279,2.40521379303962,137.808599167822,2.10995410141958,"kN m/m","DE"
"interface-alpha-1","Estado biaxial uniforme","Acciones prescritas","Interfaz: αδ = 1.00",1,"M",280,2.41392833576802,138.307905686546,2.48453984583152,"kN m/m","DE"
"interface-alpha-1","Estado biaxial uniforme","Acciones prescritas","Interfaz: αδ = 1.00",1,"M",281,2.42264287849643,138.80721220527,2.85836911500563,"kN m/m","DE"
"interface-alpha-1","Estado biaxial uniforme","Acciones prescritas","Interfaz: αδ = 1.00",1,"M",282,2.43135742122483,139.306518723994,3.23132835257042,"kN m/m","DE"
"interface-alpha-1","Estado biaxial uniforme","Acciones prescritas","Interfaz: αδ = 1.00",1,"M",283,2.44007196395324,139.805825242718,3.60330426643999,"kN m/m","DE"
"interface-alpha-1","Estado biaxial uniforme","Acciones prescritas","Interfaz: αδ = 1.00",1,"M",284,2.44878650668164,140.305131761442,3.97418386322812,"kN m/m","DE"
"interface-alpha-1","Estado biaxial uniforme","Acciones prescritas","Interfaz: αδ = 1.00",1,"M",285,2.45750104941005,140.804438280166,4.34385448257166,"kN m/m","DE"
"interface-alpha-1","Estado biaxial uniforme","Acciones prescritas","Interfaz: αδ = 1.00",1,"M",286,2.46621559213845,141.30374479889,4.71220383135285,"kN m/m","DE"
"interface-alpha-1","Estado biaxial uniforme","Acciones prescritas","Interfaz: αδ = 1.00",1,"M",287,2.47493013486686,141.803051317614,5.07912001781021,"kN m/m","DE"
"interface-alpha-1","Estado biaxial uniforme","Acciones prescritas","Interfaz: αδ = 1.00",1,"M",288,2.48364467759526,142.302357836338,5.4444915855272,"kN m/m","DE"
"interface-alpha-1","Estado biaxial uniforme","Acciones prescritas","Interfaz: αδ = 1.00",1,"M",289,2.49235922032366,142.801664355062,5.808207547289,"kN m/m","DE"
"interface-alpha-1","Estado biaxial uniforme","Acciones prescritas","Interfaz: αδ = 1.00",1,"M",290,2.50107376305207,143.300970873786,6.17015741879639,"kN m/m","DE"
"interface-alpha-1","Estado biaxial uniforme","Acciones prescritas","Interfaz: αδ = 1.00",1,"M",291,2.50978830578047,143.80027739251,6.53023125222713,"kN m/m","DE"
"interface-alpha-1","Estado biaxial uniforme","Acciones prescritas","Interfaz: αδ = 1.00",1,"M",292,2.51850284850888,144.299583911234,6.88831966963441,"kN m/m","DE"
"interface-alpha-1","Estado biaxial uniforme","Acciones prescritas","Interfaz: αδ = 1.00",1,"M",293,2.52721739123728,144.798890429958,7.24431389617185,"kN m/m","DE"
"interface-alpha-1","Estado biaxial uniforme","Acciones prescritas","Interfaz: αδ = 1.00",1,"M",294,2.53593193396569,145.298196948682,7.59810579313574,"kN m/m","DE"
"interface-alpha-1","Estado biaxial uniforme","Acciones prescritas","Interfaz: αδ = 1.00",1,"M",295,2.54464647669409,145.797503467406,7.9495878908137,"kN m/m","DE"
"interface-alpha-1","Estado biaxial uniforme","Acciones prescritas","Interfaz: αδ = 1.00",1,"M",296,2.55336101942249,146.29680998613,8.29865342113042,"kN m/m","DE"
"interface-alpha-1","Estado biaxial uniforme","Acciones prescritas","Interfaz: αδ = 1.00",1,"M",297,2.5620755621509,146.796116504854,8.64519635007977,"kN m/m","DE"
"interface-alpha-1","Estado biaxial uniforme","Acciones prescritas","Interfaz: αδ = 1.00",1,"M",298,2.5707901048793,147.295423023578,8.98911140993448,"kN m/m","DE"
"interface-alpha-1","Estado biaxial uniforme","Acciones prescritas","Interfaz: αδ = 1.00",1,"M",299,2.57950464760771,147.794729542302,9.33029413122297,"kN m/m","DE"
"interface-alpha-1","Estado biaxial uniforme","Acciones prescritas","Interfaz: αδ = 1.00",1,"M",300,2.58821919033611,148.294036061026,9.66864087446321,"kN m/m","DE"
"interface-alpha-1","Estado biaxial uniforme","Acciones prescritas","Interfaz: αδ = 1.00",1,"M",301,2.59693373306452,148.79334257975,10.0040488616451,"kN m/m","DE"
"interface-alpha-1","Estado biaxial uniforme","Acciones prescritas","Interfaz: αδ = 1.00",1,"M",302,2.60564827579292,149.292649098474,10.3364162074506,"kN m/m","DE"
"interface-alpha-1","Estado biaxial uniforme","Acciones prescritas","Interfaz: αδ = 1.00",1,"M",303,2.61436281852133,149.791955617198,10.6656419502033,"kN m/m","DE"
"interface-alpha-1","Estado biaxial uniforme","Acciones prescritas","Interfaz: αδ = 1.00",1,"M",304,2.62307736124973,150.291262135922,10.9916260825367,"kN m/m","DE"
"interface-alpha-1","Estado biaxial uniforme","Acciones prescritas","Interfaz: αδ = 1.00",1,"M",305,2.63179190397813,150.790568654646,11.3142695817734,"kN m/m","DE"
"interface-alpha-1","Estado biaxial uniforme","Acciones prescritas","Interfaz: αδ = 1.00",1,"M",306,2.64050644670654,151.28987517337,11.6334744400041,"kN m/m","DE"
"interface-alpha-1","Estado biaxial uniforme","Acciones prescritas","Interfaz: αδ = 1.00",1,"M",307,2.64922098943494,151.789181692094,11.9491436938599,"kN m/m","DE"
"interface-alpha-1","Estado biaxial uniforme","Acciones prescritas","Interfaz: αδ = 1.00",1,"M",308,2.65793553216335,152.288488210818,12.2611814539655,"kN m/m","DE"
"interface-alpha-1","Estado biaxial uniforme","Acciones prescritas","Interfaz: αδ = 1.00",1,"M",309,2.66665007489175,152.787794729542,12.5694929340679,"kN m/m","DE"
"interface-alpha-1","Estado biaxial uniforme","Acciones prescritas","Interfaz: αδ = 1.00",1,"M",310,2.67536461762016,153.287101248266,12.8739844798283,"kN m/m","DE"
"interface-alpha-1","Estado biaxial uniforme","Acciones prescritas","Interfaz: αδ = 1.00",1,"M",311,2.68407916034856,153.78640776699,13.1745635972721,"kN m/m","DE"
"interface-alpha-1","Estado biaxial uniforme","Acciones prescritas","Interfaz: αδ = 1.00",1,"M",312,2.69279370307697,154.285714285714,13.4711389808842,"kN m/m","DE"
"interface-alpha-1","Estado biaxial uniforme","Acciones prescritas","Interfaz: αδ = 1.00",1,"M",313,2.70150824580537,154.785020804438,13.7636205413455,"kN m/m","DE"
"interface-alpha-1","Estado biaxial uniforme","Acciones prescritas","Interfaz: αδ = 1.00",1,"M",314,2.71022278853377,155.284327323162,14.051919432898,"kN m/m","DE"
"interface-alpha-1","Estado biaxial uniforme","Acciones prescritas","Interfaz: αδ = 1.00",1,"M",315,2.71893733126218,155.783633841886,14.3359480803341,"kN m/m","DE"
"interface-alpha-1","Estado biaxial uniforme","Acciones prescritas","Interfaz: αδ = 1.00",1,"M",316,2.72765187399058,156.28294036061,14.6156202055977,"kN m/m","DE"
"interface-alpha-1","Estado biaxial uniforme","Acciones prescritas","Interfaz: αδ = 1.00",1,"M",317,2.73636641671899,156.782246879334,14.8908508539934,"kN m/m","DE"
"interface-alpha-1","Estado biaxial uniforme","Acciones prescritas","Interfaz: αδ = 1.00",1,"M",318,2.74508095944739,157.281553398058,15.1615564199924,"kN m/m","DE"
"interface-alpha-1","Estado biaxial uniforme","Acciones prescritas","Interfaz: αδ = 1.00",1,"M",319,2.7537955021758,157.780859916782,15.4276546726291,"kN m/m","DE"
"interface-alpha-1","Estado biaxial uniforme","Acciones prescritas","Interfaz: αδ = 1.00",1,"M",320,2.7625100449042,158.280166435506,15.68906478048,"kN m/m","DE"
"interface-alpha-1","Estado biaxial uniforme","Acciones prescritas","Interfaz: αδ = 1.00",1,"M",321,2.77122458763261,158.77947295423,15.9457073362174,"kN m/m","DE"
"interface-alpha-1","Estado biaxial uniforme","Acciones prescritas","Interfaz: αδ = 1.00",1,"M",322,2.77993913036101,159.278779472954,16.1975043807306,"kN m/m","DE"
"interface-alpha-1","Estado biaxial uniforme","Acciones prescritas","Interfaz: αδ = 1.00",1,"M",323,2.78865367308941,159.778085991678,16.4443794268072,"kN m/m","DE"
"interface-alpha-1","Estado biaxial uniforme","Acciones prescritas","Interfaz: αδ = 1.00",1,"M",324,2.79736821581782,160.277392510402,16.6862574823675,"kN m/m","DE"
"interface-alpha-1","Estado biaxial uniforme","Acciones prescritas","Interfaz: αδ = 1.00",1,"M",325,2.80608275854622,160.776699029126,16.9230650732439,"kN m/m","DE"
"interface-alpha-1","Estado biaxial uniforme","Acciones prescritas","Interfaz: αδ = 1.00",1,"M",326,2.81479730127463,161.27600554785,17.1547302655005,"kN m/m","DE"
"interface-alpha-1","Estado biaxial uniforme","Acciones prescritas","Interfaz: αδ = 1.00",1,"M",327,2.82351184400303,161.775312066574,17.3811826872838,"kN m/m","DE"
"interface-alpha-1","Estado biaxial uniforme","Acciones prescritas","Interfaz: αδ = 1.00",1,"M",328,2.83222638673144,162.274618585298,17.6023535501989,"kN m/m","DE"
"interface-alpha-1","Estado biaxial uniforme","Acciones prescritas","Interfaz: αδ = 1.00",1,"M",329,2.84094092945984,162.773925104022,17.8181756702058,"kN m/m","DE"
"interface-alpha-1","Estado biaxial uniforme","Acciones prescritas","Interfaz: αδ = 1.00",1,"M",330,2.84965547218825,163.273231622746,18.0285834880269,"kN m/m","DE"
"interface-alpha-1","Estado biaxial uniforme","Acciones prescritas","Interfaz: αδ = 1.00",1,"M",331,2.85837001491665,163.77253814147,18.233513089062,"kN m/m","DE"
"interface-alpha-1","Estado biaxial uniforme","Acciones prescritas","Interfaz: αδ = 1.00",1,"M",332,2.86708455764505,164.271844660194,18.4329022228032,"kN m/m","DE"
"interface-alpha-1","Estado biaxial uniforme","Acciones prescritas","Interfaz: αδ = 1.00",1,"M",333,2.87579910037346,164.771151178918,18.6266903217445,"kN m/m","DE"
"interface-alpha-1","Estado biaxial uniforme","Acciones prescritas","Interfaz: αδ = 1.00",1,"M",334,2.88451364310186,165.270457697642,18.81481851978,"kN m/m","DE"
"interface-alpha-1","Estado biaxial uniforme","Acciones prescritas","Interfaz: αδ = 1.00",1,"M",335,2.89322818583027,165.769764216366,18.9972296700855,"kN m/m","DE"
"interface-alpha-1","Estado biaxial uniforme","Acciones prescritas","Interfaz: αδ = 1.00",1,"M",336,2.90194272855867,166.26907073509,19.1738683624777,"kN m/m","DE"
"interface-alpha-1","Estado biaxial uniforme","Acciones prescritas","Interfaz: αδ = 1.00",1,"M",337,2.91065727128708,166.768377253814,19.3446809402459,"kN m/m","DE"
"interface-alpha-1","Estado biaxial uniforme","Acciones prescritas","Interfaz: αδ = 1.00",1,"M",338,2.91937181401548,167.267683772538,19.5096155164511,"kN m/m","DE"
"interface-alpha-1","Estado biaxial uniforme","Acciones prescritas","Interfaz: αδ = 1.00",1,"M",339,2.92808635674389,167.766990291262,19.6686219896874,"kN m/m","DE"
"interface-alpha-1","Estado biaxial uniforme","Acciones prescritas","Interfaz: αδ = 1.00",1,"M",340,2.93680089947229,168.266296809986,19.8216520593008,"kN m/m","DE"
"interface-alpha-1","Estado biaxial uniforme","Acciones prescritas","Interfaz: αδ = 1.00",1,"M",341,2.94551544220069,168.76560332871,19.9686592400617,"kN m/m","DE"
"interface-alpha-1","Estado biaxial uniforme","Acciones prescritas","Interfaz: αδ = 1.00",1,"M",342,2.9542299849291,169.264909847434,20.1095988762854,"kN m/m","DE"
"interface-alpha-1","Estado biaxial uniforme","Acciones prescritas","Interfaz: αδ = 1.00",1,"M",343,2.9629445276575,169.764216366158,20.2444281553967,"kN m/m","DE"
"interface-alpha-1","Estado biaxial uniforme","Acciones prescritas","Interfaz: αδ = 1.00",1,"M",344,2.97165907038591,170.263522884882,20.3731061209351,"kN m/m","DE"
"interface-alpha-1","Estado biaxial uniforme","Acciones prescritas","Interfaz: αδ = 1.00",1,"M",345,2.98037361311431,170.762829403606,20.495593684996,"kN m/m","DE"
"interface-alpha-1","Estado biaxial uniforme","Acciones prescritas","Interfaz: αδ = 1.00",1,"M",346,2.98908815584272,171.26213592233,20.611853640104,"kN m/m","DE"
"interface-alpha-1","Estado biaxial uniforme","Acciones prescritas","Interfaz: αδ = 1.00",1,"M",347,2.99780269857112,171.761442441054,20.7218506705156,"kN m/m","DE"
"interface-alpha-1","Estado biaxial uniforme","Acciones prescritas","Interfaz: αδ = 1.00",1,"M",348,3.00651724129952,172.260748959778,20.8255513629465,"kN m/m","DE"
"interface-alpha-1","Estado biaxial uniforme","Acciones prescritas","Interfaz: αδ = 1.00",1,"M",349,3.01523178402793,172.760055478502,20.9229242167215,"kN m/m","DE"
"interface-alpha-1","Estado biaxial uniforme","Acciones prescritas","Interfaz: αδ = 1.00",1,"M",350,3.02394632675633,173.259361997226,21.0139396533436,"kN m/m","DE"
"interface-alpha-1","Estado biaxial uniforme","Acciones prescritas","Interfaz: αδ = 1.00",1,"M",351,3.03266086948474,173.75866851595,21.0985700254787,"kN m/m","DE"
"interface-alpha-1","Estado biaxial uniforme","Acciones prescritas","Interfaz: αδ = 1.00",1,"M",352,3.04137541221314,174.257975034674,21.1767896253538,"kN m/m","DE"
"interface-alpha-1","Estado biaxial uniforme","Acciones prescritas","Interfaz: αδ = 1.00",1,"M",353,3.05008995494155,174.757281553398,21.2485746925663,"kN m/m","DE"
"interface-alpha-1","Estado biaxial uniforme","Acciones prescritas","Interfaz: αδ = 1.00",1,"M",354,3.05880449766995,175.256588072122,21.3139034213017,"kN m/m","DE"
"interface-alpha-1","Estado biaxial uniforme","Acciones prescritas","Interfaz: αδ = 1.00",1,"M",355,3.06751904039836,175.755894590846,21.3727559669571,"kN m/m","DE"
"interface-alpha-1","Estado biaxial uniforme","Acciones prescritas","Interfaz: αδ = 1.00",1,"M",356,3.07623358312676,176.25520110957,21.4251144521693,"kN m/m","DE"
"interface-alpha-1","Estado biaxial uniforme","Acciones prescritas","Interfaz: αδ = 1.00",1,"M",357,3.08494812585516,176.754507628294,21.4709629722462,"kN m/m","DE"
"interface-alpha-1","Estado biaxial uniforme","Acciones prescritas","Interfaz: αδ = 1.00",1,"M",358,3.09366266858357,177.253814147018,21.5102875999966,"kN m/m","DE"
"interface-alpha-1","Estado biaxial uniforme","Acciones prescritas","Interfaz: αδ = 1.00",1,"M",359,3.10237721131197,177.753120665742,21.5430763899622,"kN m/m","DE"
"interface-alpha-1","Estado biaxial uniforme","Acciones prescritas","Interfaz: αδ = 1.00",1,"M",360,3.11109175404038,178.252427184466,21.5693193820453,"kN m/m","DE"
"interface-alpha-1","Estado biaxial uniforme","Acciones prescritas","Interfaz: αδ = 1.00",1,"M",361,3.11980629676878,178.75173370319,21.5890086045347,"kN m/m","DE"
"interface-alpha-1","Estado biaxial uniforme","Acciones prescritas","Interfaz: αδ = 1.00",1,"M",362,3.12852083949719,179.251040221914,21.6021380765272,"kN m/m","DE"
"interface-alpha-1","Estado biaxial uniforme","Acciones prescritas","Interfaz: αδ = 1.00",1,"M",363,3.13723538222559,179.750346740638,21.6087038097446,"kN m/m","DE"
"interface-alpha-1","Estado biaxial uniforme","Acciones prescritas","Interfaz: αδ = 1.00",1,"M",364,3.14159265358979,180,21.6095245731444,"kN m/m","DE"
"interface-alpha-1","Estado biaxial uniforme","Acciones prescritas","Interfaz: αδ = 1.00",1,"M",365,3.145949924954,180.249653259362,21.6087038097446,"kN m/m","DE"
"interface-alpha-1","Estado biaxial uniforme","Acciones prescritas","Interfaz: αδ = 1.00",1,"M",366,3.1546644676824,180.748959778086,21.6021380765272,"kN m/m","DE"
"interface-alpha-1","Estado biaxial uniforme","Acciones prescritas","Interfaz: αδ = 1.00",1,"M",367,3.1633790104108,181.24826629681,21.5890086045347,"kN m/m","DE"
"interface-alpha-1","Estado biaxial uniforme","Acciones prescritas","Interfaz: αδ = 1.00",1,"M",368,3.17209355313921,181.747572815534,21.5693193820452,"kN m/m","DE"
"interface-alpha-1","Estado biaxial uniforme","Acciones prescritas","Interfaz: αδ = 1.00",1,"M",369,3.18080809586761,182.246879334258,21.5430763899622,"kN m/m","DE"
"interface-alpha-1","Estado biaxial uniforme","Acciones prescritas","Interfaz: αδ = 1.00",1,"M",370,3.18952263859602,182.746185852982,21.5102875999966,"kN m/m","DE"
"interface-alpha-1","Estado biaxial uniforme","Acciones prescritas","Interfaz: αδ = 1.00",1,"M",371,3.19823718132442,183.245492371706,21.4709629722462,"kN m/m","DE"
"interface-alpha-1","Estado biaxial uniforme","Acciones prescritas","Interfaz: αδ = 1.00",1,"M",372,3.20695172405283,183.74479889043,21.4251144521693,"kN m/m","DE"
"interface-alpha-1","Estado biaxial uniforme","Acciones prescritas","Interfaz: αδ = 1.00",1,"M",373,3.21566626678123,184.244105409154,21.372755966957,"kN m/m","DE"
"interface-alpha-1","Estado biaxial uniforme","Acciones prescritas","Interfaz: αδ = 1.00",1,"M",374,3.22438080950963,184.743411927878,21.3139034213016,"kN m/m","DE"
"interface-alpha-1","Estado biaxial uniforme","Acciones prescritas","Interfaz: αδ = 1.00",1,"M",375,3.23309535223804,185.242718446602,21.2485746925662,"kN m/m","DE"
"interface-alpha-1","Estado biaxial uniforme","Acciones prescritas","Interfaz: αδ = 1.00",1,"M",376,3.24180989496644,185.742024965326,21.1767896253537,"kN m/m","DE"
"interface-alpha-1","Estado biaxial uniforme","Acciones prescritas","Interfaz: αδ = 1.00",1,"M",377,3.25052443769485,186.24133148405,21.0985700254786,"kN m/m","DE"
"interface-alpha-1","Estado biaxial uniforme","Acciones prescritas","Interfaz: αδ = 1.00",1,"M",378,3.25923898042325,186.740638002774,21.0139396533435,"kN m/m","DE"
"interface-alpha-1","Estado biaxial uniforme","Acciones prescritas","Interfaz: αδ = 1.00",1,"M",379,3.26795352315166,187.239944521498,20.9229242167214,"kN m/m","DE"
"interface-alpha-1","Estado biaxial uniforme","Acciones prescritas","Interfaz: αδ = 1.00",1,"M",380,3.27666806588006,187.739251040222,20.8255513629464,"kN m/m","DE"
"interface-alpha-1","Estado biaxial uniforme","Acciones prescritas","Interfaz: αδ = 1.00",1,"M",381,3.28538260860847,188.238557558946,20.7218506705156,"kN m/m","DE"
"interface-alpha-1","Estado biaxial uniforme","Acciones prescritas","Interfaz: αδ = 1.00",1,"M",382,3.29409715133687,188.73786407767,20.611853640104,"kN m/m","DE"
"interface-alpha-1","Estado biaxial uniforme","Acciones prescritas","Interfaz: αδ = 1.00",1,"M",383,3.30281169406527,189.237170596394,20.495593684996,"kN m/m","DE"
"interface-alpha-1","Estado biaxial uniforme","Acciones prescritas","Interfaz: αδ = 1.00",1,"M",384,3.31152623679368,189.736477115118,20.3731061209351,"kN m/m","DE"
"interface-alpha-1","Estado biaxial uniforme","Acciones prescritas","Interfaz: αδ = 1.00",1,"M",385,3.32024077952208,190.235783633842,20.2444281553966,"kN m/m","DE"
"interface-alpha-1","Estado biaxial uniforme","Acciones prescritas","Interfaz: αδ = 1.00",1,"M",386,3.32895532225049,190.735090152566,20.1095988762853,"kN m/m","DE"
"interface-alpha-1","Estado biaxial uniforme","Acciones prescritas","Interfaz: αδ = 1.00",1,"M",387,3.33766986497889,191.23439667129,19.9686592400616,"kN m/m","DE"
"interface-alpha-1","Estado biaxial uniforme","Acciones prescritas","Interfaz: αδ = 1.00",1,"M",388,3.3463844077073,191.733703190014,19.8216520593006,"kN m/m","DE"
"interface-alpha-1","Estado biaxial uniforme","Acciones prescritas","Interfaz: αδ = 1.00",1,"M",389,3.3550989504357,192.233009708738,19.6686219896872,"kN m/m","DE"
"interface-alpha-1","Estado biaxial uniforme","Acciones prescritas","Interfaz: αδ = 1.00",1,"M",390,3.36381349316411,192.732316227462,19.509615516451,"kN m/m","DE"
"interface-alpha-1","Estado biaxial uniforme","Acciones prescritas","Interfaz: αδ = 1.00",1,"M",391,3.37252803589251,193.231622746186,19.3446809402457,"kN m/m","DE"
"interface-alpha-1","Estado biaxial uniforme","Acciones prescritas","Interfaz: αδ = 1.00",1,"M",392,3.38124257862091,193.73092926491,19.1738683624775,"kN m/m","DE"
"interface-alpha-1","Estado biaxial uniforme","Acciones prescritas","Interfaz: αδ = 1.00",1,"M",393,3.38995712134932,194.230235783634,18.9972296700852,"kN m/m","DE"
"interface-alpha-1","Estado biaxial uniforme","Acciones prescritas","Interfaz: αδ = 1.00",1,"M",394,3.39867166407772,194.729542302358,18.8148185197797,"kN m/m","DE"
"interface-alpha-1","Estado biaxial uniforme","Acciones prescritas","Interfaz: αδ = 1.00",1,"M",395,3.40738620680613,195.228848821082,18.6266903217442,"kN m/m","DE"
"interface-alpha-1","Estado biaxial uniforme","Acciones prescritas","Interfaz: αδ = 1.00",1,"M",396,3.41610074953453,195.728155339806,18.432902222803,"kN m/m","DE"
"interface-alpha-1","Estado biaxial uniforme","Acciones prescritas","Interfaz: αδ = 1.00",1,"M",397,3.42481529226294,196.22746185853,18.2335130890618,"kN m/m","DE"
"interface-alpha-1","Estado biaxial uniforme","Acciones prescritas","Interfaz: αδ = 1.00",1,"M",398,3.43352983499134,196.726768377254,18.0285834880266,"kN m/m","DE"
"interface-alpha-1","Estado biaxial uniforme","Acciones prescritas","Interfaz: αδ = 1.00",1,"M",399,3.44224437771975,197.226074895978,17.8181756702055,"kN m/m","DE"
"interface-alpha-1","Estado biaxial uniforme","Acciones prescritas","Interfaz: αδ = 1.00",1,"M",400,3.45095892044815,197.725381414702,17.6023535501986,"kN m/m","DE"
"interface-alpha-1","Estado biaxial uniforme","Acciones prescritas","Interfaz: αδ = 1.00",1,"M",401,3.45967346317655,198.224687933426,17.3811826872834,"kN m/m","DE"
"interface-alpha-1","Estado biaxial uniforme","Acciones prescritas","Interfaz: αδ = 1.00",1,"M",402,3.46838800590496,198.72399445215,17.1547302655002,"kN m/m","DE"
"interface-alpha-1","Estado biaxial uniforme","Acciones prescritas","Interfaz: αδ = 1.00",1,"M",403,3.47710254863336,199.223300970874,16.9230650732436,"kN m/m","DE"
"interface-alpha-1","Estado biaxial uniforme","Acciones prescritas","Interfaz: αδ = 1.00",1,"M",404,3.48581709136177,199.722607489598,16.6862574823672,"kN m/m","DE"
"interface-alpha-1","Estado biaxial uniforme","Acciones prescritas","Interfaz: αδ = 1.00",1,"M",405,3.49453163409017,200.221914008322,16.4443794268069,"kN m/m","DE"
"interface-alpha-1","Estado biaxial uniforme","Acciones prescritas","Interfaz: αδ = 1.00",1,"M",406,3.50324617681858,200.721220527046,16.1975043807303,"kN m/m","DE"
"interface-alpha-1","Estado biaxial uniforme","Acciones prescritas","Interfaz: αδ = 1.00",1,"M",407,3.51196071954698,201.22052704577,15.9457073362171,"kN m/m","DE"
"interface-alpha-1","Estado biaxial uniforme","Acciones prescritas","Interfaz: αδ = 1.00",1,"M",408,3.52067526227539,201.719833564494,15.6890647804797,"kN m/m","DE"
"interface-alpha-1","Estado biaxial uniforme","Acciones prescritas","Interfaz: αδ = 1.00",1,"M",409,3.52938980500379,202.219140083218,15.4276546726288,"kN m/m","DE"
"interface-alpha-1","Estado biaxial uniforme","Acciones prescritas","Interfaz: αδ = 1.00",1,"M",410,3.53810434773219,202.718446601942,15.1615564199921,"kN m/m","DE"
"interface-alpha-1","Estado biaxial uniforme","Acciones prescritas","Interfaz: αδ = 1.00",1,"M",411,3.5468188904606,203.217753120666,14.8908508539931,"kN m/m","DE"
"interface-alpha-1","Estado biaxial uniforme","Acciones prescritas","Interfaz: αδ = 1.00",1,"M",412,3.555533433189,203.71705963939,14.6156202055973,"kN m/m","DE"
"interface-alpha-1","Estado biaxial uniforme","Acciones prescritas","Interfaz: αδ = 1.00",1,"M",413,3.56424797591741,204.216366158114,14.3359480803337,"kN m/m","DE"
"interface-alpha-1","Estado biaxial uniforme","Acciones prescritas","Interfaz: αδ = 1.00",1,"M",414,3.57296251864581,204.715672676838,14.0519194328977,"kN m/m","DE"
"interface-alpha-1","Estado biaxial uniforme","Acciones prescritas","Interfaz: αδ = 1.00",1,"M",415,3.58167706137422,205.214979195562,13.7636205413451,"kN m/m","DE"
"interface-alpha-1","Estado biaxial uniforme","Acciones prescritas","Interfaz: αδ = 1.00",1,"M",416,3.59039160410262,205.714285714286,13.4711389808839,"kN m/m","DE"
"interface-alpha-1","Estado biaxial uniforme","Acciones prescritas","Interfaz: αδ = 1.00",1,"M",417,3.59910614683103,206.21359223301,13.1745635972717,"kN m/m","DE"
"interface-alpha-1","Estado biaxial uniforme","Acciones prescritas","Interfaz: αδ = 1.00",1,"M",418,3.60782068955943,206.712898751734,12.873984479828,"kN m/m","DE"
"interface-alpha-1","Estado biaxial uniforme","Acciones prescritas","Interfaz: αδ = 1.00",1,"M",419,3.61653523228783,207.212205270458,12.5694929340675,"kN m/m","DE"
"interface-alpha-1","Estado biaxial uniforme","Acciones prescritas","Interfaz: αδ = 1.00",1,"M",420,3.62524977501624,207.711511789182,12.2611814539651,"kN m/m","DE"
"interface-alpha-1","Estado biaxial uniforme","Acciones prescritas","Interfaz: αδ = 1.00",1,"M",421,3.63396431774464,208.210818307906,11.9491436938595,"kN m/m","DE"
"interface-alpha-1","Estado biaxial uniforme","Acciones prescritas","Interfaz: αδ = 1.00",1,"M",422,3.64267886047305,208.71012482663,11.6334744400037,"kN m/m","DE"
"interface-alpha-1","Estado biaxial uniforme","Acciones prescritas","Interfaz: αδ = 1.00",1,"M",423,3.65139340320145,209.209431345354,11.314269581773,"kN m/m","DE"
"interface-alpha-1","Estado biaxial uniforme","Acciones prescritas","Interfaz: αδ = 1.00",1,"M",424,3.66010794592986,209.708737864078,10.9916260825364,"kN m/m","DE"
"interface-alpha-1","Estado biaxial uniforme","Acciones prescritas","Interfaz: αδ = 1.00",1,"M",425,3.66882248865826,210.208044382802,10.6656419502029,"kN m/m","DE"
"interface-alpha-1","Estado biaxial uniforme","Acciones prescritas","Interfaz: αδ = 1.00",1,"M",426,3.67753703138666,210.707350901526,10.3364162074502,"kN m/m","DE"
"interface-alpha-1","Estado biaxial uniforme","Acciones prescritas","Interfaz: αδ = 1.00",1,"M",427,3.68625157411507,211.20665742025,10.0040488616447,"kN m/m","DE"
"interface-alpha-1","Estado biaxial uniforme","Acciones prescritas","Interfaz: αδ = 1.00",1,"M",428,3.69496611684347,211.705963938974,9.66864087446281,"kN m/m","DE"
"interface-alpha-1","Estado biaxial uniforme","Acciones prescritas","Interfaz: αδ = 1.00",1,"M",429,3.70368065957188,212.205270457698,9.33029413122254,"kN m/m","DE"
"interface-alpha-1","Estado biaxial uniforme","Acciones prescritas","Interfaz: αδ = 1.00",1,"M",430,3.71239520230028,212.704576976422,8.98911140993407,"kN m/m","DE"
"interface-alpha-1","Estado biaxial uniforme","Acciones prescritas","Interfaz: αδ = 1.00",1,"M",431,3.72110974502869,213.203883495146,8.6451963500793,"kN m/m","DE"
"interface-alpha-1","Estado biaxial uniforme","Acciones prescritas","Interfaz: αδ = 1.00",1,"M",432,3.72982428775709,213.70319001387,8.29865342113,"kN m/m","DE"
"interface-alpha-1","Estado biaxial uniforme","Acciones prescritas","Interfaz: αδ = 1.00",1,"M",433,3.7385388304855,214.202496532594,7.94958789081329,"kN m/m","DE"
"interface-alpha-1","Estado biaxial uniforme","Acciones prescritas","Interfaz: αδ = 1.00",1,"M",434,3.7472533732139,214.701803051318,7.59810579313535,"kN m/m","DE"
"interface-alpha-1","Estado biaxial uniforme","Acciones prescritas","Interfaz: αδ = 1.00",1,"M",435,3.7559679159423,215.201109570042,7.24431389617148,"kN m/m","DE"
"interface-alpha-1","Estado biaxial uniforme","Acciones prescritas","Interfaz: αδ = 1.00",1,"M",436,3.76468245867071,215.700416088766,6.88831966963401,"kN m/m","DE"
"interface-alpha-1","Estado biaxial uniforme","Acciones prescritas","Interfaz: αδ = 1.00",1,"M",437,3.77339700139911,216.19972260749,6.53023125222671,"kN m/m","DE"
"interface-alpha-1","Estado biaxial uniforme","Acciones prescritas","Interfaz: αδ = 1.00",1,"M",438,3.78211154412752,216.699029126214,6.17015741879598,"kN m/m","DE"
"interface-alpha-1","Estado biaxial uniforme","Acciones prescritas","Interfaz: αδ = 1.00",1,"M",439,3.79082608685592,217.198335644938,5.80820754728862,"kN m/m","DE"
"interface-alpha-1","Estado biaxial uniforme","Acciones prescritas","Interfaz: αδ = 1.00",1,"M",440,3.79954062958433,217.697642163662,5.44449158552685,"kN m/m","DE"
"interface-alpha-1","Estado biaxial uniforme","Acciones prescritas","Interfaz: αδ = 1.00",1,"M",441,3.80825517231273,218.196948682386,5.07912001780981,"kN m/m","DE"
"interface-alpha-1","Estado biaxial uniforme","Acciones prescritas","Interfaz: αδ = 1.00",1,"M",442,3.81696971504114,218.69625520111,4.71220383135247,"kN m/m","DE"
"interface-alpha-1","Estado biaxial uniforme","Acciones prescritas","Interfaz: αδ = 1.00",1,"M",443,3.82568425776954,219.195561719834,4.34385448257129,"kN m/m","DE"
"interface-alpha-1","Estado biaxial uniforme","Acciones prescritas","Interfaz: αδ = 1.00",1,"M",444,3.83439880049794,219.694868238558,3.97418386322775,"kN m/m","DE"
"interface-alpha-1","Estado biaxial uniforme","Acciones prescritas","Interfaz: αδ = 1.00",1,"M",445,3.84311334322635,220.194174757282,3.60330426643965,"kN m/m","DE"
"interface-alpha-1","Estado biaxial uniforme","Acciones prescritas","Interfaz: αδ = 1.00",1,"M",446,3.85182788595475,220.693481276006,3.23132835257005,"kN m/m","DE"
"interface-alpha-1","Estado biaxial uniforme","Acciones prescritas","Interfaz: αδ = 1.00",1,"M",447,3.86054242868316,221.19278779473,2.85836911500525,"kN m/m","DE"
"interface-alpha-1","Estado biaxial uniforme","Acciones prescritas","Interfaz: αδ = 1.00",1,"M",448,3.86925697141156,221.692094313454,2.48453984583114,"kN m/m","DE"
"interface-alpha-1","Estado biaxial uniforme","Acciones prescritas","Interfaz: αδ = 1.00",1,"M",449,3.87797151413997,222.191400832178,2.10995410141921,"kN m/m","DE"
"interface-alpha-1","Estado biaxial uniforme","Acciones prescritas","Interfaz: αδ = 1.00",1,"M",450,3.88668605686837,222.690707350902,1.73472566793161,"kN m/m","DE"
"interface-alpha-1","Estado biaxial uniforme","Acciones prescritas","Interfaz: αδ = 1.00",1,"M",451,3.89540059959677,223.190013869625,1.35896852675738,"kN m/m","DE"
"interface-alpha-1","Estado biaxial uniforme","Acciones prescritas","Interfaz: αδ = 1.00",1,"M",452,3.90411514232518,223.68932038835,0.982796819888449,"kN m/m","DE"
"interface-alpha-1","Estado biaxial uniforme","Acciones prescritas","Interfaz: αδ = 1.00",1,"M",453,3.91282968505358,224.188626907074,0.606324815247547,"kN m/m","DE"
"interface-alpha-1","Estado biaxial uniforme","Acciones prescritas","Interfaz: αδ = 1.00",1,"M",454,3.92154422778199,224.687933425798,0.229666871977571,"kN m/m","DE"
"interface-alpha-1","Estado biaxial uniforme","Acciones prescritas","Interfaz: αδ = 1.00",1,"M",455,3.92699081698724,225,-0.00578792685577412,"kN m/m","DE"
"interface-alpha-1","Estado biaxial uniforme","Acciones prescritas","Interfaz: αδ = 1.00",1,"M",456,3.93025877051039,225.187239944522,-0.147062594297097,"kN m/m","DE"
"interface-alpha-1","Estado biaxial uniforme","Acciones prescritas","Interfaz: αδ = 1.00",1,"M",457,3.9389733132388,225.686546463245,-0.523749146225825,"kN m/m","DE"
"interface-alpha-1","Estado biaxial uniforme","Acciones prescritas","Interfaz: αδ = 1.00",1,"M",458,3.9476878559672,226.18585298197,-0.900278359493782,"kN m/m","DE"
"interface-alpha-1","Estado biaxial uniforme","Acciones prescritas","Interfaz: αδ = 1.00",1,"M",459,3.95640239869561,226.685159500693,-1.27653585758021,"kN m/m","DE"
"interface-alpha-1","Estado biaxial uniforme","Acciones prescritas","Interfaz: αδ = 1.00",1,"M",460,3.96511694142401,227.184466019417,-1.65240734650197,"kN m/m","DE"
"interface-alpha-1","Estado biaxial uniforme","Acciones prescritas","Interfaz: αδ = 1.00",1,"M",461,3.97383148415241,227.683772538141,-2.02777864953211,"kN m/m","DE"
"interface-alpha-1","Estado biaxial uniforme","Acciones prescritas","Interfaz: αδ = 1.00",1,"M",462,3.98254602688082,228.183079056865,-2.40253574188299,"kN m/m","DE"
"interface-alpha-1","Estado biaxial uniforme","Acciones prescritas","Interfaz: αδ = 1.00",1,"M",463,3.99126056960922,228.682385575589,-2.77656478534266,"kN m/m","DE"
"interface-alpha-1","Estado biaxial uniforme","Acciones prescritas","Interfaz: αδ = 1.00",1,"M",464,3.99997511233763,229.181692094313,-3.14975216285526,"kN m/m","DE"
"interface-alpha-1","Estado biaxial uniforme","Acciones prescritas","Interfaz: αδ = 1.00",1,"M",465,4.00868965506603,229.680998613037,-3.52198451303387,"kN m/m","DE"
"interface-alpha-1","Estado biaxial uniforme","Acciones prescritas","Interfaz: αδ = 1.00",1,"M",466,4.01740419779444,230.180305131761,-3.89314876459575,"kN m/m","DE"
"interface-alpha-1","Estado biaxial uniforme","Acciones prescritas","Interfaz: αδ = 1.00",1,"M",467,4.02611874052284,230.679611650485,-4.26313217070951,"kN m/m","DE"
"interface-alpha-1","Estado biaxial uniforme","Acciones prescritas","Interfaz: αδ = 1.00",1,"M",468,4.03483328325125,231.178918169209,-4.63182234324375,"kN m/m","DE"
"interface-alpha-1","Estado biaxial uniforme","Acciones prescritas","Interfaz: αδ = 1.00",1,"M",469,4.04354782597965,231.678224687933,-4.99910728690637,"kN m/m","DE"
"interface-alpha-1","Estado biaxial uniforme","Acciones prescritas","Interfaz: αδ = 1.00",1,"M",470,4.05226236870806,232.177531206657,-5.36487543326535,"kN m/m","DE"
"interface-alpha-1","Estado biaxial uniforme","Acciones prescritas","Interfaz: αδ = 1.00",1,"M",471,4.06097691143646,232.676837725381,-5.72901567463883,"kN m/m","DE"
"interface-alpha-1","Estado biaxial uniforme","Acciones prescritas","Interfaz: αδ = 1.00",1,"M",472,4.06969145416486,233.176144244105,-6.09141739784629,"kN m/m","DE"
"interface-alpha-1","Estado biaxial uniforme","Acciones prescritas","Interfaz: αδ = 1.00",1,"M",473,4.07840599689327,233.675450762829,-6.45197051780865,"kN m/m","DE"
"interface-alpha-1","Estado biaxial uniforme","Acciones prescritas","Interfaz: αδ = 1.00",1,"M",474,4.08712053962167,234.174757281553,-6.81056551098838,"kN m/m","DE"
"interface-alpha-1","Estado biaxial uniforme","Acciones prescritas","Interfaz: αδ = 1.00",1,"M",475,4.09583508235008,234.674063800277,-7.16709344865902,"kN m/m","DE"
"interface-alpha-1","Estado biaxial uniforme","Acciones prescritas","Interfaz: αδ = 1.00",1,"M",476,4.10454962507848,235.173370319001,-7.52144602999387,"kN m/m","DE"
"interface-alpha-1","Estado biaxial uniforme","Acciones prescritas","Interfaz: αδ = 1.00",1,"M",477,4.11326416780689,235.672676837725,-7.87351561496396,"kN m/m","DE"
"interface-alpha-1","Estado biaxial uniforme","Acciones prescritas","Interfaz: αδ = 1.00",1,"M",478,4.12197871053529,236.171983356449,-8.2231952570358,"kN m/m","DE"
"interface-alpha-1","Estado biaxial uniforme","Acciones prescritas","Interfaz: αδ = 1.00",1,"M",479,4.13069325326369,236.671289875173,-8.57037873565739,"kN m/m","DE"
"interface-alpha-1","Estado biaxial uniforme","Acciones prescritas","Interfaz: αδ = 1.00",1,"M",480,4.1394077959921,237.170596393897,-8.91496058852481,"kN m/m","DE"
"interface-alpha-1","Estado biaxial uniforme","Acciones prescritas","Interfaz: αδ = 1.00",1,"M",481,4.1481223387205,237.669902912621,-9.25683614361766,"kN m/m","DE"
"interface-alpha-1","Estado biaxial uniforme","Acciones prescritas","Interfaz: αδ = 1.00",1,"M",482,4.15683688144891,238.169209431345,-9.59590155099518,"kN m/m","DE"
"interface-alpha-1","Estado biaxial uniforme","Acciones prescritas","Interfaz: αδ = 1.00",1,"M",483,4.16555142417731,238.668515950069,-9.93205381434198,"kN m/m","DE"
"interface-alpha-1","Estado biaxial uniforme","Acciones prescritas","Interfaz: αδ = 1.00",1,"M",484,4.17426596690572,239.167822468793,-10.2651908222549,"kN m/m","DE"
"interface-alpha-1","Estado biaxial uniforme","Acciones prescritas","Interfaz: αδ = 1.00",1,"M",485,4.18298050963412,239.667128987517,-10.5952113792605,"kN m/m","DE"
"interface-alpha-1","Estado biaxial uniforme","Acciones prescritas","Interfaz: αδ = 1.00",1,"M",486,4.19169505236253,240.166435506241,-10.9220152365556,"kN m/m","DE"
"interface-alpha-1","Estado biaxial uniforme","Acciones prescritas","Interfaz: αδ = 1.00",1,"M",487,4.20040959509093,240.665742024965,-11.2455031224584,"kN m/m","DE"
"interface-alpha-1","Estado biaxial uniforme","Acciones prescritas","Interfaz: αδ = 1.00",1,"M",488,4.20912413781933,241.165048543689,-11.5655767725646,"kN m/m","DE"
"interface-alpha-1","Estado biaxial uniforme","Acciones prescritas","Interfaz: αδ = 1.00",1,"M",489,4.21783868054774,241.664355062413,-11.8821389595962,"kN m/m","DE"
"interface-alpha-1","Estado biaxial uniforme","Acciones prescritas","Interfaz: αδ = 1.00",1,"M",490,4.22655322327614,242.163661581137,-12.195093522936,"kN m/m","DE"
"interface-alpha-1","Estado biaxial uniforme","Acciones prescritas","Interfaz: αδ = 1.00",1,"M",491,4.23526776600455,242.662968099861,-12.5043453978377,"kN m/m","DE"
"interface-alpha-1","Estado biaxial uniforme","Acciones prescritas","Interfaz: αδ = 1.00",1,"M",492,4.24398230873295,243.162274618585,-12.8098006443034,"kN m/m","DE"
"interface-alpha-1","Estado biaxial uniforme","Acciones prescritas","Interfaz: αδ = 1.00",1,"M",493,4.25269685146136,243.661581137309,-13.1113664756194,"kN m/m","DE"
"interface-alpha-1","Estado biaxial uniforme","Acciones prescritas","Interfaz: αδ = 1.00",1,"M",494,4.26141139418976,244.160887656033,-13.4089512865413,"kN m/m","DE"
"interface-alpha-1","Estado biaxial uniforme","Acciones prescritas","Interfaz: αδ = 1.00",1,"M",495,4.27012593691817,244.660194174757,-13.7024646811209,"kN m/m","DE"
"interface-alpha-1","Estado biaxial uniforme","Acciones prescritas","Interfaz: αδ = 1.00",1,"M",496,4.27884047964657,245.159500693481,-13.9918175001649,"kN m/m","DE"
"interface-alpha-1","Estado biaxial uniforme","Acciones prescritas","Interfaz: αδ = 1.00",1,"M",497,4.28755502237497,245.658807212205,-14.2769218483188,"kN m/m","DE"
"interface-alpha-1","Estado biaxial uniforme","Acciones prescritas","Interfaz: αδ = 1.00",1,"M",498,4.29626956510338,246.158113730929,-14.5576911207662,"kN m/m","DE"
"interface-alpha-1","Estado biaxial uniforme","Acciones prescritas","Interfaz: αδ = 1.00",1,"M",499,4.30498410783178,246.657420249653,-14.8340400295361,"kN m/m","DE"
"interface-alpha-1","Estado biaxial uniforme","Acciones prescritas","Interfaz: αδ = 1.00",1,"M",500,4.31369865056019,247.156726768377,-15.1058846294113,"kN m/m","DE"
"interface-alpha-1","Estado biaxial uniforme","Acciones prescritas","Interfaz: αδ = 1.00",1,"M",501,4.32241319328859,247.656033287101,-15.3731423434271,"kN m/m","DE"
"interface-alpha-1","Estado biaxial uniforme","Acciones prescritas","Interfaz: αδ = 1.00",1,"M",502,4.331127736017,248.155339805825,-15.6357319879558,"kN m/m","DE"
"interface-alpha-1","Estado biaxial uniforme","Acciones prescritas","Interfaz: αδ = 1.00",1,"M",503,4.3398422787454,248.654646324549,-15.8935737973672,"kN m/m","DE"
"interface-alpha-1","Estado biaxial uniforme","Acciones prescritas","Interfaz: αδ = 1.00",1,"M",504,4.3485568214738,249.153952843273,-16.1465894482592,"kN m/m","DE"
"interface-alpha-1","Estado biaxial uniforme","Acciones prescritas","Interfaz: αδ = 1.00",1,"M",505,4.35727136420221,249.653259361997,-16.3947020832489,"kN m/m","DE"
"interface-alpha-1","Estado biaxial uniforme","Acciones prescritas","Interfaz: αδ = 1.00",1,"M",506,4.36598590693061,250.152565880721,-16.6378363343199,"kN m/m","DE"
"interface-alpha-1","Estado biaxial uniforme","Acciones prescritas","Interfaz: αδ = 1.00",1,"M",507,4.37470044965902,250.651872399445,-16.8759183457161,"kN m/m","DE"
"interface-alpha-1","Estado biaxial uniforme","Acciones prescritas","Interfaz: αδ = 1.00",1,"M",508,4.38341499238742,251.151178918169,-17.1088757963767,"kN m/m","DE"
"interface-alpha-1","Estado biaxial uniforme","Acciones prescritas","Interfaz: αδ = 1.00",1,"M",509,4.39212953511583,251.650485436893,-17.336637921905,"kN m/m","DE"
"interface-alpha-1","Estado biaxial uniforme","Acciones prescritas","Interfaz: αδ = 1.00",1,"M",510,4.40084407784423,252.149791955617,-17.5591355360635,"kN m/m","DE"
"interface-alpha-1","Estado biaxial uniforme","Acciones prescritas","Interfaz: αδ = 1.00",1,"M",511,4.40955862057264,252.649098474341,-17.7763010517912,"kN m/m","DE"
"interface-alpha-1","Estado biaxial uniforme","Acciones prescritas","Interfaz: αδ = 1.00",1,"M",512,4.41827316330104,253.148404993065,-17.9880685017334,"kN m/m","DE"
"interface-alpha-1","Estado biaxial uniforme","Acciones prescritas","Interfaz: αδ = 1.00",1,"M",513,4.42698770602945,253.647711511789,-18.1943735582808,"kN m/m","DE"
"interface-alpha-1","Estado biaxial uniforme","Acciones prescritas","Interfaz: αδ = 1.00",1,"M",514,4.43570224875785,254.147018030513,-18.3951535531098,"kN m/m","DE"
"interface-alpha-1","Estado biaxial uniforme","Acciones prescritas","Interfaz: αδ = 1.00",1,"M",515,4.44441679148625,254.646324549237,-18.5903474962189,"kN m/m","DE"
"interface-alpha-1","Estado biaxial uniforme","Acciones prescritas","Interfaz: αδ = 1.00",1,"M",516,4.45313133421466,255.145631067961,-18.7798960944558,"kN m/m","DE"
"interface-alpha-1","Estado biaxial uniforme","Acciones prescritas","Interfaz: αδ = 1.00",1,"M",517,4.46184587694306,255.644937586685,-18.9637417695277,"kN m/m","DE"
"interface-alpha-1","Estado biaxial uniforme","Acciones prescritas","Interfaz: αδ = 1.00",1,"M",518,4.47056041967147,256.144244105409,-19.1418286754926,"kN m/m","DE"
"interface-alpha-1","Estado biaxial uniforme","Acciones prescritas","Interfaz: αδ = 1.00",1,"M",519,4.47927496239987,256.643550624133,-19.3141027157226,"kN m/m","DE"
"interface-alpha-1","Estado biaxial uniforme","Acciones prescritas","Interfaz: αδ = 1.00",1,"M",520,4.48798950512828,257.142857142857,-19.480511559337,"kN m/m","DE"
"interface-alpha-1","Estado biaxial uniforme","Acciones prescritas","Interfaz: αδ = 1.00",1,"M",521,4.49670404785668,257.642163661581,-19.6410046570987,"kN m/m","DE"
"interface-alpha-1","Estado biaxial uniforme","Acciones prescritas","Interfaz: αδ = 1.00",1,"M",522,4.50541859058508,258.141470180305,-19.7955332567686,"kN m/m","DE"
"interface-alpha-1","Estado biaxial uniforme","Acciones prescritas","Interfaz: αδ = 1.00",1,"M",523,4.51413313331349,258.640776699029,-19.9440504179158,"kN m/m","DE"
"interface-alpha-1","Estado biaxial uniforme","Acciones prescritas","Interfaz: αδ = 1.00",1,"M",524,4.52284767604189,259.140083217753,-20.0865110261758,"kN m/m","DE"
"interface-alpha-1","Estado biaxial uniforme","Acciones prescritas","Interfaz: αδ = 1.00",1,"M",525,4.5315622187703,259.639389736477,-20.2228718069547,"kN m/m","DE"
"interface-alpha-1","Estado biaxial uniforme","Acciones prescritas","Interfaz: αδ = 1.00",1,"M",526,4.5402767614987,260.138696255201,-20.3530913385752,"kN m/m","DE"
"interface-alpha-1","Estado biaxial uniforme","Acciones prescritas","Interfaz: αδ = 1.00",1,"M",527,4.54899130422711,260.638002773925,-20.4771300648581,"kN m/m","DE"
"interface-alpha-1","Estado biaxial uniforme","Acciones prescritas","Interfaz: αδ = 1.00",1,"M",528,4.55770584695551,261.137309292649,-20.5949503071389,"kN m/m","DE"
"interface-alpha-1","Estado biaxial uniforme","Acciones prescritas","Interfaz: αδ = 1.00",1,"M",529,4.56642038968392,261.636615811373,-20.7065162757127,"kN m/m","DE"
"interface-alpha-1","Estado biaxial uniforme","Acciones prescritas","Interfaz: αδ = 1.00",1,"M",530,4.57513493241232,262.135922330097,-20.8117940807064,"kN m/m","DE"
"interface-alpha-1","Estado biaxial uniforme","Acciones prescritas","Interfaz: αδ = 1.00",1,"M",531,4.58384947514072,262.635228848821,-20.9107517423726,"kN m/m","DE"
"interface-alpha-1","Estado biaxial uniforme","Acciones prescritas","Interfaz: αδ = 1.00",1,"M",532,4.59256401786913,263.134535367545,-21.0033592008046,"kN m/m","DE"
"interface-alpha-1","Estado biaxial uniforme","Acciones prescritas","Interfaz: αδ = 1.00",1,"M",533,4.60127856059753,263.633841886269,-21.0895883250672,"kN m/m","DE"
"interface-alpha-1","Estado biaxial uniforme","Acciones prescritas","Interfaz: αδ = 1.00",1,"M",534,4.60999310332594,264.133148404993,-21.1694129217421,"kN m/m","DE"
"interface-alpha-1","Estado biaxial uniforme","Acciones prescritas","Interfaz: αδ = 1.00",1,"M",535,4.61870764605434,264.632454923717,-21.2428087428843,"kN m/m","DE"
"interface-alpha-1","Estado biaxial uniforme","Acciones prescritas","Interfaz: αδ = 1.00",1,"M",536,4.62742218878275,265.131761442441,-21.309753493388,"kN m/m","DE"
"interface-alpha-1","Estado biaxial uniforme","Acciones prescritas","Interfaz: αδ = 1.00",1,"M",537,4.63613673151115,265.631067961165,-21.3702268377588,"kN m/m","DE"
"interface-alpha-1","Estado biaxial uniforme","Acciones prescritas","Interfaz: αδ = 1.00",1,"M",538,4.64485127423955,266.130374479889,-21.4242104062914,"kN m/m","DE"
"interface-alpha-1","Estado biaxial uniforme","Acciones prescritas","Interfaz: αδ = 1.00",1,"M",539,4.65356581696796,266.629680998613,-21.4716878006493,"kN m/m","DE"
"interface-alpha-1","Estado biaxial uniforme","Acciones prescritas","Interfaz: αδ = 1.00",1,"M",540,4.66228035969636,267.128987517337,-21.5126445988462,"kN m/m","DE"
"interface-alpha-1","Estado biaxial uniforme","Acciones prescritas","Interfaz: αδ = 1.00",1,"M",541,4.67099490242477,267.628294036061,-21.5470683596267,"kN m/m","DE"
"interface-alpha-1","Estado biaxial uniforme","Acciones prescritas","Interfaz: αδ = 1.00",1,"M",542,4.67970944515317,268.127600554785,-21.5749486262456,"kN m/m","DE"
"interface-alpha-1","Estado biaxial uniforme","Acciones prescritas","Interfaz: αδ = 1.00",1,"M",543,4.68842398788158,268.626907073509,-21.5962769296448,"kN m/m","DE"
"interface-alpha-1","Estado biaxial uniforme","Acciones prescritas","Interfaz: αδ = 1.00",1,"M",544,4.69713853060998,269.126213592233,-21.6110467910249,"kN m/m","DE"
"interface-alpha-1","Estado biaxial uniforme","Acciones prescritas","Interfaz: αδ = 1.00",1,"M",545,4.70585307333839,269.625520110957,-21.6192537238142,"kN m/m","DE"
"interface-alpha-1","Estado biaxial uniforme","Acciones prescritas","Interfaz: αδ = 1.00",1,"M",546,4.71238898038469,270,-21.621100426855,"kN m/m","DE"
"interface-alpha-1","Estado biaxial uniforme","Acciones prescritas","Interfaz: αδ = 1.00",1,"M",547,4.71456761606679,270.124826629681,-21.6208952350311,"kN m/m","DE"
"interface-alpha-1","Estado biaxial uniforme","Acciones prescritas","Interfaz: αδ = 1.00",1,"M",548,4.7232821587952,270.624133148405,-21.6159708260413,"kN m/m","DE"
"interface-alpha-1","Estado biaxial uniforme","Acciones prescritas","Interfaz: αδ = 1.00",1,"M",549,4.7319967015236,271.123439667129,-21.6044819927097,"kN m/m","DE"
"interface-alpha-1","Estado biaxial uniforme","Acciones prescritas","Interfaz: αδ = 1.00",1,"M",550,4.740711244252,271.622746185853,-21.5864322249453,"kN m/m","DE"
"interface-alpha-1","Estado biaxial uniforme","Acciones prescritas","Interfaz: αδ = 1.00",1,"M",551,4.74942578698041,272.122052704577,-21.561827005642,"kN m/m","DE"
"interface-alpha-1","Estado biaxial uniforme","Acciones prescritas","Interfaz: αδ = 1.00",1,"M",552,4.75814032970881,272.621359223301,-21.5306738090122,"kN m/m","DE"
"interface-alpha-1","Estado biaxial uniforme","Acciones prescritas","Interfaz: αδ = 1.00",1,"M",553,4.76685487243722,273.120665742025,-21.492982098317,"kN m/m","DE"
"interface-alpha-1","Estado biaxial uniforme","Acciones prescritas","Interfaz: αδ = 1.00",1,"M",554,4.77556941516562,273.619972260749,-21.4487633229913,"kN m/m","DE"
"interface-alpha-1","Estado biaxial uniforme","Acciones prescritas","Interfaz: αδ = 1.00",1,"M",555,4.78428395789403,274.119278779473,-21.3980309151661,"kN m/m","DE"
"interface-alpha-1","Estado biaxial uniforme","Acciones prescritas","Interfaz: αδ = 1.00",1,"M",556,4.79299850062243,274.618585298197,-21.340800285588,"kN m/m","DE"
"interface-alpha-1","Estado biaxial uniforme","Acciones prescritas","Interfaz: αδ = 1.00",1,"M",557,4.80171304335083,275.117891816921,-21.277088818938,"kN m/m","DE"
"interface-alpha-1","Estado biaxial uniforme","Acciones prescritas","Interfaz: αδ = 1.00",1,"M",558,4.81042758607924,275.617198335645,-21.2069158685508,"kN m/m","DE"
"interface-alpha-1","Estado biaxial uniforme","Acciones prescritas","Interfaz: αδ = 1.00",1,"M",559,4.81914212880764,276.116504854369,-21.1303027505359,"kN m/m","DE"
"interface-alpha-1","Estado biaxial uniforme","Acciones prescritas","Interfaz: αδ = 1.00",1,"M",560,4.82785667153605,276.615811373093,-21.0472727373023,"kN m/m","DE"
"interface-alpha-1","Estado biaxial uniforme","Acciones prescritas","Interfaz: αδ = 1.00",1,"M",561,4.83657121426445,277.115117891817,-20.9578510504895,"kN m/m","DE"
"interface-alpha-1","Estado biaxial uniforme","Acciones prescritas","Interfaz: αδ = 1.00",1,"M",562,4.84528575699286,277.614424410541,-20.8620648533056,"kN m/m","DE"
"interface-alpha-1","Estado biaxial uniforme","Acciones prescritas","Interfaz: αδ = 1.00",1,"M",563,4.85400029972126,278.113730929265,-20.7599432422765,"kN m/m","DE"
"interface-alpha-1","Estado biaxial uniforme","Acciones prescritas","Interfaz: αδ = 1.00",1,"M",564,4.86271484244967,278.613037447989,-20.6515172384071,"kN m/m","DE"
"interface-alpha-1","Estado biaxial uniforme","Acciones prescritas","Interfaz: αδ = 1.00",1,"M",565,4.87142938517807,279.112343966713,-20.5368197777581,"kN m/m","DE"
"interface-alpha-1","Estado biaxial uniforme","Acciones prescritas","Interfaz: αδ = 1.00",1,"M",566,4.88014392790647,279.611650485437,-20.4158857014415,"kN m/m","DE"
"interface-alpha-1","Estado biaxial uniforme","Acciones prescritas","Interfaz: αδ = 1.00",1,"M",567,4.88885847063488,280.110957004161,-20.2887517450371,"kN m/m","DE"
"interface-alpha-1","Estado biaxial uniforme","Acciones prescritas","Interfaz: αδ = 1.00",1,"M",568,4.89757301336328,280.610263522885,-20.1554565274331,"kN m/m","DE"
"interface-alpha-1","Estado biaxial uniforme","Acciones prescritas","Interfaz: αδ = 1.00",1,"M",569,4.90628755609169,281.109570041609,-20.0160405390951,"kN m/m","DE"
"interface-alpha-1","Estado biaxial uniforme","Acciones prescritas","Interfaz: αδ = 1.00",1,"M",570,4.91500209882009,281.608876560333,-19.870546129767,"kN m/m","DE"
"interface-alpha-1","Estado biaxial uniforme","Acciones prescritas","Interfaz: αδ = 1.00",1,"M",571,4.9237166415485,282.108183079057,-19.719017495606,"kN m/m","DE"
"interface-alpha-1","Estado biaxial uniforme","Acciones prescritas","Interfaz: αδ = 1.00",1,"M",572,4.9324311842769,282.607489597781,-19.5615006657577,"kN m/m","DE"
"interface-alpha-1","Estado biaxial uniforme","Acciones prescritas","Interfaz: αδ = 1.00",1,"M",573,4.94114572700531,283.106796116505,-19.3980434883739,"kN m/m","DE"
"interface-alpha-1","Estado biaxial uniforme","Acciones prescritas","Interfaz: αδ = 1.00",1,"M",574,4.94986026973371,283.606102635229,-19.228695616078,"kN m/m","DE"
"interface-alpha-1","Estado biaxial uniforme","Acciones prescritas","Interfaz: αδ = 1.00",1,"M",575,4.95857481246211,284.105409153953,-19.0535084908824,"kN m/m","DE"
"interface-alpha-1","Estado biaxial uniforme","Acciones prescritas","Interfaz: αδ = 1.00",1,"M",576,4.96728935519052,284.604715672677,-18.872535328562,"kN m/m","DE"
"interface-alpha-1","Estado biaxial uniforme","Acciones prescritas","Interfaz: αδ = 1.00",1,"M",577,4.97600389791892,285.104022191401,-18.6858311024891,"kN m/m","DE"
"interface-alpha-1","Estado biaxial uniforme","Acciones prescritas","Interfaz: αδ = 1.00",1,"M",578,4.98471844064733,285.603328710125,-18.4934525269348,"kN m/m","DE"
"interface-alpha-1","Estado biaxial uniforme","Acciones prescritas","Interfaz: αδ = 1.00",1,"M",579,4.99343298337573,286.102635228849,-18.2954580398403,"kN m/m","DE"
"interface-alpha-1","Estado biaxial uniforme","Acciones prescritas","Interfaz: αδ = 1.00",1,"M",580,5.00214752610414,286.601941747573,-18.0919077850666,"kN m/m","DE"
"interface-alpha-1","Estado biaxial uniforme","Acciones prescritas","Interfaz: αδ = 1.00",1,"M",581,5.01086206883254,287.101248266297,-17.8828635941239,"kN m/m","DE"
"interface-alpha-1","Estado biaxial uniforme","Acciones prescritas","Interfaz: αδ = 1.00",1,"M",582,5.01957661156095,287.600554785021,-17.6683889673898,"kN m/m","DE"
"interface-alpha-1","Estado biaxial uniforme","Acciones prescritas","Interfaz: αδ = 1.00",1,"M",583,5.02829115428935,288.099861303745,-17.4485490548202,"kN m/m","DE"
"interface-alpha-1","Estado biaxial uniforme","Acciones prescritas","Interfaz: αδ = 1.00",1,"M",584,5.03700569701775,288.599167822469,-17.2234106361588,"kN m/m","DE"
"interface-alpha-1","Estado biaxial uniforme","Acciones prescritas","Interfaz: αδ = 1.00",1,"M",585,5.04572023974616,289.098474341193,-16.9930421006514,"kN m/m","DE"
"interface-alpha-1","Estado biaxial uniforme","Acciones prescritas","Interfaz: αδ = 1.00",1,"M",586,5.05443478247456,289.597780859917,-16.7575134262725,"kN m/m","DE"
"interface-alpha-1","Estado biaxial uniforme","Acciones prescritas","Interfaz: αδ = 1.00",1,"M",587,5.06314932520297,290.097087378641,-16.5168961584675,"kN m/m","DE"
"interface-alpha-1","Estado biaxial uniforme","Acciones prescritas","Interfaz: αδ = 1.00",1,"M",588,5.07186386793137,290.596393897365,-16.2712633884201,"kN m/m","DE"
"interface-alpha-1","Estado biaxial uniforme","Acciones prescritas","Interfaz: αδ = 1.00",1,"M",589,5.08057841065978,291.095700416089,-16.0206897308499,"kN m/m","DE"
"interface-alpha-1","Estado biaxial uniforme","Acciones prescritas","Interfaz: αδ = 1.00",1,"M",590,5.08929295338818,291.595006934813,-15.7652513013467,"kN m/m","DE"
"interface-alpha-1","Estado biaxial uniforme","Acciones prescritas","Interfaz: αδ = 1.00",1,"M",591,5.09800749611659,292.094313453537,-15.5050256932493,"kN m/m","DE"
"interface-alpha-1","Estado biaxial uniforme","Acciones prescritas","Interfaz: αδ = 1.00",1,"M",592,5.10672203884499,292.593619972261,-15.2400919540755,"kN m/m","DE"
"interface-alpha-1","Estado biaxial uniforme","Acciones prescritas","Interfaz: αδ = 1.00",1,"M",593,5.11543658157339,293.092926490985,-14.9705305615099,"kN m/m","DE"
"interface-alpha-1","Estado biaxial uniforme","Acciones prescritas","Interfaz: αδ = 1.00",1,"M",594,5.1241511243018,293.592233009709,-14.6964233989581,"kN m/m","DE"
"interface-alpha-1","Estado biaxial uniforme","Acciones prescritas","Interfaz: αδ = 1.00",1,"M",595,5.1328656670302,294.091539528433,-14.4178537306727,"kN m/m","DE"
"interface-alpha-1","Estado biaxial uniforme","Acciones prescritas","Interfaz: αδ = 1.00",1,"M",596,5.14158020975861,294.590846047157,-14.134906176461,"kN m/m","DE"
"interface-alpha-1","Estado biaxial uniforme","Acciones prescritas","Interfaz: αδ = 1.00",1,"M",597,5.15029475248701,295.090152565881,-13.8476666859801,"kN m/m","DE"
"interface-alpha-1","Estado biaxial uniforme","Acciones prescritas","Interfaz: αδ = 1.00",1,"M",598,5.15900929521542,295.589459084605,-13.5562225126287,"kN m/m","DE"
"interface-alpha-1","Estado biaxial uniforme","Acciones prescritas","Interfaz: αδ = 1.00",1,"M",599,5.16772383794382,296.088765603329,-13.2606621870424,"kN m/m","DE"
"interface-alpha-1","Estado biaxial uniforme","Acciones prescritas","Interfaz: αδ = 1.00",1,"M",600,5.17643838067223,296.588072122053,-12.9610754902011,"kN m/m","DE"
"interface-alpha-1","Estado biaxial uniforme","Acciones prescritas","Interfaz: αδ = 1.00",1,"M",601,5.18515292340063,297.087378640777,-12.6575534261564,"kN m/m","DE"
"interface-alpha-1","Estado biaxial uniforme","Acciones prescritas","Interfaz: αδ = 1.00",1,"M",602,5.19386746612903,297.586685159501,-12.3501881943885,"kN m/m","DE"
"interface-alpha-1","Estado biaxial uniforme","Acciones prescritas","Interfaz: αδ = 1.00",1,"M",603,5.20258200885744,298.085991678225,-12.0390731617984,"kN m/m","DE"
"interface-alpha-1","Estado biaxial uniforme","Acciones prescritas","Interfaz: αδ = 1.00",1,"M",604,5.21129655158584,298.585298196949,-11.7243028343467,"kN m/m","DE"
"interface-alpha-1","Estado biaxial uniforme","Acciones prescritas","Interfaz: αδ = 1.00",1,"M",605,5.22001109431425,299.084604715673,-11.4059728283459,"kN m/m","DE"
"interface-alpha-1","Estado biaxial uniforme","Acciones prescritas","Interfaz: αδ = 1.00",1,"M",606,5.22872563704265,299.583911234397,-11.0841798414152,"kN m/m","DE"
"interface-alpha-1","Estado biaxial uniforme","Acciones prescritas","Interfaz: αδ = 1.00",1,"M",607,5.23744017977106,300.083217753121,-10.7590216231076,"kN m/m","DE"
"interface-alpha-1","Estado biaxial uniforme","Acciones prescritas","Interfaz: αδ = 1.00",1,"M",608,5.24615472249946,300.582524271845,-10.4305969452166,"kN m/m","DE"
"interface-alpha-1","Estado biaxial uniforme","Acciones prescritas","Interfaz: αδ = 1.00",1,"M",609,5.25486926522786,301.081830790569,-10.099005571773,"kN m/m","DE"
"interface-alpha-1","Estado biaxial uniforme","Acciones prescritas","Interfaz: αδ = 1.00",1,"M",610,5.26358380795627,301.581137309293,-9.76434822873962,"kN m/m","DE"
"interface-alpha-1","Estado biaxial uniforme","Acciones prescritas","Interfaz: αδ = 1.00",1,"M",611,5.27229835068467,302.080443828017,-9.42672657341477,"kN m/m","DE"
"interface-alpha-1","Estado biaxial uniforme","Acciones prescritas","Interfaz: αδ = 1.00",1,"M",612,5.28101289341308,302.579750346741,-9.08624316355214,"kN m/m","DE"
"interface-alpha-1","Estado biaxial uniforme","Acciones prescritas","Interfaz: αδ = 1.00",1,"M",613,5.28972743614148,303.079056865465,-8.74300142620707,"kN m/m","DE"
"interface-alpha-1","Estado biaxial uniforme","Acciones prescritas","Interfaz: αδ = 1.00",1,"M",614,5.29844197886989,303.578363384189,-8.39710562631922,"kN m/m","DE"
"interface-alpha-1","Estado biaxial uniforme","Acciones prescritas","Interfaz: αδ = 1.00",1,"M",615,5.30715652159829,304.077669902913,-8.04866083504035,"kN m/m","DE"
"interface-alpha-1","Estado biaxial uniforme","Acciones prescritas","Interfaz: αδ = 1.00",1,"M",616,5.3158710643267,304.576976421637,-7.69777289781761,"kN m/m","DE"
"interface-alpha-1","Estado biaxial uniforme","Acciones prescritas","Interfaz: αδ = 1.00",1,"M",617,5.3245856070551,305.076282940361,-7.34454840224099,"kN m/m","DE"
"interface-alpha-1","Estado biaxial uniforme","Acciones prescritas","Interfaz: αδ = 1.00",1,"M",618,5.3333001497835,305.575589459085,-6.98909464566606,"kN m/m","DE"
"interface-alpha-1","Estado biaxial uniforme","Acciones prescritas","Interfaz: αδ = 1.00",1,"M",619,5.34201469251191,306.074895977809,-6.63151960262049,"kN m/m","DE"
"interface-alpha-1","Estado biaxial uniforme","Acciones prescritas","Interfaz: αδ = 1.00",1,"M",620,5.35072923524031,306.574202496533,-6.27193189200526,"kN m/m","DE"
"interface-alpha-1","Estado biaxial uniforme","Acciones prescritas","Interfaz: αδ = 1.00",1,"M",621,5.35944377796872,307.073509015257,-5.9104407441,"kN m/m","DE"
"interface-alpha-1","Estado biaxial uniforme","Acciones prescritas","Interfaz: αδ = 1.00",1,"M",622,5.36815832069712,307.572815533981,-5.54715596738259,"kN m/m","DE"
"interface-alpha-1","Estado biaxial uniforme","Acciones prescritas","Interfaz: αδ = 1.00",1,"M",623,5.37687286342553,308.072122052705,-5.18218791517315,"kN m/m","DE"
"interface-alpha-1","Estado biaxial uniforme","Acciones prescritas","Interfaz: αδ = 1.00",1,"M",624,5.38558740615393,308.571428571429,-4.81564745211247,"kN m/m","DE"
"interface-alpha-1","Estado biaxial uniforme","Acciones prescritas","Interfaz: αδ = 1.00",1,"M",625,5.39430194888234,309.070735090153,-4.44764592048537,"kN m/m","DE"
"interface-alpha-1","Estado biaxial uniforme","Acciones prescritas","Interfaz: αδ = 1.00",1,"M",626,5.40301649161074,309.570041608877,-4.07829510639863,"kN m/m","DE"
"interface-alpha-1","Estado biaxial uniforme","Acciones prescritas","Interfaz: αδ = 1.00",1,"M",627,5.41173103433914,310.069348127601,-3.70770720582409,"kN m/m","DE"
"interface-alpha-1","Estado biaxial uniforme","Acciones prescritas","Interfaz: αδ = 1.00",1,"M",628,5.42044557706755,310.568654646325,-3.3359947905178,"kN m/m","DE"
"interface-alpha-1","Estado biaxial uniforme","Acciones prescritas","Interfaz: αδ = 1.00",1,"M",629,5.42916011979595,311.067961165049,-2.96327077382423,"kN m/m","DE"
"interface-alpha-1","Estado biaxial uniforme","Acciones prescritas","Interfaz: αδ = 1.00",1,"M",630,5.43787466252436,311.567267683773,-2.58964837637745,"kN m/m","DE"
"interface-alpha-1","Estado biaxial uniforme","Acciones prescritas","Interfaz: αδ = 1.00",1,"M",631,5.44658920525276,312.066574202496,-2.21524109170822,"kN m/m","DE"
"interface-alpha-1","Estado biaxial uniforme","Acciones prescritas","Interfaz: αδ = 1.00",1,"M",632,5.45530374798117,312.565880721221,-1.84016265176902,"kN m/m","DE"
"interface-alpha-1","Estado biaxial uniforme","Acciones prescritas","Interfaz: αδ = 1.00",1,"M",633,5.46401829070957,313.065187239944,-1.46452699238603,"kN m/m","DE"
"interface-alpha-1","Estado biaxial uniforme","Acciones prescritas","Interfaz: αδ = 1.00",1,"M",634,5.47273283343798,313.564493758669,-1.08844821864922,"kN m/m","DE"
"interface-alpha-1","Estado biaxial uniforme","Acciones prescritas","Interfaz: αδ = 1.00",1,"M",635,5.48144737616638,314.063800277393,-0.712040570251474,"kN m/m","DE"
"interface-alpha-1","Estado biaxial uniforme","Acciones prescritas","Interfaz: αδ = 1.00",1,"M",636,5.49016191889478,314.563106796117,-0.335418386786401,"kN m/m","DE"
"interface-alpha-1","Estado biaxial uniforme","Acciones prescritas","Interfaz: αδ = 1.00",1,"M",637,5.49778714378214,315,-0.00578792685489304,"kN m/m","DE"
"interface-alpha-1","Estado biaxial uniforme","Acciones prescritas","Interfaz: αδ = 1.00",1,"M",638,5.49887646162319,315.06241331484,0.041303926984142,"kN m/m","DE"
"interface-alpha-1","Estado biaxial uniforme","Acciones prescritas","Interfaz: αδ = 1.00",1,"M",639,5.50759100435159,315.561719833564,0.418011935882191,"kN m/m","DE"
"interface-alpha-1","Estado biaxial uniforme","Acciones prescritas","Interfaz: αδ = 1.00",1,"M",640,5.51630554708,316.061026352288,0.79459120907498,"kN m/m","DE"
"interface-alpha-1","Estado biaxial uniforme","Acciones prescritas","Interfaz: αδ = 1.00",1,"M",641,5.5250200898084,316.560332871013,1.17092735483541,"kN m/m","DE"
"interface-alpha-1","Estado biaxial uniforme","Acciones prescritas","Interfaz: αδ = 1.00",1,"M",642,5.53373463253681,317.059639389736,1.54690605528978,"kN m/m","DE"
"interface-alpha-1","Estado biaxial uniforme","Acciones prescritas","Interfaz: αδ = 1.00",1,"M",643,5.54244917526521,317.55894590846,1.92241310114419,"kN m/m","DE"
"interface-alpha-1","Estado biaxial uniforme","Acciones prescritas","Interfaz: αδ = 1.00",1,"M",644,5.55116371799361,318.058252427184,2.29733442637679,"kN m/m","DE"
"interface-alpha-1","Estado biaxial uniforme","Acciones prescritas","Interfaz: αδ = 1.00",1,"M",645,5.55987826072202,318.557558945908,2.6715561428875,"kN m/m","DE"
"interface-alpha-1","Estado biaxial uniforme","Acciones prescritas","Interfaz: αδ = 1.00",1,"M",646,5.56859280345042,319.056865464632,3.04496457509305,"kN m/m","DE"
"interface-alpha-1","Estado biaxial uniforme","Acciones prescritas","Interfaz: αδ = 1.00",1,"M",647,5.57730734617883,319.556171983356,3.41744629445783,"kN m/m","DE"
"interface-alpha-1","Estado biaxial uniforme","Acciones prescritas","Interfaz: αδ = 1.00",1,"M",648,5.58602188890723,320.05547850208,3.78888815394936,"kN m/m","DE"
"interface-alpha-1","Estado biaxial uniforme","Acciones prescritas","Interfaz: αδ = 1.00",1,"M",649,5.59473643163564,320.554785020804,4.1591773224085,"kN m/m","DE"
"interface-alpha-1","Estado biaxial uniforme","Acciones prescritas","Interfaz: αδ = 1.00",1,"M",650,5.60345097436404,321.054091539528,4.52820131882393,"kN m/m","DE"
"interface-alpha-1","Estado biaxial uniforme","Acciones prescritas","Interfaz: αδ = 1.00",1,"M",651,5.61216551709245,321.553398058252,4.89584804649947,"kN m/m","DE"
"interface-alpha-1","Estado biaxial uniforme","Acciones prescritas","Interfaz: αδ = 1.00",1,"M",652,5.62088005982085,322.052704576976,5.26200582710545,"kN m/m","DE"
"interface-alpha-1","Estado biaxial uniforme","Acciones prescritas","Interfaz: αδ = 1.00",1,"M",653,5.62959460254925,322.5520110957,5.62656343460291,"kN m/m","DE"
"interface-alpha-1","Estado biaxial uniforme","Acciones prescritas","Interfaz: αδ = 1.00",1,"M",654,5.63830914527766,323.051317614424,5.98941012902984,"kN m/m","DE"
"interface-alpha-1","Estado biaxial uniforme","Acciones prescritas","Interfaz: αδ = 1.00",1,"M",655,5.64702368800606,323.550624133148,6.35043569014023,"kN m/m","DE"
"interface-alpha-1","Estado biaxial uniforme","Acciones prescritas","Interfaz: αδ = 1.00",1,"M",656,5.65573823073447,324.049930651872,6.70953045088545,"kN m/m","DE"
"interface-alpha-1","Estado biaxial uniforme","Acciones prescritas","Interfaz: αδ = 1.00",1,"M",657,5.66445277346287,324.549237170596,7.06658533072688,"kN m/m","DE"
"interface-alpha-1","Estado biaxial uniforme","Acciones prescritas","Interfaz: αδ = 1.00",1,"M",658,5.67316731619128,325.04854368932,7.42149186877116,"kN m/m","DE"
"interface-alpha-1","Estado biaxial uniforme","Acciones prescritas","Interfaz: αδ = 1.00",1,"M",659,5.68188185891968,325.547850208044,7.77414225671653,"kN m/m","DE"
"interface-alpha-1","Estado biaxial uniforme","Acciones prescritas","Interfaz: αδ = 1.00",1,"M",660,5.69059640164809,326.047156726768,8.12442937160161,"kN m/m","DE"
"interface-alpha-1","Estado biaxial uniforme","Acciones prescritas","Interfaz: αδ = 1.00",1,"M",661,5.69931094437649,326.546463245492,8.47224680834513,"kN m/m","DE"
"interface-alpha-1","Estado biaxial uniforme","Acciones prescritas","Interfaz: αδ = 1.00",1,"M",662,5.70802548710489,327.045769764216,8.81748891206873,"kN m/m","DE"
"interface-alpha-1","Estado biaxial uniforme","Acciones prescritas","Interfaz: αδ = 1.00",1,"M",663,5.7167400298333,327.54507628294,9.16005081019075,"kN m/m","DE"
"interface-alpha-1","Estado biaxial uniforme","Acciones prescritas","Interfaz: αδ = 1.00",1,"M",664,5.7254545725617,328.044382801664,9.49982844428324,"kN m/m","DE"
"interface-alpha-1","Estado biaxial uniforme","Acciones prescritas","Interfaz: αδ = 1.00",1,"M",665,5.73416911529011,328.543689320388,9.83671860168087,"kN m/m","DE"
"interface-alpha-1","Estado biaxial uniforme","Acciones prescritas","Interfaz: αδ = 1.00",1,"M",666,5.74288365801851,329.042995839112,10.1706189468338,"kN m/m","DE"
"interface-alpha-1","Estado biaxial uniforme","Acciones prescritas","Interfaz: αδ = 1.00",1,"M",667,5.75159820074692,329.542302357836,10.5014280523936,"kN m/m","DE"
"interface-alpha-1","Estado biaxial uniforme","Acciones prescritas","Interfaz: αδ = 1.00",1,"M",668,5.76031274347532,330.04160887656,10.829045430023,"kN m/m","DE"
"interface-alpha-1","Estado biaxial uniforme","Acciones prescritas","Interfaz: αδ = 1.00",1,"M",669,5.76902728620373,330.540915395284,11.1533715609211,"kN m/m","DE"
"interface-alpha-1","Estado biaxial uniforme","Acciones prescritas","Interfaz: αδ = 1.00",1,"M",670,5.77774182893213,331.040221914008,11.4743079260538,"kN m/m","DE"
"interface-alpha-1","Estado biaxial uniforme","Acciones prescritas","Interfaz: αδ = 1.00",1,"M",671,5.78645637166053,331.539528432732,11.7917570360801,"kN m/m","DE"
"interface-alpha-1","Estado biaxial uniforme","Acciones prescritas","Interfaz: αδ = 1.00",1,"M",672,5.79517091438894,332.038834951456,12.1056224609664,"kN m/m","DE"
"interface-alpha-1","Estado biaxial uniforme","Acciones prescritas","Interfaz: αδ = 1.00",1,"M",673,5.80388545711734,332.53814147018,12.4158088592782,"kN m/m","DE"
"interface-alpha-1","Estado biaxial uniforme","Acciones prescritas","Interfaz: αδ = 1.00",1,"M",674,5.81259999984575,333.037447988904,12.7222220071418,"kN m/m","DE"
"interface-alpha-1","Estado biaxial uniforme","Acciones prescritas","Interfaz: αδ = 1.00",1,"M",675,5.82131454257415,333.536754507628,13.0247688268664,"kN m/m","DE"
"interface-alpha-1","Estado biaxial uniforme","Acciones prescritas","Interfaz: αδ = 1.00",1,"M",676,5.83002908530256,334.036061026352,13.3233574152173,"kN m/m","DE"
"interface-alpha-1","Estado biaxial uniforme","Acciones prescritas","Interfaz: αδ = 1.00",1,"M",677,5.83874362803096,334.535367545076,13.6178970713333,"kN m/m","DE"
"interface-alpha-1","Estado biaxial uniforme","Acciones prescritas","Interfaz: αδ = 1.00",1,"M",678,5.84745817075936,335.0346740638,13.9082983242787,"kN m/m","DE"
"interface-alpha-1","Estado biaxial uniforme","Acciones prescritas","Interfaz: αδ = 1.00",1,"M",679,5.85617271348777,335.533980582524,14.194472960221,"kN m/m","DE"
"interface-alpha-1","Estado biaxial uniforme","Acciones prescritas","Interfaz: αδ = 1.00",1,"M",680,5.86488725621617,336.033287101248,14.4763340492273,"kN m/m","DE"
"interface-alpha-1","Estado biaxial uniforme","Acciones prescritas","Interfaz: αδ = 1.00",1,"M",681,5.87360179894458,336.532593619972,14.753795971671,"kN m/m","DE"
"interface-alpha-1","Estado biaxial uniforme","Acciones prescritas","Interfaz: αδ = 1.00",1,"M",682,5.88231634167298,337.031900138696,15.0267744442397,"kN m/m","DE"
"interface-alpha-1","Estado biaxial uniforme","Acciones prescritas","Interfaz: αδ = 1.00",1,"M",683,5.89103088440139,337.53120665742,15.2951865455374,"kN m/m","DE"
"interface-alpha-1","Estado biaxial uniforme","Acciones prescritas","Interfaz: αδ = 1.00",1,"M",684,5.89974542712979,338.030513176144,15.5589507412736,"kN m/m","DE"
"interface-alpha-1","Estado biaxial uniforme","Acciones prescritas","Interfaz: αδ = 1.00",1,"M",685,5.9084599698582,338.529819694868,15.8179869090304,"kN m/m","DE"
"interface-alpha-1","Estado biaxial uniforme","Acciones prescritas","Interfaz: αδ = 1.00",1,"M",686,5.9171745125866,339.029126213592,16.0722163626007,"kN m/m","DE"
"interface-alpha-1","Estado biaxial uniforme","Acciones prescritas","Interfaz: αδ = 1.00",1,"M",687,5.925889055315,339.528432732316,16.3215618758906,"kN m/m","DE"
"interface-alpha-1","Estado biaxial uniforme","Acciones prescritas","Interfaz: αδ = 1.00",1,"M",688,5.93460359804341,340.02773925104,16.5659477063781,"kN m/m","DE"
"interface-alpha-1","Estado biaxial uniforme","Acciones prescritas","Interfaz: αδ = 1.00",1,"M",689,5.94331814077181,340.527045769764,16.8052996181205,"kN m/m","DE"
"interface-alpha-1","Estado biaxial uniforme","Acciones prescritas","Interfaz: αδ = 1.00",1,"M",690,5.95203268350022,341.026352288488,17.0395449043055,"kN m/m","DE"
"interface-alpha-1","Estado biaxial uniforme","Acciones prescritas","Interfaz: αδ = 1.00",1,"M",691,5.96074722622862,341.525658807212,17.2686124093364,"kN m/m","DE"
"interface-alpha-1","Estado biaxial uniforme","Acciones prescritas","Interfaz: αδ = 1.00",1,"M",692,5.96946176895703,342.024965325936,17.4924325504468,"kN m/m","DE"
"interface-alpha-1","Estado biaxial uniforme","Acciones prescritas","Interfaz: αδ = 1.00",1,"M",693,5.97817631168543,342.52427184466,17.7109373388378,"kN m/m","DE"
"interface-alpha-1","Estado biaxial uniforme","Acciones prescritas","Interfaz: αδ = 1.00",1,"M",694,5.98689085441384,343.023578363384,17.9240604003301,"kN m/m","DE"
"interface-alpha-1","Estado biaxial uniforme","Acciones prescritas","Interfaz: αδ = 1.00",1,"M",695,5.99560539714224,343.522884882108,18.1317369955266,"kN m/m","DE"
"interface-alpha-1","Estado biaxial uniforme","Acciones prescritas","Interfaz: αδ = 1.00",1,"M",696,6.00431993987064,344.022191400832,18.3339040394778,"kN m/m","DE"
"interface-alpha-1","Estado biaxial uniforme","Acciones prescritas","Interfaz: αδ = 1.00",1,"M",697,6.01303448259905,344.521497919556,18.530500120845,"kN m/m","DE"
"interface-alpha-1","Estado biaxial uniforme","Acciones prescritas","Interfaz: αδ = 1.00",1,"M",698,6.02174902532745,345.02080443828,18.7214655205545,"kN m/m","DE"
"interface-alpha-1","Estado biaxial uniforme","Acciones prescritas","Interfaz: αδ = 1.00",1,"M",699,6.03046356805586,345.520110957004,18.9067422299386,"kN m/m","DE"
"interface-alpha-1","Estado biaxial uniforme","Acciones prescritas","Interfaz: αδ = 1.00",1,"M",700,6.03917811078426,346.019417475728,19.0862739683567,"kN m/m","DE"
"interface-alpha-1","Estado biaxial uniforme","Acciones prescritas","Interfaz: αδ = 1.00",1,"M",701,6.04789265351267,346.518723994452,19.2600062002908,"kN m/m","DE"
"interface-alpha-1","Estado biaxial uniforme","Acciones prescritas","Interfaz: αδ = 1.00",1,"M",702,6.05660719624107,347.018030513176,19.4278861519122,"kN m/m","DE"
"interface-alpha-1","Estado biaxial uniforme","Acciones prescritas","Interfaz: αδ = 1.00",1,"M",703,6.06532173896948,347.5173370319,19.589862827112,"kN m/m","DE"
"interface-alpha-1","Estado biaxial uniforme","Acciones prescritas","Interfaz: αδ = 1.00",1,"M",704,6.07403628169788,348.016643550624,19.745887022992,"kN m/m","DE"
"interface-alpha-1","Estado biaxial uniforme","Acciones prescritas","Interfaz: αδ = 1.00",1,"M",705,6.08275082442628,348.515950069348,19.8959113448107,"kN m/m","DE"
"interface-alpha-1","Estado biaxial uniforme","Acciones prescritas","Interfaz: αδ = 1.00",1,"M",706,6.09146536715469,349.015256588072,20.0398902203806,"kN m/m","DE"
"interface-alpha-1","Estado biaxial uniforme","Acciones prescritas","Interfaz: αδ = 1.00",1,"M",707,6.10017990988309,349.514563106796,20.1777799139111,"kN m/m","DE"
"interface-alpha-1","Estado biaxial uniforme","Acciones prescritas","Interfaz: αδ = 1.00",1,"M",708,6.1088944526115,350.01386962552,20.3095385392938,"kN m/m","DE"
"interface-alpha-1","Estado biaxial uniforme","Acciones prescritas","Interfaz: αδ = 1.00",1,"M",709,6.1176089953399,350.513176144244,20.4351260728263,"kN m/m","DE"
"interface-alpha-1","Estado biaxial uniforme","Acciones prescritas","Interfaz: αδ = 1.00",1,"M",710,6.12632353806831,351.012482662968,20.5545043653702,"kN m/m","DE"
"interface-alpha-1","Estado biaxial uniforme","Acciones prescritas","Interfaz: αδ = 1.00",1,"M",711,6.13503808079671,351.511789181692,20.6676371539389,"kN m/m","DE"
"interface-alpha-1","Estado biaxial uniforme","Acciones prescritas","Interfaz: αδ = 1.00",1,"M",712,6.14375262352512,352.011095700416,20.7744900727137,"kN m/m","DE"
"interface-alpha-1","Estado biaxial uniforme","Acciones prescritas","Interfaz: αδ = 1.00",1,"M",713,6.15246716625352,352.51040221914,20.8750306634823,"kN m/m","DE"
"interface-alpha-1","Estado biaxial uniforme","Acciones prescritas","Interfaz: αδ = 1.00",1,"M",714,6.16118170898192,353.009708737864,20.969228385499,"kN m/m","DE"
"interface-alpha-1","Estado biaxial uniforme","Acciones prescritas","Interfaz: αδ = 1.00",1,"M",715,6.16989625171033,353.509015256588,21.0570546247618,"kN m/m","DE"
"interface-alpha-1","Estado biaxial uniforme","Acciones prescritas","Interfaz: αδ = 1.00",1,"M",716,6.17861079443873,354.008321775312,21.1384827027039,"kN m/m","DE"
"interface-alpha-1","Estado biaxial uniforme","Acciones prescritas","Interfaz: αδ = 1.00",1,"M",717,6.18732533716714,354.507628294036,21.2134878842986,"kN m/m","DE"
"interface-alpha-1","Estado biaxial uniforme","Acciones prescritas","Interfaz: αδ = 1.00",1,"M",718,6.19603987989554,355.00693481276,21.2820473855719,"kN m/m","DE"
"interface-alpha-1","Estado biaxial uniforme","Acciones prescritas","Interfaz: αδ = 1.00",1,"M",719,6.20475442262395,355.506241331484,21.3441403805245,"kN m/m","DE"
"interface-alpha-1","Estado biaxial uniforme","Acciones prescritas","Interfaz: αδ = 1.00",1,"M",720,6.21346896535235,356.005547850208,21.399748007457,"kN m/m","DE"
"interface-alpha-1","Estado biaxial uniforme","Acciones prescritas","Interfaz: αδ = 1.00",1,"M",721,6.22218350808075,356.504854368932,21.4488533747006,"kN m/m","DE"
"interface-alpha-1","Estado biaxial uniforme","Acciones prescritas","Interfaz: αδ = 1.00",1,"M",722,6.23089805080916,357.004160887656,21.4914415657469,"kN m/m","DE"
"interface-alpha-1","Estado biaxial uniforme","Acciones prescritas","Interfaz: αδ = 1.00",1,"M",723,6.23961259353756,357.50346740638,21.5274996437802,"kN m/m","DE"
"interface-alpha-1","Estado biaxial uniforme","Acciones prescritas","Interfaz: αδ = 1.00",1,"M",724,6.24832713626597,358.002773925104,21.5570166556064,"kN m/m","DE"
"interface-alpha-1","Estado biaxial uniforme","Acciones prescritas","Interfaz: αδ = 1.00",1,"M",725,6.25704167899437,358.502080443828,21.5799836349807,"kN m/m","DE"
"interface-alpha-1","Estado biaxial uniforme","Acciones prescritas","Interfaz: αδ = 1.00",1,"M",726,6.26575622172278,359.001386962552,21.596393605331,"kN m/m","DE"
"interface-alpha-1","Estado biaxial uniforme","Acciones prescritas","Interfaz: αδ = 1.00",1,"M",727,6.27447076445118,359.500693481276,21.6062415818773,"kN m/m","DE"
"interface-alpha-1","Estado biaxial uniforme","Acciones prescritas","Interfaz: αδ = 1.00",1,"Q",0,0,0,-4.96830879470794e-13,"kN/m","DE"
"interface-alpha-1","Estado biaxial uniforme","Acciones prescritas","Interfaz: αδ = 1.00",1,"Q",1,0.00871454272840442,0.499306518723994,-0.572952175462907,"kN/m","DE"
"interface-alpha-1","Estado biaxial uniforme","Acciones prescritas","Interfaz: αδ = 1.00",1,"Q",2,0.0174290854568088,0.998613037447989,-1.14573030791861,"kN/m","DE"
"interface-alpha-1","Estado biaxial uniforme","Acciones prescritas","Interfaz: αδ = 1.00",1,"Q",3,0.0261436281852133,1.49791955617198,-1.71816040722911,"kN/m","DE"
"interface-alpha-1","Estado biaxial uniforme","Acciones prescritas","Interfaz: αδ = 1.00",1,"Q",4,0.0348581709136177,1.99722607489598,-2.29006858897635,"kN/m","DE"
"interface-alpha-1","Estado biaxial uniforme","Acciones prescritas","Interfaz: αδ = 1.00",1,"Q",5,0.0435727136420221,2.49653259361997,-2.8612811272827,"kN/m","DE"
"interface-alpha-1","Estado biaxial uniforme","Acciones prescritas","Interfaz: αδ = 1.00",1,"Q",6,0.0522872563704265,2.99583911234397,-3.43162450758292,"kN/m","DE"
"interface-alpha-1","Estado biaxial uniforme","Acciones prescritas","Interfaz: αδ = 1.00",1,"Q",7,0.0610017990988309,3.49514563106796,-4.0009254793318,"kN/m","DE"
"interface-alpha-1","Estado biaxial uniforme","Acciones prescritas","Interfaz: αδ = 1.00",1,"Q",8,0.0697163418272354,3.99445214979196,-4.56901110863174,"kN/m","DE"
"interface-alpha-1","Estado biaxial uniforme","Acciones prescritas","Interfaz: αδ = 1.00",1,"Q",9,0.0784308845556398,4.49375866851595,-5.13570883076404,"kN/m","DE"
"interface-alpha-1","Estado biaxial uniforme","Acciones prescritas","Interfaz: αδ = 1.00",1,"Q",10,0.0871454272840442,4.99306518723994,-5.70084650260805,"kN/m","DE"
"interface-alpha-1","Estado biaxial uniforme","Acciones prescritas","Interfaz: αδ = 1.00",1,"Q",11,0.0958599700124486,5.49237170596394,-6.26425245493234,"kN/m","DE"
"interface-alpha-1","Estado biaxial uniforme","Acciones prescritas","Interfaz: αδ = 1.00",1,"Q",12,0.104574512740853,5.99167822468793,-6.82575554454181,"kN/m","DE"
"interface-alpha-1","Estado biaxial uniforme","Acciones prescritas","Interfaz: αδ = 1.00",1,"Q",13,0.113289055469257,6.49098474341193,-7.38518520626511,"kN/m","DE"
"interface-alpha-1","Estado biaxial uniforme","Acciones prescritas","Interfaz: αδ = 1.00",1,"Q",14,0.122003598197662,6.99029126213592,-7.94237150476638,"kN/m","DE"
"interface-alpha-1","Estado biaxial uniforme","Acciones prescritas","Interfaz: αδ = 1.00",1,"Q",15,0.130718140926066,7.48959778085992,-8.49714518616571,"kN/m","DE"
"interface-alpha-1","Estado biaxial uniforme","Acciones prescritas","Interfaz: αδ = 1.00",1,"Q",16,0.139432683654471,7.98890429958391,-9.04933772945264,"kN/m","DE"
"interface-alpha-1","Estado biaxial uniforme","Acciones prescritas","Interfaz: αδ = 1.00",1,"Q",17,0.148147226382875,8.4882108183079,-9.598781397677,"kN/m","DE"
"interface-alpha-1","Estado biaxial uniforme","Acciones prescritas","Interfaz: αδ = 1.00",1,"Q",18,0.15686176911128,8.9875173370319,-10.1453092889015,"kN/m","DE"
"interface-alpha-1","Estado biaxial uniforme","Acciones prescritas","Interfaz: αδ = 1.00",1,"Q",19,0.165576311839684,9.4868238557559,-10.6887553869009,"kN/m","DE"
"interface-alpha-1","Estado biaxial uniforme","Acciones prescritas","Interfaz: αδ = 1.00",1,"Q",20,0.174290854568088,9.98613037447989,-11.2289546115918,"kN/m","DE"
"interface-alpha-1","Estado biaxial uniforme","Acciones prescritas","Interfaz: αδ = 1.00",1,"Q",21,0.183005397296493,10.4854368932039,-11.7657428691784,"kN/m","DE"
"interface-alpha-1","Estado biaxial uniforme","Acciones prescritas","Interfaz: αδ = 1.00",1,"Q",22,0.191719940024897,10.9847434119279,-12.2989571019985,"kN/m","DE"
"interface-alpha-1","Estado biaxial uniforme","Acciones prescritas","Interfaz: αδ = 1.00",1,"Q",23,0.200434482753302,11.4840499306519,-12.8284353380546,"kN/m","DE"
"interface-alpha-1","Estado biaxial uniforme","Acciones prescritas","Interfaz: αδ = 1.00",1,"Q",24,0.209149025481706,11.9833564493759,-13.3540167402156,"kN/m","DE"
"interface-alpha-1","Estado biaxial uniforme","Acciones prescritas","Interfaz: αδ = 1.00",1,"Q",25,0.21786356821011,12.4826629680999,-13.8755416550733,"kN/m","DE"
"interface-alpha-1","Estado biaxial uniforme","Acciones prescritas","Interfaz: αδ = 1.00",1,"Q",26,0.226578110938515,12.9819694868239,-14.3928516614398,"kN/m","DE"
"interface-alpha-1","Estado biaxial uniforme","Acciones prescritas","Interfaz: αδ = 1.00",1,"Q",27,0.235292653666919,13.4812760055479,-14.9057896184702,"kN/m","DE"
"interface-alpha-1","Estado biaxial uniforme","Acciones prescritas","Interfaz: αδ = 1.00",1,"Q",28,0.244007196395324,13.9805825242718,-15.4141997133968,"kN/m","DE"
"interface-alpha-1","Estado biaxial uniforme","Acciones prescritas","Interfaz: αδ = 1.00",1,"Q",29,0.252721739123728,14.4798890429958,-15.9179275088592,"kN/m","DE"
"interface-alpha-1","Estado biaxial uniforme","Acciones prescritas","Interfaz: αδ = 1.00",1,"Q",30,0.261436281852133,14.9791955617198,-16.4168199898174,"kN/m","DE"
"interface-alpha-1","Estado biaxial uniforme","Acciones prescritas","Interfaz: αδ = 1.00",1,"Q",31,0.270150824580537,15.4785020804438,-16.9107256100321,"kN/m","DE"
"interface-alpha-1","Estado biaxial uniforme","Acciones prescritas","Interfaz: αδ = 1.00",1,"Q",32,0.278865367308941,15.9778085991678,-17.3994943380996,"kN/m","DE"
"interface-alpha-1","Estado biaxial uniforme","Acciones prescritas","Interfaz: αδ = 1.00",1,"Q",33,0.287579910037346,16.4771151178918,-17.8829777030259,"kN/m","DE"
"interface-alpha-1","Estado biaxial uniforme","Acciones prescritas","Interfaz: αδ = 1.00",1,"Q",34,0.29629445276575,16.9764216366158,-18.3610288393271,"kN/m","DE"
"interface-alpha-1","Estado biaxial uniforme","Acciones prescritas","Interfaz: αδ = 1.00",1,"Q",35,0.305008995494155,17.4757281553398,-18.8335025316419,"kN/m","DE"
"interface-alpha-1","Estado biaxial uniforme","Acciones prescritas","Interfaz: αδ = 1.00",1,"Q",36,0.313723538222559,17.9750346740638,-19.3002552588432,"kN/m","DE"
"interface-alpha-1","Estado biaxial uniforme","Acciones prescritas","Interfaz: αδ = 1.00",1,"Q",37,0.322438080950964,18.4743411927878,-19.7611452376347,"kN/m","DE"
"interface-alpha-1","Estado biaxial uniforme","Acciones prescritas","Interfaz: αδ = 1.00",1,"Q",38,0.331152623679368,18.9736477115118,-20.21603246562,"kN/m","DE"
"interface-alpha-1","Estado biaxial uniforme","Acciones prescritas","Interfaz: αδ = 1.00",1,"Q",39,0.339867166407772,19.4729542302358,-20.66477876383,"kN/m","DE"
"interface-alpha-1","Estado biaxial uniforme","Acciones prescritas","Interfaz: αδ = 1.00",1,"Q",40,0.348581709136177,19.9722607489598,-21.1072478186974,"kN/m","DE"
"interface-alpha-1","Estado biaxial uniforme","Acciones prescritas","Interfaz: αδ = 1.00",1,"Q",41,0.357296251864581,20.4715672676838,-21.5433052234636,"kN/m","DE"
"interface-alpha-1","Estado biaxial uniforme","Acciones prescritas","Interfaz: αδ = 1.00",1,"Q",42,0.366010794592986,20.9708737864078,-21.9728185190071,"kN/m","DE"
"interface-alpha-1","Estado biaxial uniforme","Acciones prescritas","Interfaz: αδ = 1.00",1,"Q",43,0.37472533732139,21.4701803051318,-22.3956572340799,"kN/m","DE"
"interface-alpha-1","Estado biaxial uniforme","Acciones prescritas","Interfaz: αδ = 1.00",1,"Q",44,0.383439880049794,21.9694868238558,-22.8116929249402,"kN/m","DE"
"interface-alpha-1","Estado biaxial uniforme","Acciones prescritas","Interfaz: αδ = 1.00",1,"Q",45,0.392154422778199,22.4687933425798,-23.2207992143689,"kN/m","DE"
"interface-alpha-1","Estado biaxial uniforme","Acciones prescritas","Interfaz: αδ = 1.00",1,"Q",46,0.400868965506603,22.9680998613037,-23.6228518300591,"kN/m","DE"
"interface-alpha-1","Estado biaxial uniforme","Acciones prescritas","Interfaz: αδ = 1.00",1,"Q",47,0.409583508235008,23.4674063800277,-24.0177286423652,"kN/m","DE"
"interface-alpha-1","Estado biaxial uniforme","Acciones prescritas","Interfaz: αδ = 1.00",1,"Q",48,0.418298050963412,23.9667128987517,-24.4053097014019,"kN/m","DE"
"interface-alpha-1","Estado biaxial uniforme","Acciones prescritas","Interfaz: αδ = 1.00",1,"Q",49,0.427012593691816,24.4660194174757,-24.785477273481,"kN/m","DE"
"interface-alpha-1","Estado biaxial uniforme","Acciones prescritas","Interfaz: αδ = 1.00",1,"Q",50,0.435727136420221,24.9653259361997,-25.1581158768744,"kN/m","DE"
"interface-alpha-1","Estado biaxial uniforme","Acciones prescritas","Interfaz: αδ = 1.00",1,"Q",51,0.444441679148625,25.4646324549237,-25.5231123168938,"kN/m","DE"
"interface-alpha-1","Estado biaxial uniforme","Acciones prescritas","Interfaz: αδ = 1.00",1,"Q",52,0.45315622187703,25.9639389736477,-25.8803557202749,"kN/m","DE"
"interface-alpha-1","Estado biaxial uniforme","Acciones prescritas","Interfaz: αδ = 1.00",1,"Q",53,0.461870764605434,26.4632454923717,-26.2297375688576,"kN/m","DE"
"interface-alpha-1","Estado biaxial uniforme","Acciones prescritas","Interfaz: αδ = 1.00",1,"Q",54,0.470585307333839,26.9625520110957,-26.5711517325492,"kN/m","DE"
"interface-alpha-1","Estado biaxial uniforme","Acciones prescritas","Interfaz: αδ = 1.00",1,"Q",55,0.479299850062243,27.4618585298197,-26.9044945015636,"kN/m","DE"
"interface-alpha-1","Estado biaxial uniforme","Acciones prescritas","Interfaz: αδ = 1.00",1,"Q",56,0.488014392790647,27.9611650485437,-27.2296646179245,"kN/m","DE"
"interface-alpha-1","Estado biaxial uniforme","Acciones prescritas","Interfaz: αδ = 1.00",1,"Q",57,0.496728935519052,28.4604715672677,-27.5465633062242,"kN/m","DE"
"interface-alpha-1","Estado biaxial uniforme","Acciones prescritas","Interfaz: αδ = 1.00",1,"Q",58,0.505443478247456,28.9597780859917,-27.855094303628,"kN/m","DE"
"interface-alpha-1","Estado biaxial uniforme","Acciones prescritas","Interfaz: αδ = 1.00",1,"Q",59,0.514158020975861,29.4590846047157,-28.1551638891157,"kN/m","DE"
"interface-alpha-1","Estado biaxial uniforme","Acciones prescritas","Interfaz: αδ = 1.00",1,"Q",60,0.522872563704265,29.9583911234397,-28.4466809119505,"kN/m","DE"
"interface-alpha-1","Estado biaxial uniforme","Acciones prescritas","Interfaz: αδ = 1.00",1,"Q",61,0.53158710643267,30.4576976421637,-28.7295568193679,"kN/m","DE"
"interface-alpha-1","Estado biaxial uniforme","Acciones prescritas","Interfaz: αδ = 1.00",1,"Q",62,0.540301649161074,30.9570041608877,-29.0037056834743,"kN/m","DE"
"interface-alpha-1","Estado biaxial uniforme","Acciones prescritas","Interfaz: αδ = 1.00",1,"Q",63,0.549016191889478,31.4563106796117,-29.2690442273496,"kN/m","DE"
"interface-alpha-1","Estado biaxial uniforme","Acciones prescritas","Interfaz: αδ = 1.00",1,"Q",64,0.557730734617883,31.9556171983356,-29.5254918503435,"kN/m","DE"
"interface-alpha-1","Estado biaxial uniforme","Acciones prescritas","Interfaz: αδ = 1.00",1,"Q",65,0.566445277346287,32.4549237170596,-29.772970652559,"kN/m","DE"
"interface-alpha-1","Estado biaxial uniforme","Acciones prescritas","Interfaz: αδ = 1.00",1,"Q",66,0.575159820074692,32.9542302357836,-30.0114054585162,"kN/m","DE"
"interface-alpha-1","Estado biaxial uniforme","Acciones prescritas","Interfaz: αδ = 1.00",1,"Q",67,0.583874362803096,33.4535367545076,-30.2407238399875,"kN/m","DE"
"interface-alpha-1","Estado biaxial uniforme","Acciones prescritas","Interfaz: αδ = 1.00",1,"Q",68,0.592588905531501,33.9528432732316,-30.460856137999,"kN/m","DE"
"interface-alpha-1","Estado biaxial uniforme","Acciones prescritas","Interfaz: αδ = 1.00",1,"Q",69,0.601303448259905,34.4521497919556,-30.6717354839906,"kN/m","DE"
"interface-alpha-1","Estado biaxial uniforme","Acciones prescritas","Interfaz: αδ = 1.00",1,"Q",70,0.610017990988309,34.9514563106796,-30.8732978201281,"kN/m","DE"
"interface-alpha-1","Estado biaxial uniforme","Acciones prescritas","Interfaz: αδ = 1.00",1,"Q",71,0.618732533716714,35.4507628294036,-31.0654819187619,"kN/m","DE"
"interface-alpha-1","Estado biaxial uniforme","Acciones prescritas","Interfaz: αδ = 1.00",1,"Q",72,0.627447076445118,35.9500693481276,-31.248229401026,"kN/m","DE"
"interface-alpha-1","Estado biaxial uniforme","Acciones prescritas","Interfaz: αδ = 1.00",1,"Q",73,0.636161619173523,36.4493758668516,-31.421484754571,"kN/m","DE"
"interface-alpha-1","Estado biaxial uniforme","Acciones prescritas","Interfaz: αδ = 1.00",1,"Q",74,0.644876161901927,36.9486823855756,-31.5851953504272,"kN/m","DE"
"interface-alpha-1","Estado biaxial uniforme","Acciones prescritas","Interfaz: αδ = 1.00",1,"Q",75,0.653590704630331,37.4479889042996,-31.7393114589914,"kN/m","DE"
"interface-alpha-1","Estado biaxial uniforme","Acciones prescritas","Interfaz: αδ = 1.00",1,"Q",76,0.662305247358736,37.9472954230236,-31.8837862651332,"kN/m","DE"
"interface-alpha-1","Estado biaxial uniforme","Acciones prescritas","Interfaz: αδ = 1.00",1,"Q",77,0.67101979008714,38.4466019417476,-32.0185758824152,"kN/m","DE"
"interface-alpha-1","Estado biaxial uniforme","Acciones prescritas","Interfaz: αδ = 1.00",1,"Q",78,0.679734332815545,38.9459084604716,-32.143639366425,"kN/m","DE"
"interface-alpha-1","Estado biaxial uniforme","Acciones prescritas","Interfaz: αδ = 1.00",1,"Q",79,0.688448875543949,39.4452149791956,-32.2589387272119,"kN/m","DE"
"interface-alpha-1","Estado biaxial uniforme","Acciones prescritas","Interfaz: αδ = 1.00",1,"Q",80,0.697163418272354,39.9445214979196,-32.3644389408277,"kN/m","DE"
"interface-alpha-1","Estado biaxial uniforme","Acciones prescritas","Interfaz: αδ = 1.00",1,"Q",81,0.705877961000758,40.4438280166436,-32.460107959965,"kN/m","DE"
"interface-alpha-1","Estado biaxial uniforme","Acciones prescritas","Interfaz: αδ = 1.00",1,"Q",82,0.714592503729162,40.9431345353675,-32.5459167236928,"kN/m","DE"
"interface-alpha-1","Estado biaxial uniforme","Acciones prescritas","Interfaz: αδ = 1.00",1,"Q",83,0.723307046457567,41.4424410540915,-32.6218391662836,"kN/m","DE"
"interface-alpha-1","Estado biaxial uniforme","Acciones prescritas","Interfaz: αδ = 1.00",1,"Q",84,0.732021589185971,41.9417475728155,-32.6878522251315,"kN/m","DE"
"interface-alpha-1","Estado biaxial uniforme","Acciones prescritas","Interfaz: αδ = 1.00",1,"Q",85,0.740736131914376,42.4410540915395,-32.7439358477579,"kN/m","DE"
"interface-alpha-1","Estado biaxial uniforme","Acciones prescritas","Interfaz: αδ = 1.00",1,"Q",86,0.74945067464278,42.9403606102635,-32.7900729979027,"kN/m","DE"
"interface-alpha-1","Estado biaxial uniforme","Acciones prescritas","Interfaz: αδ = 1.00",1,"Q",87,0.758165217371184,43.4396671289875,-32.8262496606992,"kN/m","DE"
"interface-alpha-1","Estado biaxial uniforme","Acciones prescritas","Interfaz: αδ = 1.00",1,"Q",88,0.766879760099589,43.9389736477115,-32.8524548469316,"kN/m","DE"
"interface-alpha-1","Estado biaxial uniforme","Acciones prescritas","Interfaz: αδ = 1.00",1,"Q",89,0.775594302827993,44.4382801664355,-32.8686805963728,"kN/m","DE"
"interface-alpha-1","Estado biaxial uniforme","Acciones prescritas","Interfaz: αδ = 1.00",1,"Q",90,0.784308845556398,44.9375866851595,-32.8749219802026,"kN/m","DE"
"interface-alpha-1","Estado biaxial uniforme","Acciones prescritas","Interfaz: αδ = 1.00",1,"Q",91,0.785398163397448,45,-32.8750000000001,"kN/m","DE"
"interface-alpha-1","Estado biaxial uniforme","Acciones prescritas","Interfaz: αδ = 1.00",1,"Q",92,0.793023388284802,45.4368932038835,-32.8711771025051,"kN/m","DE"
"interface-alpha-1","Estado biaxial uniforme","Acciones prescritas","Interfaz: αδ = 1.00",1,"Q",93,0.801737931013207,45.9361997226075,-32.8574471008442,"kN/m","DE"
"interface-alpha-1","Estado biaxial uniforme","Acciones prescritas","Interfaz: αδ = 1.00",1,"Q",94,0.810452473741611,46.4355062413315,-32.8337361459184,"kN/m","DE"
"interface-alpha-1","Estado biaxial uniforme","Acciones prescritas","Interfaz: αδ = 1.00",1,"Q",95,0.819167016470015,46.9348127600555,-32.8000514402937,"kN/m","DE"
"interface-alpha-1","Estado biaxial uniforme","Acciones prescritas","Interfaz: αδ = 1.00",1,"Q",96,0.82788155919842,47.4341192787795,-32.756403216216,"kN/m","DE"
"interface-alpha-1","Estado biaxial uniforme","Acciones prescritas","Interfaz: αδ = 1.00",1,"Q",97,0.836596101926824,47.9334257975035,-32.7028047325024,"kN/m","DE"
"interface-alpha-1","Estado biaxial uniforme","Acciones prescritas","Interfaz: αδ = 1.00",1,"Q",98,0.845310644655229,48.4327323162275,-32.639272270514,"kN/m","DE"
"interface-alpha-1","Estado biaxial uniforme","Acciones prescritas","Interfaz: αδ = 1.00",1,"Q",99,0.854025187383633,48.9320388349515,-32.56582512921,"kN/m","DE"
"interface-alpha-1","Estado biaxial uniforme","Acciones prescritas","Interfaz: αδ = 1.00",1,"Q",100,0.862739730112038,49.4313453536755,-32.4824856192857,"kN/m","DE"
"interface-alpha-1","Estado biaxial uniforme","Acciones prescritas","Interfaz: αδ = 1.00",1,"Q",101,0.871454272840442,49.9306518723995,-32.3892790563946,"kN/m","DE"
"interface-alpha-1","Estado biaxial uniforme","Acciones prescritas","Interfaz: αδ = 1.00",1,"Q",102,0.880168815568846,50.4299583911234,-32.2862337534594,"kN/m","DE"
"interface-alpha-1","Estado biaxial uniforme","Acciones prescritas","Interfaz: αδ = 1.00",1,"Q",103,0.888883358297251,50.9292649098474,-32.1733810120702,"kN/m","DE"
"interface-alpha-1","Estado biaxial uniforme","Acciones prescritas","Interfaz: αδ = 1.00",1,"Q",104,0.897597901025655,51.4285714285714,-32.0507551129774,"kN/m","DE"
"interface-alpha-1","Estado biaxial uniforme","Acciones prescritas","Interfaz: αδ = 1.00",1,"Q",105,0.90631244375406,51.9278779472954,-31.9183933056778,"kN/m","DE"
"interface-alpha-1","Estado biaxial uniforme","Acciones prescritas","Interfaz: αδ = 1.00",1,"Q",106,0.915026986482464,52.4271844660194,-31.7763357970993,"kN/m","DE"
"interface-alpha-1","Estado biaxial uniforme","Acciones prescritas","Interfaz: αδ = 1.00",1,"Q",107,0.923741529210868,52.9264909847434,-31.6246257393881,"kN/m","DE"
"interface-alpha-1","Estado biaxial uniforme","Acciones prescritas","Interfaz: αδ = 1.00",1,"Q",108,0.932456071939273,53.4257975034674,-31.4633092167998,"kN/m","DE"
"interface-alpha-1","Estado biaxial uniforme","Acciones prescritas","Interfaz: αδ = 1.00",1,"Q",109,0.941170614667677,53.9251040221914,-31.2924352317011,"kN/m","DE"
"interface-alpha-1","Estado biaxial uniforme","Acciones prescritas","Interfaz: αδ = 1.00",1,"Q",110,0.949885157396082,54.4244105409154,-31.1120556896846,"kN/m","DE"
"interface-alpha-1","Estado biaxial uniforme","Acciones prescritas","Interfaz: αδ = 1.00",1,"Q",111,0.958599700124486,54.9237170596394,-30.9222253838014,"kN/m","DE"
"interface-alpha-1","Estado biaxial uniforme","Acciones prescritas","Interfaz: αδ = 1.00",1,"Q",112,0.967314242852891,55.4230235783634,-30.7230019779171,"kN/m","DE"
"interface-alpha-1","Estado biaxial uniforme","Acciones prescritas","Interfaz: αδ = 1.00",1,"Q",113,0.976028785581295,55.9223300970874,-30.5144459891952,"kN/m","DE"
"interface-alpha-1","Estado biaxial uniforme","Acciones prescritas","Interfaz: αδ = 1.00",1,"Q",114,0.984743328309699,56.4216366158114,-30.2966207697145,"kN/m","DE"
"interface-alpha-1","Estado biaxial uniforme","Acciones prescritas","Interfaz: αδ = 1.00",1,"Q",115,0.993457871038104,56.9209431345354,-30.0695924872248,"kN/m","DE"
"interface-alpha-1","Estado biaxial uniforme","Acciones prescritas","Interfaz: αδ = 1.00",1,"Q",116,1.00217241376651,57.4202496532594,-29.8334301050472,"kN/m","DE"
"interface-alpha-1","Estado biaxial uniforme","Acciones prescritas","Interfaz: αδ = 1.00",1,"Q",117,1.01088695649491,57.9195561719834,-29.5882053611257,"kN/m","DE"
"interface-alpha-1","Estado biaxial uniforme","Acciones prescritas","Interfaz: αδ = 1.00",1,"Q",118,1.01960149922332,58.4188626907073,-29.3339927462355,"kN/m","DE"
"interface-alpha-1","Estado biaxial uniforme","Acciones prescritas","Interfaz: αδ = 1.00",1,"Q",119,1.02831604195172,58.9181692094313,-29.0708694813556,"kN/m","DE"
"interface-alpha-1","Estado biaxial uniforme","Acciones prescritas","Interfaz: αδ = 1.00",1,"Q",120,1.03703058468013,59.4174757281553,-28.7989154942114,"kN/m","DE"
"interface-alpha-1","Estado biaxial uniforme","Acciones prescritas","Interfaz: αδ = 1.00",1,"Q",121,1.04574512740853,59.9167822468793,-28.5182133949955,"kN/m","DE"
"interface-alpha-1","Estado biaxial uniforme","Acciones prescritas","Interfaz: αδ = 1.00",1,"Q",122,1.05445967013693,60.4160887656033,-28.2288484512738,"kN/m","DE"
"interface-alpha-1","Estado biaxial uniforme","Acciones prescritas","Interfaz: αδ = 1.00",1,"Q",123,1.06317421286534,60.9153952843273,-27.9309085620839,"kN/m","DE"
"interface-alpha-1","Estado biaxial uniforme","Acciones prescritas","Interfaz: αδ = 1.00",1,"Q",124,1.07188875559374,61.4147018030513,-27.6244842312347,"kN/m","DE"
"interface-alpha-1","Estado biaxial uniforme","Acciones prescritas","Interfaz: αδ = 1.00",1,"Q",125,1.08060329832215,61.9140083217753,-27.309668539814,"kN/m","DE"
"interface-alpha-1","Estado biaxial uniforme","Acciones prescritas","Interfaz: αδ = 1.00",1,"Q",126,1.08931784105055,62.4133148404993,-26.9865571179143,"kN/m","DE"
"interface-alpha-1","Estado biaxial uniforme","Acciones prescritas","Interfaz: αδ = 1.00",1,"Q",127,1.09803238377896,62.9126213592233,-26.6552481155835,"kN/m","DE"
"interface-alpha-1","Estado biaxial uniforme","Acciones prescritas","Interfaz: αδ = 1.00",1,"Q",128,1.10674692650736,63.4119278779473,-26.3158421730099,"kN/m","DE"
"interface-alpha-1","Estado biaxial uniforme","Acciones prescritas","Interfaz: αδ = 1.00",1,"Q",129,1.11546146923577,63.9112343966713,-25.9684423899517,"kN/m","DE"
"interface-alpha-1","Estado biaxial uniforme","Acciones prescritas","Interfaz: αδ = 1.00",1,"Q",130,1.12417601196417,64.4105409153953,-25.6131542944187,"kN/m","DE"
"interface-alpha-1","Estado biaxial uniforme","Acciones prescritas","Interfaz: αδ = 1.00",1,"Q",131,1.13289055469257,64.9098474341193,-25.2500858106166,"kN/m","DE"
"interface-alpha-1","Estado biaxial uniforme","Acciones prescritas","Interfaz: αδ = 1.00",1,"Q",132,1.14160509742098,65.4091539528433,-24.879347226163,"kN/m","DE"
"interface-alpha-1","Estado biaxial uniforme","Acciones prescritas","Interfaz: αδ = 1.00",1,"Q",133,1.15031964014938,65.9084604715673,-24.5010511585867,"kN/m","DE"
"interface-alpha-1","Estado biaxial uniforme","Acciones prescritas","Interfaz: αδ = 1.00",1,"Q",134,1.15903418287779,66.4077669902913,-24.1153125211173,"kN/m","DE"
"interface-alpha-1","Estado biaxial uniforme","Acciones prescritas","Interfaz: αδ = 1.00",1,"Q",135,1.16774872560619,66.9070735090153,-23.7222484877794,"kN/m","DE"
"interface-alpha-1","Estado biaxial uniforme","Acciones prescritas","Interfaz: αδ = 1.00",1,"Q",136,1.1764632683346,67.4063800277392,-23.3219784577989,"kN/m","DE"
"interface-alpha-1","Estado biaxial uniforme","Acciones prescritas","Interfaz: αδ = 1.00",1,"Q",137,1.185177811063,67.9056865464632,-22.9146240193335,"kN/m","DE"
"interface-alpha-1","Estado biaxial uniforme","Acciones prescritas","Interfaz: αδ = 1.00",1,"Q",138,1.19389235379141,68.4049930651872,-22.5003089125388,"kN/m","DE"
"interface-alpha-1","Estado biaxial uniforme","Acciones prescritas","Interfaz: αδ = 1.00",1,"Q",139,1.20260689651981,68.9042995839112,-22.0791589919799,"kN/m","DE"
"interface-alpha-1","Estado biaxial uniforme","Acciones prescritas","Interfaz: αδ = 1.00",1,"Q",140,1.21132143924821,69.4036061026352,-21.6513021884014,"kN/m","DE"
"interface-alpha-1","Estado biaxial uniforme","Acciones prescritas","Interfaz: αδ = 1.00",1,"Q",141,1.22003598197662,69.9029126213592,-21.2168684698665,"kN/m","DE"
"interface-alpha-1","Estado biaxial uniforme","Acciones prescritas","Interfaz: αδ = 1.00",1,"Q",142,1.22875052470502,70.4022191400832,-20.7759898022772,"kN/m","DE"
"interface-alpha-1","Estado biaxial uniforme","Acciones prescritas","Interfaz: αδ = 1.00",1,"Q",143,1.23746506743343,70.9015256588072,-20.3288001092873,"kN/m","DE"
"interface-alpha-1","Estado biaxial uniforme","Acciones prescritas","Interfaz: αδ = 1.00",1,"Q",144,1.24617961016183,71.4008321775312,-19.8754352316218,"kN/m","DE"
"interface-alpha-1","Estado biaxial uniforme","Acciones prescritas","Interfaz: αδ = 1.00",1,"Q",145,1.25489415289024,71.9001386962552,-19.4160328858122,"kN/m","DE"
"interface-alpha-1","Estado biaxial uniforme","Acciones prescritas","Interfaz: αδ = 1.00",1,"Q",146,1.26360869561864,72.3994452149792,-18.9507326223637,"kN/m","DE"
"interface-alpha-1","Estado biaxial uniforme","Acciones prescritas","Interfaz: αδ = 1.00",1,"Q",147,1.27232323834705,72.8987517337032,-18.4796757833646,"kN/m","DE"
"interface-alpha-1","Estado biaxial uniforme","Acciones prescritas","Interfaz: αδ = 1.00",1,"Q",148,1.28103778107545,73.3980582524272,-18.003005459551,"kN/m","DE"
"interface-alpha-1","Estado biaxial uniforme","Acciones prescritas","Interfaz: αδ = 1.00",1,"Q",149,1.28975232380385,73.8973647711512,-17.5208664468412,"kN/m","DE"
"interface-alpha-1","Estado biaxial uniforme","Acciones prescritas","Interfaz: αδ = 1.00",1,"Q",150,1.29846686653226,74.3966712898752,-17.0334052023515,"kN/m","DE"
"interface-alpha-1","Estado biaxial uniforme","Acciones prescritas","Interfaz: αδ = 1.00",1,"Q",151,1.30718140926066,74.8959778085992,-16.5407697999077,"kN/m","DE"
"interface-alpha-1","Estado biaxial uniforme","Acciones prescritas","Interfaz: αδ = 1.00",1,"Q",152,1.31589595198907,75.3952843273232,-16.0431098850655,"kN/m","DE"
"interface-alpha-1","Estado biaxial uniforme","Acciones prescritas","Interfaz: αδ = 1.00",1,"Q",153,1.32461049471747,75.8945908460472,-15.5405766296532,"kN/m","DE"
"interface-alpha-1","Estado biaxial uniforme","Acciones prescritas","Interfaz: αδ = 1.00",1,"Q",154,1.33332503744588,76.3938973647712,-15.0333226858511,"kN/m","DE"
"interface-alpha-1","Estado biaxial uniforme","Acciones prescritas","Interfaz: αδ = 1.00",1,"Q",155,1.34203958017428,76.8932038834951,-14.5215021398208,"kN/m","DE"
"interface-alpha-1","Estado biaxial uniforme","Acciones prescritas","Interfaz: αδ = 1.00",1,"Q",156,1.35075412290268,77.3925104022191,-14.0052704648994,"kN/m","DE"
"interface-alpha-1","Estado biaxial uniforme","Acciones prescritas","Interfaz: αδ = 1.00",1,"Q",157,1.35946866563109,77.8918169209431,-13.484784474372,"kN/m","DE"
"interface-alpha-1","Estado biaxial uniforme","Acciones prescritas","Interfaz: αδ = 1.00",1,"Q",158,1.36818320835949,78.3911234396671,-12.9602022738375,"kN/m","DE"
"interface-alpha-1","Estado biaxial uniforme","Acciones prescritas","Interfaz: αδ = 1.00",1,"Q",159,1.3768977510879,78.8904299583911,-12.4316832131811,"kN/m","DE"
"interface-alpha-1","Estado biaxial uniforme","Acciones prescritas","Interfaz: αδ = 1.00",1,"Q",160,1.3856122938163,79.3897364771151,-11.8993878381697,"kN/m","DE"
"interface-alpha-1","Estado biaxial uniforme","Acciones prescritas","Interfaz: αδ = 1.00",1,"Q",161,1.39432683654471,79.8890429958391,-11.3634778416837,"kN/m","DE"
"interface-alpha-1","Estado biaxial uniforme","Acciones prescritas","Interfaz: αδ = 1.00",1,"Q",162,1.40304137927311,80.3883495145631,-10.8241160145999,"kN/m","DE"
"interface-alpha-1","Estado biaxial uniforme","Acciones prescritas","Interfaz: αδ = 1.00",1,"Q",163,1.41175592200152,80.8876560332871,-10.281466196342,"kN/m","DE"
"interface-alpha-1","Estado biaxial uniforme","Acciones prescritas","Interfaz: αδ = 1.00",1,"Q",164,1.42047046472992,81.3869625520111,-9.73569322511094,"kN/m","DE"
"interface-alpha-1","Estado biaxial uniforme","Acciones prescritas","Interfaz: αδ = 1.00",1,"Q",165,1.42918500745832,81.8862690707351,-9.18696288781365,"kN/m","DE"
"interface-alpha-1","Estado biaxial uniforme","Acciones prescritas","Interfaz: αδ = 1.00",1,"Q",166,1.43789955018673,82.3855755894591,-8.6354418697021,"kN/m","DE"
"interface-alpha-1","Estado biaxial uniforme","Acciones prescritas","Interfaz: αδ = 1.00",1,"Q",167,1.44661409291513,82.8848821081831,-8.08129770374044,"kN/m","DE"
"interface-alpha-1","Estado biaxial uniforme","Acciones prescritas","Interfaz: αδ = 1.00",1,"Q",168,1.45532863564354,83.3841886269071,-7.52469871971414,"kN/m","DE"
"interface-alpha-1","Estado biaxial uniforme","Acciones prescritas","Interfaz: αδ = 1.00",1,"Q",169,1.46404317837194,83.8834951456311,-6.96581399309731,"kN/m","DE"
"interface-alpha-1","Estado biaxial uniforme","Acciones prescritas","Interfaz: αδ = 1.00",1,"Q",170,1.47275772110035,84.3828016643551,-6.40481329369349,"kN/m","DE"
"interface-alpha-1","Estado biaxial uniforme","Acciones prescritas","Interfaz: αδ = 1.00",1,"Q",171,1.48147226382875,84.882108183079,-5.84186703406525,"kN/m","DE"
"interface-alpha-1","Estado biaxial uniforme","Acciones prescritas","Interfaz: αδ = 1.00",1,"Q",172,1.49018680655716,85.381414701803,-5.27714621776897,"kN/m","DE"
"interface-alpha-1","Estado biaxial uniforme","Acciones prescritas","Interfaz: αδ = 1.00",1,"Q",173,1.49890134928556,85.880721220527,-4.71082238740988,"kN/m","DE"
"interface-alpha-1","Estado biaxial uniforme","Acciones prescritas","Interfaz: αδ = 1.00",1,"Q",174,1.50761589201396,86.380027739251,-4.14306757253327,"kN/m","DE"
"interface-alpha-1","Estado biaxial uniforme","Acciones prescritas","Interfaz: αδ = 1.00",1,"Q",175,1.51633043474237,86.879334257975,-3.57405423736782,"kN/m","DE"
"interface-alpha-1","Estado biaxial uniforme","Acciones prescritas","Interfaz: αδ = 1.00",1,"Q",176,1.52504497747077,87.378640776699,-3.00395522843716,"kN/m","DE"
"interface-alpha-1","Estado biaxial uniforme","Acciones prescritas","Interfaz: αδ = 1.00",1,"Q",177,1.53375952019918,87.877947295423,-2.43294372205495,"kN/m","DE"
"interface-alpha-1","Estado biaxial uniforme","Acciones prescritas","Interfaz: αδ = 1.00",1,"Q",178,1.54247406292758,88.377253814147,-1.86119317171985,"kN/m","DE"
"interface-alpha-1","Estado biaxial uniforme","Acciones prescritas","Interfaz: αδ = 1.00",1,"Q",179,1.55118860565599,88.876560332871,-1.28887725542658,"kN/m","DE"
"interface-alpha-1","Estado biaxial uniforme","Acciones prescritas","Interfaz: αδ = 1.00",1,"Q",180,1.55990314838439,89.375866851595,-0.716169822908389,"kN/m","DE"
"interface-alpha-1","Estado biaxial uniforme","Acciones prescritas","Interfaz: αδ = 1.00",1,"Q",181,1.5686176911128,89.875173370319,-0.143244842827472,"kN/m","DE"
"interface-alpha-1","Estado biaxial uniforme","Acciones prescritas","Interfaz: αδ = 1.00",1,"Q",182,1.5707963267949,90,-3.26849658449646e-13,"kN/m","DE"
"interface-alpha-1","Estado biaxial uniforme","Acciones prescritas","Interfaz: αδ = 1.00",1,"Q",183,1.5773322338412,90.374479889043,0.429723650070375,"kN/m","DE"
"interface-alpha-1","Estado biaxial uniforme","Acciones prescritas","Interfaz: αδ = 1.00",1,"Q",184,1.5860467765696,90.873786407767,1.00256160782181,"kN/m","DE"
"interface-alpha-1","Estado biaxial uniforme","Acciones prescritas","Interfaz: αδ = 1.00",1,"Q",185,1.59476131929801,91.373092926491,1.57509502211547,"kN/m","DE"
"interface-alpha-1","Estado biaxial uniforme","Acciones prescritas","Interfaz: αδ = 1.00",1,"Q",186,1.60347586202641,91.872399445215,2.14714997714985,"kN/m","DE"
"interface-alpha-1","Estado biaxial uniforme","Acciones prescritas","Interfaz: αδ = 1.00",1,"Q",187,1.61219040475482,92.371705963939,2.71855270246262,"kN/m","DE"
"interface-alpha-1","Estado biaxial uniforme","Acciones prescritas","Interfaz: αδ = 1.00",1,"Q",188,1.62090494748322,92.871012482663,3.28912962571632,"kN/m","DE"
"interface-alpha-1","Estado biaxial uniforme","Acciones prescritas","Interfaz: αδ = 1.00",1,"Q",189,1.62961949021163,93.370319001387,3.85870742542355,"kN/m","DE"
"interface-alpha-1","Estado biaxial uniforme","Acciones prescritas","Interfaz: αδ = 1.00",1,"Q",190,1.63833403294003,93.869625520111,4.4271130835959,"kN/m","DE"
"interface-alpha-1","Estado biaxial uniforme","Acciones prescritas","Interfaz: αδ = 1.00",1,"Q",191,1.64704857566844,94.3689320388349,4.99417393830102,"kN/m","DE"
"interface-alpha-1","Estado biaxial uniforme","Acciones prescritas","Interfaz: αδ = 1.00",1,"Q",192,1.65576311839684,94.868238557559,5.55971773611122,"kN/m","DE"
"interface-alpha-1","Estado biaxial uniforme","Acciones prescritas","Interfaz: αδ = 1.00",1,"Q",193,1.66447766112524,95.367545076283,6.123572684428,"kN/m","DE"
"interface-alpha-1","Estado biaxial uniforme","Acciones prescritas","Interfaz: αδ = 1.00",1,"Q",194,1.67319220385365,95.8668515950069,6.6855675036669,"kN/m","DE"
"interface-alpha-1","Estado biaxial uniforme","Acciones prescritas","Interfaz: αδ = 1.00",1,"Q",195,1.68190674658205,96.3661581137309,7.24553147928616,"kN/m","DE"
"interface-alpha-1","Estado biaxial uniforme","Acciones prescritas","Interfaz: αδ = 1.00",1,"Q",196,1.69062128931046,96.8654646324549,7.80329451364383,"kN/m","DE"
"interface-alpha-1","Estado biaxial uniforme","Acciones prescritas","Interfaz: αδ = 1.00",1,"Q",197,1.69933583203886,97.3647711511789,8.35868717766769,"kN/m","DE"
"interface-alpha-1","Estado biaxial uniforme","Acciones prescritas","Interfaz: αδ = 1.00",1,"Q",198,1.70805037476727,97.8640776699029,8.91154076232182,"kN/m","DE"
"interface-alpha-1","Estado biaxial uniforme","Acciones prescritas","Interfaz: αδ = 1.00",1,"Q",199,1.71676491749567,98.3633841886269,9.46168732985458,"kN/m","DE"
"interface-alpha-1","Estado biaxial uniforme","Acciones prescritas","Interfaz: αδ = 1.00",1,"Q",200,1.72547946022408,98.8626907073509,10.0089597648123,"kN/m","DE"
"interface-alpha-1","Estado biaxial uniforme","Acciones prescritas","Interfaz: αδ = 1.00",1,"Q",201,1.73419400295248,99.3619972260749,10.553191824803,"kN/m","DE"
"interface-alpha-1","Estado biaxial uniforme","Acciones prescritas","Interfaz: αδ = 1.00",1,"Q",202,1.74290854568088,99.8613037447989,11.0942181909955,"kN/m","DE"
"interface-alpha-1","Estado biaxial uniforme","Acciones prescritas","Interfaz: αδ = 1.00",1,"Q",203,1.75162308840929,100.360610263523,11.6318745183369,"kN/m","DE"
"interface-alpha-1","Estado biaxial uniforme","Acciones prescritas","Interfaz: αδ = 1.00",1,"Q",204,1.76033763113769,100.859916782247,12.1659974854756,"kN/m","DE"
"interface-alpha-1","Estado biaxial uniforme","Acciones prescritas","Interfaz: αδ = 1.00",1,"Q",205,1.7690521738661,101.359223300971,12.6964248443722,"kN/m","DE"
"interface-alpha-1","Estado biaxial uniforme","Acciones prescritas","Interfaz: αδ = 1.00",1,"Q",206,1.7777667165945,101.858529819695,13.2229954695847,"kN/m","DE"
"interface-alpha-1","Estado biaxial uniforme","Acciones prescritas","Interfaz: αδ = 1.00",1,"Q",207,1.78648125932291,102.357836338419,13.7455494072135,"kN/m","DE"
"interface-alpha-1","Estado biaxial uniforme","Acciones prescritas","Interfaz: αδ = 1.00",1,"Q",208,1.79519580205131,102.857142857143,14.2639279234892,"kN/m","DE"
"interface-alpha-1","Estado biaxial uniforme","Acciones prescritas","Interfaz: αδ = 1.00",1,"Q",209,1.80391034477971,103.356449375867,14.7779735529907,"kN/m","DE"
"interface-alpha-1","Estado biaxial uniforme","Acciones prescritas","Interfaz: αδ = 1.00",1,"Q",210,1.81262488750812,103.855755894591,15.2875301464777,"kN/m","DE"
"interface-alpha-1","Estado biaxial uniforme","Acciones prescritas","Interfaz: αδ = 1.00",1,"Q",211,1.82133943023652,104.355062413315,15.7924429183232,"kN/m","DE"
"interface-alpha-1","Estado biaxial uniforme","Acciones prescritas","Interfaz: αδ = 1.00",1,"Q",212,1.83005397296493,104.854368932039,16.2925584935326,"kN/m","DE"
"interface-alpha-1","Estado biaxial uniforme","Acciones prescritas","Interfaz: αδ = 1.00",1,"Q",213,1.83876851569333,105.353675450763,16.787724954333,"kN/m","DE"
"interface-alpha-1","Estado biaxial uniforme","Acciones prescritas","Interfaz: αδ = 1.00",1,"Q",214,1.84748305842174,105.852981969487,17.2777918863209,"kN/m","DE"
"interface-alpha-1","Estado biaxial uniforme","Acciones prescritas","Interfaz: αδ = 1.00",1,"Q",215,1.85619760115014,106.352288488211,17.7626104241531,"kN/m","DE"
"interface-alpha-1","Estado biaxial uniforme","Acciones prescritas","Interfaz: αδ = 1.00",1,"Q",216,1.86491214387855,106.851595006935,18.2420332967664,"kN/m","DE"
"interface-alpha-1","Estado biaxial uniforme","Acciones prescritas","Interfaz: αδ = 1.00",1,"Q",217,1.87362668660695,107.350901525659,18.7159148721135,"kN/m","DE"
"interface-alpha-1","Estado biaxial uniforme","Acciones prescritas","Interfaz: αδ = 1.00",1,"Q",218,1.88234122933535,107.850208044383,19.1841112014014,"kN/m","DE"
"interface-alpha-1","Estado biaxial uniforme","Acciones prescritas","Interfaz: αδ = 1.00",1,"Q",219,1.89105577206376,108.349514563107,19.6464800628175,"kN/m","DE"
"interface-alpha-1","Estado biaxial uniforme","Acciones prescritas","Interfaz: αδ = 1.00",1,"Q",220,1.89977031479216,108.848821081831,20.1028810047319,"kN/m","DE"
"interface-alpha-1","Estado biaxial uniforme","Acciones prescritas","Interfaz: αδ = 1.00",1,"Q",221,1.90848485752057,109.348127600555,20.553175388362,"kN/m","DE"
"interface-alpha-1","Estado biaxial uniforme","Acciones prescritas","Interfaz: αδ = 1.00",1,"Q",222,1.91719940024897,109.847434119279,20.9972264298856,"kN/m","DE"
"interface-alpha-1","Estado biaxial uniforme","Acciones prescritas","Interfaz: αδ = 1.00",1,"Q",223,1.92591394297738,110.346740638003,21.4348992419915,"kN/m","DE"
"interface-alpha-1","Estado biaxial uniforme","Acciones prescritas","Interfaz: αδ = 1.00",1,"Q",224,1.93462848570578,110.846047156727,21.8660608748535,"kN/m","DE"
"interface-alpha-1","Estado biaxial uniforme","Acciones prescritas","Interfaz: αδ = 1.00",1,"Q",225,1.94334302843419,111.345353675451,22.2905803565158,"kN/m","DE"
"interface-alpha-1","Estado biaxial uniforme","Acciones prescritas","Interfaz: αδ = 1.00",1,"Q",226,1.95205757116259,111.844660194175,22.7083287326779,"kN/m","DE"
"interface-alpha-1","Estado biaxial uniforme","Acciones prescritas","Interfaz: αδ = 1.00",1,"Q",227,1.96077211389099,112.343966712899,23.1191791058666,"kN/m","DE"
"interface-alpha-1","Estado biaxial uniforme","Acciones prescritas","Interfaz: αδ = 1.00",1,"Q",228,1.9694866566194,112.843273231623,23.5230066739825,"kN/m","DE"
"interface-alpha-1","Estado biaxial uniforme","Acciones prescritas","Interfaz: αδ = 1.00",1,"Q",229,1.9782011993478,113.342579750347,23.919688768211,"kN/m","DE"
"interface-alpha-1","Estado biaxial uniforme","Acciones prescritas","Interfaz: αδ = 1.00",1,"Q",230,1.98691574207621,113.841886269071,24.309104890285,"kN/m","DE"
"interface-alpha-1","Estado biaxial uniforme","Acciones prescritas","Interfaz: αδ = 1.00",1,"Q",231,1.99563028480461,114.341192787795,24.6911367490875,"kN/m","DE"
"interface-alpha-1","Estado biaxial uniforme","Acciones prescritas","Interfaz: αδ = 1.00",1,"Q",232,2.00434482753302,114.840499306519,25.0656682965849,"kN/m","DE"
"interface-alpha-1","Estado biaxial uniforme","Acciones prescritas","Interfaz: αδ = 1.00",1,"Q",233,2.01305937026142,115.339805825243,25.4325857630779,"kN/m","DE"
"interface-alpha-1","Estado biaxial uniforme","Acciones prescritas","Interfaz: αδ = 1.00",1,"Q",234,2.02177391298983,115.839112343967,25.7917776917613,"kN/m","DE"
"interface-alpha-1","Estado biaxial uniforme","Acciones prescritas","Interfaz: αδ = 1.00",1,"Q",235,2.03048845571823,116.338418862691,26.1431349725802,"kN/m","DE"
"interface-alpha-1","Estado biaxial uniforme","Acciones prescritas","Interfaz: αδ = 1.00",1,"Q",236,2.03920299844663,116.837725381415,26.4865508753743,"kN/m","DE"
"interface-alpha-1","Estado biaxial uniforme","Acciones prescritas","Interfaz: αδ = 1.00",1,"Q",237,2.04791754117504,117.337031900139,26.8219210822985,"kN/m","DE"
"interface-alpha-1","Estado biaxial uniforme","Acciones prescritas","Interfaz: αδ = 1.00",1,"Q",238,2.05663208390344,117.836338418863,27.1491437195112,"kN/m","DE"
"interface-alpha-1","Estado biaxial uniforme","Acciones prescritas","Interfaz: αδ = 1.00",1,"Q",239,2.06534662663185,118.335644937587,27.46811938812,"kN/m","DE"
"interface-alpha-1","Estado biaxial uniforme","Acciones prescritas","Interfaz: αδ = 1.00",1,"Q",240,2.07406116936025,118.834951456311,27.7787511943756,"kN/m","DE"
"interface-alpha-1","Estado biaxial uniforme","Acciones prescritas","Interfaz: αδ = 1.00",1,"Q",241,2.08277571208866,119.334257975035,28.0809447791048,"kN/m","DE"
"interface-alpha-1","Estado biaxial uniforme","Acciones prescritas","Interfaz: αδ = 1.00",1,"Q",242,2.09149025481706,119.833564493759,28.3746083463736,"kN/m","DE"
"interface-alpha-1","Estado biaxial uniforme","Acciones prescritas","Interfaz: αδ = 1.00",1,"Q",243,2.10020479754546,120.332871012483,28.6596526913716,"kN/m","DE"
"interface-alpha-1","Estado biaxial uniforme","Acciones prescritas","Interfaz: αδ = 1.00",1,"Q",244,2.10891934027387,120.832177531207,28.9359912275092,"kN/m","DE"
"interface-alpha-1","Estado biaxial uniforme","Acciones prescritas","Interfaz: αδ = 1.00",1,"Q",245,2.11763388300227,121.331484049931,29.2035400127198,"kN/m","DE"
"interface-alpha-1","Estado biaxial uniforme","Acciones prescritas","Interfaz: αδ = 1.00",1,"Q",246,2.12634842573068,121.830790568655,29.4622177749583,"kN/m","DE"
"interface-alpha-1","Estado biaxial uniforme","Acciones prescritas","Interfaz: αδ = 1.00",1,"Q",247,2.13506296845908,122.330097087379,29.7119459368888,"kN/m","DE"
"interface-alpha-1","Estado biaxial uniforme","Acciones prescritas","Interfaz: αδ = 1.00",1,"Q",248,2.14377751118749,122.829403606103,29.9526486397539,"kN/m","DE"
"interface-alpha-1","Estado biaxial uniforme","Acciones prescritas","Interfaz: αδ = 1.00",1,"Q",249,2.15249205391589,123.328710124827,30.1842527664175,"kN/m","DE"
"interface-alpha-1","Estado biaxial uniforme","Acciones prescritas","Interfaz: αδ = 1.00",1,"Q",250,2.1612065966443,123.828016643551,30.4066879635757,"kN/m","DE"
"interface-alpha-1","Estado biaxial uniforme","Acciones prescritas","Interfaz: αδ = 1.00",1,"Q",251,2.1699211393727,124.327323162275,30.6198866631274,"kN/m","DE"
"interface-alpha-1","Estado biaxial uniforme","Acciones prescritas","Interfaz: αδ = 1.00",1,"Q",252,2.1786356821011,124.826629680999,30.8237841026991,"kN/m","DE"
"interface-alpha-1","Estado biaxial uniforme","Acciones prescritas","Interfaz: αδ = 1.00",1,"Q",253,2.18735022482951,125.325936199723,31.0183183453179,"kN/m","DE"
"interface-alpha-1","Estado biaxial uniforme","Acciones prescritas","Interfaz: αδ = 1.00",1,"Q",254,2.19606476755791,125.825242718447,31.2034302982254,"kN/m","DE"
"interface-alpha-1","Estado biaxial uniforme","Acciones prescritas","Interfaz: αδ = 1.00",1,"Q",255,2.20477931028632,126.324549237171,31.379063730828,"kN/m","DE"
"interface-alpha-1","Estado biaxial uniforme","Acciones prescritas","Interfaz: αδ = 1.00",1,"Q",256,2.21349385301472,126.823855755895,31.5451652917781,"kN/m","DE"
"interface-alpha-1","Estado biaxial uniforme","Acciones prescritas","Interfaz: αδ = 1.00",1,"Q",257,2.22220839574313,127.323162274619,31.7016845251804,"kN/m","DE"
"interface-alpha-1","Estado biaxial uniforme","Acciones prescritas","Interfaz: αδ = 1.00",1,"Q",258,2.23092293847153,127.822468793343,31.848573885918,"kN/m","DE"
"interface-alpha-1","Estado biaxial uniforme","Acciones prescritas","Interfaz: αδ = 1.00",1,"Q",259,2.23963748119994,128.321775312067,31.9857887540959,"kN/m","DE"
"interface-alpha-1","Estado biaxial uniforme","Acciones prescritas","Interfaz: αδ = 1.00",1,"Q",260,2.24835202392834,128.821081830791,32.1132874485944,"kN/m","DE"
"interface-alpha-1","Estado biaxial uniforme","Acciones prescritas","Interfaz: αδ = 1.00",1,"Q",261,2.25706656665674,129.320388349515,32.2310312397304,"kN/m","DE"
"interface-alpha-1","Estado biaxial uniforme","Acciones prescritas","Interfaz: αδ = 1.00",1,"Q",262,2.26578110938515,129.819694868239,32.3389843610224,"kN/m","DE"
"interface-alpha-1","Estado biaxial uniforme","Acciones prescritas","Interfaz: αδ = 1.00",1,"Q",263,2.27449565211355,130.319001386963,32.4371140200549,"kN/m","DE"
"interface-alpha-1","Estado biaxial uniforme","Acciones prescritas","Interfaz: αδ = 1.00",1,"Q",264,2.28321019484196,130.818307905687,32.5253904084394,"kN/m","DE"
"interface-alpha-1","Estado biaxial uniforme","Acciones prescritas","Interfaz: αδ = 1.00",1,"Q",265,2.29192473757036,131.317614424411,32.6037867108699,"kN/m","DE"
"interface-alpha-1","Estado biaxial uniforme","Acciones prescritas","Interfaz: αδ = 1.00",1,"Q",266,2.30063928029877,131.816920943135,32.6722791132676,"kN/m","DE"
"interface-alpha-1","Estado biaxial uniforme","Acciones prescritas","Interfaz: αδ = 1.00",1,"Q",267,2.30935382302717,132.316227461859,32.7308468100154,"kN/m","DE"
"interface-alpha-1","Estado biaxial uniforme","Acciones prescritas","Interfaz: αδ = 1.00",1,"Q",268,2.31806836575558,132.815533980583,32.7794720102773,"kN/m","DE"
"interface-alpha-1","Estado biaxial uniforme","Acciones prescritas","Interfaz: αδ = 1.00",1,"Q",269,2.32678290848398,133.314840499307,32.8181399434035,"kN/m","DE"
"interface-alpha-1","Estado biaxial uniforme","Acciones prescritas","Interfaz: αδ = 1.00",1,"Q",270,2.33549745121238,133.814147018031,32.8468388634165,"kN/m","DE"
"interface-alpha-1","Estado biaxial uniforme","Acciones prescritas","Interfaz: αδ = 1.00",1,"Q",271,2.34421199394079,134.313453536755,32.8655600525794,"kN/m","DE"
"interface-alpha-1","Estado biaxial uniforme","Acciones prescritas","Interfaz: αδ = 1.00",1,"Q",272,2.35292653666919,134.812760055478,32.8742978240439,"kN/m","DE"
"interface-alpha-1","Estado biaxial uniforme","Acciones prescritas","Interfaz: αδ = 1.00",1,"Q",273,2.35619449019234,135,32.8749999999994,"kN/m","DE"
"interface-alpha-1","Estado biaxial uniforme","Acciones prescritas","Interfaz: αδ = 1.00",1,"Q",274,2.3616410793976,135.312066574203,32.8730495235781,"kN/m","DE"
"interface-alpha-1","Estado biaxial uniforme","Acciones prescritas","Interfaz: αδ = 1.00",1,"Q",275,2.370355622126,135.811373092926,32.8618155303723,"kN/m","DE"
"interface-alpha-1","Estado biaxial uniforme","Acciones prescritas","Interfaz: αδ = 1.00",1,"Q",276,2.37907016485441,136.31067961165,32.8405992569242,"kN/m","DE"
"interface-alpha-1","Estado biaxial uniforme","Acciones prescritas","Interfaz: αδ = 1.00",1,"Q",277,2.38778470758281,136.809986130374,32.8094071480021,"kN/m","DE"
"interface-alpha-1","Estado biaxial uniforme","Acciones prescritas","Interfaz: αδ = 1.00",1,"Q",278,2.39649925031122,137.309292649098,32.7682486786872,"kN/m","DE"
"interface-alpha-1","Estado biaxial uniforme","Acciones prescritas","Interfaz: αδ = 1.00",1,"Q",279,2.40521379303962,137.808599167822,32.7171363514956,"kN/m","DE"
"interface-alpha-1","Estado biaxial uniforme","Acciones prescritas","Interfaz: αδ = 1.00",1,"Q",280,2.41392833576802,138.307905686546,32.6560856925803,"kN/m","DE"
"interface-alpha-1","Estado biaxial uniforme","Acciones prescritas","Interfaz: αδ = 1.00",1,"Q",281,2.42264287849643,138.80721220527,32.5851152470147,"kN/m","DE"
"interface-alpha-1","Estado biaxial uniforme","Acciones prescritas","Interfaz: αδ = 1.00",1,"Q",282,2.43135742122483,139.306518723994,32.5042465731597,"kN/m","DE"
"interface-alpha-1","Estado biaxial uniforme","Acciones prescritas","Interfaz: αδ = 1.00",1,"Q",283,2.44007196395324,139.805825242718,32.4135042361147,"kN/m","DE"
"interface-alpha-1","Estado biaxial uniforme","Acciones prescritas","Interfaz: αδ = 1.00",1,"Q",284,2.44878650668164,140.305131761442,32.3129158002557,"kN/m","DE"
"interface-alpha-1","Estado biaxial uniforme","Acciones prescritas","Interfaz: αδ = 1.00",1,"Q",285,2.45750104941005,140.804438280166,32.2025118208621,"kN/m","DE"
"interface-alpha-1","Estado biaxial uniforme","Acciones prescritas","Interfaz: αδ = 1.00",1,"Q",286,2.46621559213845,141.30374479889,32.0823258348352,"kN/m","DE"
"interface-alpha-1","Estado biaxial uniforme","Acciones prescritas","Interfaz: αδ = 1.00",1,"Q",287,2.47493013486686,141.803051317614,31.9523943505106,"kN/m","DE"
"interface-alpha-1","Estado biaxial uniforme","Acciones prescritas","Interfaz: αδ = 1.00",1,"Q",288,2.48364467759526,142.302357836338,31.8127568365686,"kN/m","DE"
"interface-alpha-1","Estado biaxial uniforme","Acciones prescritas","Interfaz: αδ = 1.00",1,"Q",289,2.49235922032366,142.801664355062,31.6634557100447,"kN/m","DE"
"interface-alpha-1","Estado biaxial uniforme","Acciones prescritas","Interfaz: αδ = 1.00",1,"Q",290,2.50107376305207,143.300970873786,31.5045363234449,"kN/m","DE"
"interface-alpha-1","Estado biaxial uniforme","Acciones prescritas","Interfaz: αδ = 1.00",1,"Q",291,2.50978830578047,143.80027739251,31.3360469509691,"kN/m","DE"
"interface-alpha-1","Estado biaxial uniforme","Acciones prescritas","Interfaz: αδ = 1.00",1,"Q",292,2.51850284850888,144.299583911234,31.1580387738472,"kN/m","DE"
"interface-alpha-1","Estado biaxial uniforme","Acciones prescritas","Interfaz: αδ = 1.00",1,"Q",293,2.52721739123728,144.798890429958,30.9705658647918,"kN/m","DE"
"interface-alpha-1","Estado biaxial uniforme","Acciones prescritas","Interfaz: αδ = 1.00",1,"Q",294,2.53593193396569,145.298196948682,30.7736851715731,"kN/m","DE"
"interface-alpha-1","Estado biaxial uniforme","Acciones prescritas","Interfaz: αδ = 1.00",1,"Q",295,2.54464647669409,145.797503467406,30.5674564997198,"kN/m","DE"
"interface-alpha-1","Estado biaxial uniforme","Acciones prescritas","Interfaz: αδ = 1.00",1,"Q",296,2.55336101942249,146.29680998613,30.3519424943525,"kN/m","DE"
"interface-alpha-1","Estado biaxial uniforme","Acciones prescritas","Interfaz: αδ = 1.00",1,"Q",297,2.5620755621509,146.796116504854,30.1272086211542,"kN/m","DE"
"interface-alpha-1","Estado biaxial uniforme","Acciones prescritas","Interfaz: αδ = 1.00",1,"Q",298,2.5707901048793,147.295423023578,29.8933231464841,"kN/m","DE"
"interface-alpha-1","Estado biaxial uniforme","Acciones prescritas","Interfaz: αδ = 1.00",1,"Q",299,2.57950464760771,147.794729542302,29.6503571166405,"kN/m","DE"
"interface-alpha-1","Estado biaxial uniforme","Acciones prescritas","Interfaz: αδ = 1.00",1,"Q",300,2.58821919033611,148.294036061026,29.3983843362798,"kN/m","DE"
"interface-alpha-1","Estado biaxial uniforme","Acciones prescritas","Interfaz: αδ = 1.00",1,"Q",301,2.59693373306452,148.79334257975,29.1374813459968,"kN/m","DE"
"interface-alpha-1","Estado biaxial uniforme","Acciones prescritas","Interfaz: αδ = 1.00",1,"Q",302,2.60564827579292,149.292649098474,28.8677273990743,"kN/m","DE"
"interface-alpha-1","Estado biaxial uniforme","Acciones prescritas","Interfaz: αδ = 1.00",1,"Q",303,2.61436281852133,149.791955617198,28.5892044374092,"kN/m","DE"
"interface-alpha-1","Estado biaxial uniforme","Acciones prescritas","Interfaz: αδ = 1.00",1,"Q",304,2.62307736124973,150.291262135922,28.3019970666209,"kN/m","DE"
"interface-alpha-1","Estado biaxial uniforme","Acciones prescritas","Interfaz: αδ = 1.00",1,"Q",305,2.63179190397813,150.790568654646,28.006192530351,"kN/m","DE"
"interface-alpha-1","Estado biaxial uniforme","Acciones prescritas","Interfaz: αδ = 1.00",1,"Q",306,2.64050644670654,151.28987517337,27.7018806837623,"kN/m","DE"
"interface-alpha-1","Estado biaxial uniforme","Acciones prescritas","Interfaz: αδ = 1.00",1,"Q",307,2.64922098943494,151.789181692094,27.3891539662433,"kN/m","DE"
"interface-alpha-1","Estado biaxial uniforme","Acciones prescritas","Interfaz: αδ = 1.00",1,"Q",308,2.65793553216335,152.288488210818,27.0681073733285,"kN/m","DE"
"interface-alpha-1","Estado biaxial uniforme","Acciones prescritas","Interfaz: αδ = 1.00",1,"Q",309,2.66665007489175,152.787794729542,26.7388384278423,"kN/m","DE"
"interface-alpha-1","Estado biaxial uniforme","Acciones prescritas","Interfaz: αδ = 1.00",1,"Q",310,2.67536461762016,153.287101248266,26.4014471502744,"kN/m","DE"
"interface-alpha-1","Estado biaxial uniforme","Acciones prescritas","Interfaz: αδ = 1.00",1,"Q",311,2.68407916034856,153.78640776699,26.0560360283979,"kN/m","DE"
"interface-alpha-1","Estado biaxial uniforme","Acciones prescritas","Interfaz: αδ = 1.00",1,"Q",312,2.69279370307697,154.285714285714,25.702709986136,"kN/m","DE"
"interface-alpha-1","Estado biaxial uniforme","Acciones prescritas","Interfaz: αδ = 1.00",1,"Q",313,2.70150824580537,154.785020804438,25.3415763516907,"kN/m","DE"
"interface-alpha-1","Estado biaxial uniforme","Acciones prescritas","Interfaz: αδ = 1.00",1,"Q",314,2.71022278853377,155.284327323162,24.9727448249397,"kN/m","DE"
"interface-alpha-1","Estado biaxial uniforme","Acciones prescritas","Interfaz: αδ = 1.00",1,"Q",315,2.71893733126218,155.783633841886,24.5963274441133,"kN/m","DE"
"interface-alpha-1","Estado biaxial uniforme","Acciones prescritas","Interfaz: αδ = 1.00",1,"Q",316,2.72765187399058,156.28294036061,24.2124385517616,"kN/m","DE"
"interface-alpha-1","Estado biaxial uniforme","Acciones prescritas","Interfaz: αδ = 1.00",1,"Q",317,2.73636641671899,156.782246879334,23.8211947600207,"kN/m","DE"
"interface-alpha-1","Estado biaxial uniforme","Acciones prescritas","Interfaz: αδ = 1.00",1,"Q",318,2.74508095944739,157.281553398058,23.4227149151901,"kN/m","DE"
"interface-alpha-1","Estado biaxial uniforme","Acciones prescritas","Interfaz: αδ = 1.00",1,"Q",319,2.7537955021758,157.780859916782,23.0171200616314,"kN/m","DE"
"interface-alpha-1","Estado biaxial uniforme","Acciones prescritas","Interfaz: αδ = 1.00",1,"Q",320,2.7625100449042,158.280166435506,22.6045334049992,"kN/m","DE"
"interface-alpha-1","Estado biaxial uniforme","Acciones prescritas","Interfaz: αδ = 1.00",1,"Q",321,2.77122458763261,158.77947295423,22.1850802748154,"kN/m","DE"
"interface-alpha-1","Estado biaxial uniforme","Acciones prescritas","Interfaz: αδ = 1.00",1,"Q",322,2.77993913036101,159.278779472954,21.7588880863987,"kN/m","DE"
"interface-alpha-1","Estado biaxial uniforme","Acciones prescritas","Interfaz: αδ = 1.00",1,"Q",323,2.78865367308941,159.778085991678,21.3260863021597,"kN/m","DE"
"interface-alpha-1","Estado biaxial uniforme","Acciones prescritas","Interfaz: αδ = 1.00",1,"Q",324,2.79736821581782,160.277392510402,20.8868063922754,"kN/m","DE"
"interface-alpha-1","Estado biaxial uniforme","Acciones prescritas","Interfaz: αδ = 1.00",1,"Q",325,2.80608275854622,160.776699029126,20.4411817947526,"kN/m","DE"
"interface-alpha-1","Estado biaxial uniforme","Acciones prescritas","Interfaz: αδ = 1.00",1,"Q",326,2.81479730127463,161.27600554785,19.9893478748943,"kN/m","DE"
"interface-alpha-1","Estado biaxial uniforme","Acciones prescritas","Interfaz: αδ = 1.00",1,"Q",327,2.82351184400303,161.775312066574,19.5314418841802,"kN/m","DE"
"interface-alpha-1","Estado biaxial uniforme","Acciones prescritas","Interfaz: αδ = 1.00",1,"Q",328,2.83222638673144,162.274618585298,19.0676029185748,"kN/m","DE"
"interface-alpha-1","Estado biaxial uniforme","Acciones prescritas","Interfaz: αδ = 1.00",1,"Q",329,2.84094092945984,162.773925104022,18.5979718762746,"kN/m","DE"
"interface-alpha-1","Estado biaxial uniforme","Acciones prescritas","Interfaz: αδ = 1.00",1,"Q",330,2.84965547218825,163.273231622746,18.1226914149082,"kN/m","DE"
"interface-alpha-1","Estado biaxial uniforme","Acciones prescritas","Interfaz: αδ = 1.00",1,"Q",331,2.85837001491665,163.77253814147,17.6419059082018,"kN/m","DE"
"interface-alpha-1","Estado biaxial uniforme","Acciones prescritas","Interfaz: αδ = 1.00",1,"Q",332,2.86708455764505,164.271844660194,17.1557614021236,"kN/m","DE"
"interface-alpha-1","Estado biaxial uniforme","Acciones prescritas","Interfaz: αδ = 1.00",1,"Q",333,2.87579910037346,164.771151178918,16.66440557052,"kN/m","DE"
"interface-alpha-1","Estado biaxial uniforme","Acciones prescritas","Interfaz: αδ = 1.00",1,"Q",334,2.88451364310186,165.270457697642,16.1679876702573,"kN/m","DE"
"interface-alpha-1","Estado biaxial uniforme","Acciones prescritas","Interfaz: αδ = 1.00",1,"Q",335,2.89322818583027,165.769764216366,15.6666584958828,"kN/m","DE"
"interface-alpha-1","Estado biaxial uniforme","Acciones prescritas","Interfaz: αδ = 1.00",1,"Q",336,2.90194272855867,166.26907073509,15.1605703338188,"kN/m","DE"
"interface-alpha-1","Estado biaxial uniforme","Acciones prescritas","Interfaz: αδ = 1.00",1,"Q",337,2.91065727128708,166.768377253814,14.6498769161027,"kN/m","DE"
"interface-alpha-1","Estado biaxial uniforme","Acciones prescritas","Interfaz: αδ = 1.00",1,"Q",338,2.91937181401548,167.267683772538,14.1347333736894,"kN/m","DE"
"interface-alpha-1","Estado biaxial uniforme","Acciones prescritas","Interfaz: αδ = 1.00",1,"Q",339,2.92808635674389,167.766990291262,13.6152961893268,"kN/m","DE"
"interface-alpha-1","Estado biaxial uniforme","Acciones prescritas","Interfaz: αδ = 1.00",1,"Q",340,2.93680089947229,168.266296809986,13.091723150023,"kN/m","DE"
"interface-alpha-1","Estado biaxial uniforme","Acciones prescritas","Interfaz: αδ = 1.00",1,"Q",341,2.94551544220069,168.76560332871,12.5641732991148,"kN/m","DE"
"interface-alpha-1","Estado biaxial uniforme","Acciones prescritas","Interfaz: αδ = 1.00",1,"Q",342,2.9542299849291,169.264909847434,12.032806887957,"kN/m","DE"
"interface-alpha-1","Estado biaxial uniforme","Acciones prescritas","Interfaz: αδ = 1.00",1,"Q",343,2.9629445276575,169.764216366158,11.4977853272428,"kN/m","DE"
"interface-alpha-1","Estado biaxial uniforme","Acciones prescritas","Interfaz: αδ = 1.00",1,"Q",344,2.97165907038591,170.263522884882,10.9592711379732,"kN/m","DE"
"interface-alpha-1","Estado biaxial uniforme","Acciones prescritas","Interfaz: αδ = 1.00",1,"Q",345,2.98037361311431,170.762829403606,10.4174279020887,"kN/m","DE"
"interface-alpha-1","Estado biaxial uniforme","Acciones prescritas","Interfaz: αδ = 1.00",1,"Q",346,2.98908815584272,171.26213592233,9.87242021277879,"kN/m","DE"
"interface-alpha-1","Estado biaxial uniforme","Acciones prescritas","Interfaz: αδ = 1.00",1,"Q",347,2.99780269857112,171.761442441054,9.32441362448405,"kN/m","DE"
"interface-alpha-1","Estado biaxial uniforme","Acciones prescritas","Interfaz: αδ = 1.00",1,"Q",348,3.00651724129952,172.260748959778,8.77357460260662,"kN/m","DE"
"interface-alpha-1","Estado biaxial uniforme","Acciones prescritas","Interfaz: αδ = 1.00",1,"Q",349,3.01523178402793,172.760055478502,8.22007047294391,"kN/m","DE"
"interface-alpha-1","Estado biaxial uniforme","Acciones prescritas","Interfaz: αδ = 1.00",1,"Q",350,3.02394632675633,173.259361997226,7.66406937086048,"kN/m","DE"
"interface-alpha-1","Estado biaxial uniforme","Acciones prescritas","Interfaz: αδ = 1.00",1,"Q",351,3.03266086948474,173.75866851595,7.10574019021471,"kN/m","DE"
"interface-alpha-1","Estado biaxial uniforme","Acciones prescritas","Interfaz: αδ = 1.00",1,"Q",352,3.04137541221314,174.257975034674,6.54525253205445,"kN/m","DE"
"interface-alpha-1","Estado biaxial uniforme","Acciones prescritas","Interfaz: αδ = 1.00",1,"Q",353,3.05008995494155,174.757281553398,5.9827766530982,"kN/m","DE"
"interface-alpha-1","Estado biaxial uniforme","Acciones prescritas","Interfaz: αδ = 1.00",1,"Q",354,3.05880449766995,175.256588072122,5.41848341401696,"kN/m","DE"
"interface-alpha-1","Estado biaxial uniforme","Acciones prescritas","Interfaz: αδ = 1.00",1,"Q",355,3.06751904039836,175.755894590846,4.85254422753288,"kN/m","DE"
"interface-alpha-1","Estado biaxial uniforme","Acciones prescritas","Interfaz: αδ = 1.00",1,"Q",356,3.07623358312676,176.25520110957,4.28513100634963,"kN/m","DE"
"interface-alpha-1","Estado biaxial uniforme","Acciones prescritas","Interfaz: αδ = 1.00",1,"Q",357,3.08494812585516,176.754507628294,3.71641611093171,"kN/m","DE"
"interface-alpha-1","Estado biaxial uniforme","Acciones prescritas","Interfaz: αδ = 1.00",1,"Q",358,3.09366266858357,177.253814147018,3.14657229714711,"kN/m","DE"
"interface-alpha-1","Estado biaxial uniforme","Acciones prescritas","Interfaz: αδ = 1.00",1,"Q",359,3.10237721131197,177.753120665742,2.57577266378993,"kN/m","DE"
"interface-alpha-1","Estado biaxial uniforme","Acciones prescritas","Interfaz: αδ = 1.00",1,"Q",360,3.11109175404038,178.252427184466,2.00419059999932,"kN/m","DE"
"interface-alpha-1","Estado biaxial uniforme","Acciones prescritas","Interfaz: αδ = 1.00",1,"Q",361,3.11980629676878,178.75173370319,1.43199973258946,"kN/m","DE"
"interface-alpha-1","Estado biaxial uniforme","Acciones prescritas","Interfaz: αδ = 1.00",1,"Q",362,3.12852083949719,179.251040221914,0.859373873308154,"kN/m","DE"
"interface-alpha-1","Estado biaxial uniforme","Acciones prescritas","Interfaz: αδ = 1.00",1,"Q",363,3.13723538222559,179.750346740638,0.286486966038512,"kN/m","DE"
"interface-alpha-1","Estado biaxial uniforme","Acciones prescritas","Interfaz: αδ = 1.00",1,"Q",364,3.14159265358979,180,-1.84162267711053e-13,"kN/m","DE"
"interface-alpha-1","Estado biaxial uniforme","Acciones prescritas","Interfaz: αδ = 1.00",1,"Q",365,3.145949924954,180.249653259362,-0.28648696603888,"kN/m","DE"
"interface-alpha-1","Estado biaxial uniforme","Acciones prescritas","Interfaz: αδ = 1.00",1,"Q",366,3.1546644676824,180.748959778086,-0.859373873308522,"kN/m","DE"
"interface-alpha-1","Estado biaxial uniforme","Acciones prescritas","Interfaz: αδ = 1.00",1,"Q",367,3.1633790104108,181.24826629681,-1.43199973258986,"kN/m","DE"
"interface-alpha-1","Estado biaxial uniforme","Acciones prescritas","Interfaz: αδ = 1.00",1,"Q",368,3.17209355313921,181.747572815534,-2.00419059999966,"kN/m","DE"
"interface-alpha-1","Estado biaxial uniforme","Acciones prescritas","Interfaz: αδ = 1.00",1,"Q",369,3.18080809586761,182.246879334258,-2.57577266379033,"kN/m","DE"
"interface-alpha-1","Estado biaxial uniforme","Acciones prescritas","Interfaz: αδ = 1.00",1,"Q",370,3.18952263859602,182.746185852982,-3.14657229714745,"kN/m","DE"
"interface-alpha-1","Estado biaxial uniforme","Acciones prescritas","Interfaz: αδ = 1.00",1,"Q",371,3.19823718132442,183.245492371706,-3.7164161109321,"kN/m","DE"
"interface-alpha-1","Estado biaxial uniforme","Acciones prescritas","Interfaz: αδ = 1.00",1,"Q",372,3.20695172405283,183.74479889043,-4.28513100634999,"kN/m","DE"
"interface-alpha-1","Estado biaxial uniforme","Acciones prescritas","Interfaz: αδ = 1.00",1,"Q",373,3.21566626678123,184.244105409154,-4.85254422753324,"kN/m","DE"
"interface-alpha-1","Estado biaxial uniforme","Acciones prescritas","Interfaz: αδ = 1.00",1,"Q",374,3.22438080950963,184.743411927878,-5.41848341401733,"kN/m","DE"
"interface-alpha-1","Estado biaxial uniforme","Acciones prescritas","Interfaz: αδ = 1.00",1,"Q",375,3.23309535223804,185.242718446602,-5.98277665309856,"kN/m","DE"
"interface-alpha-1","Estado biaxial uniforme","Acciones prescritas","Interfaz: αδ = 1.00",1,"Q",376,3.24180989496644,185.742024965326,-6.54525253205479,"kN/m","DE"
"interface-alpha-1","Estado biaxial uniforme","Acciones prescritas","Interfaz: αδ = 1.00",1,"Q",377,3.25052443769485,186.24133148405,-7.10574019021508,"kN/m","DE"
"interface-alpha-1","Estado biaxial uniforme","Acciones prescritas","Interfaz: αδ = 1.00",1,"Q",378,3.25923898042325,186.740638002774,-7.66406937086087,"kN/m","DE"
"interface-alpha-1","Estado biaxial uniforme","Acciones prescritas","Interfaz: αδ = 1.00",1,"Q",379,3.26795352315166,187.239944521498,-8.22007047294425,"kN/m","DE"
"interface-alpha-1","Estado biaxial uniforme","Acciones prescritas","Interfaz: αδ = 1.00",1,"Q",380,3.27666806588006,187.739251040222,-8.77357460260701,"kN/m","DE"
"interface-alpha-1","Estado biaxial uniforme","Acciones prescritas","Interfaz: αδ = 1.00",1,"Q",381,3.28538260860847,188.238557558946,-9.32441362448441,"kN/m","DE"
"interface-alpha-1","Estado biaxial uniforme","Acciones prescritas","Interfaz: αδ = 1.00",1,"Q",382,3.29409715133687,188.73786407767,-9.87242021277918,"kN/m","DE"
"interface-alpha-1","Estado biaxial uniforme","Acciones prescritas","Interfaz: αδ = 1.00",1,"Q",383,3.30281169406527,189.237170596394,-10.4174279020891,"kN/m","DE"
"interface-alpha-1","Estado biaxial uniforme","Acciones prescritas","Interfaz: αδ = 1.00",1,"Q",384,3.31152623679368,189.736477115118,-10.9592711379736,"kN/m","DE"
"interface-alpha-1","Estado biaxial uniforme","Acciones prescritas","Interfaz: αδ = 1.00",1,"Q",385,3.32024077952208,190.235783633842,-11.4977853272431,"kN/m","DE"
"interface-alpha-1","Estado biaxial uniforme","Acciones prescritas","Interfaz: αδ = 1.00",1,"Q",386,3.32895532225049,190.735090152566,-12.0328068879573,"kN/m","DE"
"interface-alpha-1","Estado biaxial uniforme","Acciones prescritas","Interfaz: αδ = 1.00",1,"Q",387,3.33766986497889,191.23439667129,-12.5641732991151,"kN/m","DE"
"interface-alpha-1","Estado biaxial uniforme","Acciones prescritas","Interfaz: αδ = 1.00",1,"Q",388,3.3463844077073,191.733703190014,-13.0917231500233,"kN/m","DE"
"interface-alpha-1","Estado biaxial uniforme","Acciones prescritas","Interfaz: αδ = 1.00",1,"Q",389,3.3550989504357,192.233009708738,-13.6152961893272,"kN/m","DE"
"interface-alpha-1","Estado biaxial uniforme","Acciones prescritas","Interfaz: αδ = 1.00",1,"Q",390,3.36381349316411,192.732316227462,-14.1347333736897,"kN/m","DE"
"interface-alpha-1","Estado biaxial uniforme","Acciones prescritas","Interfaz: αδ = 1.00",1,"Q",391,3.37252803589251,193.231622746186,-14.6498769161031,"kN/m","DE"
"interface-alpha-1","Estado biaxial uniforme","Acciones prescritas","Interfaz: αδ = 1.00",1,"Q",392,3.38124257862091,193.73092926491,-15.1605703338191,"kN/m","DE"
"interface-alpha-1","Estado biaxial uniforme","Acciones prescritas","Interfaz: αδ = 1.00",1,"Q",393,3.38995712134932,194.230235783634,-15.6666584958832,"kN/m","DE"
"interface-alpha-1","Estado biaxial uniforme","Acciones prescritas","Interfaz: αδ = 1.00",1,"Q",394,3.39867166407772,194.729542302358,-16.1679876702576,"kN/m","DE"
"interface-alpha-1","Estado biaxial uniforme","Acciones prescritas","Interfaz: αδ = 1.00",1,"Q",395,3.40738620680613,195.228848821082,-16.6644055705203,"kN/m","DE"
"interface-alpha-1","Estado biaxial uniforme","Acciones prescritas","Interfaz: αδ = 1.00",1,"Q",396,3.41610074953453,195.728155339806,-17.1557614021239,"kN/m","DE"
"interface-alpha-1","Estado biaxial uniforme","Acciones prescritas","Interfaz: αδ = 1.00",1,"Q",397,3.42481529226294,196.22746185853,-17.6419059082022,"kN/m","DE"
"interface-alpha-1","Estado biaxial uniforme","Acciones prescritas","Interfaz: αδ = 1.00",1,"Q",398,3.43352983499134,196.726768377254,-18.1226914149085,"kN/m","DE"
"interface-alpha-1","Estado biaxial uniforme","Acciones prescritas","Interfaz: αδ = 1.00",1,"Q",399,3.44224437771975,197.226074895978,-18.5979718762749,"kN/m","DE"
"interface-alpha-1","Estado biaxial uniforme","Acciones prescritas","Interfaz: αδ = 1.00",1,"Q",400,3.45095892044815,197.725381414702,-19.0676029185751,"kN/m","DE"
"interface-alpha-1","Estado biaxial uniforme","Acciones prescritas","Interfaz: αδ = 1.00",1,"Q",401,3.45967346317655,198.224687933426,-19.5314418841805,"kN/m","DE"
"interface-alpha-1","Estado biaxial uniforme","Acciones prescritas","Interfaz: αδ = 1.00",1,"Q",402,3.46838800590496,198.72399445215,-19.9893478748946,"kN/m","DE"
"interface-alpha-1","Estado biaxial uniforme","Acciones prescritas","Interfaz: αδ = 1.00",1,"Q",403,3.47710254863336,199.223300970874,-20.4411817947529,"kN/m","DE"
"interface-alpha-1","Estado biaxial uniforme","Acciones prescritas","Interfaz: αδ = 1.00",1,"Q",404,3.48581709136177,199.722607489598,-20.8868063922758,"kN/m","DE"
"interface-alpha-1","Estado biaxial uniforme","Acciones prescritas","Interfaz: αδ = 1.00",1,"Q",405,3.49453163409017,200.221914008322,-21.32608630216,"kN/m","DE"
"interface-alpha-1","Estado biaxial uniforme","Acciones prescritas","Interfaz: αδ = 1.00",1,"Q",406,3.50324617681858,200.721220527046,-21.758888086399,"kN/m","DE"
"interface-alpha-1","Estado biaxial uniforme","Acciones prescritas","Interfaz: αδ = 1.00",1,"Q",407,3.51196071954698,201.22052704577,-22.1850802748157,"kN/m","DE"
"interface-alpha-1","Estado biaxial uniforme","Acciones prescritas","Interfaz: αδ = 1.00",1,"Q",408,3.52067526227539,201.719833564494,-22.6045334049995,"kN/m","DE"
"interface-alpha-1","Estado biaxial uniforme","Acciones prescritas","Interfaz: αδ = 1.00",1,"Q",409,3.52938980500379,202.219140083218,-23.0171200616317,"kN/m","DE"
"interface-alpha-1","Estado biaxial uniforme","Acciones prescritas","Interfaz: αδ = 1.00",1,"Q",410,3.53810434773219,202.718446601942,-23.4227149151904,"kN/m","DE"
"interface-alpha-1","Estado biaxial uniforme","Acciones prescritas","Interfaz: αδ = 1.00",1,"Q",411,3.5468188904606,203.217753120666,-23.821194760021,"kN/m","DE"
"interface-alpha-1","Estado biaxial uniforme","Acciones prescritas","Interfaz: αδ = 1.00",1,"Q",412,3.555533433189,203.71705963939,-24.2124385517619,"kN/m","DE"
"interface-alpha-1","Estado biaxial uniforme","Acciones prescritas","Interfaz: αδ = 1.00",1,"Q",413,3.56424797591741,204.216366158114,-24.5963274441136,"kN/m","DE"
"interface-alpha-1","Estado biaxial uniforme","Acciones prescritas","Interfaz: αδ = 1.00",1,"Q",414,3.57296251864581,204.715672676838,-24.9727448249399,"kN/m","DE"
"interface-alpha-1","Estado biaxial uniforme","Acciones prescritas","Interfaz: αδ = 1.00",1,"Q",415,3.58167706137422,205.214979195562,-25.341576351691,"kN/m","DE"
"interface-alpha-1","Estado biaxial uniforme","Acciones prescritas","Interfaz: αδ = 1.00",1,"Q",416,3.59039160410262,205.714285714286,-25.7027099861363,"kN/m","DE"
"interface-alpha-1","Estado biaxial uniforme","Acciones prescritas","Interfaz: αδ = 1.00",1,"Q",417,3.59910614683103,206.21359223301,-26.0560360283982,"kN/m","DE"
"interface-alpha-1","Estado biaxial uniforme","Acciones prescritas","Interfaz: αδ = 1.00",1,"Q",418,3.60782068955943,206.712898751734,-26.4014471502747,"kN/m","DE"
"interface-alpha-1","Estado biaxial uniforme","Acciones prescritas","Interfaz: αδ = 1.00",1,"Q",419,3.61653523228783,207.212205270458,-26.7388384278426,"kN/m","DE"
"interface-alpha-1","Estado biaxial uniforme","Acciones prescritas","Interfaz: αδ = 1.00",1,"Q",420,3.62524977501624,207.711511789182,-27.0681073733288,"kN/m","DE"
"interface-alpha-1","Estado biaxial uniforme","Acciones prescritas","Interfaz: αδ = 1.00",1,"Q",421,3.63396431774464,208.210818307906,-27.3891539662436,"kN/m","DE"
"interface-alpha-1","Estado biaxial uniforme","Acciones prescritas","Interfaz: αδ = 1.00",1,"Q",422,3.64267886047305,208.71012482663,-27.7018806837626,"kN/m","DE"
"interface-alpha-1","Estado biaxial uniforme","Acciones prescritas","Interfaz: αδ = 1.00",1,"Q",423,3.65139340320145,209.209431345354,-28.0061925303513,"kN/m","DE"
"interface-alpha-1","Estado biaxial uniforme","Acciones prescritas","Interfaz: αδ = 1.00",1,"Q",424,3.66010794592986,209.708737864078,-28.3019970666212,"kN/m","DE"
"interface-alpha-1","Estado biaxial uniforme","Acciones prescritas","Interfaz: αδ = 1.00",1,"Q",425,3.66882248865826,210.208044382802,-28.5892044374095,"kN/m","DE"
"interface-alpha-1","Estado biaxial uniforme","Acciones prescritas","Interfaz: αδ = 1.00",1,"Q",426,3.67753703138666,210.707350901526,-28.8677273990746,"kN/m","DE"
"interface-alpha-1","Estado biaxial uniforme","Acciones prescritas","Interfaz: αδ = 1.00",1,"Q",427,3.68625157411507,211.20665742025,-29.137481345997,"kN/m","DE"
"interface-alpha-1","Estado biaxial uniforme","Acciones prescritas","Interfaz: αδ = 1.00",1,"Q",428,3.69496611684347,211.705963938974,-29.3983843362801,"kN/m","DE"
"interface-alpha-1","Estado biaxial uniforme","Acciones prescritas","Interfaz: αδ = 1.00",1,"Q",429,3.70368065957188,212.205270457698,-29.6503571166408,"kN/m","DE"
"interface-alpha-1","Estado biaxial uniforme","Acciones prescritas","Interfaz: αδ = 1.00",1,"Q",430,3.71239520230028,212.704576976422,-29.8933231464844,"kN/m","DE"
"interface-alpha-1","Estado biaxial uniforme","Acciones prescritas","Interfaz: αδ = 1.00",1,"Q",431,3.72110974502869,213.203883495146,-30.1272086211545,"kN/m","DE"
"interface-alpha-1","Estado biaxial uniforme","Acciones prescritas","Interfaz: αδ = 1.00",1,"Q",432,3.72982428775709,213.70319001387,-30.3519424943528,"kN/m","DE"
"interface-alpha-1","Estado biaxial uniforme","Acciones prescritas","Interfaz: αδ = 1.00",1,"Q",433,3.7385388304855,214.202496532594,-30.5674564997201,"kN/m","DE"
"interface-alpha-1","Estado biaxial uniforme","Acciones prescritas","Interfaz: αδ = 1.00",1,"Q",434,3.7472533732139,214.701803051318,-30.7736851715733,"kN/m","DE"
"interface-alpha-1","Estado biaxial uniforme","Acciones prescritas","Interfaz: αδ = 1.00",1,"Q",435,3.7559679159423,215.201109570042,-30.9705658647921,"kN/m","DE"
"interface-alpha-1","Estado biaxial uniforme","Acciones prescritas","Interfaz: αδ = 1.00",1,"Q",436,3.76468245867071,215.700416088766,-31.1580387738474,"kN/m","DE"
"interface-alpha-1","Estado biaxial uniforme","Acciones prescritas","Interfaz: αδ = 1.00",1,"Q",437,3.77339700139911,216.19972260749,-31.3360469509693,"kN/m","DE"
"interface-alpha-1","Estado biaxial uniforme","Acciones prescritas","Interfaz: αδ = 1.00",1,"Q",438,3.78211154412752,216.699029126214,-31.5045363234451,"kN/m","DE"
"interface-alpha-1","Estado biaxial uniforme","Acciones prescritas","Interfaz: αδ = 1.00",1,"Q",439,3.79082608685592,217.198335644938,-31.6634557100449,"kN/m","DE"
"interface-alpha-1","Estado biaxial uniforme","Acciones prescritas","Interfaz: αδ = 1.00",1,"Q",440,3.79954062958433,217.697642163662,-31.8127568365688,"kN/m","DE"
"interface-alpha-1","Estado biaxial uniforme","Acciones prescritas","Interfaz: αδ = 1.00",1,"Q",441,3.80825517231273,218.196948682386,-31.9523943505108,"kN/m","DE"
"interface-alpha-1","Estado biaxial uniforme","Acciones prescritas","Interfaz: αδ = 1.00",1,"Q",442,3.81696971504114,218.69625520111,-32.0823258348354,"kN/m","DE"
"interface-alpha-1","Estado biaxial uniforme","Acciones prescritas","Interfaz: αδ = 1.00",1,"Q",443,3.82568425776954,219.195561719834,-32.2025118208624,"kN/m","DE"
"interface-alpha-1","Estado biaxial uniforme","Acciones prescritas","Interfaz: αδ = 1.00",1,"Q",444,3.83439880049794,219.694868238558,-32.312915800256,"kN/m","DE"
"interface-alpha-1","Estado biaxial uniforme","Acciones prescritas","Interfaz: αδ = 1.00",1,"Q",445,3.84311334322635,220.194174757282,-32.413504236115,"kN/m","DE"
"interface-alpha-1","Estado biaxial uniforme","Acciones prescritas","Interfaz: αδ = 1.00",1,"Q",446,3.85182788595475,220.693481276006,-32.50424657316,"kN/m","DE"
"interface-alpha-1","Estado biaxial uniforme","Acciones prescritas","Interfaz: αδ = 1.00",1,"Q",447,3.86054242868316,221.19278779473,-32.5851152470149,"kN/m","DE"
"interface-alpha-1","Estado biaxial uniforme","Acciones prescritas","Interfaz: αδ = 1.00",1,"Q",448,3.86925697141156,221.692094313454,-32.6560856925805,"kN/m","DE"
"interface-alpha-1","Estado biaxial uniforme","Acciones prescritas","Interfaz: αδ = 1.00",1,"Q",449,3.87797151413997,222.191400832178,-32.7171363514959,"kN/m","DE"
"interface-alpha-1","Estado biaxial uniforme","Acciones prescritas","Interfaz: αδ = 1.00",1,"Q",450,3.88668605686837,222.690707350902,-32.7682486786875,"kN/m","DE"
"interface-alpha-1","Estado biaxial uniforme","Acciones prescritas","Interfaz: αδ = 1.00",1,"Q",451,3.89540059959677,223.190013869625,-32.8094071480023,"kN/m","DE"
"interface-alpha-1","Estado biaxial uniforme","Acciones prescritas","Interfaz: αδ = 1.00",1,"Q",452,3.90411514232518,223.68932038835,-32.8405992569244,"kN/m","DE"
"interface-alpha-1","Estado biaxial uniforme","Acciones prescritas","Interfaz: αδ = 1.00",1,"Q",453,3.91282968505358,224.188626907074,-32.8618155303726,"kN/m","DE"
"interface-alpha-1","Estado biaxial uniforme","Acciones prescritas","Interfaz: αδ = 1.00",1,"Q",454,3.92154422778199,224.687933425798,-32.8730495235784,"kN/m","DE"
"interface-alpha-1","Estado biaxial uniforme","Acciones prescritas","Interfaz: αδ = 1.00",1,"Q",455,3.92699081698724,225,-32.8749999999996,"kN/m","DE"
"interface-alpha-1","Estado biaxial uniforme","Acciones prescritas","Interfaz: αδ = 1.00",1,"Q",456,3.93025877051039,225.187239944522,-32.8742978240442,"kN/m","DE"
"interface-alpha-1","Estado biaxial uniforme","Acciones prescritas","Interfaz: αδ = 1.00",1,"Q",457,3.9389733132388,225.686546463245,-32.8655600525797,"kN/m","DE"
"interface-alpha-1","Estado biaxial uniforme","Acciones prescritas","Interfaz: αδ = 1.00",1,"Q",458,3.9476878559672,226.18585298197,-32.8468388634168,"kN/m","DE"
"interface-alpha-1","Estado biaxial uniforme","Acciones prescritas","Interfaz: αδ = 1.00",1,"Q",459,3.95640239869561,226.685159500693,-32.8181399434038,"kN/m","DE"
"interface-alpha-1","Estado biaxial uniforme","Acciones prescritas","Interfaz: αδ = 1.00",1,"Q",460,3.96511694142401,227.184466019417,-32.7794720102776,"kN/m","DE"
"interface-alpha-1","Estado biaxial uniforme","Acciones prescritas","Interfaz: αδ = 1.00",1,"Q",461,3.97383148415241,227.683772538141,-32.7308468100156,"kN/m","DE"
"interface-alpha-1","Estado biaxial uniforme","Acciones prescritas","Interfaz: αδ = 1.00",1,"Q",462,3.98254602688082,228.183079056865,-32.6722791132679,"kN/m","DE"
"interface-alpha-1","Estado biaxial uniforme","Acciones prescritas","Interfaz: αδ = 1.00",1,"Q",463,3.99126056960922,228.682385575589,-32.6037867108702,"kN/m","DE"
"interface-alpha-1","Estado biaxial uniforme","Acciones prescritas","Interfaz: αδ = 1.00",1,"Q",464,3.99997511233763,229.181692094313,-32.5253904084397,"kN/m","DE"
"interface-alpha-1","Estado biaxial uniforme","Acciones prescritas","Interfaz: αδ = 1.00",1,"Q",465,4.00868965506603,229.680998613037,-32.4371140200551,"kN/m","DE"
"interface-alpha-1","Estado biaxial uniforme","Acciones prescritas","Interfaz: αδ = 1.00",1,"Q",466,4.01740419779444,230.180305131761,-32.3389843610227,"kN/m","DE"
"interface-alpha-1","Estado biaxial uniforme","Acciones prescritas","Interfaz: αδ = 1.00",1,"Q",467,4.02611874052284,230.679611650485,-32.2310312397307,"kN/m","DE"
"interface-alpha-1","Estado biaxial uniforme","Acciones prescritas","Interfaz: αδ = 1.00",1,"Q",468,4.03483328325125,231.178918169209,-32.1132874485946,"kN/m","DE"
"interface-alpha-1","Estado biaxial uniforme","Acciones prescritas","Interfaz: αδ = 1.00",1,"Q",469,4.04354782597965,231.678224687933,-31.9857887540961,"kN/m","DE"
"interface-alpha-1","Estado biaxial uniforme","Acciones prescritas","Interfaz: αδ = 1.00",1,"Q",470,4.05226236870806,232.177531206657,-31.8485738859182,"kN/m","DE"
"interface-alpha-1","Estado biaxial uniforme","Acciones prescritas","Interfaz: αδ = 1.00",1,"Q",471,4.06097691143646,232.676837725381,-31.7016845251806,"kN/m","DE"
"interface-alpha-1","Estado biaxial uniforme","Acciones prescritas","Interfaz: αδ = 1.00",1,"Q",472,4.06969145416486,233.176144244105,-31.5451652917784,"kN/m","DE"
"interface-alpha-1","Estado biaxial uniforme","Acciones prescritas","Interfaz: αδ = 1.00",1,"Q",473,4.07840599689327,233.675450762829,-31.3790637308282,"kN/m","DE"
"interface-alpha-1","Estado biaxial uniforme","Acciones prescritas","Interfaz: αδ = 1.00",1,"Q",474,4.08712053962167,234.174757281553,-31.2034302982256,"kN/m","DE"
"interface-alpha-1","Estado biaxial uniforme","Acciones prescritas","Interfaz: αδ = 1.00",1,"Q",475,4.09583508235008,234.674063800277,-31.0183183453181,"kN/m","DE"
"interface-alpha-1","Estado biaxial uniforme","Acciones prescritas","Interfaz: αδ = 1.00",1,"Q",476,4.10454962507848,235.173370319001,-30.8237841026993,"kN/m","DE"
"interface-alpha-1","Estado biaxial uniforme","Acciones prescritas","Interfaz: αδ = 1.00",1,"Q",477,4.11326416780689,235.672676837725,-30.6198866631276,"kN/m","DE"
"interface-alpha-1","Estado biaxial uniforme","Acciones prescritas","Interfaz: αδ = 1.00",1,"Q",478,4.12197871053529,236.171983356449,-30.4066879635759,"kN/m","DE"
"interface-alpha-1","Estado biaxial uniforme","Acciones prescritas","Interfaz: αδ = 1.00",1,"Q",479,4.13069325326369,236.671289875173,-30.1842527664178,"kN/m","DE"
"interface-alpha-1","Estado biaxial uniforme","Acciones prescritas","Interfaz: αδ = 1.00",1,"Q",480,4.1394077959921,237.170596393897,-29.9526486397541,"kN/m","DE"
"interface-alpha-1","Estado biaxial uniforme","Acciones prescritas","Interfaz: αδ = 1.00",1,"Q",481,4.1481223387205,237.669902912621,-29.711945936889,"kN/m","DE"
"interface-alpha-1","Estado biaxial uniforme","Acciones prescritas","Interfaz: αδ = 1.00",1,"Q",482,4.15683688144891,238.169209431345,-29.4622177749585,"kN/m","DE"
"interface-alpha-1","Estado biaxial uniforme","Acciones prescritas","Interfaz: αδ = 1.00",1,"Q",483,4.16555142417731,238.668515950069,-29.20354001272,"kN/m","DE"
"interface-alpha-1","Estado biaxial uniforme","Acciones prescritas","Interfaz: αδ = 1.00",1,"Q",484,4.17426596690572,239.167822468793,-28.9359912275094,"kN/m","DE"
"interface-alpha-1","Estado biaxial uniforme","Acciones prescritas","Interfaz: αδ = 1.00",1,"Q",485,4.18298050963412,239.667128987517,-28.6596526913718,"kN/m","DE"
"interface-alpha-1","Estado biaxial uniforme","Acciones prescritas","Interfaz: αδ = 1.00",1,"Q",486,4.19169505236253,240.166435506241,-28.3746083463738,"kN/m","DE"
"interface-alpha-1","Estado biaxial uniforme","Acciones prescritas","Interfaz: αδ = 1.00",1,"Q",487,4.20040959509093,240.665742024965,-28.080944779105,"kN/m","DE"
"interface-alpha-1","Estado biaxial uniforme","Acciones prescritas","Interfaz: αδ = 1.00",1,"Q",488,4.20912413781933,241.165048543689,-27.7787511943757,"kN/m","DE"
"interface-alpha-1","Estado biaxial uniforme","Acciones prescritas","Interfaz: αδ = 1.00",1,"Q",489,4.21783868054774,241.664355062413,-27.4681193881201,"kN/m","DE"
"interface-alpha-1","Estado biaxial uniforme","Acciones prescritas","Interfaz: αδ = 1.00",1,"Q",490,4.22655322327614,242.163661581137,-27.1491437195114,"kN/m","DE"
"interface-alpha-1","Estado biaxial uniforme","Acciones prescritas","Interfaz: αδ = 1.00",1,"Q",491,4.23526776600455,242.662968099861,-26.8219210822987,"kN/m","DE"
"interface-alpha-1","Estado biaxial uniforme","Acciones prescritas","Interfaz: αδ = 1.00",1,"Q",492,4.24398230873295,243.162274618585,-26.4865508753745,"kN/m","DE"
"interface-alpha-1","Estado biaxial uniforme","Acciones prescritas","Interfaz: αδ = 1.00",1,"Q",493,4.25269685146136,243.661581137309,-26.1431349725804,"kN/m","DE"
"interface-alpha-1","Estado biaxial uniforme","Acciones prescritas","Interfaz: αδ = 1.00",1,"Q",494,4.26141139418976,244.160887656033,-25.7917776917614,"kN/m","DE"
"interface-alpha-1","Estado biaxial uniforme","Acciones prescritas","Interfaz: αδ = 1.00",1,"Q",495,4.27012593691817,244.660194174757,-25.432585763078,"kN/m","DE"
"interface-alpha-1","Estado biaxial uniforme","Acciones prescritas","Interfaz: αδ = 1.00",1,"Q",496,4.27884047964657,245.159500693481,-25.065668296585,"kN/m","DE"
"interface-alpha-1","Estado biaxial uniforme","Acciones prescritas","Interfaz: αδ = 1.00",1,"Q",497,4.28755502237497,245.658807212205,-24.6911367490877,"kN/m","DE"
"interface-alpha-1","Estado biaxial uniforme","Acciones prescritas","Interfaz: αδ = 1.00",1,"Q",498,4.29626956510338,246.158113730929,-24.3091048902851,"kN/m","DE"
"interface-alpha-1","Estado biaxial uniforme","Acciones prescritas","Interfaz: αδ = 1.00",1,"Q",499,4.30498410783178,246.657420249653,-23.9196887682112,"kN/m","DE"
"interface-alpha-1","Estado biaxial uniforme","Acciones prescritas","Interfaz: αδ = 1.00",1,"Q",500,4.31369865056019,247.156726768377,-23.5230066739826,"kN/m","DE"
"interface-alpha-1","Estado biaxial uniforme","Acciones prescritas","Interfaz: αδ = 1.00",1,"Q",501,4.32241319328859,247.656033287101,-23.1191791058667,"kN/m","DE"
"interface-alpha-1","Estado biaxial uniforme","Acciones prescritas","Interfaz: αδ = 1.00",1,"Q",502,4.331127736017,248.155339805825,-22.7083287326781,"kN/m","DE"
"interface-alpha-1","Estado biaxial uniforme","Acciones prescritas","Interfaz: αδ = 1.00",1,"Q",503,4.3398422787454,248.654646324549,-22.2905803565159,"kN/m","DE"
"interface-alpha-1","Estado biaxial uniforme","Acciones prescritas","Interfaz: αδ = 1.00",1,"Q",504,4.3485568214738,249.153952843273,-21.8660608748536,"kN/m","DE"
"interface-alpha-1","Estado biaxial uniforme","Acciones prescritas","Interfaz: αδ = 1.00",1,"Q",505,4.35727136420221,249.653259361997,-21.4348992419916,"kN/m","DE"
"interface-alpha-1","Estado biaxial uniforme","Acciones prescritas","Interfaz: αδ = 1.00",1,"Q",506,4.36598590693061,250.152565880721,-20.9972264298857,"kN/m","DE"
"interface-alpha-1","Estado biaxial uniforme","Acciones prescritas","Interfaz: αδ = 1.00",1,"Q",507,4.37470044965902,250.651872399445,-20.5531753883621,"kN/m","DE"
"interface-alpha-1","Estado biaxial uniforme","Acciones prescritas","Interfaz: αδ = 1.00",1,"Q",508,4.38341499238742,251.151178918169,-20.102881004732,"kN/m","DE"
"interface-alpha-1","Estado biaxial uniforme","Acciones prescritas","Interfaz: αδ = 1.00",1,"Q",509,4.39212953511583,251.650485436893,-19.6464800628175,"kN/m","DE"
"interface-alpha-1","Estado biaxial uniforme","Acciones prescritas","Interfaz: αδ = 1.00",1,"Q",510,4.40084407784423,252.149791955617,-19.1841112014015,"kN/m","DE"
"interface-alpha-1","Estado biaxial uniforme","Acciones prescritas","Interfaz: αδ = 1.00",1,"Q",511,4.40955862057264,252.649098474341,-18.7159148721136,"kN/m","DE"
"interface-alpha-1","Estado biaxial uniforme","Acciones prescritas","Interfaz: αδ = 1.00",1,"Q",512,4.41827316330104,253.148404993065,-18.2420332967664,"kN/m","DE"
"interface-alpha-1","Estado biaxial uniforme","Acciones prescritas","Interfaz: αδ = 1.00",1,"Q",513,4.42698770602945,253.647711511789,-17.7626104241532,"kN/m","DE"
"interface-alpha-1","Estado biaxial uniforme","Acciones prescritas","Interfaz: αδ = 1.00",1,"Q",514,4.43570224875785,254.147018030513,-17.277791886321,"kN/m","DE"
"interface-alpha-1","Estado biaxial uniforme","Acciones prescritas","Interfaz: αδ = 1.00",1,"Q",515,4.44441679148625,254.646324549237,-16.787724954333,"kN/m","DE"
"interface-alpha-1","Estado biaxial uniforme","Acciones prescritas","Interfaz: αδ = 1.00",1,"Q",516,4.45313133421466,255.145631067961,-16.2925584935326,"kN/m","DE"
"interface-alpha-1","Estado biaxial uniforme","Acciones prescritas","Interfaz: αδ = 1.00",1,"Q",517,4.46184587694306,255.644937586685,-15.7924429183232,"kN/m","DE"
"interface-alpha-1","Estado biaxial uniforme","Acciones prescritas","Interfaz: αδ = 1.00",1,"Q",518,4.47056041967147,256.144244105409,-15.2875301464776,"kN/m","DE"
"interface-alpha-1","Estado biaxial uniforme","Acciones prescritas","Interfaz: αδ = 1.00",1,"Q",519,4.47927496239987,256.643550624133,-14.7779735529907,"kN/m","DE"
"interface-alpha-1","Estado biaxial uniforme","Acciones prescritas","Interfaz: αδ = 1.00",1,"Q",520,4.48798950512828,257.142857142857,-14.2639279234892,"kN/m","DE"
"interface-alpha-1","Estado biaxial uniforme","Acciones prescritas","Interfaz: αδ = 1.00",1,"Q",521,4.49670404785668,257.642163661581,-13.7455494072135,"kN/m","DE"
"interface-alpha-1","Estado biaxial uniforme","Acciones prescritas","Interfaz: αδ = 1.00",1,"Q",522,4.50541859058508,258.141470180305,-13.2229954695847,"kN/m","DE"
"interface-alpha-1","Estado biaxial uniforme","Acciones prescritas","Interfaz: αδ = 1.00",1,"Q",523,4.51413313331349,258.640776699029,-12.6964248443721,"kN/m","DE"
"interface-alpha-1","Estado biaxial uniforme","Acciones prescritas","Interfaz: αδ = 1.00",1,"Q",524,4.52284767604189,259.140083217753,-12.1659974854755,"kN/m","DE"
"interface-alpha-1","Estado biaxial uniforme","Acciones prescritas","Interfaz: αδ = 1.00",1,"Q",525,4.5315622187703,259.639389736477,-11.6318745183369,"kN/m","DE"
"interface-alpha-1","Estado biaxial uniforme","Acciones prescritas","Interfaz: αδ = 1.00",1,"Q",526,4.5402767614987,260.138696255201,-11.0942181909954,"kN/m","DE"
"interface-alpha-1","Estado biaxial uniforme","Acciones prescritas","Interfaz: αδ = 1.00",1,"Q",527,4.54899130422711,260.638002773925,-10.5531918248029,"kN/m","DE"
"interface-alpha-1","Estado biaxial uniforme","Acciones prescritas","Interfaz: αδ = 1.00",1,"Q",528,4.55770584695551,261.137309292649,-10.0089597648122,"kN/m","DE"
"interface-alpha-1","Estado biaxial uniforme","Acciones prescritas","Interfaz: αδ = 1.00",1,"Q",529,4.56642038968392,261.636615811373,-9.46168732985445,"kN/m","DE"
"interface-alpha-1","Estado biaxial uniforme","Acciones prescritas","Interfaz: αδ = 1.00",1,"Q",530,4.57513493241232,262.135922330097,-8.91154076232172,"kN/m","DE"
"interface-alpha-1","Estado biaxial uniforme","Acciones prescritas","Interfaz: αδ = 1.00",1,"Q",531,4.58384947514072,262.635228848821,-8.35868717766756,"kN/m","DE"
"interface-alpha-1","Estado biaxial uniforme","Acciones prescritas","Interfaz: αδ = 1.00",1,"Q",532,4.59256401786913,263.134535367545,-7.80329451364374,"kN/m","DE"
"interface-alpha-1","Estado biaxial uniforme","Acciones prescritas","Interfaz: αδ = 1.00",1,"Q",533,4.60127856059753,263.633841886269,-7.24553147928602,"kN/m","DE"
"interface-alpha-1","Estado biaxial uniforme","Acciones prescritas","Interfaz: αδ = 1.00",1,"Q",534,4.60999310332594,264.133148404993,-6.68556750366677,"kN/m","DE"
"interface-alpha-1","Estado biaxial uniforme","Acciones prescritas","Interfaz: αδ = 1.00",1,"Q",535,4.61870764605434,264.632454923717,-6.12357268442785,"kN/m","DE"
"interface-alpha-1","Estado biaxial uniforme","Acciones prescritas","Interfaz: αδ = 1.00",1,"Q",536,4.62742218878275,265.131761442441,-5.55971773611108,"kN/m","DE"
"interface-alpha-1","Estado biaxial uniforme","Acciones prescritas","Interfaz: αδ = 1.00",1,"Q",537,4.63613673151115,265.631067961165,-4.99417393830085,"kN/m","DE"
"interface-alpha-1","Estado biaxial uniforme","Acciones prescritas","Interfaz: αδ = 1.00",1,"Q",538,4.64485127423955,266.130374479889,-4.42711308359576,"kN/m","DE"
"interface-alpha-1","Estado biaxial uniforme","Acciones prescritas","Interfaz: αδ = 1.00",1,"Q",539,4.65356581696796,266.629680998613,-3.85870742542336,"kN/m","DE"
"interface-alpha-1","Estado biaxial uniforme","Acciones prescritas","Interfaz: αδ = 1.00",1,"Q",540,4.66228035969636,267.128987517337,-3.28912962571611,"kN/m","DE"
"interface-alpha-1","Estado biaxial uniforme","Acciones prescritas","Interfaz: αδ = 1.00",1,"Q",541,4.67099490242477,267.628294036061,-2.71855270246235,"kN/m","DE"
"interface-alpha-1","Estado biaxial uniforme","Acciones prescritas","Interfaz: αδ = 1.00",1,"Q",542,4.67970944515317,268.127600554785,-2.1471499771496,"kN/m","DE"
"interface-alpha-1","Estado biaxial uniforme","Acciones prescritas","Interfaz: αδ = 1.00",1,"Q",543,4.68842398788158,268.626907073509,-1.57509502211521,"kN/m","DE"
"interface-alpha-1","Estado biaxial uniforme","Acciones prescritas","Interfaz: αδ = 1.00",1,"Q",544,4.69713853060998,269.126213592233,-1.0025616078215,"kN/m","DE"
"interface-alpha-1","Estado biaxial uniforme","Acciones prescritas","Interfaz: αδ = 1.00",1,"Q",545,4.70585307333839,269.625520110957,-0.429723650070084,"kN/m","DE"
"interface-alpha-1","Estado biaxial uniforme","Acciones prescritas","Interfaz: αδ = 1.00",1,"Q",546,4.71238898038469,270,6.11066752753686e-13,"kN/m","DE"
"interface-alpha-1","Estado biaxial uniforme","Acciones prescritas","Interfaz: αδ = 1.00",1,"Q",547,4.71456761606679,270.124826629681,0.143244842827783,"kN/m","DE"
"interface-alpha-1","Estado biaxial uniforme","Acciones prescritas","Interfaz: αδ = 1.00",1,"Q",548,4.7232821587952,270.624133148405,0.716169822908649,"kN/m","DE"
"interface-alpha-1","Estado biaxial uniforme","Acciones prescritas","Interfaz: αδ = 1.00",1,"Q",549,4.7319967015236,271.123439667129,1.2888772554269,"kN/m","DE"
"interface-alpha-1","Estado biaxial uniforme","Acciones prescritas","Interfaz: αδ = 1.00",1,"Q",550,4.740711244252,271.622746185853,1.8611931717202,"kN/m","DE"
"interface-alpha-1","Estado biaxial uniforme","Acciones prescritas","Interfaz: αδ = 1.00",1,"Q",551,4.74942578698041,272.122052704577,2.43294372205524,"kN/m","DE"
"interface-alpha-1","Estado biaxial uniforme","Acciones prescritas","Interfaz: αδ = 1.00",1,"Q",552,4.75814032970881,272.621359223301,3.0039552284375,"kN/m","DE"
"interface-alpha-1","Estado biaxial uniforme","Acciones prescritas","Interfaz: αδ = 1.00",1,"Q",553,4.76685487243722,273.120665742025,3.57405423736812,"kN/m","DE"
"interface-alpha-1","Estado biaxial uniforme","Acciones prescritas","Interfaz: αδ = 1.00",1,"Q",554,4.77556941516562,273.619972260749,4.14306757253359,"kN/m","DE"
"interface-alpha-1","Estado biaxial uniforme","Acciones prescritas","Interfaz: αδ = 1.00",1,"Q",555,4.78428395789403,274.119278779473,4.71082238741021,"kN/m","DE"
"interface-alpha-1","Estado biaxial uniforme","Acciones prescritas","Interfaz: αδ = 1.00",1,"Q",556,4.79299850062243,274.618585298197,5.27714621776932,"kN/m","DE"
"interface-alpha-1","Estado biaxial uniforme","Acciones prescritas","Interfaz: αδ = 1.00",1,"Q",557,4.80171304335083,275.117891816921,5.84186703406554,"kN/m","DE"
"interface-alpha-1","Estado biaxial uniforme","Acciones prescritas","Interfaz: αδ = 1.00",1,"Q",558,4.81042758607924,275.617198335645,6.40481329369381,"kN/m","DE"
"interface-alpha-1","Estado biaxial uniforme","Acciones prescritas","Interfaz: αδ = 1.00",1,"Q",559,4.81914212880764,276.116504854369,6.96581399309767,"kN/m","DE"
"interface-alpha-1","Estado biaxial uniforme","Acciones prescritas","Interfaz: αδ = 1.00",1,"Q",560,4.82785667153605,276.615811373093,7.52469871971446,"kN/m","DE"
"interface-alpha-1","Estado biaxial uniforme","Acciones prescritas","Interfaz: αδ = 1.00",1,"Q",561,4.83657121426445,277.115117891817,8.0812977037408,"kN/m","DE"
"interface-alpha-1","Estado biaxial uniforme","Acciones prescritas","Interfaz: αδ = 1.00",1,"Q",562,4.84528575699286,277.614424410541,8.6354418697025,"kN/m","DE"
"interface-alpha-1","Estado biaxial uniforme","Acciones prescritas","Interfaz: αδ = 1.00",1,"Q",563,4.85400029972126,278.113730929265,9.18696288781409,"kN/m","DE"
"interface-alpha-1","Estado biaxial uniforme","Acciones prescritas","Interfaz: αδ = 1.00",1,"Q",564,4.86271484244967,278.613037447989,9.73569322511137,"kN/m","DE"
"interface-alpha-1","Estado biaxial uniforme","Acciones prescritas","Interfaz: αδ = 1.00",1,"Q",565,4.87142938517807,279.112343966713,10.2814661963424,"kN/m","DE"
"interface-alpha-1","Estado biaxial uniforme","Acciones prescritas","Interfaz: αδ = 1.00",1,"Q",566,4.88014392790647,279.611650485437,10.8241160146004,"kN/m","DE"
"interface-alpha-1","Estado biaxial uniforme","Acciones prescritas","Interfaz: αδ = 1.00",1,"Q",567,4.88885847063488,280.110957004161,11.3634778416841,"kN/m","DE"
"interface-alpha-1","Estado biaxial uniforme","Acciones prescritas","Interfaz: αδ = 1.00",1,"Q",568,4.89757301336328,280.610263522885,11.8993878381701,"kN/m","DE"
"interface-alpha-1","Estado biaxial uniforme","Acciones prescritas","Interfaz: αδ = 1.00",1,"Q",569,4.90628755609169,281.109570041609,12.4316832131815,"kN/m","DE"
"interface-alpha-1","Estado biaxial uniforme","Acciones prescritas","Interfaz: αδ = 1.00",1,"Q",570,4.91500209882009,281.608876560333,12.9602022738379,"kN/m","DE"
"interface-alpha-1","Estado biaxial uniforme","Acciones prescritas","Interfaz: αδ = 1.00",1,"Q",571,4.9237166415485,282.108183079057,13.4847844743725,"kN/m","DE"
"interface-alpha-1","Estado biaxial uniforme","Acciones prescritas","Interfaz: αδ = 1.00",1,"Q",572,4.9324311842769,282.607489597781,14.0052704648999,"kN/m","DE"
"interface-alpha-1","Estado biaxial uniforme","Acciones prescritas","Interfaz: αδ = 1.00",1,"Q",573,4.94114572700531,283.106796116505,14.5215021398212,"kN/m","DE"
"interface-alpha-1","Estado biaxial uniforme","Acciones prescritas","Interfaz: αδ = 1.00",1,"Q",574,4.94986026973371,283.606102635229,15.0333226858516,"kN/m","DE"
"interface-alpha-1","Estado biaxial uniforme","Acciones prescritas","Interfaz: αδ = 1.00",1,"Q",575,4.95857481246211,284.105409153953,15.5405766296537,"kN/m","DE"
"interface-alpha-1","Estado biaxial uniforme","Acciones prescritas","Interfaz: αδ = 1.00",1,"Q",576,4.96728935519052,284.604715672677,16.043109885066,"kN/m","DE"
"interface-alpha-1","Estado biaxial uniforme","Acciones prescritas","Interfaz: αδ = 1.00",1,"Q",577,4.97600389791892,285.104022191401,16.5407697999082,"kN/m","DE"
"interface-alpha-1","Estado biaxial uniforme","Acciones prescritas","Interfaz: αδ = 1.00",1,"Q",578,4.98471844064733,285.603328710125,17.033405202352,"kN/m","DE"
"interface-alpha-1","Estado biaxial uniforme","Acciones prescritas","Interfaz: αδ = 1.00",1,"Q",579,4.99343298337573,286.102635228849,17.5208664468417,"kN/m","DE"
"interface-alpha-1","Estado biaxial uniforme","Acciones prescritas","Interfaz: αδ = 1.00",1,"Q",580,5.00214752610414,286.601941747573,18.0030054595516,"kN/m","DE"
"interface-alpha-1","Estado biaxial uniforme","Acciones prescritas","Interfaz: αδ = 1.00",1,"Q",581,5.01086206883254,287.101248266297,18.4796757833652,"kN/m","DE"
"interface-alpha-1","Estado biaxial uniforme","Acciones prescritas","Interfaz: αδ = 1.00",1,"Q",582,5.01957661156095,287.600554785021,18.9507326223644,"kN/m","DE"
"interface-alpha-1","Estado biaxial uniforme","Acciones prescritas","Interfaz: αδ = 1.00",1,"Q",583,5.02829115428935,288.099861303745,19.4160328858128,"kN/m","DE"
"interface-alpha-1","Estado biaxial uniforme","Acciones prescritas","Interfaz: αδ = 1.00",1,"Q",584,5.03700569701775,288.599167822469,19.8754352316224,"kN/m","DE"
"interface-alpha-1","Estado biaxial uniforme","Acciones prescritas","Interfaz: αδ = 1.00",1,"Q",585,5.04572023974616,289.098474341193,20.328800109288,"kN/m","DE"
"interface-alpha-1","Estado biaxial uniforme","Acciones prescritas","Interfaz: αδ = 1.00",1,"Q",586,5.05443478247456,289.597780859917,20.7759898022778,"kN/m","DE"
"interface-alpha-1","Estado biaxial uniforme","Acciones prescritas","Interfaz: αδ = 1.00",1,"Q",587,5.06314932520297,290.097087378641,21.2168684698671,"kN/m","DE"
"interface-alpha-1","Estado biaxial uniforme","Acciones prescritas","Interfaz: αδ = 1.00",1,"Q",588,5.07186386793137,290.596393897365,21.651302188402,"kN/m","DE"
"interface-alpha-1","Estado biaxial uniforme","Acciones prescritas","Interfaz: αδ = 1.00",1,"Q",589,5.08057841065978,291.095700416089,22.0791589919805,"kN/m","DE"
"interface-alpha-1","Estado biaxial uniforme","Acciones prescritas","Interfaz: αδ = 1.00",1,"Q",590,5.08929295338818,291.595006934813,22.5003089125394,"kN/m","DE"
"interface-alpha-1","Estado biaxial uniforme","Acciones prescritas","Interfaz: αδ = 1.00",1,"Q",591,5.09800749611659,292.094313453537,22.9146240193341,"kN/m","DE"
"interface-alpha-1","Estado biaxial uniforme","Acciones prescritas","Interfaz: αδ = 1.00",1,"Q",592,5.10672203884499,292.593619972261,23.3219784577994,"kN/m","DE"
"interface-alpha-1","Estado biaxial uniforme","Acciones prescritas","Interfaz: αδ = 1.00",1,"Q",593,5.11543658157339,293.092926490985,23.7222484877799,"kN/m","DE"
"interface-alpha-1","Estado biaxial uniforme","Acciones prescritas","Interfaz: αδ = 1.00",1,"Q",594,5.1241511243018,293.592233009709,24.1153125211178,"kN/m","DE"
"interface-alpha-1","Estado biaxial uniforme","Acciones prescritas","Interfaz: αδ = 1.00",1,"Q",595,5.1328656670302,294.091539528433,24.5010511585873,"kN/m","DE"
"interface-alpha-1","Estado biaxial uniforme","Acciones prescritas","Interfaz: αδ = 1.00",1,"Q",596,5.14158020975861,294.590846047157,24.8793472261637,"kN/m","DE"
"interface-alpha-1","Estado biaxial uniforme","Acciones prescritas","Interfaz: αδ = 1.00",1,"Q",597,5.15029475248701,295.090152565881,25.2500858106172,"kN/m","DE"
"interface-alpha-1","Estado biaxial uniforme","Acciones prescritas","Interfaz: αδ = 1.00",1,"Q",598,5.15900929521542,295.589459084605,25.6131542944194,"kN/m","DE"
"interface-alpha-1","Estado biaxial uniforme","Acciones prescritas","Interfaz: αδ = 1.00",1,"Q",599,5.16772383794382,296.088765603329,25.9684423899523,"kN/m","DE"
"interface-alpha-1","Estado biaxial uniforme","Acciones prescritas","Interfaz: αδ = 1.00",1,"Q",600,5.17643838067223,296.588072122053,26.3158421730105,"kN/m","DE"
"interface-alpha-1","Estado biaxial uniforme","Acciones prescritas","Interfaz: αδ = 1.00",1,"Q",601,5.18515292340063,297.087378640777,26.6552481155841,"kN/m","DE"
"interface-alpha-1","Estado biaxial uniforme","Acciones prescritas","Interfaz: αδ = 1.00",1,"Q",602,5.19386746612903,297.586685159501,26.986557117915,"kN/m","DE"
"interface-alpha-1","Estado biaxial uniforme","Acciones prescritas","Interfaz: αδ = 1.00",1,"Q",603,5.20258200885744,298.085991678225,27.3096685398146,"kN/m","DE"
"interface-alpha-1","Estado biaxial uniforme","Acciones prescritas","Interfaz: αδ = 1.00",1,"Q",604,5.21129655158584,298.585298196949,27.6244842312353,"kN/m","DE"
"interface-alpha-1","Estado biaxial uniforme","Acciones prescritas","Interfaz: αδ = 1.00",1,"Q",605,5.22001109431425,299.084604715673,27.9309085620846,"kN/m","DE"
"interface-alpha-1","Estado biaxial uniforme","Acciones prescritas","Interfaz: αδ = 1.00",1,"Q",606,5.22872563704265,299.583911234397,28.2288484512745,"kN/m","DE"
"interface-alpha-1","Estado biaxial uniforme","Acciones prescritas","Interfaz: αδ = 1.00",1,"Q",607,5.23744017977106,300.083217753121,28.5182133949962,"kN/m","DE"
"interface-alpha-1","Estado biaxial uniforme","Acciones prescritas","Interfaz: αδ = 1.00",1,"Q",608,5.24615472249946,300.582524271845,28.7989154942121,"kN/m","DE"
"interface-alpha-1","Estado biaxial uniforme","Acciones prescritas","Interfaz: αδ = 1.00",1,"Q",609,5.25486926522786,301.081830790569,29.0708694813563,"kN/m","DE"
"interface-alpha-1","Estado biaxial uniforme","Acciones prescritas","Interfaz: αδ = 1.00",1,"Q",610,5.26358380795627,301.581137309293,29.3339927462362,"kN/m","DE"
"interface-alpha-1","Estado biaxial uniforme","Acciones prescritas","Interfaz: αδ = 1.00",1,"Q",611,5.27229835068467,302.080443828017,29.5882053611264,"kN/m","DE"
"interface-alpha-1","Estado biaxial uniforme","Acciones prescritas","Interfaz: αδ = 1.00",1,"Q",612,5.28101289341308,302.579750346741,29.8334301050479,"kN/m","DE"
"interface-alpha-1","Estado biaxial uniforme","Acciones prescritas","Interfaz: αδ = 1.00",1,"Q",613,5.28972743614148,303.079056865465,30.0695924872255,"kN/m","DE"
"interface-alpha-1","Estado biaxial uniforme","Acciones prescritas","Interfaz: αδ = 1.00",1,"Q",614,5.29844197886989,303.578363384189,30.2966207697152,"kN/m","DE"
"interface-alpha-1","Estado biaxial uniforme","Acciones prescritas","Interfaz: αδ = 1.00",1,"Q",615,5.30715652159829,304.077669902913,30.5144459891959,"kN/m","DE"
"interface-alpha-1","Estado biaxial uniforme","Acciones prescritas","Interfaz: αδ = 1.00",1,"Q",616,5.3158710643267,304.576976421637,30.7230019779177,"kN/m","DE"
"interface-alpha-1","Estado biaxial uniforme","Acciones prescritas","Interfaz: αδ = 1.00",1,"Q",617,5.3245856070551,305.076282940361,30.9222253838021,"kN/m","DE"
"interface-alpha-1","Estado biaxial uniforme","Acciones prescritas","Interfaz: αδ = 1.00",1,"Q",618,5.3333001497835,305.575589459085,31.1120556896853,"kN/m","DE"
"interface-alpha-1","Estado biaxial uniforme","Acciones prescritas","Interfaz: αδ = 1.00",1,"Q",619,5.34201469251191,306.074895977809,31.2924352317018,"kN/m","DE"
"interface-alpha-1","Estado biaxial uniforme","Acciones prescritas","Interfaz: αδ = 1.00",1,"Q",620,5.35072923524031,306.574202496533,31.4633092168004,"kN/m","DE"
"interface-alpha-1","Estado biaxial uniforme","Acciones prescritas","Interfaz: αδ = 1.00",1,"Q",621,5.35944377796872,307.073509015257,31.6246257393887,"kN/m","DE"
"interface-alpha-1","Estado biaxial uniforme","Acciones prescritas","Interfaz: αδ = 1.00",1,"Q",622,5.36815832069712,307.572815533981,31.7763357971,"kN/m","DE"
"interface-alpha-1","Estado biaxial uniforme","Acciones prescritas","Interfaz: αδ = 1.00",1,"Q",623,5.37687286342553,308.072122052705,31.9183933056784,"kN/m","DE"
"interface-alpha-1","Estado biaxial uniforme","Acciones prescritas","Interfaz: αδ = 1.00",1,"Q",624,5.38558740615393,308.571428571429,32.050755112978,"kN/m","DE"
"interface-alpha-1","Estado biaxial uniforme","Acciones prescritas","Interfaz: αδ = 1.00",1,"Q",625,5.39430194888234,309.070735090153,32.1733810120708,"kN/m","DE"
"interface-alpha-1","Estado biaxial uniforme","Acciones prescritas","Interfaz: αδ = 1.00",1,"Q",626,5.40301649161074,309.570041608877,32.2862337534599,"kN/m","DE"
"interface-alpha-1","Estado biaxial uniforme","Acciones prescritas","Interfaz: αδ = 1.00",1,"Q",627,5.41173103433914,310.069348127601,32.3892790563952,"kN/m","DE"
"interface-alpha-1","Estado biaxial uniforme","Acciones prescritas","Interfaz: αδ = 1.00",1,"Q",628,5.42044557706755,310.568654646325,32.4824856192862,"kN/m","DE"
"interface-alpha-1","Estado biaxial uniforme","Acciones prescritas","Interfaz: αδ = 1.00",1,"Q",629,5.42916011979595,311.067961165049,32.5658251292106,"kN/m","DE"
"interface-alpha-1","Estado biaxial uniforme","Acciones prescritas","Interfaz: αδ = 1.00",1,"Q",630,5.43787466252436,311.567267683773,32.6392722705145,"kN/m","DE"
"interface-alpha-1","Estado biaxial uniforme","Acciones prescritas","Interfaz: αδ = 1.00",1,"Q",631,5.44658920525276,312.066574202496,32.702804732503,"kN/m","DE"
"interface-alpha-1","Estado biaxial uniforme","Acciones prescritas","Interfaz: αδ = 1.00",1,"Q",632,5.45530374798117,312.565880721221,32.7564032162166,"kN/m","DE"
"interface-alpha-1","Estado biaxial uniforme","Acciones prescritas","Interfaz: αδ = 1.00",1,"Q",633,5.46401829070957,313.065187239944,32.8000514402943,"kN/m","DE"
"interface-alpha-1","Estado biaxial uniforme","Acciones prescritas","Interfaz: αδ = 1.00",1,"Q",634,5.47273283343798,313.564493758669,32.833736145919,"kN/m","DE"
"interface-alpha-1","Estado biaxial uniforme","Acciones prescritas","Interfaz: αδ = 1.00",1,"Q",635,5.48144737616638,314.063800277393,32.8574471008447,"kN/m","DE"
"interface-alpha-1","Estado biaxial uniforme","Acciones prescritas","Interfaz: αδ = 1.00",1,"Q",636,5.49016191889478,314.563106796117,32.8711771025056,"kN/m","DE"
"interface-alpha-1","Estado biaxial uniforme","Acciones prescritas","Interfaz: αδ = 1.00",1,"Q",637,5.49778714378214,315,32.8750000000007,"kN/m","DE"
"interface-alpha-1","Estado biaxial uniforme","Acciones prescritas","Interfaz: αδ = 1.00",1,"Q",638,5.49887646162319,315.06241331484,32.8749219802032,"kN/m","DE"
"interface-alpha-1","Estado biaxial uniforme","Acciones prescritas","Interfaz: αδ = 1.00",1,"Q",639,5.50759100435159,315.561719833564,32.8686805963734,"kN/m","DE"
"interface-alpha-1","Estado biaxial uniforme","Acciones prescritas","Interfaz: αδ = 1.00",1,"Q",640,5.51630554708,316.061026352288,32.8524548469322,"kN/m","DE"
"interface-alpha-1","Estado biaxial uniforme","Acciones prescritas","Interfaz: αδ = 1.00",1,"Q",641,5.5250200898084,316.560332871013,32.8262496606998,"kN/m","DE"
"interface-alpha-1","Estado biaxial uniforme","Acciones prescritas","Interfaz: αδ = 1.00",1,"Q",642,5.53373463253681,317.059639389736,32.7900729979033,"kN/m","DE"
"interface-alpha-1","Estado biaxial uniforme","Acciones prescritas","Interfaz: αδ = 1.00",1,"Q",643,5.54244917526521,317.55894590846,32.7439358477585,"kN/m","DE"
"interface-alpha-1","Estado biaxial uniforme","Acciones prescritas","Interfaz: αδ = 1.00",1,"Q",644,5.55116371799361,318.058252427184,32.6878522251321,"kN/m","DE"
"interface-alpha-1","Estado biaxial uniforme","Acciones prescritas","Interfaz: αδ = 1.00",1,"Q",645,5.55987826072202,318.557558945908,32.6218391662842,"kN/m","DE"
"interface-alpha-1","Estado biaxial uniforme","Acciones prescritas","Interfaz: αδ = 1.00",1,"Q",646,5.56859280345042,319.056865464632,32.5459167236934,"kN/m","DE"
"interface-alpha-1","Estado biaxial uniforme","Acciones prescritas","Interfaz: αδ = 1.00",1,"Q",647,5.57730734617883,319.556171983356,32.4601079599656,"kN/m","DE"
"interface-alpha-1","Estado biaxial uniforme","Acciones prescritas","Interfaz: αδ = 1.00",1,"Q",648,5.58602188890723,320.05547850208,32.3644389408283,"kN/m","DE"
"interface-alpha-1","Estado biaxial uniforme","Acciones prescritas","Interfaz: αδ = 1.00",1,"Q",649,5.59473643163564,320.554785020804,32.2589387272126,"kN/m","DE"
"interface-alpha-1","Estado biaxial uniforme","Acciones prescritas","Interfaz: αδ = 1.00",1,"Q",650,5.60345097436404,321.054091539528,32.1436393664256,"kN/m","DE"
"interface-alpha-1","Estado biaxial uniforme","Acciones prescritas","Interfaz: αδ = 1.00",1,"Q",651,5.61216551709245,321.553398058252,32.0185758824159,"kN/m","DE"
"interface-alpha-1","Estado biaxial uniforme","Acciones prescritas","Interfaz: αδ = 1.00",1,"Q",652,5.62088005982085,322.052704576976,31.8837862651339,"kN/m","DE"
"interface-alpha-1","Estado biaxial uniforme","Acciones prescritas","Interfaz: αδ = 1.00",1,"Q",653,5.62959460254925,322.5520110957,31.7393114589921,"kN/m","DE"
"interface-alpha-1","Estado biaxial uniforme","Acciones prescritas","Interfaz: αδ = 1.00",1,"Q",654,5.63830914527766,323.051317614424,31.5851953504278,"kN/m","DE"
"interface-alpha-1","Estado biaxial uniforme","Acciones prescritas","Interfaz: αδ = 1.00",1,"Q",655,5.64702368800606,323.550624133148,31.4214847545716,"kN/m","DE"
"interface-alpha-1","Estado biaxial uniforme","Acciones prescritas","Interfaz: αδ = 1.00",1,"Q",656,5.65573823073447,324.049930651872,31.2482294010266,"kN/m","DE"
"interface-alpha-1","Estado biaxial uniforme","Acciones prescritas","Interfaz: αδ = 1.00",1,"Q",657,5.66445277346287,324.549237170596,31.0654819187626,"kN/m","DE"
"interface-alpha-1","Estado biaxial uniforme","Acciones prescritas","Interfaz: αδ = 1.00",1,"Q",658,5.67316731619128,325.04854368932,30.8732978201287,"kN/m","DE"
"interface-alpha-1","Estado biaxial uniforme","Acciones prescritas","Interfaz: αδ = 1.00",1,"Q",659,5.68188185891968,325.547850208044,30.6717354839912,"kN/m","DE"
"interface-alpha-1","Estado biaxial uniforme","Acciones prescritas","Interfaz: αδ = 1.00",1,"Q",660,5.69059640164809,326.047156726768,30.4608561379996,"kN/m","DE"
"interface-alpha-1","Estado biaxial uniforme","Acciones prescritas","Interfaz: αδ = 1.00",1,"Q",661,5.69931094437649,326.546463245492,30.2407238399881,"kN/m","DE"
"interface-alpha-1","Estado biaxial uniforme","Acciones prescritas","Interfaz: αδ = 1.00",1,"Q",662,5.70802548710489,327.045769764216,30.0114054585169,"kN/m","DE"
"interface-alpha-1","Estado biaxial uniforme","Acciones prescritas","Interfaz: αδ = 1.00",1,"Q",663,5.7167400298333,327.54507628294,29.7729706525597,"kN/m","DE"
"interface-alpha-1","Estado biaxial uniforme","Acciones prescritas","Interfaz: αδ = 1.00",1,"Q",664,5.7254545725617,328.044382801664,29.5254918503441,"kN/m","DE"
"interface-alpha-1","Estado biaxial uniforme","Acciones prescritas","Interfaz: αδ = 1.00",1,"Q",665,5.73416911529011,328.543689320388,29.2690442273502,"kN/m","DE"
"interface-alpha-1","Estado biaxial uniforme","Acciones prescritas","Interfaz: αδ = 1.00",1,"Q",666,5.74288365801851,329.042995839112,29.003705683475,"kN/m","DE"
"interface-alpha-1","Estado biaxial uniforme","Acciones prescritas","Interfaz: αδ = 1.00",1,"Q",667,5.75159820074692,329.542302357836,28.7295568193685,"kN/m","DE"
"interface-alpha-1","Estado biaxial uniforme","Acciones prescritas","Interfaz: αδ = 1.00",1,"Q",668,5.76031274347532,330.04160887656,28.4466809119511,"kN/m","DE"
"interface-alpha-1","Estado biaxial uniforme","Acciones prescritas","Interfaz: αδ = 1.00",1,"Q",669,5.76902728620373,330.540915395284,28.1551638891163,"kN/m","DE"
"interface-alpha-1","Estado biaxial uniforme","Acciones prescritas","Interfaz: αδ = 1.00",1,"Q",670,5.77774182893213,331.040221914008,27.8550943036286,"kN/m","DE"
"interface-alpha-1","Estado biaxial uniforme","Acciones prescritas","Interfaz: αδ = 1.00",1,"Q",671,5.78645637166053,331.539528432732,27.5465633062248,"kN/m","DE"
"interface-alpha-1","Estado biaxial uniforme","Acciones prescritas","Interfaz: αδ = 1.00",1,"Q",672,5.79517091438894,332.038834951456,27.2296646179251,"kN/m","DE"
"interface-alpha-1","Estado biaxial uniforme","Acciones prescritas","Interfaz: αδ = 1.00",1,"Q",673,5.80388545711734,332.53814147018,26.9044945015642,"kN/m","DE"
"interface-alpha-1","Estado biaxial uniforme","Acciones prescritas","Interfaz: αδ = 1.00",1,"Q",674,5.81259999984575,333.037447988904,26.5711517325499,"kN/m","DE"
"interface-alpha-1","Estado biaxial uniforme","Acciones prescritas","Interfaz: αδ = 1.00",1,"Q",675,5.82131454257415,333.536754507628,26.2297375688583,"kN/m","DE"
"interface-alpha-1","Estado biaxial uniforme","Acciones prescritas","Interfaz: αδ = 1.00",1,"Q",676,5.83002908530256,334.036061026352,25.8803557202756,"kN/m","DE"
"interface-alpha-1","Estado biaxial uniforme","Acciones prescritas","Interfaz: αδ = 1.00",1,"Q",677,5.83874362803096,334.535367545076,25.5231123168945,"kN/m","DE"
"interface-alpha-1","Estado biaxial uniforme","Acciones prescritas","Interfaz: αδ = 1.00",1,"Q",678,5.84745817075936,335.0346740638,25.1581158768752,"kN/m","DE"
"interface-alpha-1","Estado biaxial uniforme","Acciones prescritas","Interfaz: αδ = 1.00",1,"Q",679,5.85617271348777,335.533980582524,24.7854772734817,"kN/m","DE"
"interface-alpha-1","Estado biaxial uniforme","Acciones prescritas","Interfaz: αδ = 1.00",1,"Q",680,5.86488725621617,336.033287101248,24.4053097014026,"kN/m","DE"
"interface-alpha-1","Estado biaxial uniforme","Acciones prescritas","Interfaz: αδ = 1.00",1,"Q",681,5.87360179894458,336.532593619972,24.0177286423659,"kN/m","DE"
"interface-alpha-1","Estado biaxial uniforme","Acciones prescritas","Interfaz: αδ = 1.00",1,"Q",682,5.88231634167298,337.031900138696,23.6228518300597,"kN/m","DE"
"interface-alpha-1","Estado biaxial uniforme","Acciones prescritas","Interfaz: αδ = 1.00",1,"Q",683,5.89103088440139,337.53120665742,23.2207992143696,"kN/m","DE"
"interface-alpha-1","Estado biaxial uniforme","Acciones prescritas","Interfaz: αδ = 1.00",1,"Q",684,5.89974542712979,338.030513176144,22.8116929249409,"kN/m","DE"
"interface-alpha-1","Estado biaxial uniforme","Acciones prescritas","Interfaz: αδ = 1.00",1,"Q",685,5.9084599698582,338.529819694868,22.3956572340806,"kN/m","DE"
"interface-alpha-1","Estado biaxial uniforme","Acciones prescritas","Interfaz: αδ = 1.00",1,"Q",686,5.9171745125866,339.029126213592,21.9728185190078,"kN/m","DE"
"interface-alpha-1","Estado biaxial uniforme","Acciones prescritas","Interfaz: αδ = 1.00",1,"Q",687,5.925889055315,339.528432732316,21.5433052234643,"kN/m","DE"
"interface-alpha-1","Estado biaxial uniforme","Acciones prescritas","Interfaz: αδ = 1.00",1,"Q",688,5.93460359804341,340.02773925104,21.1072478186981,"kN/m","DE"
"interface-alpha-1","Estado biaxial uniforme","Acciones prescritas","Interfaz: αδ = 1.00",1,"Q",689,5.94331814077181,340.527045769764,20.6647787638308,"kN/m","DE"
"interface-alpha-1","Estado biaxial uniforme","Acciones prescritas","Interfaz: αδ = 1.00",1,"Q",690,5.95203268350022,341.026352288488,20.2160324656207,"kN/m","DE"
"interface-alpha-1","Estado biaxial uniforme","Acciones prescritas","Interfaz: αδ = 1.00",1,"Q",691,5.96074722622862,341.525658807212,19.7611452376354,"kN/m","DE"
"interface-alpha-1","Estado biaxial uniforme","Acciones prescritas","Interfaz: αδ = 1.00",1,"Q",692,5.96946176895703,342.024965325936,19.3002552588439,"kN/m","DE"
"interface-alpha-1","Estado biaxial uniforme","Acciones prescritas","Interfaz: αδ = 1.00",1,"Q",693,5.97817631168543,342.52427184466,18.8335025316425,"kN/m","DE"
"interface-alpha-1","Estado biaxial uniforme","Acciones prescritas","Interfaz: αδ = 1.00",1,"Q",694,5.98689085441384,343.023578363384,18.3610288393278,"kN/m","DE"
"interface-alpha-1","Estado biaxial uniforme","Acciones prescritas","Interfaz: αδ = 1.00",1,"Q",695,5.99560539714224,343.522884882108,17.8829777030266,"kN/m","DE"
"interface-alpha-1","Estado biaxial uniforme","Acciones prescritas","Interfaz: αδ = 1.00",1,"Q",696,6.00431993987064,344.022191400832,17.3994943381003,"kN/m","DE"
"interface-alpha-1","Estado biaxial uniforme","Acciones prescritas","Interfaz: αδ = 1.00",1,"Q",697,6.01303448259905,344.521497919556,16.9107256100327,"kN/m","DE"
"interface-alpha-1","Estado biaxial uniforme","Acciones prescritas","Interfaz: αδ = 1.00",1,"Q",698,6.02174902532745,345.02080443828,16.416819989818,"kN/m","DE"
"interface-alpha-1","Estado biaxial uniforme","Acciones prescritas","Interfaz: αδ = 1.00",1,"Q",699,6.03046356805586,345.520110957004,15.9179275088599,"kN/m","DE"
"interface-alpha-1","Estado biaxial uniforme","Acciones prescritas","Interfaz: αδ = 1.00",1,"Q",700,6.03917811078426,346.019417475728,15.4141997133976,"kN/m","DE"
"interface-alpha-1","Estado biaxial uniforme","Acciones prescritas","Interfaz: αδ = 1.00",1,"Q",701,6.04789265351267,346.518723994452,14.9057896184709,"kN/m","DE"
"interface-alpha-1","Estado biaxial uniforme","Acciones prescritas","Interfaz: αδ = 1.00",1,"Q",702,6.05660719624107,347.018030513176,14.3928516614405,"kN/m","DE"
"interface-alpha-1","Estado biaxial uniforme","Acciones prescritas","Interfaz: αδ = 1.00",1,"Q",703,6.06532173896948,347.5173370319,13.8755416550739,"kN/m","DE"
"interface-alpha-1","Estado biaxial uniforme","Acciones prescritas","Interfaz: αδ = 1.00",1,"Q",704,6.07403628169788,348.016643550624,13.3540167402162,"kN/m","DE"
"interface-alpha-1","Estado biaxial uniforme","Acciones prescritas","Interfaz: αδ = 1.00",1,"Q",705,6.08275082442628,348.515950069348,12.8284353380553,"kN/m","DE"
"interface-alpha-1","Estado biaxial uniforme","Acciones prescritas","Interfaz: αδ = 1.00",1,"Q",706,6.09146536715469,349.015256588072,12.2989571019992,"kN/m","DE"
"interface-alpha-1","Estado biaxial uniforme","Acciones prescritas","Interfaz: αδ = 1.00",1,"Q",707,6.10017990988309,349.514563106796,11.7657428691791,"kN/m","DE"
"interface-alpha-1","Estado biaxial uniforme","Acciones prescritas","Interfaz: αδ = 1.00",1,"Q",708,6.1088944526115,350.01386962552,11.2289546115925,"kN/m","DE"
"interface-alpha-1","Estado biaxial uniforme","Acciones prescritas","Interfaz: αδ = 1.00",1,"Q",709,6.1176089953399,350.513176144244,10.6887553869015,"kN/m","DE"
"interface-alpha-1","Estado biaxial uniforme","Acciones prescritas","Interfaz: αδ = 1.00",1,"Q",710,6.12632353806831,351.012482662968,10.1453092889022,"kN/m","DE"
"interface-alpha-1","Estado biaxial uniforme","Acciones prescritas","Interfaz: αδ = 1.00",1,"Q",711,6.13503808079671,351.511789181692,9.59878139767769,"kN/m","DE"
"interface-alpha-1","Estado biaxial uniforme","Acciones prescritas","Interfaz: αδ = 1.00",1,"Q",712,6.14375262352512,352.011095700416,9.04933772945325,"kN/m","DE"
"interface-alpha-1","Estado biaxial uniforme","Acciones prescritas","Interfaz: αδ = 1.00",1,"Q",713,6.15246716625352,352.51040221914,8.49714518616635,"kN/m","DE"
"interface-alpha-1","Estado biaxial uniforme","Acciones prescritas","Interfaz: αδ = 1.00",1,"Q",714,6.16118170898192,353.009708737864,7.94237150476705,"kN/m","DE"
"interface-alpha-1","Estado biaxial uniforme","Acciones prescritas","Interfaz: αδ = 1.00",1,"Q",715,6.16989625171033,353.509015256588,7.38518520626571,"kN/m","DE"
"interface-alpha-1","Estado biaxial uniforme","Acciones prescritas","Interfaz: αδ = 1.00",1,"Q",716,6.17861079443873,354.008321775312,6.82575554454244,"kN/m","DE"
"interface-alpha-1","Estado biaxial uniforme","Acciones prescritas","Interfaz: αδ = 1.00",1,"Q",717,6.18732533716714,354.507628294036,6.26425245493299,"kN/m","DE"
"interface-alpha-1","Estado biaxial uniforme","Acciones prescritas","Interfaz: αδ = 1.00",1,"Q",718,6.19603987989554,355.00693481276,5.70084650260874,"kN/m","DE"
"interface-alpha-1","Estado biaxial uniforme","Acciones prescritas","Interfaz: αδ = 1.00",1,"Q",719,6.20475442262395,355.506241331484,5.13570883076464,"kN/m","DE"
"interface-alpha-1","Estado biaxial uniforme","Acciones prescritas","Interfaz: αδ = 1.00",1,"Q",720,6.21346896535235,356.005547850208,4.56901110863238,"kN/m","DE"
"interface-alpha-1","Estado biaxial uniforme","Acciones prescritas","Interfaz: αδ = 1.00",1,"Q",721,6.22218350808075,356.504854368932,4.00092547933247,"kN/m","DE"
"interface-alpha-1","Estado biaxial uniforme","Acciones prescritas","Interfaz: αδ = 1.00",1,"Q",722,6.23089805080916,357.004160887656,3.4316245075835,"kN/m","DE"
"interface-alpha-1","Estado biaxial uniforme","Acciones prescritas","Interfaz: αδ = 1.00",1,"Q",723,6.23961259353756,357.50346740638,2.86128112728332,"kN/m","DE"
"interface-alpha-1","Estado biaxial uniforme","Acciones prescritas","Interfaz: αδ = 1.00",1,"Q",724,6.24832713626597,358.002773925104,2.29006858897694,"kN/m","DE"
"interface-alpha-1","Estado biaxial uniforme","Acciones prescritas","Interfaz: αδ = 1.00",1,"Q",725,6.25704167899437,358.502080443828,1.71816040722973,"kN/m","DE"
"interface-alpha-1","Estado biaxial uniforme","Acciones prescritas","Interfaz: αδ = 1.00",1,"Q",726,6.26575622172278,359.001386962552,1.1457303079192,"kN/m","DE"
"interface-alpha-1","Estado biaxial uniforme","Acciones prescritas","Interfaz: αδ = 1.00",1,"Q",727,6.27447076445118,359.500693481276,0.572952175463474,"kN/m","DE"
"interface-alpha-0","Estado biaxial uniforme","Acciones prescritas","Interfaz: αδ = 0.00",0,"N",0,0,0,-87.6666666666666,"kN/m","DE"
"interface-alpha-0","Estado biaxial uniforme","Acciones prescritas","Interfaz: αδ = 0.00",0,"N",1,0.00871454272840442,0.499306518723994,-87.6683310475378,"kN/m","DE"
"interface-alpha-0","Estado biaxial uniforme","Acciones prescritas","Interfaz: αδ = 0.00",0,"N",2,0.0174290854568088,0.998613037447989,-87.6733236845701,"kN/m","DE"
"interface-alpha-0","Estado biaxial uniforme","Acciones prescritas","Interfaz: αδ = 0.00",0,"N",3,0.0261436281852133,1.49791955617198,-87.6816430611736,"kN/m","DE"
"interface-alpha-0","Estado biaxial uniforme","Acciones prescritas","Interfaz: αδ = 0.00",0,"N",4,0.0348581709136177,1.99722607489598,-87.69328665021,"kN/m","DE"
"interface-alpha-0","Estado biaxial uniforme","Acciones prescritas","Interfaz: αδ = 0.00",0,"N",5,0.0435727136420221,2.49653259361997,-87.7082509147606,"kN/m","DE"
"interface-alpha-0","Estado biaxial uniforme","Acciones prescritas","Interfaz: αδ = 0.00",0,"N",6,0.0522872563704265,2.99583911234397,-87.7265313092008,"kN/m","DE"
"interface-alpha-0","Estado biaxial uniforme","Acciones prescritas","Interfaz: αδ = 0.00",0,"N",7,0.0610017990988309,3.49514563106796,-87.7481222805804,"kN/m","DE"
"interface-alpha-0","Estado biaxial uniforme","Acciones prescritas","Interfaz: αδ = 0.00",0,"N",8,0.0697163418272354,3.99445214979196,-87.773017270311,"kN/m","DE"
"interface-alpha-0","Estado biaxial uniforme","Acciones prescritas","Interfaz: αδ = 0.00",0,"N",9,0.0784308845556398,4.49375866851595,-87.8012087161576,"kN/m","DE"
"interface-alpha-0","Estado biaxial uniforme","Acciones prescritas","Interfaz: αδ = 0.00",0,"N",10,0.0871454272840442,4.99306518723994,-87.8326880545366,"kN/m","DE"
"interface-alpha-0","Estado biaxial uniforme","Acciones prescritas","Interfaz: αδ = 0.00",0,"N",11,0.0958599700124486,5.49237170596394,-87.8674457231162,"kN/m","DE"
"interface-alpha-0","Estado biaxial uniforme","Acciones prescritas","Interfaz: αδ = 0.00",0,"N",12,0.104574512740853,5.99167822468793,-87.9054711637219,"kN/m","DE"
"interface-alpha-0","Estado biaxial uniforme","Acciones prescritas","Interfaz: αδ = 0.00",0,"N",13,0.113289055469257,6.49098474341193,-87.946752825543,"kN/m","DE"
"interface-alpha-0","Estado biaxial uniforme","Acciones prescritas","Interfaz: αδ = 0.00",0,"N",14,0.122003598197662,6.99029126213592,-87.991278168642,"kN/m","DE"
"interface-alpha-0","Estado biaxial uniforme","Acciones prescritas","Interfaz: αδ = 0.00",0,"N",15,0.130718140926066,7.48959778085992,-88.0390336677633,"kN/m","DE"
"interface-alpha-0","Estado biaxial uniforme","Acciones prescritas","Interfaz: αδ = 0.00",0,"N",16,0.139432683654471,7.98890429958391,-88.0900048164419,"kN/m","DE"
"interface-alpha-0","Estado biaxial uniforme","Acciones prescritas","Interfaz: αδ = 0.00",0,"N",17,0.148147226382875,8.4882108183079,-88.1441761314101,"kN/m","DE"
"interface-alpha-0","Estado biaxial uniforme","Acciones prescritas","Interfaz: αδ = 0.00",0,"N",18,0.15686176911128,8.9875173370319,-88.2015311573004,"kN/m","DE"
"interface-alpha-0","Estado biaxial uniforme","Acciones prescritas","Interfaz: αδ = 0.00",0,"N",19,0.165576311839684,9.4868238557559,-88.2620524716446,"kN/m","DE"
"interface-alpha-0","Estado biaxial uniforme","Acciones prescritas","Interfaz: αδ = 0.00",0,"N",20,0.174290854568088,9.98613037447989,-88.3257216901655,"kN/m","DE"
"interface-alpha-0","Estado biaxial uniforme","Acciones prescritas","Interfaz: αδ = 0.00",0,"N",21,0.183005397296493,10.4854368932039,-88.392519472362,"kN/m","DE"
"interface-alpha-0","Estado biaxial uniforme","Acciones prescritas","Interfaz: αδ = 0.00",0,"N",22,0.191719940024897,10.9847434119279,-88.4624255273838,"kN/m","DE"
"interface-alpha-0","Estado biaxial uniforme","Acciones prescritas","Interfaz: αδ = 0.00",0,"N",23,0.200434482753302,11.4840499306519,-88.5354186201949,"kN/m","DE"
"interface-alpha-0","Estado biaxial uniforme","Acciones prescritas","Interfaz: αδ = 0.00",0,"N",24,0.209149025481706,11.9833564493759,-88.6114765780245,"kN/m","DE"
"interface-alpha-0","Estado biaxial uniforme","Acciones prescritas","Interfaz: αδ = 0.00",0,"N",25,0.21786356821011,12.4826629680999,-88.6905762971017,"kN/m","DE"
"interface-alpha-0","Estado biaxial uniforme","Acciones prescritas","Interfaz: αδ = 0.00",0,"N",26,0.226578110938515,12.9819694868239,-88.7726937496745,"kN/m","DE"
"interface-alpha-0","Estado biaxial uniforme","Acciones prescritas","Interfaz: αδ = 0.00",0,"N",27,0.235292653666919,13.4812760055479,-88.8578039913077,"kN/m","DE"
"interface-alpha-0","Estado biaxial uniforme","Acciones prescritas","Interfaz: αδ = 0.00",0,"N",28,0.244007196395324,13.9805825242718,-88.9458811684605,"kN/m","DE"
"interface-alpha-0","Estado biaxial uniforme","Acciones prescritas","Interfaz: αδ = 0.00",0,"N",29,0.252721739123728,14.4798890429958,-89.0368985263404,"kN/m","DE"
"interface-alpha-0","Estado biaxial uniforme","Acciones prescritas","Interfaz: αδ = 0.00",0,"N",30,0.261436281852133,14.9791955617198,-89.1308284170294,"kN/m","DE"
"interface-alpha-0","Estado biaxial uniforme","Acciones prescritas","Interfaz: αδ = 0.00",0,"N",31,0.270150824580537,15.4785020804438,-89.2276423078834,"kN/m","DE"
"interface-alpha-0","Estado biaxial uniforme","Acciones prescritas","Interfaz: αδ = 0.00",0,"N",32,0.278865367308941,15.9778085991678,-89.3273107901988,"kN/m","DE"
"interface-alpha-0","Estado biaxial uniforme","Acciones prescritas","Interfaz: αδ = 0.00",0,"N",33,0.287579910037346,16.4771151178918,-89.4298035881462,"kN/m","DE"
"interface-alpha-0","Estado biaxial uniforme","Acciones prescritas","Interfaz: αδ = 0.00",0,"N",34,0.29629445276575,16.9764216366158,-89.535089567967,"kN/m","DE"
"interface-alpha-0","Estado biaxial uniforme","Acciones prescritas","Interfaz: αδ = 0.00",0,"N",35,0.305008995494155,17.4757281553398,-89.6431367474308,"kN/m","DE"
"interface-alpha-0","Estado biaxial uniforme","Acciones prescritas","Interfaz: αδ = 0.00",0,"N",36,0.313723538222559,17.9750346740638,-89.7539123055504,"kN/m","DE"
"interface-alpha-0","Estado biaxial uniforme","Acciones prescritas","Interfaz: αδ = 0.00",0,"N",37,0.322438080950964,18.4743411927878,-89.8673825925519,"kN/m","DE"
"interface-alpha-0","Estado biaxial uniforme","Acciones prescritas","Interfaz: αδ = 0.00",0,"N",38,0.331152623679368,18.9736477115118,-89.983513140096,"kN/m","DE"
"interface-alpha-0","Estado biaxial uniforme","Acciones prescritas","Interfaz: αδ = 0.00",0,"N",39,0.339867166407772,19.4729542302358,-90.1022686717487,"kN/m","DE"
"interface-alpha-0","Estado biaxial uniforme","Acciones prescritas","Interfaz: αδ = 0.00",0,"N",40,0.348581709136177,19.9722607489598,-90.2236131136967,"kN/m","DE"
"interface-alpha-0","Estado biaxial uniforme","Acciones prescritas","Interfaz: αδ = 0.00",0,"N",41,0.357296251864581,20.4715672676838,-90.3475096057056,"kN/m","DE"
"interface-alpha-0","Estado biaxial uniforme","Acciones prescritas","Interfaz: αδ = 0.00",0,"N",42,0.366010794592986,20.9708737864078,-90.4739205123164,"kN/m","DE"
"interface-alpha-0","Estado biaxial uniforme","Acciones prescritas","Interfaz: αδ = 0.00",0,"N",43,0.37472533732139,21.4701803051318,-90.6028074342785,"kN/m","DE"
"interface-alpha-0","Estado biaxial uniforme","Acciones prescritas","Interfaz: αδ = 0.00",0,"N",44,0.383439880049794,21.9694868238558,-90.7341312202135,"kN/m","DE"
"interface-alpha-0","Estado biaxial uniforme","Acciones prescritas","Interfaz: αδ = 0.00",0,"N",45,0.392154422778199,22.4687933425798,-90.8678519785082,"kN/m","DE"
"interface-alpha-0","Estado biaxial uniforme","Acciones prescritas","Interfaz: αδ = 0.00",0,"N",46,0.400868965506603,22.9680998613037,-91.0039290894322,"kN/m","DE"
"interface-alpha-0","Estado biaxial uniforme","Acciones prescritas","Interfaz: αδ = 0.00",0,"N",47,0.409583508235008,23.4674063800277,-91.1423212174772,"kN/m","DE"
"interface-alpha-0","Estado biaxial uniforme","Acciones prescritas","Interfaz: αδ = 0.00",0,"N",48,0.418298050963412,23.9667128987517,-91.2829863239125,"kN/m","DE"
"interface-alpha-0","Estado biaxial uniforme","Acciones prescritas","Interfaz: αδ = 0.00",0,"N",49,0.427012593691816,24.4660194174757,-91.4258816795558,"kN/m","DE"
"interface-alpha-0","Estado biaxial uniforme","Acciones prescritas","Interfaz: αδ = 0.00",0,"N",50,0.435727136420221,24.9653259361997,-91.5709638777521,"kN/m","DE"
"interface-alpha-0","Estado biaxial uniforme","Acciones prescritas","Interfaz: αδ = 0.00",0,"N",51,0.444441679148625,25.4646324549237,-91.7181888475596,"kN/m","DE"
"interface-alpha-0","Estado biaxial uniforme","Acciones prescritas","Interfaz: αδ = 0.00",0,"N",52,0.45315622187703,25.9639389736477,-91.8675118671369,"kN/m","DE"
"interface-alpha-0","Estado biaxial uniforme","Acciones prescritas","Interfaz: αδ = 0.00",0,"N",53,0.461870764605434,26.4632454923717,-92.0188875773274,"kN/m","DE"
"interface-alpha-0","Estado biaxial uniforme","Acciones prescritas","Interfaz: αδ = 0.00",0,"N",54,0.470585307333839,26.9625520110957,-92.1722699954387,"kN/m","DE"
"interface-alpha-0","Estado biaxial uniforme","Acciones prescritas","Interfaz: αδ = 0.00",0,"N",55,0.479299850062243,27.4618585298197,-92.3276125292099,"kN/m","DE"
"interface-alpha-0","Estado biaxial uniforme","Acciones prescritas","Interfaz: αδ = 0.00",0,"N",56,0.488014392790647,27.9611650485437,-92.4848679909649,"kN/m","DE"
"interface-alpha-0","Estado biaxial uniforme","Acciones prescritas","Interfaz: αδ = 0.00",0,"N",57,0.496728935519052,28.4604715672677,-92.6439886119466,"kN/m","DE"
"interface-alpha-0","Estado biaxial uniforme","Acciones prescritas","Interfaz: αδ = 0.00",0,"N",58,0.505443478247456,28.9597780859917,-92.8049260568268,"kN/m","DE"
"interface-alpha-0","Estado biaxial uniforme","Acciones prescritas","Interfaz: αδ = 0.00",0,"N",59,0.514158020975861,29.4590846047157,-92.9676314383896,"kN/m","DE"
"interface-alpha-0","Estado biaxial uniforme","Acciones prescritas","Interfaz: αδ = 0.00",0,"N",60,0.522872563704265,29.9583911234397,-93.1320553323811,"kN/m","DE"
"interface-alpha-0","Estado biaxial uniforme","Acciones prescritas","Interfaz: αδ = 0.00",0,"N",61,0.53158710643267,30.4576976421637,-93.2981477925227,"kN/m","DE"
"interface-alpha-0","Estado biaxial uniforme","Acciones prescritas","Interfaz: αδ = 0.00",0,"N",62,0.540301649161074,30.9570041608877,-93.4658583656835,"kN/m","DE"
"interface-alpha-0","Estado biaxial uniforme","Acciones prescritas","Interfaz: αδ = 0.00",0,"N",63,0.549016191889478,31.4563106796117,-93.6351361072059,"kN/m","DE"
"interface-alpha-0","Estado biaxial uniforme","Acciones prescritas","Interfaz: αδ = 0.00",0,"N",64,0.557730734617883,31.9556171983356,-93.8059295963809,"kN/m","DE"
"interface-alpha-0","Estado biaxial uniforme","Acciones prescritas","Interfaz: αδ = 0.00",0,"N",65,0.566445277346287,32.4549237170596,-93.9781869520678,"kN/m","DE"
"interface-alpha-0","Estado biaxial uniforme","Acciones prescritas","Interfaz: αδ = 0.00",0,"N",66,0.575159820074692,32.9542302357836,-94.1518558484541,"kN/m","DE"
"interface-alpha-0","Estado biaxial uniforme","Acciones prescritas","Interfaz: αδ = 0.00",0,"N",67,0.583874362803096,33.4535367545076,-94.3268835309502,"kN/m","DE"
"interface-alpha-0","Estado biaxial uniforme","Acciones prescritas","Interfaz: αδ = 0.00",0,"N",68,0.592588905531501,33.9528432732316,-94.5032168322144,"kN/m","DE"
"interface-alpha-0","Estado biaxial uniforme","Acciones prescritas","Interfaz: αδ = 0.00",0,"N",69,0.601303448259905,34.4521497919556,-94.6808021883031,"kN/m","DE"
"interface-alpha-0","Estado biaxial uniforme","Acciones prescritas","Interfaz: αδ = 0.00",0,"N",70,0.610017990988309,34.9514563106796,-94.8595856549421,"kN/m","DE"
"interface-alpha-0","Estado biaxial uniforme","Acciones prescritas","Interfaz: αδ = 0.00",0,"N",71,0.618732533716714,35.4507628294036,-95.0395129239126,"kN/m","DE"
"interface-alpha-0","Estado biaxial uniforme","Acciones prescritas","Interfaz: αδ = 0.00",0,"N",72,0.627447076445118,35.9500693481276,-95.2205293395483,"kN/m","DE"
"interface-alpha-0","Estado biaxial uniforme","Acciones prescritas","Interfaz: αδ = 0.00",0,"N",73,0.636161619173523,36.4493758668516,-95.402579915338,"kN/m","DE"
"interface-alpha-0","Estado biaxial uniforme","Acciones prescritas","Interfaz: αδ = 0.00",0,"N",74,0.644876161901927,36.9486823855756,-95.5856093506284,"kN/m","DE"
"interface-alpha-0","Estado biaxial uniforme","Acciones prescritas","Interfaz: αδ = 0.00",0,"N",75,0.653590704630331,37.4479889042996,-95.7695620474228,"kN/m","DE"
"interface-alpha-0","Estado biaxial uniforme","Acciones prescritas","Interfaz: αδ = 0.00",0,"N",76,0.662305247358736,37.9472954230236,-95.9543821272694,"kN/m","DE"
"interface-alpha-0","Estado biaxial uniforme","Acciones prescritas","Interfaz: αδ = 0.00",0,"N",77,0.67101979008714,38.4466019417476,-96.1400134482357,"kN/m","DE"
"interface-alpha-0","Estado biaxial uniforme","Acciones prescritas","Interfaz: αδ = 0.00",0,"N",78,0.679734332815545,38.9459084604716,-96.3263996219622,"kN/m","DE"
"interface-alpha-0","Estado biaxial uniforme","Acciones prescritas","Interfaz: αδ = 0.00",0,"N",79,0.688448875543949,39.4452149791956,-96.5134840307913,"kN/m","DE"
"interface-alpha-0","Estado biaxial uniforme","Acciones prescritas","Interfaz: αδ = 0.00",0,"N",80,0.697163418272354,39.9445214979196,-96.7012098449658,"kN/m","DE"
"interface-alpha-0","Estado biaxial uniforme","Acciones prescritas","Interfaz: αδ = 0.00",0,"N",81,0.705877961000758,40.4438280166436,-96.8895200398918,"kN/m","DE"
"interface-alpha-0","Estado biaxial uniforme","Acciones prescritas","Interfaz: αδ = 0.00",0,"N",82,0.714592503729162,40.9431345353675,-97.0783574134607,"kN/m","DE"
"interface-alpha-0","Estado biaxial uniforme","Acciones prescritas","Interfaz: αδ = 0.00",0,"N",83,0.723307046457567,41.4424410540915,-97.2676646034255,"kN/m","DE"
"interface-alpha-0","Estado biaxial uniforme","Acciones prescritas","Interfaz: αδ = 0.00",0,"N",84,0.732021589185971,41.9417475728155,-97.4573841048251,"kN/m","DE"
"interface-alpha-0","Estado biaxial uniforme","Acciones prescritas","Interfaz: αδ = 0.00",0,"N",85,0.740736131914376,42.4410540915395,-97.6474582874525,"kN/m","DE"
"interface-alpha-0","Estado biaxial uniforme","Acciones prescritas","Interfaz: αδ = 0.00",0,"N",86,0.74945067464278,42.9403606102635,-97.837829413361,"kN/m","DE"
"interface-alpha-0","Estado biaxial uniforme","Acciones prescritas","Interfaz: αδ = 0.00",0,"N",87,0.758165217371184,43.4396671289875,-98.0284396544025,"kN/m","DE"
"interface-alpha-0","Estado biaxial uniforme","Acciones prescritas","Interfaz: αδ = 0.00",0,"N",88,0.766879760099589,43.9389736477115,-98.2192311097943,"kN/m","DE"
"interface-alpha-0","Estado biaxial uniforme","Acciones prescritas","Interfaz: αδ = 0.00",0,"N",89,0.775594302827993,44.4382801664355,-98.410145823707,"kN/m","DE"
"interface-alpha-0","Estado biaxial uniforme","Acciones prescritas","Interfaz: αδ = 0.00",0,"N",90,0.784308845556398,44.9375866851595,-98.6011258028695,"kN/m","DE"
"interface-alpha-0","Estado biaxial uniforme","Acciones prescritas","Interfaz: αδ = 0.00",0,"N",91,0.785398163397448,45,-98.6249999999995,"kN/m","DE"
"interface-alpha-0","Estado biaxial uniforme","Acciones prescritas","Interfaz: αδ = 0.00",0,"N",92,0.793023388284802,45.4368932038835,-98.7921130341854,"kN/m","DE"
"interface-alpha-0","Estado biaxial uniforme","Acciones prescritas","Interfaz: αδ = 0.00",0,"N",93,0.801737931013207,45.9361997226075,-98.9830495023552,"kN/m","DE"
"interface-alpha-0","Estado biaxial uniforme","Acciones prescritas","Interfaz: αδ = 0.00",0,"N",94,0.810452473741611,46.4355062413315,-99.1738772074998,"kN/m","DE"
"interface-alpha-0","Estado biaxial uniforme","Acciones prescritas","Interfaz: αδ = 0.00",0,"N",95,0.819167016470015,46.9348127600555,-99.3645381827783,"kN/m","DE"
"interface-alpha-0","Estado biaxial uniforme","Acciones prescritas","Interfaz: αδ = 0.00",0,"N",96,0.82788155919842,47.4341192787795,-99.5549745119966,"kN/m","DE"
"interface-alpha-0","Estado biaxial uniforme","Acciones prescritas","Interfaz: αδ = 0.00",0,"N",97,0.836596101926824,47.9334257975035,-99.7451283472002,"kN/m","DE"
"interface-alpha-0","Estado biaxial uniforme","Acciones prescritas","Interfaz: αδ = 0.00",0,"N",98,0.845310644655229,48.4327323162275,-99.9349419262467,"kN/m","DE"
"interface-alpha-0","Estado biaxial uniforme","Acciones prescritas","Interfaz: αδ = 0.00",0,"N",99,0.854025187383633,48.9320388349515,-100.124357590352,"kN/m","DE"
"interface-alpha-0","Estado biaxial uniforme","Acciones prescritas","Interfaz: αδ = 0.00",0,"N",100,0.862739730112038,49.4313453536755,-100.313317801603,"kN/m","DE"
"interface-alpha-0","Estado biaxial uniforme","Acciones prescritas","Interfaz: αδ = 0.00",0,"N",101,0.871454272840442,49.9306518723995,-100.50176516044,"kN/m","DE"
"interface-alpha-0","Estado biaxial uniforme","Acciones prescritas","Interfaz: αδ = 0.00",0,"N",102,0.880168815568846,50.4299583911234,-100.689642423089,"kN/m","DE"
"interface-alpha-0","Estado biaxial uniforme","Acciones prescritas","Interfaz: αδ = 0.00",0,"N",103,0.888883358297251,50.9292649098474,-100.87689251895,"kN/m","DE"
"interface-alpha-0","Estado biaxial uniforme","Acciones prescritas","Interfaz: αδ = 0.00",0,"N",104,0.897597901025655,51.4285714285714,-101.063458567937,"kN/m","DE"
"interface-alpha-0","Estado biaxial uniforme","Acciones prescritas","Interfaz: αδ = 0.00",0,"N",105,0.90631244375406,51.9278779472954,-101.249283897753,"kN/m","DE"
"interface-alpha-0","Estado biaxial uniforme","Acciones prescritas","Interfaz: αδ = 0.00",0,"N",106,0.915026986482464,52.4271844660194,-101.434312061104,"kN/m","DE"
"interface-alpha-0","Estado biaxial uniforme","Acciones prescritas","Interfaz: αδ = 0.00",0,"N",107,0.923741529210868,52.9264909847434,-101.618486852849,"kN/m","DE"
"interface-alpha-0","Estado biaxial uniforme","Acciones prescritas","Interfaz: αδ = 0.00",0,"N",108,0.932456071939273,53.4257975034674,-101.801752327072,"kN/m","DE"
"interface-alpha-0","Estado biaxial uniforme","Acciones prescritas","Interfaz: αδ = 0.00",0,"N",109,0.941170614667677,53.9251040221914,-101.984052814076,"kN/m","DE"
"interface-alpha-0","Estado biaxial uniforme","Acciones prescritas","Interfaz: αδ = 0.00",0,"N",110,0.949885157396082,54.4244105409154,-102.165332937293,"kN/m","DE"
"interface-alpha-0","Estado biaxial uniforme","Acciones prescritas","Interfaz: αδ = 0.00",0,"N",111,0.958599700124486,54.9237170596394,-102.345537630107,"kN/m","DE"
"interface-alpha-0","Estado biaxial uniforme","Acciones prescritas","Interfaz: αδ = 0.00",0,"N",112,0.967314242852891,55.4230235783634,-102.524612152579,"kN/m","DE"
"interface-alpha-0","Estado biaxial uniforme","Acciones prescritas","Interfaz: αδ = 0.00",0,"N",113,0.976028785581295,55.9223300970874,-102.702502108078,"kN/m","DE"
"interface-alpha-0","Estado biaxial uniforme","Acciones prescritas","Interfaz: αδ = 0.00",0,"N",114,0.984743328309699,56.4216366158114,-102.879153459804,"kN/m","DE"
"interface-alpha-0","Estado biaxial uniforme","Acciones prescritas","Interfaz: αδ = 0.00",0,"N",115,0.993457871038104,56.9209431345354,-103.0545125472,"kN/m","DE"
"interface-alpha-0","Estado biaxial uniforme","Acciones prescritas","Interfaz: αδ = 0.00",0,"N",116,1.00217241376651,57.4202496532594,-103.228526102254,"kN/m","DE"
"interface-alpha-0","Estado biaxial uniforme","Acciones prescritas","Interfaz: αδ = 0.00",0,"N",117,1.01088695649491,57.9195561719834,-103.401141265683,"kN/m","DE"
"interface-alpha-0","Estado biaxial uniforme","Acciones prescritas","Interfaz: αδ = 0.00",0,"N",118,1.01960149922332,58.4188626907073,-103.572305602983,"kN/m","DE"
"interface-alpha-0","Estado biaxial uniforme","Acciones prescritas","Interfaz: αδ = 0.00",0,"N",119,1.02831604195172,58.9181692094313,-103.741967120364,"kN/m","DE"
"interface-alpha-0","Estado biaxial uniforme","Acciones prescritas","Interfaz: αδ = 0.00",0,"N",120,1.03703058468013,59.4174757281553,-103.910074280538,"kN/m","DE"
"interface-alpha-0","Estado biaxial uniforme","Acciones prescritas","Interfaz: αδ = 0.00",0,"N",121,1.04574512740853,59.9167822468793,-104.076576018379,"kN/m","DE"
"interface-alpha-0","Estado biaxial uniforme","Acciones prescritas","Interfaz: αδ = 0.00",0,"N",122,1.05445967013693,60.4160887656033,-104.241421756431,"kN/m","DE"
"interface-alpha-0","Estado biaxial uniforme","Acciones prescritas","Interfaz: αδ = 0.00",0,"N",123,1.06317421286534,60.9153952843273,-104.404561420274,"kN/m","DE"
"interface-alpha-0","Estado biaxial uniforme","Acciones prescritas","Interfaz: αδ = 0.00",0,"N",124,1.07188875559374,61.4147018030513,-104.565945453734,"kN/m","DE"
"interface-alpha-0","Estado biaxial uniforme","Acciones prescritas","Interfaz: αδ = 0.00",0,"N",125,1.08060329832215,61.9140083217753,-104.725524833938,"kN/m","DE"
"interface-alpha-0","Estado biaxial uniforme","Acciones prescritas","Interfaz: αδ = 0.00",0,"N",126,1.08931784105055,62.4133148404993,-104.883251086202,"kN/m","DE"
"interface-alpha-0","Estado biaxial uniforme","Acciones prescritas","Interfaz: αδ = 0.00",0,"N",127,1.09803238377896,62.9126213592233,-105.039076298758,"kN/m","DE"
"interface-alpha-0","Estado biaxial uniforme","Acciones prescritas","Interfaz: αδ = 0.00",0,"N",128,1.10674692650736,63.4119278779473,-105.192953137311,"kN/m","DE"
"interface-alpha-0","Estado biaxial uniforme","Acciones prescritas","Interfaz: αδ = 0.00",0,"N",129,1.11546146923577,63.9112343966713,-105.34483485941,"kN/m","DE"
"interface-alpha-0","Estado biaxial uniforme","Acciones prescritas","Interfaz: αδ = 0.00",0,"N",130,1.12417601196417,64.4105409153953,-105.494675328655,"kN/m","DE"
"interface-alpha-0","Estado biaxial uniforme","Acciones prescritas","Interfaz: αδ = 0.00",0,"N",131,1.13289055469257,64.9098474341193,-105.642429028707,"kN/m","DE"
"interface-alpha-0","Estado biaxial uniforme","Acciones prescritas","Interfaz: αδ = 0.00",0,"N",132,1.14160509742098,65.4091539528433,-105.788051077113,"kN/m","DE"
"interface-alpha-0","Estado biaxial uniforme","Acciones prescritas","Interfaz: αδ = 0.00",0,"N",133,1.15031964014938,65.9084604715673,-105.931497238944,"kN/m","DE"
"interface-alpha-0","Estado biaxial uniforme","Acciones prescritas","Interfaz: αδ = 0.00",0,"N",134,1.15903418287779,66.4077669902913,-106.072723940229,"kN/m","DE"
"interface-alpha-0","Estado biaxial uniforme","Acciones prescritas","Interfaz: αδ = 0.00",0,"N",135,1.16774872560619,66.9070735090153,-106.211688281193,"kN/m","DE"
"interface-alpha-0","Estado biaxial uniforme","Acciones prescritas","Interfaz: αδ = 0.00",0,"N",136,1.1764632683346,67.4063800277392,-106.348348049287,"kN/m","DE"
"interface-alpha-0","Estado biaxial uniforme","Acciones prescritas","Interfaz: αδ = 0.00",0,"N",137,1.185177811063,67.9056865464632,-106.482661732012,"kN/m","DE"
"interface-alpha-0","Estado biaxial uniforme","Acciones prescritas","Interfaz: αδ = 0.00",0,"N",138,1.19389235379141,68.4049930651872,-106.614588529526,"kN/m","DE"
"interface-alpha-0","Estado biaxial uniforme","Acciones prescritas","Interfaz: αδ = 0.00",0,"N",139,1.20260689651981,68.9042995839112,-106.744088367044,"kN/m","DE"
"interface-alpha-0","Estado biaxial uniforme","Acciones prescritas","Interfaz: αδ = 0.00",0,"N",140,1.21132143924821,69.4036061026352,-106.871121907003,"kN/m","DE"
"interface-alpha-0","Estado biaxial uniforme","Acciones prescritas","Interfaz: αδ = 0.00",0,"N",141,1.22003598197662,69.9029126213592,-106.99565056102,"kN/m","DE"
"interface-alpha-0","Estado biaxial uniforme","Acciones prescritas","Interfaz: αδ = 0.00",0,"N",142,1.22875052470502,70.4022191400832,-107.117636501605,"kN/m","DE"
"interface-alpha-0","Estado biaxial uniforme","Acciones prescritas","Interfaz: αδ = 0.00",0,"N",143,1.23746506743343,70.9015256588072,-107.237042673661,"kN/m","DE"
"interface-alpha-0","Estado biaxial uniforme","Acciones prescritas","Interfaz: αδ = 0.00",0,"N",144,1.24617961016183,71.4008321775312,-107.35383280573,"kN/m","DE"
"interface-alpha-0","Estado biaxial uniforme","Acciones prescritas","Interfaz: αδ = 0.00",0,"N",145,1.25489415289024,71.9001386962552,-107.467971421021,"kN/m","DE"
"interface-alpha-0","Estado biaxial uniforme","Acciones prescritas","Interfaz: αδ = 0.00",0,"N",146,1.26360869561864,72.3994452149792,-107.579423848179,"kN/m","DE"
"interface-alpha-0","Estado biaxial uniforme","Acciones prescritas","Interfaz: αδ = 0.00",0,"N",147,1.27232323834705,72.8987517337032,-107.688156231821,"kN/m","DE"
"interface-alpha-0","Estado biaxial uniforme","Acciones prescritas","Interfaz: αδ = 0.00",0,"N",148,1.28103778107545,73.3980582524272,-107.794135542819,"kN/m","DE"
"interface-alpha-0","Estado biaxial uniforme","Acciones prescritas","Interfaz: αδ = 0.00",0,"N",149,1.28975232380385,73.8973647711512,-107.897329588332,"kN/m","DE"
"interface-alpha-0","Estado biaxial uniforme","Acciones prescritas","Interfaz: αδ = 0.00",0,"N",150,1.29846686653226,74.3966712898752,-107.997707021586,"kN/m","DE"
"interface-alpha-0","Estado biaxial uniforme","Acciones prescritas","Interfaz: αδ = 0.00",0,"N",151,1.30718140926066,74.8959778085992,-108.095237351398,"kN/m","DE"
"interface-alpha-0","Estado biaxial uniforme","Acciones prescritas","Interfaz: αδ = 0.00",0,"N",152,1.31589595198907,75.3952843273232,-108.189890951435,"kN/m","DE"
"interface-alpha-0","Estado biaxial uniforme","Acciones prescritas","Interfaz: αδ = 0.00",0,"N",153,1.32461049471747,75.8945908460472,-108.281639069215,"kN/m","DE"
"interface-alpha-0","Estado biaxial uniforme","Acciones prescritas","Interfaz: αδ = 0.00",0,"N",154,1.33332503744588,76.3938973647712,-108.37045383484,"kN/m","DE"
"interface-alpha-0","Estado biaxial uniforme","Acciones prescritas","Interfaz: αδ = 0.00",0,"N",155,1.34203958017428,76.8932038834951,-108.456308269464,"kN/m","DE"
"interface-alpha-0","Estado biaxial uniforme","Acciones prescritas","Interfaz: αδ = 0.00",0,"N",156,1.35075412290268,77.3925104022191,-108.539176293486,"kN/m","DE"
"interface-alpha-0","Estado biaxial uniforme","Acciones prescritas","Interfaz: αδ = 0.00",0,"N",157,1.35946866563109,77.8918169209431,-108.619032734474,"kN/m","DE"
"interface-alpha-0","Estado biaxial uniforme","Acciones prescritas","Interfaz: αδ = 0.00",0,"N",158,1.36818320835949,78.3911234396671,-108.695853334809,"kN/m","DE"
"interface-alpha-0","Estado biaxial uniforme","Acciones prescritas","Interfaz: αδ = 0.00",0,"N",159,1.3768977510879,78.8904299583911,-108.769614759056,"kN/m","DE"
"interface-alpha-0","Estado biaxial uniforme","Acciones prescritas","Interfaz: αδ = 0.00",0,"N",160,1.3856122938163,79.3897364771151,-108.840294601053,"kN/m","DE"
"interface-alpha-0","Estado biaxial uniforme","Acciones prescritas","Interfaz: αδ = 0.00",0,"N",161,1.39432683654471,79.8890429958391,-108.907871390713,"kN/m","DE"
"interface-alpha-0","Estado biaxial uniforme","Acciones prescritas","Interfaz: αδ = 0.00",0,"N",162,1.40304137927311,80.3883495145631,-108.97232460055,"kN/m","DE"
"interface-alpha-0","Estado biaxial uniforme","Acciones prescritas","Interfaz: αδ = 0.00",0,"N",163,1.41175592200152,80.8876560332871,-109.033634651915,"kN/m","DE"
"interface-alpha-0","Estado biaxial uniforme","Acciones prescritas","Interfaz: αδ = 0.00",0,"N",164,1.42047046472992,81.3869625520111,-109.091782920938,"kN/m","DE"
"interface-alpha-0","Estado biaxial uniforme","Acciones prescritas","Interfaz: αδ = 0.00",0,"N",165,1.42918500745832,81.8862690707351,-109.146751744193,"kN/m","DE"
"interface-alpha-0","Estado biaxial uniforme","Acciones prescritas","Interfaz: αδ = 0.00",0,"N",166,1.43789955018673,82.3855755894591,-109.198524424055,"kN/m","DE"
"interface-alpha-0","Estado biaxial uniforme","Acciones prescritas","Interfaz: αδ = 0.00",0,"N",167,1.44661409291513,82.8848821081831,-109.247085233781,"kN/m","DE"
"interface-alpha-0","Estado biaxial uniforme","Acciones prescritas","Interfaz: αδ = 0.00",0,"N",168,1.45532863564354,83.3841886269071,-109.292419422279,"kN/m","DE"
"interface-alpha-0","Estado biaxial uniforme","Acciones prescritas","Interfaz: αδ = 0.00",0,"N",169,1.46404317837194,83.8834951456311,-109.334513218595,"kN/m","DE"
"interface-alpha-0","Estado biaxial uniforme","Acciones prescritas","Interfaz: αδ = 0.00",0,"N",170,1.47275772110035,84.3828016643551,-109.373353836093,"kN/m","DE"
"interface-alpha-0","Estado biaxial uniforme","Acciones prescritas","Interfaz: αδ = 0.00",0,"N",171,1.48147226382875,84.882108183079,-109.40892947634,"kN/m","DE"
"interface-alpha-0","Estado biaxial uniforme","Acciones prescritas","Interfaz: αδ = 0.00",0,"N",172,1.49018680655716,85.381414701803,-109.44122933269,"kN/m","DE"
"interface-alpha-0","Estado biaxial uniforme","Acciones prescritas","Interfaz: αδ = 0.00",0,"N",173,1.49890134928556,85.880721220527,-109.470243593566,"kN/m","DE"
"interface-alpha-0","Estado biaxial uniforme","Acciones prescritas","Interfaz: αδ = 0.00",0,"N",174,1.50761589201396,86.380027739251,-109.495963445442,"kN/m","DE"
"interface-alpha-0","Estado biaxial uniforme","Acciones prescritas","Interfaz: αδ = 0.00",0,"N",175,1.51633043474237,86.879334257975,-109.518381075519,"kN/m","DE"
"interface-alpha-0","Estado biaxial uniforme","Acciones prescritas","Interfaz: αδ = 0.00",0,"N",176,1.52504497747077,87.378640776699,-109.537489674097,"kN/m","DE"
"interface-alpha-0","Estado biaxial uniforme","Acciones prescritas","Interfaz: αδ = 0.00",0,"N",177,1.53375952019918,87.877947295423,-109.553283436647,"kN/m","DE"
"interface-alpha-0","Estado biaxial uniforme","Acciones prescritas","Interfaz: αδ = 0.00",0,"N",178,1.54247406292758,88.377253814147,-109.565757565571,"kN/m","DE"
"interface-alpha-0","Estado biaxial uniforme","Acciones prescritas","Interfaz: αδ = 0.00",0,"N",179,1.55118860565599,88.876560332871,-109.574908271662,"kN/m","DE"
"interface-alpha-0","Estado biaxial uniforme","Acciones prescritas","Interfaz: αδ = 0.00",0,"N",180,1.55990314838439,89.375866851595,-109.580732775252,"kN/m","DE"
"interface-alpha-0","Estado biaxial uniforme","Acciones prescritas","Interfaz: αδ = 0.00",0,"N",181,1.5686176911128,89.875173370319,-109.583229307059,"kN/m","DE"
"interface-alpha-0","Estado biaxial uniforme","Acciones prescritas","Interfaz: αδ = 0.00",0,"N",182,1.5707963267949,90,-109.583333333333,"kN/m","DE"
"interface-alpha-0","Estado biaxial uniforme","Acciones prescritas","Interfaz: αδ = 0.00",0,"N",183,1.5773322338412,90.374479889043,-109.582397108724,"kN/m","DE"
"interface-alpha-0","Estado biaxial uniforme","Acciones prescritas","Interfaz: αδ = 0.00",0,"N",184,1.5860467765696,90.873786407767,-109.578236433039,"kN/m","DE"
"interface-alpha-0","Estado biaxial uniforme","Acciones prescritas","Interfaz: αδ = 0.00",0,"N",185,1.59476131929801,91.373092926491,-109.570748543872,"kN/m","DE"
"interface-alpha-0","Estado biaxial uniforme","Acciones prescritas","Interfaz: αδ = 0.00",0,"N",186,1.60347586202641,91.872399445215,-109.559935715787,"kN/m","DE"
"interface-alpha-0","Estado biaxial uniforme","Acciones prescritas","Interfaz: αδ = 0.00",0,"N",187,1.61219040475482,92.371705963939,-109.545801233344,"kN/m","DE"
"interface-alpha-0","Estado biaxial uniforme","Acciones prescritas","Interfaz: αδ = 0.00",0,"N",188,1.62090494748322,92.871012482663,-109.528349390109,"kN/m","DE"
"interface-alpha-0","Estado biaxial uniforme","Acciones prescritas","Interfaz: αδ = 0.00",0,"N",189,1.62961949021163,93.370319001387,-109.507585487347,"kN/m","DE"
"interface-alpha-0","Estado biaxial uniforme","Acciones prescritas","Interfaz: αδ = 0.00",0,"N",190,1.63833403294003,93.869625520111,-109.483515832413,"kN/m","DE"
"interface-alpha-0","Estado biaxial uniforme","Acciones prescritas","Interfaz: αδ = 0.00",0,"N",191,1.64704857566844,94.3689320388349,-109.456147736833,"kN/m","DE"
"interface-alpha-0","Estado biaxial uniforme","Acciones prescritas","Interfaz: αδ = 0.00",0,"N",192,1.65576311839684,94.868238557559,-109.425489514084,"kN/m","DE"
"interface-alpha-0","Estado biaxial uniforme","Acciones prescritas","Interfaz: αδ = 0.00",0,"N",193,1.66447766112524,95.367545076283,-109.391550477074,"kN/m","DE"
"interface-alpha-0","Estado biaxial uniforme","Acciones prescritas","Interfaz: αδ = 0.00",0,"N",194,1.67319220385365,95.8668515950069,-109.354340935303,"kN/m","DE"
"interface-alpha-0","Estado biaxial uniforme","Acciones prescritas","Interfaz: αδ = 0.00",0,"N",195,1.68190674658205,96.3661581137309,-109.313872191742,"kN/m","DE"
"interface-alpha-0","Estado biaxial uniforme","Acciones prescritas","Interfaz: αδ = 0.00",0,"N",196,1.69062128931046,96.8654646324549,-109.270156539391,"kN/m","DE"
"interface-alpha-0","Estado biaxial uniforme","Acciones prescritas","Interfaz: αδ = 0.00",0,"N",197,1.69933583203886,97.3647711511789,-109.223207257549,"kN/m","DE"
"interface-alpha-0","Estado biaxial uniforme","Acciones prescritas","Interfaz: αδ = 0.00",0,"N",198,1.70805037476727,97.8640776699029,-109.173038607782,"kN/m","DE"
"interface-alpha-0","Estado biaxial uniforme","Acciones prescritas","Interfaz: αδ = 0.00",0,"N",199,1.71676491749567,98.3633841886269,-109.119665829585,"kN/m","DE"
"interface-alpha-0","Estado biaxial uniforme","Acciones prescritas","Interfaz: αδ = 0.00",0,"N",200,1.72547946022408,98.8626907073509,-109.063105135758,"kN/m","DE"
"interface-alpha-0","Estado biaxial uniforme","Acciones prescritas","Interfaz: αδ = 0.00",0,"N",201,1.73419400295248,99.3619972260749,-109.003373707479,"kN/m","DE"
"interface-alpha-0","Estado biaxial uniforme","Acciones prescritas","Interfaz: αδ = 0.00",0,"N",202,1.74290854568088,99.8613037447989,-108.940489689084,"kN/m","DE"
"interface-alpha-0","Estado biaxial uniforme","Acciones prescritas","Interfaz: αδ = 0.00",0,"N",203,1.75162308840929,100.360610263523,-108.874472182559,"kN/m","DE"
"interface-alpha-0","Estado biaxial uniforme","Acciones prescritas","Interfaz: αδ = 0.00",0,"N",204,1.76033763113769,100.859916782247,-108.805341241734,"kN/m","DE"
"interface-alpha-0","Estado biaxial uniforme","Acciones prescritas","Interfaz: αδ = 0.00",0,"N",205,1.7690521738661,101.359223300971,-108.73311786619,"kN/m","DE"
"interface-alpha-0","Estado biaxial uniforme","Acciones prescritas","Interfaz: αδ = 0.00",0,"N",206,1.7777667165945,101.858529819695,-108.657823994886,"kN/m","DE"
"interface-alpha-0","Estado biaxial uniforme","Acciones prescritas","Interfaz: αδ = 0.00",0,"N",207,1.78648125932291,102.357836338419,-108.579482499489,"kN/m","DE"
"interface-alpha-0","Estado biaxial uniforme","Acciones prescritas","Interfaz: αδ = 0.00",0,"N",208,1.79519580205131,102.857142857143,-108.49811717743,"kN/m","DE"
"interface-alpha-0","Estado biaxial uniforme","Acciones prescritas","Interfaz: αδ = 0.00",0,"N",209,1.80391034477971,103.356449375867,-108.413752744672,"kN/m","DE"
"interface-alpha-0","Estado biaxial uniforme","Acciones prescritas","Interfaz: αδ = 0.00",0,"N",210,1.81262488750812,103.855755894591,-108.326414828206,"kN/m","DE"
"interface-alpha-0","Estado biaxial uniforme","Acciones prescritas","Interfaz: αδ = 0.00",0,"N",211,1.82133943023652,104.355062413315,-108.236129958262,"kN/m","DE"
"interface-alpha-0","Estado biaxial uniforme","Acciones prescritas","Interfaz: αδ = 0.00",0,"N",212,1.83005397296493,104.854368932039,-108.142925560253,"kN/m","DE"
"interface-alpha-0","Estado biaxial uniforme","Acciones prescritas","Interfaz: αδ = 0.00",0,"N",213,1.83876851569333,105.353675450763,-108.046829946445,"kN/m","DE"
"interface-alpha-0","Estado biaxial uniforme","Acciones prescritas","Interfaz: αδ = 0.00",0,"N",214,1.84748305842174,105.852981969487,-107.947872307353,"kN/m","DE"
"interface-alpha-0","Estado biaxial uniforme","Acciones prescritas","Interfaz: αδ = 0.00",0,"N",215,1.85619760115014,106.352288488211,-107.846082702877,"kN/m","DE"
"interface-alpha-0","Estado biaxial uniforme","Acciones prescritas","Interfaz: αδ = 0.00",0,"N",216,1.86491214387855,106.851595006935,-107.74149205317,"kN/m","DE"
"interface-alpha-0","Estado biaxial uniforme","Acciones prescritas","Interfaz: αδ = 0.00",0,"N",217,1.87362668660695,107.350901525659,-107.634132129245,"kN/m","DE"
"interface-alpha-0","Estado biaxial uniforme","Acciones prescritas","Interfaz: αδ = 0.00",0,"N",218,1.88234122933535,107.850208044383,-107.524035543324,"kN/m","DE"
"interface-alpha-0","Estado biaxial uniforme","Acciones prescritas","Interfaz: αδ = 0.00",0,"N",219,1.89105577206376,108.349514563107,-107.411235738935,"kN/m","DE"
"interface-alpha-0","Estado biaxial uniforme","Acciones prescritas","Interfaz: αδ = 0.00",0,"N",220,1.89977031479216,108.848821081831,-107.295766980745,"kN/m","DE"
"interface-alpha-0","Estado biaxial uniforme","Acciones prescritas","Interfaz: αδ = 0.00",0,"N",221,1.90848485752057,109.348127600555,-107.177664344162,"kN/m","DE"
"interface-alpha-0","Estado biaxial uniforme","Acciones prescritas","Interfaz: αδ = 0.00",0,"N",222,1.91719940024897,109.847434119279,-107.056963704671,"kN/m","DE"
"interface-alpha-0","Estado biaxial uniforme","Acciones prescritas","Interfaz: αδ = 0.00",0,"N",223,1.92591394297738,110.346740638003,-106.933701726942,"kN/m","DE"
"interface-alpha-0","Estado biaxial uniforme","Acciones prescritas","Interfaz: αδ = 0.00",0,"N",224,1.93462848570578,110.846047156727,-106.80791585369,"kN/m","DE"
"interface-alpha-0","Estado biaxial uniforme","Acciones prescritas","Interfaz: αδ = 0.00",0,"N",225,1.94334302843419,111.345353675451,-106.679644294302,"kN/m","DE"
"interface-alpha-0","Estado biaxial uniforme","Acciones prescritas","Interfaz: αδ = 0.00",0,"N",226,1.95205757116259,111.844660194175,-106.548926013232,"kN/m","DE"
"interface-alpha-0","Estado biaxial uniforme","Acciones prescritas","Interfaz: αδ = 0.00",0,"N",227,1.96077211389099,112.343966712899,-106.41580071816,"kN/m","DE"
"interface-alpha-0","Estado biaxial uniforme","Acciones prescritas","Interfaz: αδ = 0.00",0,"N",228,1.9694866566194,112.843273231623,-106.280308847937,"kN/m","DE"
"interface-alpha-0","Estado biaxial uniforme","Acciones prescritas","Interfaz: αδ = 0.00",0,"N",229,1.9782011993478,113.342579750347,-106.142491560294,"kN/m","DE"
"interface-alpha-0","Estado biaxial uniforme","Acciones prescritas","Interfaz: αδ = 0.00",0,"N",230,1.98691574207621,113.841886269071,-106.002390719346,"kN/m","DE"
"interface-alpha-0","Estado biaxial uniforme","Acciones prescritas","Interfaz: αδ = 0.00",0,"N",231,1.99563028480461,114.341192787795,-105.860048882871,"kN/m","DE"
"interface-alpha-0","Estado biaxial uniforme","Acciones prescritas","Interfaz: αδ = 0.00",0,"N",232,2.00434482753302,114.840499306519,-105.715509289383,"kN/m","DE"
"interface-alpha-0","Estado biaxial uniforme","Acciones prescritas","Interfaz: αδ = 0.00",0,"N",233,2.01305937026142,115.339805825243,-105.568815845001,"kN/m","DE"
"interface-alpha-0","Estado biaxial uniforme","Acciones prescritas","Interfaz: αδ = 0.00",0,"N",234,2.02177391298983,115.839112343967,-105.420013110107,"kN/m","DE"
"interface-alpha-0","Estado biaxial uniforme","Acciones prescritas","Interfaz: αδ = 0.00",0,"N",235,2.03048845571823,116.338418862691,-105.269146285812,"kN/m","DE"
"interface-alpha-0","Estado biaxial uniforme","Acciones prescritas","Interfaz: αδ = 0.00",0,"N",236,2.03920299844663,116.837725381415,-105.116261200227,"kN/m","DE"
"interface-alpha-0","Estado biaxial uniforme","Acciones prescritas","Interfaz: αδ = 0.00",0,"N",237,2.04791754117504,117.337031900139,-104.961404294541,"kN/m","DE"
"interface-alpha-0","Estado biaxial uniforme","Acciones prescritas","Interfaz: αδ = 0.00",0,"N",238,2.05663208390344,117.836338418863,-104.804622608913,"kN/m","DE"
"interface-alpha-0","Estado biaxial uniforme","Acciones prescritas","Interfaz: αδ = 0.00",0,"N",239,2.06534662663185,118.335644937587,-104.645963768183,"kN/m","DE"
"interface-alpha-0","Estado biaxial uniforme","Acciones prescritas","Interfaz: αδ = 0.00",0,"N",240,2.07406116936025,118.834951456311,-104.485475967406,"kN/m","DE"
"interface-alpha-0","Estado biaxial uniforme","Acciones prescritas","Interfaz: αδ = 0.00",0,"N",241,2.08277571208866,119.334257975035,-104.323207957213,"kN/m","DE"
"interface-alpha-0","Estado biaxial uniforme","Acciones prescritas","Interfaz: αδ = 0.00",0,"N",242,2.09149025481706,119.833564493759,-104.159209028999,"kN/m","DE"
"interface-alpha-0","Estado biaxial uniforme","Acciones prescritas","Interfaz: αδ = 0.00",0,"N",243,2.10020479754546,120.332871012483,-103.993528999952,"kN/m","DE"
"interface-alpha-0","Estado biaxial uniforme","Acciones prescritas","Interfaz: αδ = 0.00",0,"N",244,2.10891934027387,120.832177531207,-103.826218197921,"kN/m","DE"
"interface-alpha-0","Estado biaxial uniforme","Acciones prescritas","Interfaz: αδ = 0.00",0,"N",245,2.11763388300227,121.331484049931,-103.657327446127,"kN/m","DE"
"interface-alpha-0","Estado biaxial uniforme","Acciones prescritas","Interfaz: αδ = 0.00",0,"N",246,2.12634842573068,121.830790568655,-103.486908047726,"kN/m","DE"
"interface-alpha-0","Estado biaxial uniforme","Acciones prescritas","Interfaz: αδ = 0.00",0,"N",247,2.13506296845908,122.330097087379,-103.315011770221,"kN/m","DE"
"interface-alpha-0","Estado biaxial uniforme","Acciones prescritas","Interfaz: αδ = 0.00",0,"N",248,2.14377751118749,122.829403606103,-103.141690829743,"kN/m","DE"
"interface-alpha-0","Estado biaxial uniforme","Acciones prescritas","Interfaz: αδ = 0.00",0,"N",249,2.15249205391589,123.328710124827,-102.966997875184,"kN/m","DE"
"interface-alpha-0","Estado biaxial uniforme","Acciones prescritas","Interfaz: αδ = 0.00",0,"N",250,2.1612065966443,123.828016643551,-102.790985972208,"kN/m","DE"
"interface-alpha-0","Estado biaxial uniforme","Acciones prescritas","Interfaz: αδ = 0.00",0,"N",251,2.1699211393727,124.327323162275,-102.613708587127,"kN/m","DE"
"interface-alpha-0","Estado biaxial uniforme","Acciones prescritas","Interfaz: αδ = 0.00",0,"N",252,2.1786356821011,124.826629680999,-102.435219570665,"kN/m","DE"
"interface-alpha-0","Estado biaxial uniforme","Acciones prescritas","Interfaz: αδ = 0.00",0,"N",253,2.18735022482951,125.325936199723,-102.255573141598,"kN/m","DE"
"interface-alpha-0","Estado biaxial uniforme","Acciones prescritas","Interfaz: αδ = 0.00",0,"N",254,2.19606476755791,125.825242718447,-102.074823870283,"kN/m","DE"
"interface-alpha-0","Estado biaxial uniforme","Acciones prescritas","Interfaz: αδ = 0.00",0,"N",255,2.20477931028632,126.324549237171,-101.89302666208,"kN/m","DE"
"interface-alpha-0","Estado biaxial uniforme","Acciones prescritas","Interfaz: αδ = 0.00",0,"N",256,2.21349385301472,126.823855755895,-101.71023674068,"kN/m","DE"
"interface-alpha-0","Estado biaxial uniforme","Acciones prescritas","Interfaz: αδ = 0.00",0,"N",257,2.22220839574313,127.323162274619,-101.526509631322,"kN/m","DE"
"interface-alpha-0","Estado biaxial uniforme","Acciones prescritas","Interfaz: αδ = 0.00",0,"N",258,2.23092293847153,127.822468793343,-101.341901143934,"kN/m","DE"
"interface-alpha-0","Estado biaxial uniforme","Acciones prescritas","Interfaz: αδ = 0.00",0,"N",259,2.23963748119994,128.321775312067,-101.156467356173,"kN/m","DE"
"interface-alpha-0","Estado biaxial uniforme","Acciones prescritas","Interfaz: αδ = 0.00",0,"N",260,2.24835202392834,128.821081830791,-100.970264596394,"kN/m","DE"
"interface-alpha-0","Estado biaxial uniforme","Acciones prescritas","Interfaz: αδ = 0.00",0,"N",261,2.25706656665674,129.320388349515,-100.783349426542,"kN/m","DE"
"interface-alpha-0","Estado biaxial uniforme","Acciones prescritas","Interfaz: αδ = 0.00",0,"N",262,2.26578110938515,129.819694868239,-100.595778624963,"kN/m","DE"
"interface-alpha-0","Estado biaxial uniforme","Acciones prescritas","Interfaz: αδ = 0.00",0,"N",263,2.27449565211355,130.319001386963,-100.407609169165,"kN/m","DE"
"interface-alpha-0","Estado biaxial uniforme","Acciones prescritas","Interfaz: αδ = 0.00",0,"N",264,2.28321019484196,130.818307905687,-100.218898218504,"kN/m","DE"
"interface-alpha-0","Estado biaxial uniforme","Acciones prescritas","Interfaz: αδ = 0.00",0,"N",265,2.29192473757036,131.317614424411,-100.029703096825,"kN/m","DE"
"interface-alpha-0","Estado biaxial uniforme","Acciones prescritas","Interfaz: αδ = 0.00",0,"N",266,2.30063928029877,131.816920943135,-99.8400812750455,"kN/m","DE"
"interface-alpha-0","Estado biaxial uniforme","Acciones prescritas","Interfaz: αδ = 0.00",0,"N",267,2.30935382302717,132.316227461859,-99.6500903537016,"kN/m","DE"
"interface-alpha-0","Estado biaxial uniforme","Acciones prescritas","Interfaz: αδ = 0.00",0,"N",268,2.31806836575558,132.815533980583,-99.459788045448,"kN/m","DE"
"interface-alpha-0","Estado biaxial uniforme","Acciones prescritas","Interfaz: αδ = 0.00",0,"N",269,2.32678290848398,133.314840499307,-99.2692321575282,"kN/m","DE"
"interface-alpha-0","Estado biaxial uniforme","Acciones prescritas","Interfaz: αδ = 0.00",0,"N",270,2.33549745121238,133.814147018031,-99.0784805742144,"kN/m","DE"
"interface-alpha-0","Estado biaxial uniforme","Acciones prescritas","Interfaz: αδ = 0.00",0,"N",271,2.34421199394079,134.313453536755,-98.8875912392244,"kN/m","DE"
"interface-alpha-0","Estado biaxial uniforme","Acciones prescritas","Interfaz: αδ = 0.00",0,"N",272,2.35292653666919,134.812760055478,-98.6966221381198,"kN/m","DE"
"interface-alpha-0","Estado biaxial uniforme","Acciones prescritas","Interfaz: αδ = 0.00",0,"N",273,2.35619449019234,135,-98.625,"kN/m","DE"
"interface-alpha-0","Estado biaxial uniforme","Acciones prescritas","Interfaz: αδ = 0.00",0,"N",274,2.3616410793976,135.312066574203,-98.5056312806929,"kN/m","DE"
"interface-alpha-0","Estado biaxial uniforme","Acciones prescritas","Interfaz: αδ = 0.00",0,"N",275,2.370355622126,135.811373092926,-98.3146766833443,"kN/m","DE"
"interface-alpha-0","Estado biaxial uniforme","Acciones prescritas","Interfaz: αδ = 0.00",0,"N",276,2.37907016485441,136.31067961165,-98.1238163514604,"kN/m","DE"
"interface-alpha-0","Estado biaxial uniforme","Acciones prescritas","Interfaz: αδ = 0.00",0,"N",277,2.38778470758281,136.809986130374,-97.9331082617931,"kN/m","DE"
"interface-alpha-0","Estado biaxial uniforme","Acciones prescritas","Interfaz: αδ = 0.00",0,"N",278,2.39649925031122,137.309292649098,-97.742610344848,"kN/m","DE"
"interface-alpha-0","Estado biaxial uniforme","Acciones prescritas","Interfaz: αδ = 0.00",0,"N",279,2.40521379303962,137.808599167822,-97.5523804672877,"kN/m","DE"
"interface-alpha-0","Estado biaxial uniforme","Acciones prescritas","Interfaz: αδ = 0.00",0,"N",280,2.41392833576802,138.307905686546,-97.3624764143539,"kN/m","DE"
"interface-alpha-0","Estado biaxial uniforme","Acciones prescritas","Interfaz: αδ = 0.00",0,"N",281,2.42264287849643,138.80721220527,-97.1729558723138,"kN/m","DE"
"interface-alpha-0","Estado biaxial uniforme","Acciones prescritas","Interfaz: αδ = 0.00",0,"N",282,2.43135742122483,139.306518723994,-96.9838764109375,"kN/m","DE"
"interface-alpha-0","Estado biaxial uniforme","Acciones prescritas","Interfaz: αδ = 0.00",0,"N",283,2.44007196395324,139.805825242718,-96.79529546601,"kN/m","DE"
"interface-alpha-0","Estado biaxial uniforme","Acciones prescritas","Interfaz: αδ = 0.00",0,"N",284,2.44878650668164,140.305131761442,-96.6072703218842,"kN/m","DE"
"interface-alpha-0","Estado biaxial uniforme","Acciones prescritas","Interfaz: αδ = 0.00",0,"N",285,2.45750104941005,140.804438280166,-96.4198580940802,"kN/m","DE"
"interface-alpha-0","Estado biaxial uniforme","Acciones prescritas","Interfaz: αδ = 0.00",0,"N",286,2.46621559213845,141.30374479889,-96.2331157119351,"kN/m","DE"
"interface-alpha-0","Estado biaxial uniforme","Acciones prescritas","Interfaz: αδ = 0.00",0,"N",287,2.47493013486686,141.803051317614,-96.0470999013103,"kN/m","DE"
"interface-alpha-0","Estado biaxial uniforme","Acciones prescritas","Interfaz: αδ = 0.00",0,"N",288,2.48364467759526,142.302357836338,-95.8618671673601,"kN/m","DE"
"interface-alpha-0","Estado biaxial uniforme","Acciones prescritas","Interfaz: αδ = 0.00",0,"N",289,2.49235922032366,142.801664355062,-95.6774737773668,"kN/m","DE"
"interface-alpha-0","Estado biaxial uniforme","Acciones prescritas","Interfaz: αδ = 0.00",0,"N",290,2.50107376305207,143.300970873786,-95.4939757436495,"kN/m","DE"
"interface-alpha-0","Estado biaxial uniforme","Acciones prescritas","Interfaz: αδ = 0.00",0,"N",291,2.50978830578047,143.80027739251,-95.311428806549,"kN/m","DE"
"interface-alpha-0","Estado biaxial uniforme","Acciones prescritas","Interfaz: αδ = 0.00",0,"N",292,2.51850284850888,144.299583911234,-95.1298884174959,"kN/m","DE"
"interface-alpha-0","Estado biaxial uniforme","Acciones prescritas","Interfaz: αδ = 0.00",0,"N",293,2.52721739123728,144.798890429958,-94.9494097221663,"kN/m","DE"
"interface-alpha-0","Estado biaxial uniforme","Acciones prescritas","Interfaz: αδ = 0.00",0,"N",294,2.53593193396569,145.298196948682,-94.7700475437309,"kN/m","DE"
"interface-alpha-0","Estado biaxial uniforme","Acciones prescritas","Interfaz: αδ = 0.00",0,"N",295,2.54464647669409,145.797503467406,-94.5918563662009,"kN/m","DE"
"interface-alpha-0","Estado biaxial uniforme","Acciones prescritas","Interfaz: αδ = 0.00",0,"N",296,2.55336101942249,146.29680998613,-94.4148903178781,"kN/m","DE"
"interface-alpha-0","Estado biaxial uniforme","Acciones prescritas","Interfaz: αδ = 0.00",0,"N",297,2.5620755621509,146.796116504854,-94.2392031549127,"kN/m","DE"
"interface-alpha-0","Estado biaxial uniforme","Acciones prescritas","Interfaz: αδ = 0.00",0,"N",298,2.5707901048793,147.295423023578,-94.0648482449737,"kN/m","DE"
"interface-alpha-0","Estado biaxial uniforme","Acciones prescritas","Interfaz: αδ = 0.00",0,"N",299,2.57950464760771,147.794729542302,-93.8918785510379,"kN/m","DE"
"interface-alpha-0","Estado biaxial uniforme","Acciones prescritas","Interfaz: αδ = 0.00",0,"N",300,2.58821919033611,148.294036061026,-93.7203466153014,"kN/m","DE"
"interface-alpha-0","Estado biaxial uniforme","Acciones prescritas","Interfaz: αδ = 0.00",0,"N",301,2.59693373306452,148.79334257975,-93.5503045432193,"kN/m","DE"
"interface-alpha-0","Estado biaxial uniforme","Acciones prescritas","Interfaz: αδ = 0.00",0,"N",302,2.60564827579292,149.292649098474,-93.3818039876779,"kN/m","DE"
"interface-alpha-0","Estado biaxial uniforme","Acciones prescritas","Interfaz: αδ = 0.00",0,"N",303,2.61436281852133,149.791955617198,-93.214896133304,"kN/m","DE"
"interface-alpha-0","Estado biaxial uniforme","Acciones prescritas","Interfaz: αδ = 0.00",0,"N",304,2.62307736124973,150.291262135922,-93.0496316809169,"kN/m","DE"
"interface-alpha-0","Estado biaxial uniforme","Acciones prescritas","Interfaz: αδ = 0.00",0,"N",305,2.63179190397813,150.790568654646,-92.8860608321278,"kN/m","DE"
"interface-alpha-0","Estado biaxial uniforme","Acciones prescritas","Interfaz: αδ = 0.00",0,"N",306,2.64050644670654,151.28987517337,-92.7242332740893,"kN/m","DE"
"interface-alpha-0","Estado biaxial uniforme","Acciones prescritas","Interfaz: αδ = 0.00",0,"N",307,2.64922098943494,151.789181692094,-92.5641981644033,"kN/m","DE"
"interface-alpha-0","Estado biaxial uniforme","Acciones prescritas","Interfaz: αδ = 0.00",0,"N",308,2.65793553216335,152.288488210818,-92.4060041161875,"kN/m","DE"
"interface-alpha-0","Estado biaxial uniforme","Acciones prescritas","Interfaz: αδ = 0.00",0,"N",309,2.66665007489175,152.787794729542,-92.2496991833092,"kN/m","DE"
"interface-alpha-0","Estado biaxial uniforme","Acciones prescritas","Interfaz: αδ = 0.00",0,"N",310,2.67536461762016,153.287101248266,-92.0953308457881,"kN/m","DE"
"interface-alpha-0","Estado biaxial uniforme","Acciones prescritas","Interfaz: αδ = 0.00",0,"N",311,2.68407916034856,153.78640776699,-91.942945995373,"kN/m","DE"
"interface-alpha-0","Estado biaxial uniforme","Acciones prescritas","Interfaz: αδ = 0.00",0,"N",312,2.69279370307697,154.285714285714,-91.7925909212985,"kN/m","DE"
"interface-alpha-0","Estado biaxial uniforme","Acciones prescritas","Interfaz: αδ = 0.00",0,"N",313,2.70150824580537,154.785020804438,-91.644311296223,"kN/m","DE"
"interface-alpha-0","Estado biaxial uniforme","Acciones prescritas","Interfaz: αδ = 0.00",0,"N",314,2.71022278853377,155.284327323162,-91.498152162356,"kN/m","DE"
"interface-alpha-0","Estado biaxial uniforme","Acciones prescritas","Interfaz: αδ = 0.00",0,"N",315,2.71893733126218,155.783633841886,-91.354157917775,"kN/m","DE"
"interface-alpha-0","Estado biaxial uniforme","Acciones prescritas","Interfaz: αδ = 0.00",0,"N",316,2.72765187399058,156.28294036061,-91.2123723029392,"kN/m","DE"
"interface-alpha-0","Estado biaxial uniforme","Acciones prescritas","Interfaz: αδ = 0.00",0,"N",317,2.73636641671899,156.782246879334,-91.0728383874028,"kN/m","DE"
"interface-alpha-0","Estado biaxial uniforme","Acciones prescritas","Interfaz: αδ = 0.00",0,"N",318,2.74508095944739,157.281553398058,-90.9355985567315,"kN/m","DE"
"interface-alpha-0","Estado biaxial uniforme","Acciones prescritas","Interfaz: αδ = 0.00",0,"N",319,2.7537955021758,157.780859916782,-90.800694499628,"kN/m","DE"
"interface-alpha-0","Estado biaxial uniforme","Acciones prescritas","Interfaz: αδ = 0.00",0,"N",320,2.7625100449042,158.280166435506,-90.6681671952675,"kN/m","DE"
"interface-alpha-0","Estado biaxial uniforme","Acciones prescritas","Interfaz: αδ = 0.00",0,"N",321,2.77122458763261,158.77947295423,-90.5380569008506,"kN/m","DE"
"interface-alpha-0","Estado biaxial uniforme","Acciones prescritas","Interfaz: αδ = 0.00",0,"N",322,2.77993913036101,159.278779472954,-90.4104031393738,"kN/m","DE"
"interface-alpha-0","Estado biaxial uniforme","Acciones prescritas","Interfaz: αδ = 0.00",0,"N",323,2.78865367308941,159.778085991678,-90.2852446876239,"kN/m","DE"
"interface-alpha-0","Estado biaxial uniforme","Acciones prescritas","Interfaz: αδ = 0.00",0,"N",324,2.79736821581782,160.277392510402,-90.1626195643995,"kN/m","DE"
"interface-alpha-0","Estado biaxial uniforme","Acciones prescritas","Interfaz: αδ = 0.00",0,"N",325,2.80608275854622,160.776699029126,-90.0425650189615,"kN/m","DE"
"interface-alpha-0","Estado biaxial uniforme","Acciones prescritas","Interfaz: αδ = 0.00",0,"N",326,2.81479730127463,161.27600554785,-89.9251175197186,"kN/m","DE"
"interface-alpha-0","Estado biaxial uniforme","Acciones prescritas","Interfaz: αδ = 0.00",0,"N",327,2.82351184400303,161.775312066574,-89.8103127431491,"kN/m","DE"
"interface-alpha-0","Estado biaxial uniforme","Acciones prescritas","Interfaz: αδ = 0.00",0,"N",328,2.83222638673144,162.274618585298,-89.6981855629641,"kN/m","DE"
"interface-alpha-0","Estado biaxial uniforme","Acciones prescritas","Interfaz: αδ = 0.00",0,"N",329,2.84094092945984,162.773925104022,-89.5887700395131,"kN/m","DE"
"interface-alpha-0","Estado biaxial uniforme","Acciones prescritas","Interfaz: αδ = 0.00",0,"N",330,2.84965547218825,163.273231622746,-89.482099409439,"kN/m","DE"
"interface-alpha-0","Estado biaxial uniforme","Acciones prescritas","Interfaz: αδ = 0.00",0,"N",331,2.85837001491665,163.77253814147,-89.3782060755809,"kN/m","DE"
"interface-alpha-0","Estado biaxial uniforme","Acciones prescritas","Interfaz: αδ = 0.00",0,"N",332,2.86708455764505,164.271844660194,-89.2771215971316,"kN/m","DE"
"interface-alpha-0","Estado biaxial uniforme","Acciones prescritas","Interfaz: αδ = 0.00",0,"N",333,2.87579910037346,164.771151178918,-89.1788766800512,"kN/m","DE"
"interface-alpha-0","Estado biaxial uniforme","Acciones prescritas","Interfaz: αδ = 0.00",0,"N",334,2.88451364310186,165.270457697642,-89.0835011677391,"kN/m","DE"
"interface-alpha-0","Estado biaxial uniforme","Acciones prescritas","Interfaz: αδ = 0.00",0,"N",335,2.89322818583027,165.769764216366,-88.9910240319695,"kN/m","DE"
"interface-alpha-0","Estado biaxial uniforme","Acciones prescritas","Interfaz: αδ = 0.00",0,"N",336,2.90194272855867,166.26907073509,-88.9014733640901,"kN/m","DE"
"interface-alpha-0","Estado biaxial uniforme","Acciones prescritas","Interfaz: αδ = 0.00",0,"N",337,2.91065727128708,166.768377253814,-88.814876366489,"kN/m","DE"
"interface-alpha-0","Estado biaxial uniforme","Acciones prescritas","Interfaz: αδ = 0.00",0,"N",338,2.91937181401548,167.267683772538,-88.7312593443316,"kN/m","DE"
"interface-alpha-0","Estado biaxial uniforme","Acciones prescritas","Interfaz: αδ = 0.00",0,"N",339,2.92808635674389,167.766990291262,-88.6506476975706,"kN/m","DE"
"interface-alpha-0","Estado biaxial uniforme","Acciones prescritas","Interfaz: αδ = 0.00",0,"N",340,2.93680089947229,168.266296809986,-88.5730659132292,"kN/m","DE"
"interface-alpha-0","Estado biaxial uniforme","Acciones prescritas","Interfaz: αδ = 0.00",0,"N",341,2.94551544220069,168.76560332871,-88.4985375579638,"kN/m","DE"
"interface-alpha-0","Estado biaxial uniforme","Acciones prescritas","Interfaz: αδ = 0.00",0,"N",342,2.9542299849291,169.264909847434,-88.4270852709049,"kN/m","DE"
"interface-alpha-0","Estado biaxial uniforme","Acciones prescritas","Interfaz: αδ = 0.00",0,"N",343,2.9629445276575,169.764216366158,-88.3587307567801,"kN/m","DE"
"interface-alpha-0","Estado biaxial uniforme","Acciones prescritas","Interfaz: αδ = 0.00",0,"N",344,2.97165907038591,170.263522884882,-88.2934947793208,"kN/m","DE"
"interface-alpha-0","Estado biaxial uniforme","Acciones prescritas","Interfaz: αδ = 0.00",0,"N",345,2.98037361311431,170.762829403606,-88.2313971549553,"kN/m","DE"
"interface-alpha-0","Estado biaxial uniforme","Acciones prescritas","Interfaz: αδ = 0.00",0,"N",346,2.98908815584272,171.26213592233,-88.172456746789,"kN/m","DE"
"interface-alpha-0","Estado biaxial uniforme","Acciones prescritas","Interfaz: αδ = 0.00",0,"N",347,2.99780269857112,171.761442441054,-88.1166914588744,"kN/m","DE"
"interface-alpha-0","Estado biaxial uniforme","Acciones prescritas","Interfaz: αδ = 0.00",0,"N",348,3.00651724129952,172.260748959778,-88.0641182307726,"kN/m","DE"
"interface-alpha-0","Estado biaxial uniforme","Acciones prescritas","Interfaz: αδ = 0.00",0,"N",349,3.01523178402793,172.760055478502,-88.0147530324076,"kN/m","DE"
"interface-alpha-0","Estado biaxial uniforme","Acciones prescritas","Interfaz: αδ = 0.00",0,"N",350,3.02394632675633,173.259361997226,-87.9686108592152,"kN/m","DE"
"interface-alpha-0","Estado biaxial uniforme","Acciones prescritas","Interfaz: αδ = 0.00",0,"N",351,3.03266086948474,173.75866851595,-87.9257057275878,"kN/m","DE"
"interface-alpha-0","Estado biaxial uniforme","Acciones prescritas","Interfaz: αδ = 0.00",0,"N",352,3.04137541221314,174.257975034674,-87.8860506706169,"kN/m","DE"
"interface-alpha-0","Estado biaxial uniforme","Acciones prescritas","Interfaz: αδ = 0.00",0,"N",353,3.05008995494155,174.757281553398,-87.849657734134,"kN/m","DE"
"interface-alpha-0","Estado biaxial uniforme","Acciones prescritas","Interfaz: αδ = 0.00",0,"N",354,3.05880449766995,175.256588072122,-87.8165379730515,"kN/m","DE"
"interface-alpha-0","Estado biaxial uniforme","Acciones prescritas","Interfaz: αδ = 0.00",0,"N",355,3.06751904039836,175.755894590846,-87.7867014480044,"kN/m","DE"
"interface-alpha-0","Estado biaxial uniforme","Acciones prescritas","Interfaz: αδ = 0.00",0,"N",356,3.07623358312676,176.25520110957,-87.7601572222947,"kN/m","DE"
"interface-alpha-0","Estado biaxial uniforme","Acciones prescritas","Interfaz: αδ = 0.00",0,"N",357,3.08494812585516,176.754507628294,-87.7369133591378,"kN/m","DE"
"interface-alpha-0","Estado biaxial uniforme","Acciones prescritas","Interfaz: αδ = 0.00",0,"N",358,3.09366266858357,177.253814147018,-87.7169769192137,"kN/m","DE"
"interface-alpha-0","Estado biaxial uniforme","Acciones prescritas","Interfaz: αδ = 0.00",0,"N",359,3.10237721131197,177.753120665742,-87.7003539585214,"kN/m","DE"
"interface-alpha-0","Estado biaxial uniforme","Acciones prescritas","Interfaz: αδ = 0.00",0,"N",360,3.11109175404038,178.252427184466,-87.6870495265402,"kN/m","DE"
"interface-alpha-0","Estado biaxial uniforme","Acciones prescritas","Interfaz: αδ = 0.00",0,"N",361,3.11980629676878,178.75173370319,-87.6770676646951,"kN/m","DE"
"interface-alpha-0","Estado biaxial uniforme","Acciones prescritas","Interfaz: αδ = 0.00",0,"N",362,3.12852083949719,179.251040221914,-87.6704114051297,"kN/m","DE"
"interface-alpha-0","Estado biaxial uniforme","Acciones prescritas","Interfaz: αδ = 0.00",0,"N",363,3.13723538222559,179.750346740638,-87.6670827697851,"kN/m","DE"
"interface-alpha-0","Estado biaxial uniforme","Acciones prescritas","Interfaz: αδ = 0.00",0,"N",364,3.14159265358979,180,-87.6666666666673,"kN/m","DE"
"interface-alpha-0","Estado biaxial uniforme","Acciones prescritas","Interfaz: αδ = 0.00",0,"N",365,3.145949924954,180.249653259362,-87.6670827697852,"kN/m","DE"
"interface-alpha-0","Estado biaxial uniforme","Acciones prescritas","Interfaz: αδ = 0.00",0,"N",366,3.1546644676824,180.748959778086,-87.6704114051299,"kN/m","DE"
"interface-alpha-0","Estado biaxial uniforme","Acciones prescritas","Interfaz: αδ = 0.00",0,"N",367,3.1633790104108,181.24826629681,-87.6770676646952,"kN/m","DE"
"interface-alpha-0","Estado biaxial uniforme","Acciones prescritas","Interfaz: αδ = 0.00",0,"N",368,3.17209355313921,181.747572815534,-87.6870495265403,"kN/m","DE"
"interface-alpha-0","Estado biaxial uniforme","Acciones prescritas","Interfaz: αδ = 0.00",0,"N",369,3.18080809586761,182.246879334258,-87.7003539585216,"kN/m","DE"
"interface-alpha-0","Estado biaxial uniforme","Acciones prescritas","Interfaz: αδ = 0.00",0,"N",370,3.18952263859602,182.746185852982,-87.716976919214,"kN/m","DE"
"interface-alpha-0","Estado biaxial uniforme","Acciones prescritas","Interfaz: αδ = 0.00",0,"N",371,3.19823718132442,183.245492371706,-87.7369133591381,"kN/m","DE"
"interface-alpha-0","Estado biaxial uniforme","Acciones prescritas","Interfaz: αδ = 0.00",0,"N",372,3.20695172405283,183.74479889043,-87.760157222295,"kN/m","DE"
"interface-alpha-0","Estado biaxial uniforme","Acciones prescritas","Interfaz: αδ = 0.00",0,"N",373,3.21566626678123,184.244105409154,-87.7867014480047,"kN/m","DE"
"interface-alpha-0","Estado biaxial uniforme","Acciones prescritas","Interfaz: αδ = 0.00",0,"N",374,3.22438080950963,184.743411927878,-87.8165379730518,"kN/m","DE"
"interface-alpha-0","Estado biaxial uniforme","Acciones prescritas","Interfaz: αδ = 0.00",0,"N",375,3.23309535223804,185.242718446602,-87.8496577341343,"kN/m","DE"
"interface-alpha-0","Estado biaxial uniforme","Acciones prescritas","Interfaz: αδ = 0.00",0,"N",376,3.24180989496644,185.742024965326,-87.8860506706173,"kN/m","DE"
"interface-alpha-0","Estado biaxial uniforme","Acciones prescritas","Interfaz: αδ = 0.00",0,"N",377,3.25052443769485,186.24133148405,-87.9257057275882,"kN/m","DE"
"interface-alpha-0","Estado biaxial uniforme","Acciones prescritas","Interfaz: αδ = 0.00",0,"N",378,3.25923898042325,186.740638002774,-87.9686108592156,"kN/m","DE"
"interface-alpha-0","Estado biaxial uniforme","Acciones prescritas","Interfaz: αδ = 0.00",0,"N",379,3.26795352315166,187.239944521498,-88.014753032408,"kN/m","DE"
"interface-alpha-0","Estado biaxial uniforme","Acciones prescritas","Interfaz: αδ = 0.00",0,"N",380,3.27666806588006,187.739251040222,-88.064118230773,"kN/m","DE"
"interface-alpha-0","Estado biaxial uniforme","Acciones prescritas","Interfaz: αδ = 0.00",0,"N",381,3.28538260860847,188.238557558946,-88.1166914588749,"kN/m","DE"
"interface-alpha-0","Estado biaxial uniforme","Acciones prescritas","Interfaz: αδ = 0.00",0,"N",382,3.29409715133687,188.73786407767,-88.1724567467895,"kN/m","DE"
"interface-alpha-0","Estado biaxial uniforme","Acciones prescritas","Interfaz: αδ = 0.00",0,"N",383,3.30281169406527,189.237170596394,-88.2313971549558,"kN/m","DE"
"interface-alpha-0","Estado biaxial uniforme","Acciones prescritas","Interfaz: αδ = 0.00",0,"N",384,3.31152623679368,189.736477115118,-88.2934947793213,"kN/m","DE"
"interface-alpha-0","Estado biaxial uniforme","Acciones prescritas","Interfaz: αδ = 0.00",0,"N",385,3.32024077952208,190.235783633842,-88.3587307567806,"kN/m","DE"
"interface-alpha-0","Estado biaxial uniforme","Acciones prescritas","Interfaz: αδ = 0.00",0,"N",386,3.32895532225049,190.735090152566,-88.4270852709054,"kN/m","DE"
"interface-alpha-0","Estado biaxial uniforme","Acciones prescritas","Interfaz: αδ = 0.00",0,"N",387,3.33766986497889,191.23439667129,-88.4985375579643,"kN/m","DE"
"interface-alpha-0","Estado biaxial uniforme","Acciones prescritas","Interfaz: αδ = 0.00",0,"N",388,3.3463844077073,191.733703190014,-88.5730659132297,"kN/m","DE"
"interface-alpha-0","Estado biaxial uniforme","Acciones prescritas","Interfaz: αδ = 0.00",0,"N",389,3.3550989504357,192.233009708738,-88.6506476975711,"kN/m","DE"
"interface-alpha-0","Estado biaxial uniforme","Acciones prescritas","Interfaz: αδ = 0.00",0,"N",390,3.36381349316411,192.732316227462,-88.7312593443322,"kN/m","DE"
"interface-alpha-0","Estado biaxial uniforme","Acciones prescritas","Interfaz: αδ = 0.00",0,"N",391,3.37252803589251,193.231622746186,-88.8148763664895,"kN/m","DE"
"interface-alpha-0","Estado biaxial uniforme","Acciones prescritas","Interfaz: αδ = 0.00",0,"N",392,3.38124257862091,193.73092926491,-88.9014733640906,"kN/m","DE"
"interface-alpha-0","Estado biaxial uniforme","Acciones prescritas","Interfaz: αδ = 0.00",0,"N",393,3.38995712134932,194.230235783634,-88.9910240319701,"kN/m","DE"
"interface-alpha-0","Estado biaxial uniforme","Acciones prescritas","Interfaz: αδ = 0.00",0,"N",394,3.39867166407772,194.729542302358,-89.0835011677397,"kN/m","DE"
"interface-alpha-0","Estado biaxial uniforme","Acciones prescritas","Interfaz: αδ = 0.00",0,"N",395,3.40738620680613,195.228848821082,-89.1788766800517,"kN/m","DE"
"interface-alpha-0","Estado biaxial uniforme","Acciones prescritas","Interfaz: αδ = 0.00",0,"N",396,3.41610074953453,195.728155339806,-89.2771215971322,"kN/m","DE"
"interface-alpha-0","Estado biaxial uniforme","Acciones prescritas","Interfaz: αδ = 0.00",0,"N",397,3.42481529226294,196.22746185853,-89.3782060755815,"kN/m","DE"
"interface-alpha-0","Estado biaxial uniforme","Acciones prescritas","Interfaz: αδ = 0.00",0,"N",398,3.43352983499134,196.726768377254,-89.4820994094396,"kN/m","DE"
"interface-alpha-0","Estado biaxial uniforme","Acciones prescritas","Interfaz: αδ = 0.00",0,"N",399,3.44224437771975,197.226074895978,-89.5887700395137,"kN/m","DE"
"interface-alpha-0","Estado biaxial uniforme","Acciones prescritas","Interfaz: αδ = 0.00",0,"N",400,3.45095892044815,197.725381414702,-89.6981855629646,"kN/m","DE"
"interface-alpha-0","Estado biaxial uniforme","Acciones prescritas","Interfaz: αδ = 0.00",0,"N",401,3.45967346317655,198.224687933426,-89.8103127431497,"kN/m","DE"
"interface-alpha-0","Estado biaxial uniforme","Acciones prescritas","Interfaz: αδ = 0.00",0,"N",402,3.46838800590496,198.72399445215,-89.9251175197192,"kN/m","DE"
"interface-alpha-0","Estado biaxial uniforme","Acciones prescritas","Interfaz: αδ = 0.00",0,"N",403,3.47710254863336,199.223300970874,-90.0425650189621,"kN/m","DE"
"interface-alpha-0","Estado biaxial uniforme","Acciones prescritas","Interfaz: αδ = 0.00",0,"N",404,3.48581709136177,199.722607489598,-90.1626195644002,"kN/m","DE"
"interface-alpha-0","Estado biaxial uniforme","Acciones prescritas","Interfaz: αδ = 0.00",0,"N",405,3.49453163409017,200.221914008322,-90.2852446876246,"kN/m","DE"
"interface-alpha-0","Estado biaxial uniforme","Acciones prescritas","Interfaz: αδ = 0.00",0,"N",406,3.50324617681858,200.721220527046,-90.4104031393744,"kN/m","DE"
"interface-alpha-0","Estado biaxial uniforme","Acciones prescritas","Interfaz: αδ = 0.00",0,"N",407,3.51196071954698,201.22052704577,-90.5380569008513,"kN/m","DE"
"interface-alpha-0","Estado biaxial uniforme","Acciones prescritas","Interfaz: αδ = 0.00",0,"N",408,3.52067526227539,201.719833564494,-90.6681671952682,"kN/m","DE"
"interface-alpha-0","Estado biaxial uniforme","Acciones prescritas","Interfaz: αδ = 0.00",0,"N",409,3.52938980500379,202.219140083218,-90.8006944996286,"kN/m","DE"
"interface-alpha-0","Estado biaxial uniforme","Acciones prescritas","Interfaz: αδ = 0.00",0,"N",410,3.53810434773219,202.718446601942,-90.9355985567322,"kN/m","DE"
"interface-alpha-0","Estado biaxial uniforme","Acciones prescritas","Interfaz: αδ = 0.00",0,"N",411,3.5468188904606,203.217753120666,-91.0728383874035,"kN/m","DE"
"interface-alpha-0","Estado biaxial uniforme","Acciones prescritas","Interfaz: αδ = 0.00",0,"N",412,3.555533433189,203.71705963939,-91.2123723029399,"kN/m","DE"
"interface-alpha-0","Estado biaxial uniforme","Acciones prescritas","Interfaz: αδ = 0.00",0,"N",413,3.56424797591741,204.216366158114,-91.3541579177757,"kN/m","DE"
"interface-alpha-0","Estado biaxial uniforme","Acciones prescritas","Interfaz: αδ = 0.00",0,"N",414,3.57296251864581,204.715672676838,-91.4981521623568,"kN/m","DE"
"interface-alpha-0","Estado biaxial uniforme","Acciones prescritas","Interfaz: αδ = 0.00",0,"N",415,3.58167706137422,205.214979195562,-91.6443112962238,"kN/m","DE"
"interface-alpha-0","Estado biaxial uniforme","Acciones prescritas","Interfaz: αδ = 0.00",0,"N",416,3.59039160410262,205.714285714286,-91.7925909212992,"kN/m","DE"
"interface-alpha-0","Estado biaxial uniforme","Acciones prescritas","Interfaz: αδ = 0.00",0,"N",417,3.59910614683103,206.21359223301,-91.9429459953738,"kN/m","DE"
"interface-alpha-0","Estado biaxial uniforme","Acciones prescritas","Interfaz: αδ = 0.00",0,"N",418,3.60782068955943,206.712898751734,-92.0953308457888,"kN/m","DE"
"interface-alpha-0","Estado biaxial uniforme","Acciones prescritas","Interfaz: αδ = 0.00",0,"N",419,3.61653523228783,207.212205270458,-92.24969918331,"kN/m","DE"
"interface-alpha-0","Estado biaxial uniforme","Acciones prescritas","Interfaz: αδ = 0.00",0,"N",420,3.62524977501624,207.711511789182,-92.4060041161883,"kN/m","DE"
"interface-alpha-0","Estado biaxial uniforme","Acciones prescritas","Interfaz: αδ = 0.00",0,"N",421,3.63396431774464,208.210818307906,-92.564198164404,"kN/m","DE"
"interface-alpha-0","Estado biaxial uniforme","Acciones prescritas","Interfaz: αδ = 0.00",0,"N",422,3.64267886047305,208.71012482663,-92.7242332740901,"kN/m","DE"
"interface-alpha-0","Estado biaxial uniforme","Acciones prescritas","Interfaz: αδ = 0.00",0,"N",423,3.65139340320145,209.209431345354,-92.8860608321286,"kN/m","DE"
"interface-alpha-0","Estado biaxial uniforme","Acciones prescritas","Interfaz: αδ = 0.00",0,"N",424,3.66010794592986,209.708737864078,-93.0496316809177,"kN/m","DE"
"interface-alpha-0","Estado biaxial uniforme","Acciones prescritas","Interfaz: αδ = 0.00",0,"N",425,3.66882248865826,210.208044382802,-93.2148961333048,"kN/m","DE"
"interface-alpha-0","Estado biaxial uniforme","Acciones prescritas","Interfaz: αδ = 0.00",0,"N",426,3.67753703138666,210.707350901526,-93.3818039876788,"kN/m","DE"
"interface-alpha-0","Estado biaxial uniforme","Acciones prescritas","Interfaz: αδ = 0.00",0,"N",427,3.68625157411507,211.20665742025,-93.5503045432202,"kN/m","DE"
"interface-alpha-0","Estado biaxial uniforme","Acciones prescritas","Interfaz: αδ = 0.00",0,"N",428,3.69496611684347,211.705963938974,-93.7203466153023,"kN/m","DE"
"interface-alpha-0","Estado biaxial uniforme","Acciones prescritas","Interfaz: αδ = 0.00",0,"N",429,3.70368065957188,212.205270457698,-93.8918785510388,"kN/m","DE"
"interface-alpha-0","Estado biaxial uniforme","Acciones prescritas","Interfaz: αδ = 0.00",0,"N",430,3.71239520230028,212.704576976422,-94.0648482449746,"kN/m","DE"
"interface-alpha-0","Estado biaxial uniforme","Acciones prescritas","Interfaz: αδ = 0.00",0,"N",431,3.72110974502869,213.203883495146,-94.2392031549136,"kN/m","DE"
"interface-alpha-0","Estado biaxial uniforme","Acciones prescritas","Interfaz: αδ = 0.00",0,"N",432,3.72982428775709,213.70319001387,-94.414890317879,"kN/m","DE"
"interface-alpha-0","Estado biaxial uniforme","Acciones prescritas","Interfaz: αδ = 0.00",0,"N",433,3.7385388304855,214.202496532594,-94.5918563662018,"kN/m","DE"
"interface-alpha-0","Estado biaxial uniforme","Acciones prescritas","Interfaz: αδ = 0.00",0,"N",434,3.7472533732139,214.701803051318,-94.7700475437318,"kN/m","DE"
"interface-alpha-0","Estado biaxial uniforme","Acciones prescritas","Interfaz: αδ = 0.00",0,"N",435,3.7559679159423,215.201109570042,-94.9494097221673,"kN/m","DE"
"interface-alpha-0","Estado biaxial uniforme","Acciones prescritas","Interfaz: αδ = 0.00",0,"N",436,3.76468245867071,215.700416088766,-95.1298884174968,"kN/m","DE"
"interface-alpha-0","Estado biaxial uniforme","Acciones prescritas","Interfaz: αδ = 0.00",0,"N",437,3.77339700139911,216.19972260749,-95.31142880655,"kN/m","DE"
"interface-alpha-0","Estado biaxial uniforme","Acciones prescritas","Interfaz: αδ = 0.00",0,"N",438,3.78211154412752,216.699029126214,-95.4939757436505,"kN/m","DE"
"interface-alpha-0","Estado biaxial uniforme","Acciones prescritas","Interfaz: αδ = 0.00",0,"N",439,3.79082608685592,217.198335644938,-95.6774737773678,"kN/m","DE"
"interface-alpha-0","Estado biaxial uniforme","Acciones prescritas","Interfaz: αδ = 0.00",0,"N",440,3.79954062958433,217.697642163662,-95.8618671673611,"kN/m","DE"
"interface-alpha-0","Estado biaxial uniforme","Acciones prescritas","Interfaz: αδ = 0.00",0,"N",441,3.80825517231273,218.196948682386,-96.0470999013114,"kN/m","DE"
"interface-alpha-0","Estado biaxial uniforme","Acciones prescritas","Interfaz: αδ = 0.00",0,"N",442,3.81696971504114,218.69625520111,-96.2331157119361,"kN/m","DE"
"interface-alpha-0","Estado biaxial uniforme","Acciones prescritas","Interfaz: αδ = 0.00",0,"N",443,3.82568425776954,219.195561719834,-96.4198580940812,"kN/m","DE"
"interface-alpha-0","Estado biaxial uniforme","Acciones prescritas","Interfaz: αδ = 0.00",0,"N",444,3.83439880049794,219.694868238558,-96.6072703218853,"kN/m","DE"
"interface-alpha-0","Estado biaxial uniforme","Acciones prescritas","Interfaz: αδ = 0.00",0,"N",445,3.84311334322635,220.194174757282,-96.7952954660111,"kN/m","DE"
"interface-alpha-0","Estado biaxial uniforme","Acciones prescritas","Interfaz: αδ = 0.00",0,"N",446,3.85182788595475,220.693481276006,-96.9838764109386,"kN/m","DE"
"interface-alpha-0","Estado biaxial uniforme","Acciones prescritas","Interfaz: αδ = 0.00",0,"N",447,3.86054242868316,221.19278779473,-97.1729558723149,"kN/m","DE"
"interface-alpha-0","Estado biaxial uniforme","Acciones prescritas","Interfaz: αδ = 0.00",0,"N",448,3.86925697141156,221.692094313454,-97.362476414355,"kN/m","DE"
"interface-alpha-0","Estado biaxial uniforme","Acciones prescritas","Interfaz: αδ = 0.00",0,"N",449,3.87797151413997,222.191400832178,-97.5523804672887,"kN/m","DE"
"interface-alpha-0","Estado biaxial uniforme","Acciones prescritas","Interfaz: αδ = 0.00",0,"N",450,3.88668605686837,222.690707350902,-97.742610344849,"kN/m","DE"
"interface-alpha-0","Estado biaxial uniforme","Acciones prescritas","Interfaz: αδ = 0.00",0,"N",451,3.89540059959677,223.190013869625,-97.9331082617941,"kN/m","DE"
"interface-alpha-0","Estado biaxial uniforme","Acciones prescritas","Interfaz: αδ = 0.00",0,"N",452,3.90411514232518,223.68932038835,-98.1238163514615,"kN/m","DE"
"interface-alpha-0","Estado biaxial uniforme","Acciones prescritas","Interfaz: αδ = 0.00",0,"N",453,3.91282968505358,224.188626907074,-98.3146766833453,"kN/m","DE"
"interface-alpha-0","Estado biaxial uniforme","Acciones prescritas","Interfaz: αδ = 0.00",0,"N",454,3.92154422778199,224.687933425798,-98.5056312806939,"kN/m","DE"
"interface-alpha-0","Estado biaxial uniforme","Acciones prescritas","Interfaz: αδ = 0.00",0,"N",455,3.92699081698724,225,-98.6250000000011,"kN/m","DE"
"interface-alpha-0","Estado biaxial uniforme","Acciones prescritas","Interfaz: αδ = 0.00",0,"N",456,3.93025877051039,225.187239944522,-98.6966221381209,"kN/m","DE"
"interface-alpha-0","Estado biaxial uniforme","Acciones prescritas","Interfaz: αδ = 0.00",0,"N",457,3.9389733132388,225.686546463245,-98.8875912392255,"kN/m","DE"
"interface-alpha-0","Estado biaxial uniforme","Acciones prescritas","Interfaz: αδ = 0.00",0,"N",458,3.9476878559672,226.18585298197,-99.0784805742155,"kN/m","DE"
"interface-alpha-0","Estado biaxial uniforme","Acciones prescritas","Interfaz: αδ = 0.00",0,"N",459,3.95640239869561,226.685159500693,-99.2692321575293,"kN/m","DE"
"interface-alpha-0","Estado biaxial uniforme","Acciones prescritas","Interfaz: αδ = 0.00",0,"N",460,3.96511694142401,227.184466019417,-99.4597880454491,"kN/m","DE"
"interface-alpha-0","Estado biaxial uniforme","Acciones prescritas","Interfaz: αδ = 0.00",0,"N",461,3.97383148415241,227.683772538141,-99.6500903537027,"kN/m","DE"
"interface-alpha-0","Estado biaxial uniforme","Acciones prescritas","Interfaz: αδ = 0.00",0,"N",462,3.98254602688082,228.183079056865,-99.8400812750466,"kN/m","DE"
"interface-alpha-0","Estado biaxial uniforme","Acciones prescritas","Interfaz: αδ = 0.00",0,"N",463,3.99126056960922,228.682385575589,-100.029703096826,"kN/m","DE"
"interface-alpha-0","Estado biaxial uniforme","Acciones prescritas","Interfaz: αδ = 0.00",0,"N",464,3.99997511233763,229.181692094313,-100.218898218505,"kN/m","DE"
"interface-alpha-0","Estado biaxial uniforme","Acciones prescritas","Interfaz: αδ = 0.00",0,"N",465,4.00868965506603,229.680998613037,-100.407609169166,"kN/m","DE"
"interface-alpha-0","Estado biaxial uniforme","Acciones prescritas","Interfaz: αδ = 0.00",0,"N",466,4.01740419779444,230.180305131761,-100.595778624964,"kN/m","DE"
"interface-alpha-0","Estado biaxial uniforme","Acciones prescritas","Interfaz: αδ = 0.00",0,"N",467,4.02611874052284,230.679611650485,-100.783349426543,"kN/m","DE"
"interface-alpha-0","Estado biaxial uniforme","Acciones prescritas","Interfaz: αδ = 0.00",0,"N",468,4.03483328325125,231.178918169209,-100.970264596396,"kN/m","DE"
"interface-alpha-0","Estado biaxial uniforme","Acciones prescritas","Interfaz: αδ = 0.00",0,"N",469,4.04354782597965,231.678224687933,-101.156467356174,"kN/m","DE"
"interface-alpha-0","Estado biaxial uniforme","Acciones prescritas","Interfaz: αδ = 0.00",0,"N",470,4.05226236870806,232.177531206657,-101.341901143935,"kN/m","DE"
"interface-alpha-0","Estado biaxial uniforme","Acciones prescritas","Interfaz: αδ = 0.00",0,"N",471,4.06097691143646,232.676837725381,-101.526509631323,"kN/m","DE"
"interface-alpha-0","Estado biaxial uniforme","Acciones prescritas","Interfaz: αδ = 0.00",0,"N",472,4.06969145416486,233.176144244105,-101.710236740681,"kN/m","DE"
"interface-alpha-0","Estado biaxial uniforme","Acciones prescritas","Interfaz: αδ = 0.00",0,"N",473,4.07840599689327,233.675450762829,-101.893026662081,"kN/m","DE"
"interface-alpha-0","Estado biaxial uniforme","Acciones prescritas","Interfaz: αδ = 0.00",0,"N",474,4.08712053962167,234.174757281553,-102.074823870284,"kN/m","DE"
"interface-alpha-0","Estado biaxial uniforme","Acciones prescritas","Interfaz: αδ = 0.00",0,"N",475,4.09583508235008,234.674063800277,-102.2555731416,"kN/m","DE"
"interface-alpha-0","Estado biaxial uniforme","Acciones prescritas","Interfaz: αδ = 0.00",0,"N",476,4.10454962507848,235.173370319001,-102.435219570667,"kN/m","DE"
"interface-alpha-0","Estado biaxial uniforme","Acciones prescritas","Interfaz: αδ = 0.00",0,"N",477,4.11326416780689,235.672676837725,-102.613708587128,"kN/m","DE"
"interface-alpha-0","Estado biaxial uniforme","Acciones prescritas","Interfaz: αδ = 0.00",0,"N",478,4.12197871053529,236.171983356449,-102.790985972209,"kN/m","DE"
"interface-alpha-0","Estado biaxial uniforme","Acciones prescritas","Interfaz: αδ = 0.00",0,"N",479,4.13069325326369,236.671289875173,-102.966997875186,"kN/m","DE"
"interface-alpha-0","Estado biaxial uniforme","Acciones prescritas","Interfaz: αδ = 0.00",0,"N",480,4.1394077959921,237.170596393897,-103.141690829745,"kN/m","DE"
"interface-alpha-0","Estado biaxial uniforme","Acciones prescritas","Interfaz: αδ = 0.00",0,"N",481,4.1481223387205,237.669902912621,-103.315011770223,"kN/m","DE"
"interface-alpha-0","Estado biaxial uniforme","Acciones prescritas","Interfaz: αδ = 0.00",0,"N",482,4.15683688144891,238.169209431345,-103.486908047727,"kN/m","DE"
"interface-alpha-0","Estado biaxial uniforme","Acciones prescritas","Interfaz: αδ = 0.00",0,"N",483,4.16555142417731,238.668515950069,-103.657327446129,"kN/m","DE"
"interface-alpha-0","Estado biaxial uniforme","Acciones prescritas","Interfaz: αδ = 0.00",0,"N",484,4.17426596690572,239.167822468793,-103.826218197922,"kN/m","DE"
"interface-alpha-0","Estado biaxial uniforme","Acciones prescritas","Interfaz: αδ = 0.00",0,"N",485,4.18298050963412,239.667128987517,-103.993528999953,"kN/m","DE"
"interface-alpha-0","Estado biaxial uniforme","Acciones prescritas","Interfaz: αδ = 0.00",0,"N",486,4.19169505236253,240.166435506241,-104.159209029,"kN/m","DE"
"interface-alpha-0","Estado biaxial uniforme","Acciones prescritas","Interfaz: αδ = 0.00",0,"N",487,4.20040959509093,240.665742024965,-104.323207957214,"kN/m","DE"
"interface-alpha-0","Estado biaxial uniforme","Acciones prescritas","Interfaz: αδ = 0.00",0,"N",488,4.20912413781933,241.165048543689,-104.485475967408,"kN/m","DE"
"interface-alpha-0","Estado biaxial uniforme","Acciones prescritas","Interfaz: αδ = 0.00",0,"N",489,4.21783868054774,241.664355062413,-104.645963768184,"kN/m","DE"
"interface-alpha-0","Estado biaxial uniforme","Acciones prescritas","Interfaz: αδ = 0.00",0,"N",490,4.22655322327614,242.163661581137,-104.804622608914,"kN/m","DE"
"interface-alpha-0","Estado biaxial uniforme","Acciones prescritas","Interfaz: αδ = 0.00",0,"N",491,4.23526776600455,242.662968099861,-104.961404294542,"kN/m","DE"
"interface-alpha-0","Estado biaxial uniforme","Acciones prescritas","Interfaz: αδ = 0.00",0,"N",492,4.24398230873295,243.162274618585,-105.116261200228,"kN/m","DE"
"interface-alpha-0","Estado biaxial uniforme","Acciones prescritas","Interfaz: αδ = 0.00",0,"N",493,4.25269685146136,243.661581137309,-105.269146285813,"kN/m","DE"
"interface-alpha-0","Estado biaxial uniforme","Acciones prescritas","Interfaz: αδ = 0.00",0,"N",494,4.26141139418976,244.160887656033,-105.420013110108,"kN/m","DE"
"interface-alpha-0","Estado biaxial uniforme","Acciones prescritas","Interfaz: αδ = 0.00",0,"N",495,4.27012593691817,244.660194174757,-105.568815845003,"kN/m","DE"
"interface-alpha-0","Estado biaxial uniforme","Acciones prescritas","Interfaz: αδ = 0.00",0,"N",496,4.27884047964657,245.159500693481,-105.715509289385,"kN/m","DE"
"interface-alpha-0","Estado biaxial uniforme","Acciones prescritas","Interfaz: αδ = 0.00",0,"N",497,4.28755502237497,245.658807212205,-105.860048882872,"kN/m","DE"
"interface-alpha-0","Estado biaxial uniforme","Acciones prescritas","Interfaz: αδ = 0.00",0,"N",498,4.29626956510338,246.158113730929,-106.002390719348,"kN/m","DE"
"interface-alpha-0","Estado biaxial uniforme","Acciones prescritas","Interfaz: αδ = 0.00",0,"N",499,4.30498410783178,246.657420249653,-106.142491560296,"kN/m","DE"
"interface-alpha-0","Estado biaxial uniforme","Acciones prescritas","Interfaz: αδ = 0.00",0,"N",500,4.31369865056019,247.156726768377,-106.280308847938,"kN/m","DE"
"interface-alpha-0","Estado biaxial uniforme","Acciones prescritas","Interfaz: αδ = 0.00",0,"N",501,4.32241319328859,247.656033287101,-106.415800718162,"kN/m","DE"
"interface-alpha-0","Estado biaxial uniforme","Acciones prescritas","Interfaz: αδ = 0.00",0,"N",502,4.331127736017,248.155339805825,-106.548926013233,"kN/m","DE"
"interface-alpha-0","Estado biaxial uniforme","Acciones prescritas","Interfaz: αδ = 0.00",0,"N",503,4.3398422787454,248.654646324549,-106.679644294304,"kN/m","DE"
"interface-alpha-0","Estado biaxial uniforme","Acciones prescritas","Interfaz: αδ = 0.00",0,"N",504,4.3485568214738,249.153952843273,-106.807915853691,"kN/m","DE"
"interface-alpha-0","Estado biaxial uniforme","Acciones prescritas","Interfaz: αδ = 0.00",0,"N",505,4.35727136420221,249.653259361997,-106.933701726943,"kN/m","DE"
"interface-alpha-0","Estado biaxial uniforme","Acciones prescritas","Interfaz: αδ = 0.00",0,"N",506,4.36598590693061,250.152565880721,-107.056963704673,"kN/m","DE"
"interface-alpha-0","Estado biaxial uniforme","Acciones prescritas","Interfaz: αδ = 0.00",0,"N",507,4.37470044965902,250.651872399445,-107.177664344164,"kN/m","DE"
"interface-alpha-0","Estado biaxial uniforme","Acciones prescritas","Interfaz: αδ = 0.00",0,"N",508,4.38341499238742,251.151178918169,-107.295766980747,"kN/m","DE"
"interface-alpha-0","Estado biaxial uniforme","Acciones prescritas","Interfaz: αδ = 0.00",0,"N",509,4.39212953511583,251.650485436893,-107.411235738936,"kN/m","DE"
"interface-alpha-0","Estado biaxial uniforme","Acciones prescritas","Interfaz: αδ = 0.00",0,"N",510,4.40084407784423,252.149791955617,-107.524035543326,"kN/m","DE"
"interface-alpha-0","Estado biaxial uniforme","Acciones prescritas","Interfaz: αδ = 0.00",0,"N",511,4.40955862057264,252.649098474341,-107.634132129246,"kN/m","DE"
"interface-alpha-0","Estado biaxial uniforme","Acciones prescritas","Interfaz: αδ = 0.00",0,"N",512,4.41827316330104,253.148404993065,-107.741492053171,"kN/m","DE"
"interface-alpha-0","Estado biaxial uniforme","Acciones prescritas","Interfaz: αδ = 0.00",0,"N",513,4.42698770602945,253.647711511789,-107.846082702878,"kN/m","DE"
"interface-alpha-0","Estado biaxial uniforme","Acciones prescritas","Interfaz: αδ = 0.00",0,"N",514,4.43570224875785,254.147018030513,-107.947872307354,"kN/m","DE"
"interface-alpha-0","Estado biaxial uniforme","Acciones prescritas","Interfaz: αδ = 0.00",0,"N",515,4.44441679148625,254.646324549237,-108.046829946447,"kN/m","DE"
"interface-alpha-0","Estado biaxial uniforme","Acciones prescritas","Interfaz: αδ = 0.00",0,"N",516,4.45313133421466,255.145631067961,-108.142925560255,"kN/m","DE"
"interface-alpha-0","Estado biaxial uniforme","Acciones prescritas","Interfaz: αδ = 0.00",0,"N",517,4.46184587694306,255.644937586685,-108.236129958263,"kN/m","DE"
"interface-alpha-0","Estado biaxial uniforme","Acciones prescritas","Interfaz: αδ = 0.00",0,"N",518,4.47056041967147,256.144244105409,-108.326414828208,"kN/m","DE"
"interface-alpha-0","Estado biaxial uniforme","Acciones prescritas","Interfaz: αδ = 0.00",0,"N",519,4.47927496239987,256.643550624133,-108.413752744674,"kN/m","DE"
"interface-alpha-0","Estado biaxial uniforme","Acciones prescritas","Interfaz: αδ = 0.00",0,"N",520,4.48798950512828,257.142857142857,-108.498117177432,"kN/m","DE"
"interface-alpha-0","Estado biaxial uniforme","Acciones prescritas","Interfaz: αδ = 0.00",0,"N",521,4.49670404785668,257.642163661581,-108.579482499491,"kN/m","DE"
"interface-alpha-0","Estado biaxial uniforme","Acciones prescritas","Interfaz: αδ = 0.00",0,"N",522,4.50541859058508,258.141470180305,-108.657823994887,"kN/m","DE"
"interface-alpha-0","Estado biaxial uniforme","Acciones prescritas","Interfaz: αδ = 0.00",0,"N",523,4.51413313331349,258.640776699029,-108.733117866191,"kN/m","DE"
"interface-alpha-0","Estado biaxial uniforme","Acciones prescritas","Interfaz: αδ = 0.00",0,"N",524,4.52284767604189,259.140083217753,-108.805341241735,"kN/m","DE"
"interface-alpha-0","Estado biaxial uniforme","Acciones prescritas","Interfaz: αδ = 0.00",0,"N",525,4.5315622187703,259.639389736477,-108.874472182561,"kN/m","DE"
"interface-alpha-0","Estado biaxial uniforme","Acciones prescritas","Interfaz: αδ = 0.00",0,"N",526,4.5402767614987,260.138696255201,-108.940489689086,"kN/m","DE"
"interface-alpha-0","Estado biaxial uniforme","Acciones prescritas","Interfaz: αδ = 0.00",0,"N",527,4.54899130422711,260.638002773925,-109.00337370748,"kN/m","DE"
"interface-alpha-0","Estado biaxial uniforme","Acciones prescritas","Interfaz: αδ = 0.00",0,"N",528,4.55770584695551,261.137309292649,-109.06310513576,"kN/m","DE"
"interface-alpha-0","Estado biaxial uniforme","Acciones prescritas","Interfaz: αδ = 0.00",0,"N",529,4.56642038968392,261.636615811373,-109.119665829587,"kN/m","DE"
"interface-alpha-0","Estado biaxial uniforme","Acciones prescritas","Interfaz: αδ = 0.00",0,"N",530,4.57513493241232,262.135922330097,-109.173038607784,"kN/m","DE"
"interface-alpha-0","Estado biaxial uniforme","Acciones prescritas","Interfaz: αδ = 0.00",0,"N",531,4.58384947514072,262.635228848821,-109.223207257551,"kN/m","DE"
"interface-alpha-0","Estado biaxial uniforme","Acciones prescritas","Interfaz: αδ = 0.00",0,"N",532,4.59256401786913,263.134535367545,-109.270156539392,"kN/m","DE"
"interface-alpha-0","Estado biaxial uniforme","Acciones prescritas","Interfaz: αδ = 0.00",0,"N",533,4.60127856059753,263.633841886269,-109.313872191743,"kN/m","DE"
"interface-alpha-0","Estado biaxial uniforme","Acciones prescritas","Interfaz: αδ = 0.00",0,"N",534,4.60999310332594,264.133148404993,-109.354340935305,"kN/m","DE"
"interface-alpha-0","Estado biaxial uniforme","Acciones prescritas","Interfaz: αδ = 0.00",0,"N",535,4.61870764605434,264.632454923717,-109.391550477075,"kN/m","DE"
"interface-alpha-0","Estado biaxial uniforme","Acciones prescritas","Interfaz: αδ = 0.00",0,"N",536,4.62742218878275,265.131761442441,-109.425489514086,"kN/m","DE"
"interface-alpha-0","Estado biaxial uniforme","Acciones prescritas","Interfaz: αδ = 0.00",0,"N",537,4.63613673151115,265.631067961165,-109.456147736834,"kN/m","DE"
"interface-alpha-0","Estado biaxial uniforme","Acciones prescritas","Interfaz: αδ = 0.00",0,"N",538,4.64485127423955,266.130374479889,-109.483515832415,"kN/m","DE"
"interface-alpha-0","Estado biaxial uniforme","Acciones prescritas","Interfaz: αδ = 0.00",0,"N",539,4.65356581696796,266.629680998613,-109.507585487349,"kN/m","DE"
"interface-alpha-0","Estado biaxial uniforme","Acciones prescritas","Interfaz: αδ = 0.00",0,"N",540,4.66228035969636,267.128987517337,-109.528349390111,"kN/m","DE"
"interface-alpha-0","Estado biaxial uniforme","Acciones prescritas","Interfaz: αδ = 0.00",0,"N",541,4.67099490242477,267.628294036061,-109.545801233345,"kN/m","DE"
"interface-alpha-0","Estado biaxial uniforme","Acciones prescritas","Interfaz: αδ = 0.00",0,"N",542,4.67970944515317,268.127600554785,-109.559935715788,"kN/m","DE"
"interface-alpha-0","Estado biaxial uniforme","Acciones prescritas","Interfaz: αδ = 0.00",0,"N",543,4.68842398788158,268.626907073509,-109.570748543874,"kN/m","DE"
"interface-alpha-0","Estado biaxial uniforme","Acciones prescritas","Interfaz: αδ = 0.00",0,"N",544,4.69713853060998,269.126213592233,-109.57823643304,"kN/m","DE"
"interface-alpha-0","Estado biaxial uniforme","Acciones prescritas","Interfaz: αδ = 0.00",0,"N",545,4.70585307333839,269.625520110957,-109.582397108725,"kN/m","DE"
"interface-alpha-0","Estado biaxial uniforme","Acciones prescritas","Interfaz: αδ = 0.00",0,"N",546,4.71238898038469,270,-109.583333333334,"kN/m","DE"
"interface-alpha-0","Estado biaxial uniforme","Acciones prescritas","Interfaz: αδ = 0.00",0,"N",547,4.71456761606679,270.124826629681,-109.583229307061,"kN/m","DE"
"interface-alpha-0","Estado biaxial uniforme","Acciones prescritas","Interfaz: αδ = 0.00",0,"N",548,4.7232821587952,270.624133148405,-109.580732775254,"kN/m","DE"
"interface-alpha-0","Estado biaxial uniforme","Acciones prescritas","Interfaz: αδ = 0.00",0,"N",549,4.7319967015236,271.123439667129,-109.574908271664,"kN/m","DE"
"interface-alpha-0","Estado biaxial uniforme","Acciones prescritas","Interfaz: αδ = 0.00",0,"N",550,4.740711244252,271.622746185853,-109.565757565573,"kN/m","DE"
"interface-alpha-0","Estado biaxial uniforme","Acciones prescritas","Interfaz: αδ = 0.00",0,"N",551,4.74942578698041,272.122052704577,-109.553283436648,"kN/m","DE"
"interface-alpha-0","Estado biaxial uniforme","Acciones prescritas","Interfaz: αδ = 0.00",0,"N",552,4.75814032970881,272.621359223301,-109.537489674098,"kN/m","DE"
"interface-alpha-0","Estado biaxial uniforme","Acciones prescritas","Interfaz: αδ = 0.00",0,"N",553,4.76685487243722,273.120665742025,-109.51838107552,"kN/m","DE"
"interface-alpha-0","Estado biaxial uniforme","Acciones prescritas","Interfaz: αδ = 0.00",0,"N",554,4.77556941516562,273.619972260749,-109.495963445444,"kN/m","DE"
"interface-alpha-0","Estado biaxial uniforme","Acciones prescritas","Interfaz: αδ = 0.00",0,"N",555,4.78428395789403,274.119278779473,-109.470243593568,"kN/m","DE"
"interface-alpha-0","Estado biaxial uniforme","Acciones prescritas","Interfaz: αδ = 0.00",0,"N",556,4.79299850062243,274.618585298197,-109.441229332692,"kN/m","DE"
"interface-alpha-0","Estado biaxial uniforme","Acciones prescritas","Interfaz: αδ = 0.00",0,"N",557,4.80171304335083,275.117891816921,-109.408929476342,"kN/m","DE"
"interface-alpha-0","Estado biaxial uniforme","Acciones prescritas","Interfaz: αδ = 0.00",0,"N",558,4.81042758607924,275.617198335645,-109.373353836095,"kN/m","DE"
"interface-alpha-0","Estado biaxial uniforme","Acciones prescritas","Interfaz: αδ = 0.00",0,"N",559,4.81914212880764,276.116504854369,-109.334513218597,"kN/m","DE"
"interface-alpha-0","Estado biaxial uniforme","Acciones prescritas","Interfaz: αδ = 0.00",0,"N",560,4.82785667153605,276.615811373093,-109.292419422281,"kN/m","DE"
"interface-alpha-0","Estado biaxial uniforme","Acciones prescritas","Interfaz: αδ = 0.00",0,"N",561,4.83657121426445,277.115117891817,-109.247085233783,"kN/m","DE"
"interface-alpha-0","Estado biaxial uniforme","Acciones prescritas","Interfaz: αδ = 0.00",0,"N",562,4.84528575699286,277.614424410541,-109.198524424057,"kN/m","DE"
"interface-alpha-0","Estado biaxial uniforme","Acciones prescritas","Interfaz: αδ = 0.00",0,"N",563,4.85400029972126,278.113730929265,-109.146751744194,"kN/m","DE"
"interface-alpha-0","Estado biaxial uniforme","Acciones prescritas","Interfaz: αδ = 0.00",0,"N",564,4.86271484244967,278.613037447989,-109.09178292094,"kN/m","DE"
"interface-alpha-0","Estado biaxial uniforme","Acciones prescritas","Interfaz: αδ = 0.00",0,"N",565,4.87142938517807,279.112343966713,-109.033634651916,"kN/m","DE"
"interface-alpha-0","Estado biaxial uniforme","Acciones prescritas","Interfaz: αδ = 0.00",0,"N",566,4.88014392790647,279.611650485437,-108.972324600552,"kN/m","DE"
"interface-alpha-0","Estado biaxial uniforme","Acciones prescritas","Interfaz: αδ = 0.00",0,"N",567,4.88885847063488,280.110957004161,-108.907871390714,"kN/m","DE"
"interface-alpha-0","Estado biaxial uniforme","Acciones prescritas","Interfaz: αδ = 0.00",0,"N",568,4.89757301336328,280.610263522885,-108.840294601054,"kN/m","DE"
"interface-alpha-0","Estado biaxial uniforme","Acciones prescritas","Interfaz: αδ = 0.00",0,"N",569,4.90628755609169,281.109570041609,-108.769614759058,"kN/m","DE"
"interface-alpha-0","Estado biaxial uniforme","Acciones prescritas","Interfaz: αδ = 0.00",0,"N",570,4.91500209882009,281.608876560333,-108.695853334811,"kN/m","DE"
"interface-alpha-0","Estado biaxial uniforme","Acciones prescritas","Interfaz: αδ = 0.00",0,"N",571,4.9237166415485,282.108183079057,-108.619032734475,"kN/m","DE"
"interface-alpha-0","Estado biaxial uniforme","Acciones prescritas","Interfaz: αδ = 0.00",0,"N",572,4.9324311842769,282.607489597781,-108.539176293488,"kN/m","DE"
"interface-alpha-0","Estado biaxial uniforme","Acciones prescritas","Interfaz: αδ = 0.00",0,"N",573,4.94114572700531,283.106796116505,-108.456308269465,"kN/m","DE"
"interface-alpha-0","Estado biaxial uniforme","Acciones prescritas","Interfaz: αδ = 0.00",0,"N",574,4.94986026973371,283.606102635229,-108.370453834841,"kN/m","DE"
"interface-alpha-0","Estado biaxial uniforme","Acciones prescritas","Interfaz: αδ = 0.00",0,"N",575,4.95857481246211,284.105409153953,-108.281639069216,"kN/m","DE"
"interface-alpha-0","Estado biaxial uniforme","Acciones prescritas","Interfaz: αδ = 0.00",0,"N",576,4.96728935519052,284.604715672677,-108.189890951437,"kN/m","DE"
"interface-alpha-0","Estado biaxial uniforme","Acciones prescritas","Interfaz: αδ = 0.00",0,"N",577,4.97600389791892,285.104022191401,-108.0952373514,"kN/m","DE"
"interface-alpha-0","Estado biaxial uniforme","Acciones prescritas","Interfaz: αδ = 0.00",0,"N",578,4.98471844064733,285.603328710125,-107.997707021588,"kN/m","DE"
"interface-alpha-0","Estado biaxial uniforme","Acciones prescritas","Interfaz: αδ = 0.00",0,"N",579,4.99343298337573,286.102635228849,-107.897329588333,"kN/m","DE"
"interface-alpha-0","Estado biaxial uniforme","Acciones prescritas","Interfaz: αδ = 0.00",0,"N",580,5.00214752610414,286.601941747573,-107.79413554282,"kN/m","DE"
"interface-alpha-0","Estado biaxial uniforme","Acciones prescritas","Interfaz: αδ = 0.00",0,"N",581,5.01086206883254,287.101248266297,-107.688156231823,"kN/m","DE"
"interface-alpha-0","Estado biaxial uniforme","Acciones prescritas","Interfaz: αδ = 0.00",0,"N",582,5.01957661156095,287.600554785021,-107.579423848181,"kN/m","DE"
"interface-alpha-0","Estado biaxial uniforme","Acciones prescritas","Interfaz: αδ = 0.00",0,"N",583,5.02829115428935,288.099861303745,-107.467971421022,"kN/m","DE"
"interface-alpha-0","Estado biaxial uniforme","Acciones prescritas","Interfaz: αδ = 0.00",0,"N",584,5.03700569701775,288.599167822469,-107.353832805732,"kN/m","DE"
"interface-alpha-0","Estado biaxial uniforme","Acciones prescritas","Interfaz: αδ = 0.00",0,"N",585,5.04572023974616,289.098474341193,-107.237042673662,"kN/m","DE"
"interface-alpha-0","Estado biaxial uniforme","Acciones prescritas","Interfaz: αδ = 0.00",0,"N",586,5.05443478247456,289.597780859917,-107.117636501607,"kN/m","DE"
"interface-alpha-0","Estado biaxial uniforme","Acciones prescritas","Interfaz: αδ = 0.00",0,"N",587,5.06314932520297,290.097087378641,-106.995650561021,"kN/m","DE"
"interface-alpha-0","Estado biaxial uniforme","Acciones prescritas","Interfaz: αδ = 0.00",0,"N",588,5.07186386793137,290.596393897365,-106.871121907005,"kN/m","DE"
"interface-alpha-0","Estado biaxial uniforme","Acciones prescritas","Interfaz: αδ = 0.00",0,"N",589,5.08057841065978,291.095700416089,-106.744088367045,"kN/m","DE"
"interface-alpha-0","Estado biaxial uniforme","Acciones prescritas","Interfaz: αδ = 0.00",0,"N",590,5.08929295338818,291.595006934813,-106.614588529528,"kN/m","DE"
"interface-alpha-0","Estado biaxial uniforme","Acciones prescritas","Interfaz: αδ = 0.00",0,"N",591,5.09800749611659,292.094313453537,-106.482661732013,"kN/m","DE"
"interface-alpha-0","Estado biaxial uniforme","Acciones prescritas","Interfaz: αδ = 0.00",0,"N",592,5.10672203884499,292.593619972261,-106.348348049289,"kN/m","DE"
"interface-alpha-0","Estado biaxial uniforme","Acciones prescritas","Interfaz: αδ = 0.00",0,"N",593,5.11543658157339,293.092926490985,-106.211688281195,"kN/m","DE"
"interface-alpha-0","Estado biaxial uniforme","Acciones prescritas","Interfaz: αδ = 0.00",0,"N",594,5.1241511243018,293.592233009709,-106.072723940231,"kN/m","DE"
"interface-alpha-0","Estado biaxial uniforme","Acciones prescritas","Interfaz: αδ = 0.00",0,"N",595,5.1328656670302,294.091539528433,-105.931497238945,"kN/m","DE"
"interface-alpha-0","Estado biaxial uniforme","Acciones prescritas","Interfaz: αδ = 0.00",0,"N",596,5.14158020975861,294.590846047157,-105.788051077114,"kN/m","DE"
"interface-alpha-0","Estado biaxial uniforme","Acciones prescritas","Interfaz: αδ = 0.00",0,"N",597,5.15029475248701,295.090152565881,-105.642429028708,"kN/m","DE"
"interface-alpha-0","Estado biaxial uniforme","Acciones prescritas","Interfaz: αδ = 0.00",0,"N",598,5.15900929521542,295.589459084605,-105.494675328657,"kN/m","DE"
"interface-alpha-0","Estado biaxial uniforme","Acciones prescritas","Interfaz: αδ = 0.00",0,"N",599,5.16772383794382,296.088765603329,-105.344834859411,"kN/m","DE"
"interface-alpha-0","Estado biaxial uniforme","Acciones prescritas","Interfaz: αδ = 0.00",0,"N",600,5.17643838067223,296.588072122053,-105.192953137312,"kN/m","DE"
"interface-alpha-0","Estado biaxial uniforme","Acciones prescritas","Interfaz: αδ = 0.00",0,"N",601,5.18515292340063,297.087378640777,-105.039076298759,"kN/m","DE"
"interface-alpha-0","Estado biaxial uniforme","Acciones prescritas","Interfaz: αδ = 0.00",0,"N",602,5.19386746612903,297.586685159501,-104.883251086203,"kN/m","DE"
"interface-alpha-0","Estado biaxial uniforme","Acciones prescritas","Interfaz: αδ = 0.00",0,"N",603,5.20258200885744,298.085991678225,-104.725524833939,"kN/m","DE"
"interface-alpha-0","Estado biaxial uniforme","Acciones prescritas","Interfaz: αδ = 0.00",0,"N",604,5.21129655158584,298.585298196949,-104.565945453735,"kN/m","DE"
"interface-alpha-0","Estado biaxial uniforme","Acciones prescritas","Interfaz: αδ = 0.00",0,"N",605,5.22001109431425,299.084604715673,-104.404561420275,"kN/m","DE"
"interface-alpha-0","Estado biaxial uniforme","Acciones prescritas","Interfaz: αδ = 0.00",0,"N",606,5.22872563704265,299.583911234397,-104.241421756432,"kN/m","DE"
"interface-alpha-0","Estado biaxial uniforme","Acciones prescritas","Interfaz: αδ = 0.00",0,"N",607,5.23744017977106,300.083217753121,-104.07657601838,"kN/m","DE"
"interface-alpha-0","Estado biaxial uniforme","Acciones prescritas","Interfaz: αδ = 0.00",0,"N",608,5.24615472249946,300.582524271845,-103.910074280539,"kN/m","DE"
"interface-alpha-0","Estado biaxial uniforme","Acciones prescritas","Interfaz: αδ = 0.00",0,"N",609,5.25486926522786,301.081830790569,-103.741967120365,"kN/m","DE"
"interface-alpha-0","Estado biaxial uniforme","Acciones prescritas","Interfaz: αδ = 0.00",0,"N",610,5.26358380795627,301.581137309293,-103.572305602984,"kN/m","DE"
"interface-alpha-0","Estado biaxial uniforme","Acciones prescritas","Interfaz: αδ = 0.00",0,"N",611,5.27229835068467,302.080443828017,-103.401141265684,"kN/m","DE"
"interface-alpha-0","Estado biaxial uniforme","Acciones prescritas","Interfaz: αδ = 0.00",0,"N",612,5.28101289341308,302.579750346741,-103.228526102255,"kN/m","DE"
"interface-alpha-0","Estado biaxial uniforme","Acciones prescritas","Interfaz: αδ = 0.00",0,"N",613,5.28972743614148,303.079056865465,-103.054512547201,"kN/m","DE"
"interface-alpha-0","Estado biaxial uniforme","Acciones prescritas","Interfaz: αδ = 0.00",0,"N",614,5.29844197886989,303.578363384189,-102.879153459805,"kN/m","DE"
"interface-alpha-0","Estado biaxial uniforme","Acciones prescritas","Interfaz: αδ = 0.00",0,"N",615,5.30715652159829,304.077669902913,-102.702502108079,"kN/m","DE"
"interface-alpha-0","Estado biaxial uniforme","Acciones prescritas","Interfaz: αδ = 0.00",0,"N",616,5.3158710643267,304.576976421637,-102.52461215258,"kN/m","DE"
"interface-alpha-0","Estado biaxial uniforme","Acciones prescritas","Interfaz: αδ = 0.00",0,"N",617,5.3245856070551,305.076282940361,-102.345537630108,"kN/m","DE"
"interface-alpha-0","Estado biaxial uniforme","Acciones prescritas","Interfaz: αδ = 0.00",0,"N",618,5.3333001497835,305.575589459085,-102.165332937294,"kN/m","DE"
"interface-alpha-0","Estado biaxial uniforme","Acciones prescritas","Interfaz: αδ = 0.00",0,"N",619,5.34201469251191,306.074895977809,-101.984052814077,"kN/m","DE"
"interface-alpha-0","Estado biaxial uniforme","Acciones prescritas","Interfaz: αδ = 0.00",0,"N",620,5.35072923524031,306.574202496533,-101.801752327073,"kN/m","DE"
"interface-alpha-0","Estado biaxial uniforme","Acciones prescritas","Interfaz: αδ = 0.00",0,"N",621,5.35944377796872,307.073509015257,-101.61848685285,"kN/m","DE"
"interface-alpha-0","Estado biaxial uniforme","Acciones prescritas","Interfaz: αδ = 0.00",0,"N",622,5.36815832069712,307.572815533981,-101.434312061105,"kN/m","DE"
"interface-alpha-0","Estado biaxial uniforme","Acciones prescritas","Interfaz: αδ = 0.00",0,"N",623,5.37687286342553,308.072122052705,-101.249283897754,"kN/m","DE"
"interface-alpha-0","Estado biaxial uniforme","Acciones prescritas","Interfaz: αδ = 0.00",0,"N",624,5.38558740615393,308.571428571429,-101.063458567938,"kN/m","DE"
"interface-alpha-0","Estado biaxial uniforme","Acciones prescritas","Interfaz: αδ = 0.00",0,"N",625,5.39430194888234,309.070735090153,-100.876892518951,"kN/m","DE"
"interface-alpha-0","Estado biaxial uniforme","Acciones prescritas","Interfaz: αδ = 0.00",0,"N",626,5.40301649161074,309.570041608877,-100.68964242309,"kN/m","DE"
"interface-alpha-0","Estado biaxial uniforme","Acciones prescritas","Interfaz: αδ = 0.00",0,"N",627,5.41173103433914,310.069348127601,-100.501765160441,"kN/m","DE"
"interface-alpha-0","Estado biaxial uniforme","Acciones prescritas","Interfaz: αδ = 0.00",0,"N",628,5.42044557706755,310.568654646325,-100.313317801604,"kN/m","DE"
"interface-alpha-0","Estado biaxial uniforme","Acciones prescritas","Interfaz: αδ = 0.00",0,"N",629,5.42916011979595,311.067961165049,-100.124357590352,"kN/m","DE"
"interface-alpha-0","Estado biaxial uniforme","Acciones prescritas","Interfaz: αδ = 0.00",0,"N",630,5.43787466252436,311.567267683773,-99.9349419262476,"kN/m","DE"
"interface-alpha-0","Estado biaxial uniforme","Acciones prescritas","Interfaz: αδ = 0.00",0,"N",631,5.44658920525276,312.066574202496,-99.7451283472011,"kN/m","DE"
"interface-alpha-0","Estado biaxial uniforme","Acciones prescritas","Interfaz: αδ = 0.00",0,"N",632,5.45530374798117,312.565880721221,-99.5549745119974,"kN/m","DE"
"interface-alpha-0","Estado biaxial uniforme","Acciones prescritas","Interfaz: αδ = 0.00",0,"N",633,5.46401829070957,313.065187239944,-99.3645381827792,"kN/m","DE"
"interface-alpha-0","Estado biaxial uniforme","Acciones prescritas","Interfaz: αδ = 0.00",0,"N",634,5.47273283343798,313.564493758669,-99.1738772075007,"kN/m","DE"
"interface-alpha-0","Estado biaxial uniforme","Acciones prescritas","Interfaz: αδ = 0.00",0,"N",635,5.48144737616638,314.063800277393,-98.9830495023561,"kN/m","DE"
"interface-alpha-0","Estado biaxial uniforme","Acciones prescritas","Interfaz: αδ = 0.00",0,"N",636,5.49016191889478,314.563106796117,-98.7921130341862,"kN/m","DE"
"interface-alpha-0","Estado biaxial uniforme","Acciones prescritas","Interfaz: αδ = 0.00",0,"N",637,5.49778714378214,315,-98.6250000000004,"kN/m","DE"
"interface-alpha-0","Estado biaxial uniforme","Acciones prescritas","Interfaz: αδ = 0.00",0,"N",638,5.49887646162319,315.06241331484,-98.6011258028703,"kN/m","DE"
"interface-alpha-0","Estado biaxial uniforme","Acciones prescritas","Interfaz: αδ = 0.00",0,"N",639,5.50759100435159,315.561719833564,-98.4101458237078,"kN/m","DE"
"interface-alpha-0","Estado biaxial uniforme","Acciones prescritas","Interfaz: αδ = 0.00",0,"N",640,5.51630554708,316.061026352288,-98.2192311097951,"kN/m","DE"
"interface-alpha-0","Estado biaxial uniforme","Acciones prescritas","Interfaz: αδ = 0.00",0,"N",641,5.5250200898084,316.560332871013,-98.0284396544033,"kN/m","DE"
"interface-alpha-0","Estado biaxial uniforme","Acciones prescritas","Interfaz: αδ = 0.00",0,"N",642,5.53373463253681,317.059639389736,-97.8378294133618,"kN/m","DE"
"interface-alpha-0","Estado biaxial uniforme","Acciones prescritas","Interfaz: αδ = 0.00",0,"N",643,5.54244917526521,317.55894590846,-97.6474582874533,"kN/m","DE"
"interface-alpha-0","Estado biaxial uniforme","Acciones prescritas","Interfaz: αδ = 0.00",0,"N",644,5.55116371799361,318.058252427184,-97.4573841048259,"kN/m","DE"
"interface-alpha-0","Estado biaxial uniforme","Acciones prescritas","Interfaz: αδ = 0.00",0,"N",645,5.55987826072202,318.557558945908,-97.2676646034263,"kN/m","DE"
"interface-alpha-0","Estado biaxial uniforme","Acciones prescritas","Interfaz: αδ = 0.00",0,"N",646,5.56859280345042,319.056865464632,-97.0783574134615,"kN/m","DE"
"interface-alpha-0","Estado biaxial uniforme","Acciones prescritas","Interfaz: αδ = 0.00",0,"N",647,5.57730734617883,319.556171983356,-96.8895200398925,"kN/m","DE"
"interface-alpha-0","Estado biaxial uniforme","Acciones prescritas","Interfaz: αδ = 0.00",0,"N",648,5.58602188890723,320.05547850208,-96.7012098449665,"kN/m","DE"
"interface-alpha-0","Estado biaxial uniforme","Acciones prescritas","Interfaz: αδ = 0.00",0,"N",649,5.59473643163564,320.554785020804,-96.513484030792,"kN/m","DE"
"interface-alpha-0","Estado biaxial uniforme","Acciones prescritas","Interfaz: αδ = 0.00",0,"N",650,5.60345097436404,321.054091539528,-96.3263996219629,"kN/m","DE"
"interface-alpha-0","Estado biaxial uniforme","Acciones prescritas","Interfaz: αδ = 0.00",0,"N",651,5.61216551709245,321.553398058252,-96.1400134482364,"kN/m","DE"
"interface-alpha-0","Estado biaxial uniforme","Acciones prescritas","Interfaz: αδ = 0.00",0,"N",652,5.62088005982085,322.052704576976,-95.9543821272701,"kN/m","DE"
"interface-alpha-0","Estado biaxial uniforme","Acciones prescritas","Interfaz: αδ = 0.00",0,"N",653,5.62959460254925,322.5520110957,-95.7695620474235,"kN/m","DE"
"interface-alpha-0","Estado biaxial uniforme","Acciones prescritas","Interfaz: αδ = 0.00",0,"N",654,5.63830914527766,323.051317614424,-95.5856093506291,"kN/m","DE"
"interface-alpha-0","Estado biaxial uniforme","Acciones prescritas","Interfaz: αδ = 0.00",0,"N",655,5.64702368800606,323.550624133148,-95.4025799153386,"kN/m","DE"
"interface-alpha-0","Estado biaxial uniforme","Acciones prescritas","Interfaz: αδ = 0.00",0,"N",656,5.65573823073447,324.049930651872,-95.2205293395489,"kN/m","DE"
"interface-alpha-0","Estado biaxial uniforme","Acciones prescritas","Interfaz: αδ = 0.00",0,"N",657,5.66445277346287,324.549237170596,-95.0395129239132,"kN/m","DE"
"interface-alpha-0","Estado biaxial uniforme","Acciones prescritas","Interfaz: αδ = 0.00",0,"N",658,5.67316731619128,325.04854368932,-94.8595856549427,"kN/m","DE"
"interface-alpha-0","Estado biaxial uniforme","Acciones prescritas","Interfaz: αδ = 0.00",0,"N",659,5.68188185891968,325.547850208044,-94.6808021883037,"kN/m","DE"
"interface-alpha-0","Estado biaxial uniforme","Acciones prescritas","Interfaz: αδ = 0.00",0,"N",660,5.69059640164809,326.047156726768,-94.503216832215,"kN/m","DE"
"interface-alpha-0","Estado biaxial uniforme","Acciones prescritas","Interfaz: αδ = 0.00",0,"N",661,5.69931094437649,326.546463245492,-94.3268835309508,"kN/m","DE"
"interface-alpha-0","Estado biaxial uniforme","Acciones prescritas","Interfaz: αδ = 0.00",0,"N",662,5.70802548710489,327.045769764216,-94.1518558484547,"kN/m","DE"
"interface-alpha-0","Estado biaxial uniforme","Acciones prescritas","Interfaz: αδ = 0.00",0,"N",663,5.7167400298333,327.54507628294,-93.9781869520684,"kN/m","DE"
"interface-alpha-0","Estado biaxial uniforme","Acciones prescritas","Interfaz: αδ = 0.00",0,"N",664,5.7254545725617,328.044382801664,-93.8059295963814,"kN/m","DE"
"interface-alpha-0","Estado biaxial uniforme","Acciones prescritas","Interfaz: αδ = 0.00",0,"N",665,5.73416911529011,328.543689320388,-93.6351361072064,"kN/m","DE"
"interface-alpha-0","Estado biaxial uniforme","Acciones prescritas","Interfaz: αδ = 0.00",0,"N",666,5.74288365801851,329.042995839112,-93.465858365684,"kN/m","DE"
"interface-alpha-0","Estado biaxial uniforme","Acciones prescritas","Interfaz: αδ = 0.00",0,"N",667,5.75159820074692,329.542302357836,-93.2981477925232,"kN/m","DE"
"interface-alpha-0","Estado biaxial uniforme","Acciones prescritas","Interfaz: αδ = 0.00",0,"N",668,5.76031274347532,330.04160887656,-93.1320553323815,"kN/m","DE"
"interface-alpha-0","Estado biaxial uniforme","Acciones prescritas","Interfaz: αδ = 0.00",0,"N",669,5.76902728620373,330.540915395284,-92.9676314383901,"kN/m","DE"
"interface-alpha-0","Estado biaxial uniforme","Acciones prescritas","Interfaz: αδ = 0.00",0,"N",670,5.77774182893213,331.040221914008,-92.8049260568273,"kN/m","DE"
"interface-alpha-0","Estado biaxial uniforme","Acciones prescritas","Interfaz: αδ = 0.00",0,"N",671,5.78645637166053,331.539528432732,-92.643988611947,"kN/m","DE"
"interface-alpha-0","Estado biaxial uniforme","Acciones prescritas","Interfaz: αδ = 0.00",0,"N",672,5.79517091438894,332.038834951456,-92.4848679909653,"kN/m","DE"
"interface-alpha-0","Estado biaxial uniforme","Acciones prescritas","Interfaz: αδ = 0.00",0,"N",673,5.80388545711734,332.53814147018,-92.3276125292103,"kN/m","DE"
"interface-alpha-0","Estado biaxial uniforme","Acciones prescritas","Interfaz: αδ = 0.00",0,"N",674,5.81259999984575,333.037447988904,-92.1722699954391,"kN/m","DE"
"interface-alpha-0","Estado biaxial uniforme","Acciones prescritas","Interfaz: αδ = 0.00",0,"N",675,5.82131454257415,333.536754507628,-92.0188875773278,"kN/m","DE"
"interface-alpha-0","Estado biaxial uniforme","Acciones prescritas","Interfaz: αδ = 0.00",0,"N",676,5.83002908530256,334.036061026352,-91.8675118671372,"kN/m","DE"
"interface-alpha-0","Estado biaxial uniforme","Acciones prescritas","Interfaz: αδ = 0.00",0,"N",677,5.83874362803096,334.535367545076,-91.71818884756,"kN/m","DE"
"interface-alpha-0","Estado biaxial uniforme","Acciones prescritas","Interfaz: αδ = 0.00",0,"N",678,5.84745817075936,335.0346740638,-91.5709638777525,"kN/m","DE"
"interface-alpha-0","Estado biaxial uniforme","Acciones prescritas","Interfaz: αδ = 0.00",0,"N",679,5.85617271348777,335.533980582524,-91.4258816795561,"kN/m","DE"
"interface-alpha-0","Estado biaxial uniforme","Acciones prescritas","Interfaz: αδ = 0.00",0,"N",680,5.86488725621617,336.033287101248,-91.2829863239128,"kN/m","DE"
"interface-alpha-0","Estado biaxial uniforme","Acciones prescritas","Interfaz: αδ = 0.00",0,"N",681,5.87360179894458,336.532593619972,-91.1423212174775,"kN/m","DE"
"interface-alpha-0","Estado biaxial uniforme","Acciones prescritas","Interfaz: αδ = 0.00",0,"N",682,5.88231634167298,337.031900138696,-91.0039290894325,"kN/m","DE"
"interface-alpha-0","Estado biaxial uniforme","Acciones prescritas","Interfaz: αδ = 0.00",0,"N",683,5.89103088440139,337.53120665742,-90.8678519785085,"kN/m","DE"
"interface-alpha-0","Estado biaxial uniforme","Acciones prescritas","Interfaz: αδ = 0.00",0,"N",684,5.89974542712979,338.030513176144,-90.7341312202138,"kN/m","DE"
"interface-alpha-0","Estado biaxial uniforme","Acciones prescritas","Interfaz: αδ = 0.00",0,"N",685,5.9084599698582,338.529819694868,-90.6028074342788,"kN/m","DE"
"interface-alpha-0","Estado biaxial uniforme","Acciones prescritas","Interfaz: αδ = 0.00",0,"N",686,5.9171745125866,339.029126213592,-90.4739205123167,"kN/m","DE"
"interface-alpha-0","Estado biaxial uniforme","Acciones prescritas","Interfaz: αδ = 0.00",0,"N",687,5.925889055315,339.528432732316,-90.3475096057058,"kN/m","DE"
"interface-alpha-0","Estado biaxial uniforme","Acciones prescritas","Interfaz: αδ = 0.00",0,"N",688,5.93460359804341,340.02773925104,-90.2236131136969,"kN/m","DE"
"interface-alpha-0","Estado biaxial uniforme","Acciones prescritas","Interfaz: αδ = 0.00",0,"N",689,5.94331814077181,340.527045769764,-90.1022686717489,"kN/m","DE"
"interface-alpha-0","Estado biaxial uniforme","Acciones prescritas","Interfaz: αδ = 0.00",0,"N",690,5.95203268350022,341.026352288488,-89.9835131400962,"kN/m","DE"
"interface-alpha-0","Estado biaxial uniforme","Acciones prescritas","Interfaz: αδ = 0.00",0,"N",691,5.96074722622862,341.525658807212,-89.867382592552,"kN/m","DE"
"interface-alpha-0","Estado biaxial uniforme","Acciones prescritas","Interfaz: αδ = 0.00",0,"N",692,5.96946176895703,342.024965325936,-89.7539123055505,"kN/m","DE"
"interface-alpha-0","Estado biaxial uniforme","Acciones prescritas","Interfaz: αδ = 0.00",0,"N",693,5.97817631168543,342.52427184466,-89.6431367474309,"kN/m","DE"
"interface-alpha-0","Estado biaxial uniforme","Acciones prescritas","Interfaz: αδ = 0.00",0,"N",694,5.98689085441384,343.023578363384,-89.5350895679671,"kN/m","DE"
"interface-alpha-0","Estado biaxial uniforme","Acciones prescritas","Interfaz: αδ = 0.00",0,"N",695,5.99560539714224,343.522884882108,-89.4298035881463,"kN/m","DE"
"interface-alpha-0","Estado biaxial uniforme","Acciones prescritas","Interfaz: αδ = 0.00",0,"N",696,6.00431993987064,344.022191400832,-89.3273107901989,"kN/m","DE"
"interface-alpha-0","Estado biaxial uniforme","Acciones prescritas","Interfaz: αδ = 0.00",0,"N",697,6.01303448259905,344.521497919556,-89.2276423078835,"kN/m","DE"
"interface-alpha-0","Estado biaxial uniforme","Acciones prescritas","Interfaz: αδ = 0.00",0,"N",698,6.02174902532745,345.02080443828,-89.1308284170295,"kN/m","DE"
"interface-alpha-0","Estado biaxial uniforme","Acciones prescritas","Interfaz: αδ = 0.00",0,"N",699,6.03046356805586,345.520110957004,-89.0368985263404,"kN/m","DE"
"interface-alpha-0","Estado biaxial uniforme","Acciones prescritas","Interfaz: αδ = 0.00",0,"N",700,6.03917811078426,346.019417475728,-88.9458811684606,"kN/m","DE"
"interface-alpha-0","Estado biaxial uniforme","Acciones prescritas","Interfaz: αδ = 0.00",0,"N",701,6.04789265351267,346.518723994452,-88.8578039913076,"kN/m","DE"
"interface-alpha-0","Estado biaxial uniforme","Acciones prescritas","Interfaz: αδ = 0.00",0,"N",702,6.05660719624107,347.018030513176,-88.7726937496745,"kN/m","DE"
"interface-alpha-0","Estado biaxial uniforme","Acciones prescritas","Interfaz: αδ = 0.00",0,"N",703,6.06532173896948,347.5173370319,-88.6905762971017,"kN/m","DE"
"interface-alpha-0","Estado biaxial uniforme","Acciones prescritas","Interfaz: αδ = 0.00",0,"N",704,6.07403628169788,348.016643550624,-88.6114765780244,"kN/m","DE"
"interface-alpha-0","Estado biaxial uniforme","Acciones prescritas","Interfaz: αδ = 0.00",0,"N",705,6.08275082442628,348.515950069348,-88.5354186201949,"kN/m","DE"
"interface-alpha-0","Estado biaxial uniforme","Acciones prescritas","Interfaz: αδ = 0.00",0,"N",706,6.09146536715469,349.015256588072,-88.4624255273837,"kN/m","DE"
"interface-alpha-0","Estado biaxial uniforme","Acciones prescritas","Interfaz: αδ = 0.00",0,"N",707,6.10017990988309,349.514563106796,-88.392519472362,"kN/m","DE"
"interface-alpha-0","Estado biaxial uniforme","Acciones prescritas","Interfaz: αδ = 0.00",0,"N",708,6.1088944526115,350.01386962552,-88.3257216901654,"kN/m","DE"
"interface-alpha-0","Estado biaxial uniforme","Acciones prescritas","Interfaz: αδ = 0.00",0,"N",709,6.1176089953399,350.513176144244,-88.2620524716445,"kN/m","DE"
"interface-alpha-0","Estado biaxial uniforme","Acciones prescritas","Interfaz: αδ = 0.00",0,"N",710,6.12632353806831,351.012482662968,-88.2015311573003,"kN/m","DE"
"interface-alpha-0","Estado biaxial uniforme","Acciones prescritas","Interfaz: αδ = 0.00",0,"N",711,6.13503808079671,351.511789181692,-88.1441761314099,"kN/m","DE"
"interface-alpha-0","Estado biaxial uniforme","Acciones prescritas","Interfaz: αδ = 0.00",0,"N",712,6.14375262352512,352.011095700416,-88.0900048164417,"kN/m","DE"
"interface-alpha-0","Estado biaxial uniforme","Acciones prescritas","Interfaz: αδ = 0.00",0,"N",713,6.15246716625352,352.51040221914,-88.0390336677631,"kN/m","DE"
"interface-alpha-0","Estado biaxial uniforme","Acciones prescritas","Interfaz: αδ = 0.00",0,"N",714,6.16118170898192,353.009708737864,-87.9912781686418,"kN/m","DE"
"interface-alpha-0","Estado biaxial uniforme","Acciones prescritas","Interfaz: αδ = 0.00",0,"N",715,6.16989625171033,353.509015256588,-87.9467528255428,"kN/m","DE"
"interface-alpha-0","Estado biaxial uniforme","Acciones prescritas","Interfaz: αδ = 0.00",0,"N",716,6.17861079443873,354.008321775312,-87.9054711637217,"kN/m","DE"
"interface-alpha-0","Estado biaxial uniforme","Acciones prescritas","Interfaz: αδ = 0.00",0,"N",717,6.18732533716714,354.507628294036,-87.867445723116,"kN/m","DE"
"interface-alpha-0","Estado biaxial uniforme","Acciones prescritas","Interfaz: αδ = 0.00",0,"N",718,6.19603987989554,355.00693481276,-87.8326880545364,"kN/m","DE"
"interface-alpha-0","Estado biaxial uniforme","Acciones prescritas","Interfaz: αδ = 0.00",0,"N",719,6.20475442262395,355.506241331484,-87.8012087161574,"kN/m","DE"
"interface-alpha-0","Estado biaxial uniforme","Acciones prescritas","Interfaz: αδ = 0.00",0,"N",720,6.21346896535235,356.005547850208,-87.7730172703107,"kN/m","DE"
"interface-alpha-0","Estado biaxial uniforme","Acciones prescritas","Interfaz: αδ = 0.00",0,"N",721,6.22218350808075,356.504854368932,-87.7481222805801,"kN/m","DE"
"interface-alpha-0","Estado biaxial uniforme","Acciones prescritas","Interfaz: αδ = 0.00",0,"N",722,6.23089805080916,357.004160887656,-87.7265313092005,"kN/m","DE"
"interface-alpha-0","Estado biaxial uniforme","Acciones prescritas","Interfaz: αδ = 0.00",0,"N",723,6.23961259353756,357.50346740638,-87.7082509147603,"kN/m","DE"
"interface-alpha-0","Estado biaxial uniforme","Acciones prescritas","Interfaz: αδ = 0.00",0,"N",724,6.24832713626597,358.002773925104,-87.6932866502096,"kN/m","DE"
"interface-alpha-0","Estado biaxial uniforme","Acciones prescritas","Interfaz: αδ = 0.00",0,"N",725,6.25704167899437,358.502080443828,-87.6816430611732,"kN/m","DE"
"interface-alpha-0","Estado biaxial uniforme","Acciones prescritas","Interfaz: αδ = 0.00",0,"N",726,6.26575622172278,359.001386962552,-87.6733236845697,"kN/m","DE"
"interface-alpha-0","Estado biaxial uniforme","Acciones prescritas","Interfaz: αδ = 0.00",0,"N",727,6.27447076445118,359.500693481276,-87.6683310475374,"kN/m","DE"
"interface-alpha-0","Estado biaxial uniforme","Acciones prescritas","Interfaz: αδ = 0.00",0,"M",0,0,0,14.4044204064774,"kN m/m","DE"
"interface-alpha-0","Estado biaxial uniforme","Acciones prescritas","Interfaz: αδ = 0.00",0,"M",1,0.00871454272840442,0.499306518723994,14.4022317456318,"kN m/m","DE"
"interface-alpha-0","Estado biaxial uniforme","Acciones prescritas","Interfaz: αδ = 0.00",0,"M",2,0.0174290854568088,0.998613037447989,14.3956664279342,"kN m/m","DE"
"interface-alpha-0","Estado biaxial uniforme","Acciones prescritas","Interfaz: αδ = 0.00",0,"M",3,0.0261436281852133,1.49791955617198,14.3847264477007,"kN m/m","DE"
"interface-alpha-0","Estado biaxial uniforme","Acciones prescritas","Interfaz: αδ = 0.00",0,"M",4,0.0348581709136177,1.99722607489598,14.3694151281179,"kN m/m","DE"
"interface-alpha-0","Estado biaxial uniforme","Acciones prescritas","Interfaz: αδ = 0.00",0,"M",5,0.0435727136420221,2.49653259361997,14.3497371202337,"kN m/m","DE"
"interface-alpha-0","Estado biaxial uniforme","Acciones prescritas","Interfaz: αδ = 0.00",0,"M",6,0.0522872563704265,2.99583911234397,14.3256984015449,"kN m/m","DE"
"interface-alpha-0","Estado biaxial uniforme","Acciones prescritas","Interfaz: αδ = 0.00",0,"M",7,0.0610017990988309,3.49514563106796,14.2973062741807,"kN m/m","DE"
"interface-alpha-0","Estado biaxial uniforme","Acciones prescritas","Interfaz: αδ = 0.00",0,"M",8,0.0697163418272354,3.99445214979196,14.264569362685,"kN m/m","DE"
"interface-alpha-0","Estado biaxial uniforme","Acciones prescritas","Interfaz: αδ = 0.00",0,"M",9,0.0784308845556398,4.49375866851595,14.2274976113966,"kN m/m","DE"
"interface-alpha-0","Estado biaxial uniforme","Acciones prescritas","Interfaz: αδ = 0.00",0,"M",10,0.0871454272840442,4.99306518723994,14.1861022814283,"kN m/m","DE"
"interface-alpha-0","Estado biaxial uniforme","Acciones prescritas","Interfaz: αδ = 0.00",0,"M",11,0.0958599700124486,5.49237170596394,14.140395947246,"kN m/m","DE"
"interface-alpha-0","Estado biaxial uniforme","Acciones prescritas","Interfaz: αδ = 0.00",0,"M",12,0.104574512740853,5.99167822468793,14.0903924928496,"kN m/m","DE"
"interface-alpha-0","Estado biaxial uniforme","Acciones prescritas","Interfaz: αδ = 0.00",0,"M",13,0.113289055469257,6.49098474341193,14.0361071075549,"kN m/m","DE"
"interface-alpha-0","Estado biaxial uniforme","Acciones prescritas","Interfaz: αδ = 0.00",0,"M",14,0.122003598197662,6.99029126213592,13.9775562813797,"kN m/m","DE"
"interface-alpha-0","Estado biaxial uniforme","Acciones prescritas","Interfaz: αδ = 0.00",0,"M",15,0.130718140926066,7.48959778085992,13.9147578000352,"kN m/m","DE"
"interface-alpha-0","Estado biaxial uniforme","Acciones prescritas","Interfaz: αδ = 0.00",0,"M",16,0.139432683654471,7.98890429958391,13.8477307395228,"kN m/m","DE"
"interface-alpha-0","Estado biaxial uniforme","Acciones prescritas","Interfaz: αδ = 0.00",0,"M",17,0.148147226382875,8.4882108183079,13.7764954603397,"kN m/m","DE"
"interface-alpha-0","Estado biaxial uniforme","Acciones prescritas","Interfaz: αδ = 0.00",0,"M",18,0.15686176911128,8.9875173370319,13.7010736012939,"kN m/m","DE"
"interface-alpha-0","Estado biaxial uniforme","Acciones prescritas","Interfaz: αδ = 0.00",0,"M",19,0.165576311839684,9.4868238557559,13.6214880729313,"kN m/m","DE"
"interface-alpha-0","Estado biaxial uniforme","Acciones prescritas","Interfaz: αδ = 0.00",0,"M",20,0.174290854568088,9.98613037447989,13.5377630505763,"kN m/m","DE"
"interface-alpha-0","Estado biaxial uniforme","Acciones prescritas","Interfaz: αδ = 0.00",0,"M",21,0.183005397296493,10.4854368932039,13.4499239669878,"kN m/m","DE"
"interface-alpha-0","Estado biaxial uniforme","Acciones prescritas","Interfaz: αδ = 0.00",0,"M",22,0.191719940024897,10.9847434119279,13.3579975046342,"kN m/m","DE"
"interface-alpha-0","Estado biaxial uniforme","Acciones prescritas","Interfaz: αδ = 0.00",0,"M",23,0.200434482753302,11.4840499306519,13.2620115875876,"kN m/m","DE"
"interface-alpha-0","Estado biaxial uniforme","Acciones prescritas","Interfaz: αδ = 0.00",0,"M",24,0.209149025481706,11.9833564493759,13.1619953730418,"kN m/m","DE"
"interface-alpha-0","Estado biaxial uniforme","Acciones prescritas","Interfaz: αδ = 0.00",0,"M",25,0.21786356821011,12.4826629680999,13.0579792424551,"kN m/m","DE"
"interface-alpha-0","Estado biaxial uniforme","Acciones prescritas","Interfaz: αδ = 0.00",0,"M",26,0.226578110938515,12.9819694868239,12.9499947923219,"kN m/m","DE"
"interface-alpha-0","Estado biaxial uniforme","Acciones prescritas","Interfaz: αδ = 0.00",0,"M",27,0.235292653666919,13.4812760055479,12.8380748245743,"kN m/m","DE"
"interface-alpha-0","Estado biaxial uniforme","Acciones prescritas","Interfaz: αδ = 0.00",0,"M",28,0.244007196395324,13.9805825242718,12.7222533366183,"kN m/m","DE"
"interface-alpha-0","Estado biaxial uniforme","Acciones prescritas","Interfaz: αδ = 0.00",0,"M",29,0.252721739123728,14.4798890429958,12.6025655110063,"kN m/m","DE"
"interface-alpha-0","Estado biaxial uniforme","Acciones prescritas","Interfaz: αδ = 0.00",0,"M",30,0.261436281852133,14.9791955617198,12.4790477047502,"kN m/m","DE"
"interface-alpha-0","Estado biaxial uniforme","Acciones prescritas","Interfaz: αδ = 0.00",0,"M",31,0.270150824580537,15.4785020804438,12.3517374382772,"kN m/m","DE"
"interface-alpha-0","Estado biaxial uniforme","Acciones prescritas","Interfaz: αδ = 0.00",0,"M",32,0.278865367308941,15.9778085991678,12.2206733840325,"kN m/m","DE"
"interface-alpha-0","Estado biaxial uniforme","Acciones prescritas","Interfaz: αδ = 0.00",0,"M",33,0.287579910037346,16.4771151178918,12.0858953547316,"kN m/m","DE"
"interface-alpha-0","Estado biaxial uniforme","Acciones prescritas","Interfaz: αδ = 0.00",0,"M",34,0.29629445276575,16.9764216366158,11.9474442912673,"kN m/m","DE"
"interface-alpha-0","Estado biaxial uniforme","Acciones prescritas","Interfaz: αδ = 0.00",0,"M",35,0.305008995494155,17.4757281553398,11.8053622502724,"kN m/m","DE"
"interface-alpha-0","Estado biaxial uniforme","Acciones prescritas","Interfaz: αδ = 0.00",0,"M",36,0.313723538222559,17.9750346740638,11.6596923913451,"kN m/m","DE"
"interface-alpha-0","Estado biaxial uniforme","Acciones prescritas","Interfaz: αδ = 0.00",0,"M",37,0.322438080950964,18.4743411927878,11.5104789639382,"kN m/m","DE"
"interface-alpha-0","Estado biaxial uniforme","Acciones prescritas","Interfaz: αδ = 0.00",0,"M",38,0.331152623679368,18.9736477115118,11.3577672939177,"kN m/m","DE"
"interface-alpha-0","Estado biaxial uniforme","Acciones prescritas","Interfaz: αδ = 0.00",0,"M",39,0.339867166407772,19.4729542302358,11.2016037697943,"kN m/m","DE"
"interface-alpha-0","Estado biaxial uniforme","Acciones prescritas","Interfaz: αδ = 0.00",0,"M",40,0.348581709136177,19.9722607489598,11.0420358286327,"kN m/m","DE"
"interface-alpha-0","Estado biaxial uniforme","Acciones prescritas","Interfaz: αδ = 0.00",0,"M",41,0.357296251864581,20.4715672676838,10.8791119416411,"kN m/m","DE"
"interface-alpha-0","Estado biaxial uniforme","Acciones prescritas","Interfaz: αδ = 0.00",0,"M",42,0.366010794592986,20.9708737864078,10.7128815994478,"kN m/m","DE"
"interface-alpha-0","Estado biaxial uniforme","Acciones prescritas","Interfaz: αδ = 0.00",0,"M",43,0.37472533732139,21.4701803051318,10.5433952970676,"kN m/m","DE"
"interface-alpha-0","Estado biaxial uniforme","Acciones prescritas","Interfaz: αδ = 0.00",0,"M",44,0.383439880049794,21.9694868238558,10.3707045185631,"kN m/m","DE"
"interface-alpha-0","Estado biaxial uniforme","Acciones prescritas","Interfaz: αδ = 0.00",0,"M",45,0.392154422778199,22.4687933425798,10.1948617214056,"kN m/m","DE"
"interface-alpha-0","Estado biaxial uniforme","Acciones prescritas","Interfaz: αδ = 0.00",0,"M",46,0.400868965506603,22.9680998613037,10.0159203205405,"kN m/m","DE"
"interface-alpha-0","Estado biaxial uniforme","Acciones prescritas","Interfaz: αδ = 0.00",0,"M",47,0.409583508235008,23.4674063800277,9.83393467216142,"kN m/m","DE"
"interface-alpha-0","Estado biaxial uniforme","Acciones prescritas","Interfaz: αδ = 0.00",0,"M",48,0.418298050963412,23.9667128987517,9.64896005719893,"kN m/m","DE"
"interface-alpha-0","Estado biaxial uniforme","Acciones prescritas","Interfaz: αδ = 0.00",0,"M",49,0.427012593691816,24.4660194174757,9.46105266452804,"kN m/m","DE"
"interface-alpha-0","Estado biaxial uniforme","Acciones prescritas","Interfaz: αδ = 0.00",0,"M",50,0.435727136420221,24.9653259361997,9.27026957389987,"kN m/m","DE"
"interface-alpha-0","Estado biaxial uniforme","Acciones prescritas","Interfaz: αδ = 0.00",0,"M",51,0.444441679148625,25.4646324549237,9.07666873860296,"kN m/m","DE"
"interface-alpha-0","Estado biaxial uniforme","Acciones prescritas","Interfaz: αδ = 0.00",0,"M",52,0.45315622187703,25.9639389736477,8.88030896785894,"kN m/m","DE"
"interface-alpha-0","Estado biaxial uniforme","Acciones prescritas","Interfaz: αδ = 0.00",0,"M",53,0.461870764605434,26.4632454923717,8.68124990895836,"kN m/m","DE"
"interface-alpha-0","Estado biaxial uniforme","Acciones prescritas","Interfaz: αδ = 0.00",0,"M",54,0.470585307333839,26.9625520110957,8.47955202914198,"kN m/m","DE"
"interface-alpha-0","Estado biaxial uniforme","Acciones prescritas","Interfaz: αδ = 0.00",0,"M",55,0.479299850062243,27.4618585298197,8.27527659723289,"kN m/m","DE"
"interface-alpha-0","Estado biaxial uniforme","Acciones prescritas","Interfaz: αδ = 0.00",0,"M",56,0.488014392790647,27.9611650485437,8.06848566502504,"kN m/m","DE"
"interface-alpha-0","Estado biaxial uniforme","Acciones prescritas","Interfaz: αδ = 0.00",0,"M",57,0.496728935519052,28.4604715672677,7.8592420484342,"kN m/m","DE"
"interface-alpha-0","Estado biaxial uniforme","Acciones prescritas","Interfaz: αδ = 0.00",0,"M",58,0.505443478247456,28.9597780859917,7.64760930841665,"kN m/m","DE"
"interface-alpha-0","Estado biaxial uniforme","Acciones prescritas","Interfaz: αδ = 0.00",0,"M",59,0.514158020975861,29.4590846047157,7.43365173166156,"kN m/m","DE"
"interface-alpha-0","Estado biaxial uniforme","Acciones prescritas","Interfaz: αδ = 0.00",0,"M",60,0.522872563704265,29.9583911234397,7.21743431106282,"kN m/m","DE"
"interface-alpha-0","Estado biaxial uniforme","Acciones prescritas","Interfaz: αδ = 0.00",0,"M",61,0.53158710643267,30.4576976421637,6.99902272597657,"kN m/m","DE"
"interface-alpha-0","Estado biaxial uniforme","Acciones prescritas","Interfaz: αδ = 0.00",0,"M",62,0.540301649161074,30.9570041608877,6.77848332227009,"kN m/m","DE"
"interface-alpha-0","Estado biaxial uniforme","Acciones prescritas","Interfaz: αδ = 0.00",0,"M",63,0.549016191889478,31.4563106796117,6.55588309216812,"kN m/m","DE"
"interface-alpha-0","Estado biaxial uniforme","Acciones prescritas","Interfaz: αδ = 0.00",0,"M",64,0.557730734617883,31.9556171983356,6.33128965390304,"kN m/m","DE"
"interface-alpha-0","Estado biaxial uniforme","Acciones prescritas","Interfaz: αδ = 0.00",0,"M",65,0.566445277346287,32.4549237170596,6.10477123117477,"kN m/m","DE"
"interface-alpha-0","Estado biaxial uniforme","Acciones prescritas","Interfaz: αδ = 0.00",0,"M",66,0.575159820074692,32.9542302357836,5.87639663242672,"kN m/m","DE"
"interface-alpha-0","Estado biaxial uniforme","Acciones prescritas","Interfaz: αδ = 0.00",0,"M",67,0.583874362803096,33.4535367545076,5.64623522994432,"kN m/m","DE"
"interface-alpha-0","Estado biaxial uniforme","Acciones prescritas","Interfaz: αδ = 0.00",0,"M",68,0.592588905531501,33.9528432732316,5.41435693878196,"kN m/m","DE"
"interface-alpha-0","Estado biaxial uniforme","Acciones prescritas","Interfaz: αδ = 0.00",0,"M",69,0.601303448259905,34.4521497919556,5.18083219552531,"kN m/m","DE"
"interface-alpha-0","Estado biaxial uniforme","Acciones prescritas","Interfaz: αδ = 0.00",0,"M",70,0.610017990988309,34.9514563106796,4.94573193689504,"kN m/m","DE"
"interface-alpha-0","Estado biaxial uniforme","Acciones prescritas","Interfaz: αδ = 0.00",0,"M",71,0.618732533716714,35.4507628294036,4.70912757819887,"kN m/m","DE"
"interface-alpha-0","Estado biaxial uniforme","Acciones prescritas","Interfaz: αδ = 0.00",0,"M",72,0.627447076445118,35.9500693481276,4.47109099163791,"kN m/m","DE"
"interface-alpha-0","Estado biaxial uniforme","Acciones prescritas","Interfaz: αδ = 0.00",0,"M",73,0.636161619173523,36.4493758668516,4.23169448447447,"kN m/m","DE"
"interface-alpha-0","Estado biaxial uniforme","Acciones prescritas","Interfaz: αδ = 0.00",0,"M",74,0.644876161901927,36.9486823855756,3.99101077706752,"kN m/m","DE"
"interface-alpha-0","Estado biaxial uniforme","Acciones prescritas","Interfaz: αδ = 0.00",0,"M",75,0.653590704630331,37.4479889042996,3.74911298078295,"kN m/m","DE"
"interface-alpha-0","Estado biaxial uniforme","Acciones prescritas","Interfaz: αδ = 0.00",0,"M",76,0.662305247358736,37.9472954230236,3.50607457578465,"kN m/m","DE"
"interface-alpha-0","Estado biaxial uniforme","Acciones prescritas","Interfaz: αδ = 0.00",0,"M",77,0.67101979008714,38.4466019417476,3.26196938871398,"kN m/m","DE"
"interface-alpha-0","Estado biaxial uniforme","Acciones prescritas","Interfaz: αδ = 0.00",0,"M",78,0.679734332815545,38.9459084604716,3.01687157026365,"kN m/m","DE"
"interface-alpha-0","Estado biaxial uniforme","Acciones prescritas","Interfaz: αδ = 0.00",0,"M",79,0.688448875543949,39.4452149791956,2.77085557265339,"kN m/m","DE"
"interface-alpha-0","Estado biaxial uniforme","Acciones prescritas","Interfaz: αδ = 0.00",0,"M",80,0.697163418272354,39.9445214979196,2.52399612701394,"kN m/m","DE"
"interface-alpha-0","Estado biaxial uniforme","Acciones prescritas","Interfaz: αδ = 0.00",0,"M",81,0.705877961000758,40.4438280166436,2.27636822068628,"kN m/m","DE"
"interface-alpha-0","Estado biaxial uniforme","Acciones prescritas","Interfaz: αδ = 0.00",0,"M",82,0.714592503729162,40.9431345353675,2.02804707444309,"kN m/m","DE"
"interface-alpha-0","Estado biaxial uniforme","Acciones prescritas","Interfaz: αδ = 0.00",0,"M",83,0.723307046457567,41.4424410540915,1.77910811963939,"kN m/m","DE"
"interface-alpha-0","Estado biaxial uniforme","Acciones prescritas","Interfaz: αδ = 0.00",0,"M",84,0.732021589185971,41.9417475728155,1.52962697529892,"kN m/m","DE"
"interface-alpha-0","Estado biaxial uniforme","Acciones prescritas","Interfaz: αδ = 0.00",0,"M",85,0.740736131914376,42.4410540915395,1.27967942514385,"kN m/m","DE"
"interface-alpha-0","Estado biaxial uniforme","Acciones prescritas","Interfaz: αδ = 0.00",0,"M",86,0.74945067464278,42.9403606102635,1.02934139457429,"kN m/m","DE"
"interface-alpha-0","Estado biaxial uniforme","Acciones prescritas","Interfaz: αδ = 0.00",0,"M",87,0.758165217371184,43.4396671289875,0.778688927604691,"kN m/m","DE"
"interface-alpha-0","Estado biaxial uniforme","Acciones prescritas","Interfaz: αδ = 0.00",0,"M",88,0.766879760099589,43.9389736477115,0.527798163764459,"kN m/m","DE"
"interface-alpha-0","Estado biaxial uniforme","Acciones prescritas","Interfaz: αδ = 0.00",0,"M",89,0.775594302827993,44.4382801664355,0.276745314969219,"kN m/m","DE"
"interface-alpha-0","Estado biaxial uniforme","Acciones prescritas","Interfaz: αδ = 0.00",0,"M",90,0.784308845556398,44.9375866851595,0.0256066423705761,"kN m/m","DE"
"interface-alpha-0","Estado biaxial uniforme","Acciones prescritas","Interfaz: αδ = 0.00",0,"M",91,0.785398163397448,45,-0.00578792685544727,"kN m/m","DE"
"interface-alpha-0","Estado biaxial uniforme","Acciones prescritas","Interfaz: αδ = 0.00",0,"M",92,0.793023388284802,45.4368932038835,-0.225541566809795,"kN m/m","DE"
"interface-alpha-0","Estado biaxial uniforme","Acciones prescritas","Interfaz: αδ = 0.00",0,"M",93,0.801737931013207,45.9361997226075,-0.476623022453168,"kN m/m","DE"
"interface-alpha-0","Estado biaxial uniforme","Acciones prescritas","Interfaz: αδ = 0.00",0,"M",94,0.810452473741611,46.4355062413315,-0.727561454718284,"kN m/m","DE"
"interface-alpha-0","Estado biaxial uniforme","Acciones prescritas","Interfaz: αδ = 0.00",0,"M",95,0.819167016470015,46.9348127600555,-0.97828063720948,"kN m/m","DE"
"interface-alpha-0","Estado biaxial uniforme","Acciones prescritas","Interfaz: αδ = 0.00",0,"M",96,0.82788155919842,47.4341192787795,-1.22870441013148,"kN m/m","DE"
"interface-alpha-0","Estado biaxial uniforme","Acciones prescritas","Interfaz: αδ = 0.00",0,"M",97,0.836596101926824,47.9334257975035,-1.47875670342427,"kN m/m","DE"
"interface-alpha-0","Estado biaxial uniforme","Acciones prescritas","Interfaz: αδ = 0.00",0,"M",98,0.845310644655229,48.4327323162275,-1.72836155987039,"kN m/m","DE"
"interface-alpha-0","Estado biaxial uniforme","Acciones prescritas","Interfaz: αδ = 0.00",0,"M",99,0.854025187383633,48.9320388349515,-1.97744315816828,"kN m/m","DE"
"interface-alpha-0","Estado biaxial uniforme","Acciones prescritas","Interfaz: αδ = 0.00",0,"M",100,0.862739730112038,49.4313453536755,-2.22592583596398,"kN m/m","DE"
"interface-alpha-0","Estado biaxial uniforme","Acciones prescritas","Interfaz: αδ = 0.00",0,"M",101,0.871454272840442,49.9306518723995,-2.47373411283485,"kN m/m","DE"
"interface-alpha-0","Estado biaxial uniforme","Acciones prescritas","Interfaz: αδ = 0.00",0,"M",102,0.880168815568846,50.4299583911234,-2.72079271321783,"kN m/m","DE"
"interface-alpha-0","Estado biaxial uniforme","Acciones prescritas","Interfaz: αδ = 0.00",0,"M",103,0.888883358297251,50.9292649098474,-2.96702658927566,"kN m/m","DE"
"interface-alpha-0","Estado biaxial uniforme","Acciones prescritas","Interfaz: αδ = 0.00",0,"M",104,0.897597901025655,51.4285714285714,-3.21236094369374,"kN m/m","DE"
"interface-alpha-0","Estado biaxial uniforme","Acciones prescritas","Interfaz: αδ = 0.00",0,"M",105,0.90631244375406,51.9278779472954,-3.4567212524008,"kN m/m","DE"
"interface-alpha-0","Estado biaxial uniforme","Acciones prescritas","Interfaz: αδ = 0.00",0,"M",106,0.915026986482464,52.4271844660194,-3.70003328720711,"kN m/m","DE"
"interface-alpha-0","Estado biaxial uniforme","Acciones prescritas","Interfaz: αδ = 0.00",0,"M",107,0.923741529210868,52.9264909847434,-3.94222313835203,"kN m/m","DE"
"interface-alpha-0","Estado biaxial uniforme","Acciones prescritas","Interfaz: αδ = 0.00",0,"M",108,0.932456071939273,53.4257975034674,-4.18321723695556,"kN m/m","DE"
"interface-alpha-0","Estado biaxial uniforme","Acciones prescritas","Interfaz: αδ = 0.00",0,"M",109,0.941170614667677,53.9251040221914,-4.42294237736573,"kN m/m","DE"
"interface-alpha-0","Estado biaxial uniforme","Acciones prescritas","Interfaz: αδ = 0.00",0,"M",110,0.949885157396082,54.4244105409154,-4.66132573939609,"kN m/m","DE"
"interface-alpha-0","Estado biaxial uniforme","Acciones prescritas","Interfaz: αδ = 0.00",0,"M",111,0.958599700124486,54.9237170596394,-4.89829491044603,"kN m/m","DE"
"interface-alpha-0","Estado biaxial uniforme","Acciones prescritas","Interfaz: αδ = 0.00",0,"M",112,0.967314242852891,55.4230235783634,-5.13377790749712,"kN m/m","DE"
"interface-alpha-0","Estado biaxial uniforme","Acciones prescritas","Interfaz: αδ = 0.00",0,"M",113,0.976028785581295,55.9223300970874,-5.36770319897894,"kN m/m","DE"
"interface-alpha-0","Estado biaxial uniforme","Acciones prescritas","Interfaz: αδ = 0.00",0,"M",114,0.984743328309699,56.4216366158114,-5.59999972649817,"kN m/m","DE"
"interface-alpha-0","Estado biaxial uniforme","Acciones prescritas","Interfaz: αδ = 0.00",0,"M",115,0.993457871038104,56.9209431345354,-5.83059692642342,"kN m/m","DE"
"interface-alpha-0","Estado biaxial uniforme","Acciones prescritas","Interfaz: αδ = 0.00",0,"M",116,1.00217241376651,57.4202496532594,-6.05942475132011,"kN m/m","DE"
"interface-alpha-0","Estado biaxial uniforme","Acciones prescritas","Interfaz: αδ = 0.00",0,"M",117,1.01088695649491,57.9195561719834,-6.28641369122855,"kN m/m","DE"
"interface-alpha-0","Estado biaxial uniforme","Acciones prescritas","Interfaz: αδ = 0.00",0,"M",118,1.01960149922332,58.4188626907073,-6.5114947947784,"kN m/m","DE"
"interface-alpha-0","Estado biaxial uniforme","Acciones prescritas","Interfaz: αδ = 0.00",0,"M",119,1.02831604195172,58.9181692094313,-6.73459969013399,"kN m/m","DE"
"interface-alpha-0","Estado biaxial uniforme","Acciones prescritas","Interfaz: αδ = 0.00",0,"M",120,1.03703058468013,59.4174757281553,-6.95566060576309,"kN m/m","DE"
"interface-alpha-0","Estado biaxial uniforme","Acciones prescritas","Interfaz: αδ = 0.00",0,"M",121,1.04574512740853,59.9167822468793,-7.17461039102375,"kN m/m","DE"
"interface-alpha-0","Estado biaxial uniforme","Acciones prescritas","Interfaz: αδ = 0.00",0,"M",122,1.05445967013693,60.4160887656033,-7.39138253656216,"kN m/m","DE"
"interface-alpha-0","Estado biaxial uniforme","Acciones prescritas","Interfaz: αδ = 0.00",0,"M",123,1.06317421286534,60.9153952843273,-7.60591119451593,"kN m/m","DE"
"interface-alpha-0","Estado biaxial uniforme","Acciones prescritas","Interfaz: αδ = 0.00",0,"M",124,1.07188875559374,61.4147018030513,-7.81813119851648,"kN m/m","DE"
"interface-alpha-0","Estado biaxial uniforme","Acciones prescritas","Interfaz: αδ = 0.00",0,"M",125,1.08060329832215,61.9140083217753,-8.02797808348427,"kN m/m","DE"
"interface-alpha-0","Estado biaxial uniforme","Acciones prescritas","Interfaz: αδ = 0.00",0,"M",126,1.08931784105055,62.4133148404993,-8.23538810521097,"kN m/m","DE"
"interface-alpha-0","Estado biaxial uniforme","Acciones prescritas","Interfaz: αδ = 0.00",0,"M",127,1.09803238377896,62.9126213592233,-8.44029825972291,"kN m/m","DE"
"interface-alpha-0","Estado biaxial uniforme","Acciones prescritas","Interfaz: αδ = 0.00",0,"M",128,1.10674692650736,63.4119278779473,-8.64264630241934,"kN m/m","DE"
"interface-alpha-0","Estado biaxial uniforme","Acciones prescritas","Interfaz: αδ = 0.00",0,"M",129,1.11546146923577,63.9112343966713,-8.84237076698025,"kN m/m","DE"
"interface-alpha-0","Estado biaxial uniforme","Acciones prescritas","Interfaz: αδ = 0.00",0,"M",130,1.12417601196417,64.4105409153953,-9.0394109840378,"kN m/m","DE"
"interface-alpha-0","Estado biaxial uniforme","Acciones prescritas","Interfaz: αδ = 0.00",0,"M",131,1.13289055469257,64.9098474341193,-9.23370709960537,"kN m/m","DE"
"interface-alpha-0","Estado biaxial uniforme","Acciones prescritas","Interfaz: αδ = 0.00",0,"M",132,1.14160509742098,65.4091539528433,-9.42520009325926,"kN m/m","DE"
"interface-alpha-0","Estado biaxial uniforme","Acciones prescritas","Interfaz: αδ = 0.00",0,"M",133,1.15031964014938,65.9084604715673,-9.61383179606705,"kN m/m","DE"
"interface-alpha-0","Estado biaxial uniforme","Acciones prescritas","Interfaz: αδ = 0.00",0,"M",134,1.15903418287779,66.4077669902913,-9.79954490825733,"kN m/m","DE"
"interface-alpha-0","Estado biaxial uniforme","Acciones prescritas","Interfaz: αδ = 0.00",0,"M",135,1.16774872560619,66.9070735090153,-9.98228301662519,"kN m/m","DE"
"interface-alpha-0","Estado biaxial uniforme","Acciones prescritas","Interfaz: αδ = 0.00",0,"M",136,1.1764632683346,67.4063800277392,-10.1619906116689,"kN m/m","DE"
"interface-alpha-0","Estado biaxial uniforme","Acciones prescritas","Interfaz: αδ = 0.00",0,"M",137,1.185177811063,67.9056865464632,-10.3386131044514,"kN m/m","DE"
"interface-alpha-0","Estado biaxial uniforme","Acciones prescritas","Interfaz: αδ = 0.00",0,"M",138,1.19389235379141,68.4049930651872,-10.5120968431829,"kN m/m","DE"
"interface-alpha-0","Estado biaxial uniforme","Acciones prescritas","Interfaz: αδ = 0.00",0,"M",139,1.20260689651981,68.9042995839112,-10.6823891295184,"kN m/m","DE"
"interface-alpha-0","Estado biaxial uniforme","Acciones prescritas","Interfaz: αδ = 0.00",0,"M",140,1.21132143924821,69.4036061026352,-10.8494382345652,"kN m/m","DE"
"interface-alpha-0","Estado biaxial uniforme","Acciones prescritas","Interfaz: αδ = 0.00",0,"M",141,1.22003598197662,69.9029126213592,-11.0131934145968,"kN m/m","DE"
"interface-alpha-0","Estado biaxial uniforme","Acciones prescritas","Interfaz: αδ = 0.00",0,"M",142,1.22875052470502,70.4022191400832,-11.1736049264669,"kN m/m","DE"
"interface-alpha-0","Estado biaxial uniforme","Acciones prescritas","Interfaz: αδ = 0.00",0,"M",143,1.23746506743343,70.9015256588072,-11.3306240427195,"kN m/m","DE"
"interface-alpha-0","Estado biaxial uniforme","Acciones prescritas","Interfaz: αδ = 0.00",0,"M",144,1.24617961016183,71.4008321775312,-11.484203066391,"kN m/m","DE"
"interface-alpha-0","Estado biaxial uniforme","Acciones prescritas","Interfaz: αδ = 0.00",0,"M",145,1.25489415289024,71.9001386962552,-11.6342953454986,"kN m/m","DE"
"interface-alpha-0","Estado biaxial uniforme","Acciones prescritas","Interfaz: αδ = 0.00",0,"M",146,1.26360869561864,72.3994452149792,-11.7808552872116,"kN m/m","DE"
"interface-alpha-0","Estado biaxial uniforme","Acciones prescritas","Interfaz: αδ = 0.00",0,"M",147,1.27232323834705,72.8987517337032,-11.923838371701,"kN m/m","DE"
"interface-alpha-0","Estado biaxial uniforme","Acciones prescritas","Interfaz: αδ = 0.00",0,"M",148,1.28103778107545,73.3980582524272,-12.0632011656628,"kN m/m","DE"
"interface-alpha-0","Estado biaxial uniforme","Acciones prescritas","Interfaz: αδ = 0.00",0,"M",149,1.28975232380385,73.8973647711512,-12.1989013355119,"kN m/m","DE"
"interface-alpha-0","Estado biaxial uniforme","Acciones prescritas","Interfaz: αδ = 0.00",0,"M",150,1.29846686653226,74.3966712898752,-12.3308976602415,"kN m/m","DE"
"interface-alpha-0","Estado biaxial uniforme","Acciones prescritas","Interfaz: αδ = 0.00",0,"M",151,1.30718140926066,74.8959778085992,-12.4591500439444,"kN m/m","DE"
"interface-alpha-0","Estado biaxial uniforme","Acciones prescritas","Interfaz: αδ = 0.00",0,"M",152,1.31589595198907,75.3952843273232,-12.583619527993,"kN m/m","DE"
"interface-alpha-0","Estado biaxial uniforme","Acciones prescritas","Interfaz: αδ = 0.00",0,"M",153,1.32461049471747,75.8945908460472,-12.7042683028732,"kN m/m","DE"
"interface-alpha-0","Estado biaxial uniforme","Acciones prescritas","Interfaz: αδ = 0.00",0,"M",154,1.33332503744588,76.3938973647712,-12.8210597196703,"kN m/m","DE"
"interface-alpha-0","Estado biaxial uniforme","Acciones prescritas","Interfaz: αδ = 0.00",0,"M",155,1.34203958017428,76.8932038834951,-12.9339583012008,"kN m/m","DE"
"interface-alpha-0","Estado biaxial uniforme","Acciones prescritas","Interfaz: αδ = 0.00",0,"M",156,1.35075412290268,77.3925104022191,-13.0429297527901,"kN m/m","DE"
"interface-alpha-0","Estado biaxial uniforme","Acciones prescritas","Interfaz: αδ = 0.00",0,"M",157,1.35946866563109,77.8918169209431,-13.1479409726889,"kN m/m","DE"
"interface-alpha-0","Estado biaxial uniforme","Acciones prescritas","Interfaz: αδ = 0.00",0,"M",158,1.36818320835949,78.3911234396671,-13.2489600621296,"kN m/m","DE"
"interface-alpha-0","Estado biaxial uniforme","Acciones prescritas","Interfaz: αδ = 0.00",0,"M",159,1.3768977510879,78.8904299583911,-13.345956335015,"kN m/m","DE"
"interface-alpha-0","Estado biaxial uniforme","Acciones prescritas","Interfaz: αδ = 0.00",0,"M",160,1.3856122938163,79.3897364771151,-13.4389003272403,"kN m/m","DE"
"interface-alpha-0","Estado biaxial uniforme","Acciones prescritas","Interfaz: αδ = 0.00",0,"M",161,1.39432683654471,79.8890429958391,-13.527763805643,"kN m/m","DE"
"interface-alpha-0","Estado biaxial uniforme","Acciones prescritas","Interfaz: αδ = 0.00",0,"M",162,1.40304137927311,80.3883495145631,-13.6125197765793,"kN m/m","DE"
"interface-alpha-0","Estado biaxial uniforme","Acciones prescritas","Interfaz: αδ = 0.00",0,"M",163,1.41175592200152,80.8876560332871,-13.6931424941236,"kN m/m","DE"
"interface-alpha-0","Estado biaxial uniforme","Acciones prescritas","Interfaz: αδ = 0.00",0,"M",164,1.42047046472992,81.3869625520111,-13.7696074678896,"kN m/m","DE"
"interface-alpha-0","Estado biaxial uniforme","Acciones prescritas","Interfaz: αδ = 0.00",0,"M",165,1.42918500745832,81.8862690707351,-13.8418914704692,"kN m/m","DE"
"interface-alpha-0","Estado biaxial uniforme","Acciones prescritas","Interfaz: αδ = 0.00",0,"M",166,1.43789955018673,82.3855755894591,-13.9099725444887,"kN m/m","DE"
"interface-alpha-0","Estado biaxial uniforme","Acciones prescritas","Interfaz: αδ = 0.00",0,"M",167,1.44661409291513,82.8848821081831,-13.9738300092779,"kN m/m","DE"
"interface-alpha-0","Estado biaxial uniforme","Acciones prescritas","Interfaz: αδ = 0.00",0,"M",168,1.45532863564354,83.3841886269071,-14.0334444671531,"kN m/m","DE"
"interface-alpha-0","Estado biaxial uniforme","Acciones prescritas","Interfaz: αδ = 0.00",0,"M",169,1.46404317837194,83.8834951456311,-14.0887978093089,"kN m/m","DE"
"interface-alpha-0","Estado biaxial uniforme","Acciones prescritas","Interfaz: αδ = 0.00",0,"M",170,1.47275772110035,84.3828016643551,-14.1398732213188,"kN m/m","DE"
"interface-alpha-0","Estado biaxial uniforme","Acciones prescritas","Interfaz: αδ = 0.00",0,"M",171,1.48147226382875,84.882108183079,-14.1866551882435,"kN m/m","DE"
"interface-alpha-0","Estado biaxial uniforme","Acciones prescritas","Interfaz: αδ = 0.00",0,"M",172,1.49018680655716,85.381414701803,-14.2291294993435,"kN m/m","DE"
"interface-alpha-0","Estado biaxial uniforme","Acciones prescritas","Interfaz: αδ = 0.00",0,"M",173,1.49890134928556,85.880721220527,-14.2672832523957,"kN m/m","DE"
"interface-alpha-0","Estado biaxial uniforme","Acciones prescritas","Interfaz: αδ = 0.00",0,"M",174,1.50761589201396,86.380027739251,-14.3011048576125,"kN m/m","DE"
"interface-alpha-0","Estado biaxial uniforme","Acciones prescritas","Interfaz: αδ = 0.00",0,"M",175,1.51633043474237,86.879334257975,-14.3305840411629,"kN m/m","DE"
"interface-alpha-0","Estado biaxial uniforme","Acciones prescritas","Interfaz: αδ = 0.00",0,"M",176,1.52504497747077,87.378640776699,-14.355711848293,"kN m/m","DE"
"interface-alpha-0","Estado biaxial uniforme","Acciones prescritas","Interfaz: αδ = 0.00",0,"M",177,1.53375952019918,87.877947295423,-14.3764806460462,"kN m/m","DE"
"interface-alpha-0","Estado biaxial uniforme","Acciones prescritas","Interfaz: αδ = 0.00",0,"M",178,1.54247406292758,88.377253814147,-14.3928841255818,"kN m/m","DE"
"interface-alpha-0","Estado biaxial uniforme","Acciones prescritas","Interfaz: αδ = 0.00",0,"M",179,1.55118860565599,88.876560332871,-14.4049173040914,"kN m/m","DE"
"interface-alpha-0","Estado biaxial uniforme","Acciones prescritas","Interfaz: αδ = 0.00",0,"M",180,1.55990314838439,89.375866851595,-14.4125765263124,"kN m/m","DE"
"interface-alpha-0","Estado biaxial uniforme","Acciones prescritas","Interfaz: αδ = 0.00",0,"M",181,1.5686176911128,89.875173370319,-14.415859465639,"kN m/m","DE"
"interface-alpha-0","Estado biaxial uniforme","Acciones prescritas","Interfaz: αδ = 0.00",0,"M",182,1.5707963267949,90,-14.4159962601882,"kN m/m","DE"
"interface-alpha-0","Estado biaxial uniforme","Acciones prescritas","Interfaz: αδ = 0.00",0,"M",183,1.5773322338412,90.374479889043,-14.4147651248277,"kN m/m","DE"
"interface-alpha-0","Estado biaxial uniforme","Acciones prescritas","Interfaz: αδ = 0.00",0,"M",184,1.5860467765696,90.873786407767,-14.4092938363014,"kN m/m","DE"
"interface-alpha-0","Estado biaxial uniforme","Acciones prescritas","Interfaz: αδ = 0.00",0,"M",185,1.59476131929801,91.373092926491,-14.3994472620479,"kN m/m","DE"
"interface-alpha-0","Estado biaxial uniforme","Acciones prescritas","Interfaz: αδ = 0.00",0,"M",186,1.60347586202641,91.872399445215,-14.3852283931152,"kN m/m","DE"
"interface-alpha-0","Estado biaxial uniforme","Acciones prescritas","Interfaz: αδ = 0.00",0,"M",187,1.61219040475482,92.371705963939,-14.3666415487026,"kN m/m","DE"
"interface-alpha-0","Estado biaxial uniforme","Acciones prescritas","Interfaz: αδ = 0.00",0,"M",188,1.62090494748322,92.871012482663,-14.3436923748489,"kN m/m","DE"
"interface-alpha-0","Estado biaxial uniforme","Acciones prescritas","Interfaz: αδ = 0.00",0,"M",189,1.62961949021163,93.370319001387,-14.3163878427176,"kN m/m","DE"
"interface-alpha-0","Estado biaxial uniforme","Acciones prescritas","Interfaz: αδ = 0.00",0,"M",190,1.63833403294003,93.869625520111,-14.284736246479,"kN m/m","DE"
"interface-alpha-0","Estado biaxial uniforme","Acciones prescritas","Interfaz: αδ = 0.00",0,"M",191,1.64704857566844,94.3689320388349,-14.2487472007905,"kN m/m","DE"
"interface-alpha-0","Estado biaxial uniforme","Acciones prescritas","Interfaz: αδ = 0.00",0,"M",192,1.65576311839684,94.868238557559,-14.2084316378766,"kN m/m","DE"
"interface-alpha-0","Estado biaxial uniforme","Acciones prescritas","Interfaz: αδ = 0.00",0,"M",193,1.66447766112524,95.367545076283,-14.1638018042076,"kN m/m","DE"
"interface-alpha-0","Estado biaxial uniforme","Acciones prescritas","Interfaz: αδ = 0.00",0,"M",194,1.67319220385365,95.8668515950069,-14.1148712567794,"kN m/m","DE"
"interface-alpha-0","Estado biaxial uniforme","Acciones prescritas","Interfaz: αδ = 0.00",0,"M",195,1.68190674658205,96.3661581137309,-14.0616548589961,"kN m/m","DE"
"interface-alpha-0","Estado biaxial uniforme","Acciones prescritas","Interfaz: αδ = 0.00",0,"M",196,1.69062128931046,96.8654646324549,-14.0041687761544,"kN m/m","DE"
"interface-alpha-0","Estado biaxial uniforme","Acciones prescritas","Interfaz: αδ = 0.00",0,"M",197,1.69933583203886,97.3647711511789,-13.9424304705331,"kN m/m","DE"
"interface-alpha-0","Estado biaxial uniforme","Acciones prescritas","Interfaz: αδ = 0.00",0,"M",198,1.70805037476727,97.8640776699029,-13.8764586960889,"kN m/m","DE"
"interface-alpha-0","Estado biaxial uniforme","Acciones prescritas","Interfaz: αδ = 0.00",0,"M",199,1.71676491749567,98.3633841886269,-13.8062734927599,"kN m/m","DE"
"interface-alpha-0","Estado biaxial uniforme","Acciones prescritas","Interfaz: αδ = 0.00",0,"M",200,1.72547946022408,98.8626907073509,-13.7318961803773,"kN m/m","DE"
"interface-alpha-0","Estado biaxial uniforme","Acciones prescritas","Interfaz: αδ = 0.00",0,"M",201,1.73419400295248,99.3619972260749,-13.6533493521901,"kN m/m","DE"
"interface-alpha-0","Estado biaxial uniforme","Acciones prescritas","Interfaz: αδ = 0.00",0,"M",202,1.74290854568088,99.8613037447989,-13.5706568680015,"kN m/m","DE"
"interface-alpha-0","Estado biaxial uniforme","Acciones prescritas","Interfaz: αδ = 0.00",0,"M",203,1.75162308840929,100.360610263523,-13.4838438469212,"kN m/m","DE"
"interface-alpha-0","Estado biaxial uniforme","Acciones prescritas","Interfaz: αδ = 0.00",0,"M",204,1.76033763113769,100.859916782247,-13.3929366597351,"kN m/m","DE"
"interface-alpha-0","Estado biaxial uniforme","Acciones prescritas","Interfaz: αδ = 0.00",0,"M",205,1.7690521738661,101.359223300971,-13.2979629208951,"kN m/m","DE"
"interface-alpha-0","Estado biaxial uniforme","Acciones prescritas","Interfaz: αδ = 0.00",0,"M",206,1.7777667165945,101.858529819695,-13.1989514801303,"kN m/m","DE"
"interface-alpha-0","Estado biaxial uniforme","Acciones prescritas","Interfaz: αδ = 0.00",0,"M",207,1.78648125932291,102.357836338419,-13.0959324136837,"kN m/m","DE"
"interface-alpha-0","Estado biaxial uniforme","Acciones prescritas","Interfaz: αδ = 0.00",0,"M",208,1.79519580205131,102.857142857143,-12.9889370151759,"kN m/m","DE"
"interface-alpha-0","Estado biaxial uniforme","Acciones prescritas","Interfaz: αδ = 0.00",0,"M",209,1.80391034477971,103.356449375867,-12.8779977860996,"kN m/m","DE"
"interface-alpha-0","Estado biaxial uniforme","Acciones prescritas","Interfaz: αδ = 0.00",0,"M",210,1.81262488750812,103.855755894591,-12.7631484259463,"kN m/m","DE"
"interface-alpha-0","Estado biaxial uniforme","Acciones prescritas","Interfaz: αδ = 0.00",0,"M",211,1.82133943023652,104.355062413315,-12.6444238219698,"kN m/m","DE"
"interface-alpha-0","Estado biaxial uniforme","Acciones prescritas","Interfaz: αδ = 0.00",0,"M",212,1.83005397296493,104.854368932039,-12.5218600385885,"kN m/m","DE"
"interface-alpha-0","Estado biaxial uniforme","Acciones prescritas","Interfaz: αδ = 0.00",0,"M",213,1.83876851569333,105.353675450763,-12.3954943064306,"kN m/m","DE"
"interface-alpha-0","Estado biaxial uniforme","Acciones prescritas","Interfaz: αδ = 0.00",0,"M",214,1.84748305842174,105.852981969487,-12.2653650110246,"kN m/m","DE"
"interface-alpha-0","Estado biaxial uniforme","Acciones prescritas","Interfaz: αδ = 0.00",0,"M",215,1.85619760115014,106.352288488211,-12.1315116811385,"kN m/m","DE"
"interface-alpha-0","Estado biaxial uniforme","Acciones prescritas","Interfaz: αδ = 0.00",0,"M",216,1.86491214387855,106.851595006935,-11.9939749767736,"kN m/m","DE"
"interface-alpha-0","Estado biaxial uniforme","Acciones prescritas","Interfaz: αδ = 0.00",0,"M",217,1.87362668660695,107.350901525659,-11.8527966768121,"kN m/m","DE"
"interface-alpha-0","Estado biaxial uniforme","Acciones prescritas","Interfaz: αδ = 0.00",0,"M",218,1.88234122933535,107.850208044383,-11.708019666327,"kN m/m","DE"
"interface-alpha-0","Estado biaxial uniforme","Acciones prescritas","Interfaz: αδ = 0.00",0,"M",219,1.89105577206376,108.349514563107,-11.5596879235546,"kN m/m","DE"
"interface-alpha-0","Estado biaxial uniforme","Acciones prescritas","Interfaz: αδ = 0.00",0,"M",220,1.89977031479216,108.848821081831,-11.4078465065358,"kN m/m","DE"
"interface-alpha-0","Estado biaxial uniforme","Acciones prescritas","Interfaz: αδ = 0.00",0,"M",221,1.90848485752057,109.348127600555,-11.2525415394286,"kN m/m","DE"
"interface-alpha-0","Estado biaxial uniforme","Acciones prescritas","Interfaz: αδ = 0.00",0,"M",222,1.91719940024897,109.847434119279,-11.0938201984979,"kN m/m","DE"
"interface-alpha-0","Estado biaxial uniforme","Acciones prescritas","Interfaz: αδ = 0.00",0,"M",223,1.92591394297738,110.346740638003,-10.9317306977838,"kN m/m","DE"
"interface-alpha-0","Estado biaxial uniforme","Acciones prescritas","Interfaz: αδ = 0.00",0,"M",224,1.93462848570578,110.846047156727,-10.7663222744573,"kN m/m","DE"
"interface-alpha-0","Estado biaxial uniforme","Acciones prescritas","Interfaz: αδ = 0.00",0,"M",225,1.94334302843419,111.345353675451,-10.5976451738627,"kN m/m","DE"
"interface-alpha-0","Estado biaxial uniforme","Acciones prescritas","Interfaz: αδ = 0.00",0,"M",226,1.95205757116259,111.844660194175,-10.4257506342551,"kN m/m","DE"
"interface-alpha-0","Estado biaxial uniforme","Acciones prescritas","Interfaz: αδ = 0.00",0,"M",227,1.96077211389099,112.343966712899,-10.250690871236,"kN m/m","DE"
"interface-alpha-0","Estado biaxial uniforme","Acciones prescritas","Interfaz: αδ = 0.00",0,"M",228,1.9694866566194,112.843273231623,-10.0725190618921,"kN m/m","DE"
"interface-alpha-0","Estado biaxial uniforme","Acciones prescritas","Interfaz: αδ = 0.00",0,"M",229,1.9782011993478,113.342579750347,-9.89128932864199,"kN m/m","DE"
"interface-alpha-0","Estado biaxial uniforme","Acciones prescritas","Interfaz: αδ = 0.00",0,"M",230,1.98691574207621,113.841886269071,-9.70705672279527,"kN m/m","DE"
"interface-alpha-0","Estado biaxial uniforme","Acciones prescritas","Interfaz: αδ = 0.00",0,"M",231,1.99563028480461,114.341192787795,-9.51987720783038,"kN m/m","DE"
"interface-alpha-0","Estado biaxial uniforme","Acciones prescritas","Interfaz: αδ = 0.00",0,"M",232,2.00434482753302,114.840499306519,-9.32980764239448,"kN m/m","DE"
"interface-alpha-0","Estado biaxial uniforme","Acciones prescritas","Interfaz: αδ = 0.00",0,"M",233,2.01305937026142,115.339805825243,-9.13690576303176,"kN m/m","DE"
"interface-alpha-0","Estado biaxial uniforme","Acciones prescritas","Interfaz: αδ = 0.00",0,"M",234,2.02177391298983,115.839112343967,-8.9412301666454,"kN m/m","DE"
"interface-alpha-0","Estado biaxial uniforme","Acciones prescritas","Interfaz: αδ = 0.00",0,"M",235,2.03048845571823,116.338418862691,-8.74284029269737,"kN m/m","DE"
"interface-alpha-0","Estado biaxial uniforme","Acciones prescritas","Interfaz: αδ = 0.00",0,"M",236,2.03920299844663,116.837725381415,-8.54179640515338,"kN m/m","DE"
"interface-alpha-0","Estado biaxial uniforme","Acciones prescritas","Interfaz: αδ = 0.00",0,"M",237,2.04791754117504,117.337031900139,-8.33815957417625,"kN m/m","DE"
"interface-alpha-0","Estado biaxial uniforme","Acciones prescritas","Interfaz: αδ = 0.00",0,"M",238,2.05663208390344,117.836338418863,-8.13199165757507,"kN m/m","DE"
"interface-alpha-0","Estado biaxial uniforme","Acciones prescritas","Interfaz: αδ = 0.00",0,"M",239,2.06534662663185,118.335644937587,-7.92335528201519,"kN m/m","DE"
"interface-alpha-0","Estado biaxial uniforme","Acciones prescritas","Interfaz: αδ = 0.00",0,"M",240,2.07406116936025,118.834951456311,-7.71231382399409,"kN m/m","DE"
"interface-alpha-0","Estado biaxial uniforme","Acciones prescritas","Interfaz: αδ = 0.00",0,"M",241,2.08277571208866,119.334257975035,-7.49893139058995,"kN m/m","DE"
"interface-alpha-0","Estado biaxial uniforme","Acciones prescritas","Interfaz: αδ = 0.00",0,"M",242,2.09149025481706,119.833564493759,-7.283272799988,"kN m/m","DE"
"interface-alpha-0","Estado biaxial uniforme","Acciones prescritas","Interfaz: αδ = 0.00",0,"M",243,2.10020479754546,120.332871012483,-7.06540356179124,"kN m/m","DE"
"interface-alpha-0","Estado biaxial uniforme","Acciones prescritas","Interfaz: αδ = 0.00",0,"M",244,2.10891934027387,120.832177531207,-6.84538985712075,"kN m/m","DE"
"interface-alpha-0","Estado biaxial uniforme","Acciones prescritas","Interfaz: αδ = 0.00",0,"M",245,2.11763388300227,121.331484049931,-6.6232985185122,"kN m/m","DE"
"interface-alpha-0","Estado biaxial uniforme","Acciones prescritas","Interfaz: αδ = 0.00",0,"M",246,2.12634842573068,121.830790568655,-6.39919700961431,"kN m/m","DE"
"interface-alpha-0","Estado biaxial uniforme","Acciones prescritas","Interfaz: αδ = 0.00",0,"M",247,2.13506296845908,122.330097087379,-6.17315340469597,"kN m/m","DE"
"interface-alpha-0","Estado biaxial uniforme","Acciones prescritas","Interfaz: αδ = 0.00",0,"M",248,2.14377751118749,122.829403606103,-5.9452363679674,"kN m/m","DE"
"interface-alpha-0","Estado biaxial uniforme","Acciones prescritas","Interfaz: αδ = 0.00",0,"M",249,2.15249205391589,123.328710124827,-5.71551513272243,"kN m/m","DE"
"interface-alpha-0","Estado biaxial uniforme","Acciones prescritas","Interfaz: αδ = 0.00",0,"M",250,2.1612065966443,123.828016643551,-5.48405948030802,"kN m/m","DE"
"interface-alpha-0","Estado biaxial uniforme","Acciones prescritas","Interfaz: αδ = 0.00",0,"M",251,2.1699211393727,124.327323162275,-5.25093971892673,"kN m/m","DE"
"interface-alpha-0","Estado biaxial uniforme","Acciones prescritas","Interfaz: αδ = 0.00",0,"M",252,2.1786356821011,124.826629680999,-5.01622666227993,"kN m/m","DE"
"interface-alpha-0","Estado biaxial uniforme","Acciones prescritas","Interfaz: αδ = 0.00",0,"M",253,2.18735022482951,125.325936199723,-4.77999160805675,"kN m/m","DE"
"interface-alpha-0","Estado biaxial uniforme","Acciones prescritas","Interfaz: αδ = 0.00",0,"M",254,2.19606476755791,125.825242718447,-4.54230631627635,"kN m/m","DE"
"interface-alpha-0","Estado biaxial uniforme","Acciones prescritas","Interfaz: αδ = 0.00",0,"M",255,2.20477931028632,126.324549237171,-4.30324298748988,"kN m/m","DE"
"interface-alpha-0","Estado biaxial uniforme","Acciones prescritas","Interfaz: αδ = 0.00",0,"M",256,2.21349385301472,126.823855755895,-4.06287424084829,"kN m/m","DE"
"interface-alpha-0","Estado biaxial uniforme","Acciones prescritas","Interfaz: αδ = 0.00",0,"M",257,2.22220839574313,127.323162274619,-3.82127309204336,"kN m/m","DE"
"interface-alpha-0","Estado biaxial uniforme","Acciones prescritas","Interfaz: αδ = 0.00",0,"M",258,2.23092293847153,127.822468793343,-3.57851293112762,"kN m/m","DE"
"interface-alpha-0","Estado biaxial uniforme","Acciones prescritas","Interfaz: αδ = 0.00",0,"M",259,2.23963748119994,128.321775312067,-3.33466750022168,"kN m/m","DE"
"interface-alpha-0","Estado biaxial uniforme","Acciones prescritas","Interfaz: αδ = 0.00",0,"M",260,2.24835202392834,128.821081830791,-3.08981087111317,"kN m/m","DE"
"interface-alpha-0","Estado biaxial uniforme","Acciones prescritas","Interfaz: αδ = 0.00",0,"M",261,2.25706656665674,129.320388349515,-2.84401742275708,"kN m/m","DE"
"interface-alpha-0","Estado biaxial uniforme","Acciones prescritas","Interfaz: αδ = 0.00",0,"M",262,2.26578110938515,129.819694868239,-2.59736181868124,"kN m/m","DE"
"interface-alpha-0","Estado biaxial uniforme","Acciones prescritas","Interfaz: αδ = 0.00",0,"M",263,2.27449565211355,130.319001386963,-2.34991898430661,"kN m/m","DE"
"interface-alpha-0","Estado biaxial uniforme","Acciones prescritas","Interfaz: αδ = 0.00",0,"M",264,2.28321019484196,130.818307905687,-2.10176408418755,"kN m/m","DE"
"interface-alpha-0","Estado biaxial uniforme","Acciones prescritas","Interfaz: αδ = 0.00",0,"M",265,2.29192473757036,131.317614424411,-1.8529724991792,"kN m/m","DE"
"interface-alpha-0","Estado biaxial uniforme","Acciones prescritas","Interfaz: αδ = 0.00",0,"M",266,2.30063928029877,131.816920943135,-1.60361980353943,"kN m/m","DE"
"interface-alpha-0","Estado biaxial uniforme","Acciones prescritas","Interfaz: αδ = 0.00",0,"M",267,2.30935382302717,132.316227461859,-1.35378174197223,"kN m/m","DE"
"interface-alpha-0","Estado biaxial uniforme","Acciones prescritas","Interfaz: αδ = 0.00",0,"M",268,2.31806836575558,132.815533980583,-1.10353420661875,"kN m/m","DE"
"interface-alpha-0","Estado biaxial uniforme","Acciones prescritas","Interfaz: αδ = 0.00",0,"M",269,2.32678290848398,133.314840499307,-0.852953214004259,"kN m/m","DE"
"interface-alpha-0","Estado biaxial uniforme","Acciones prescritas","Interfaz: αδ = 0.00",0,"M",270,2.33549745121238,133.814147018031,-0.602114881946648,"kN m/m","DE"
"interface-alpha-0","Estado biaxial uniforme","Acciones prescritas","Interfaz: αδ = 0.00",0,"M",271,2.34421199394079,134.313453536755,-0.351095406434666,"kN m/m","DE"
"interface-alpha-0","Estado biaxial uniforme","Acciones prescritas","Interfaz: αδ = 0.00",0,"M",272,2.35292653666919,134.812760055478,-0.0999710384822095,"kN m/m","DE"
"interface-alpha-0","Estado biaxial uniforme","Acciones prescritas","Interfaz: αδ = 0.00",0,"M",273,2.35619449019234,135,-0.00578792685462304,"kN m/m","DE"
"interface-alpha-0","Estado biaxial uniforme","Acciones prescritas","Interfaz: αδ = 0.00",0,"M",274,2.3616410793976,135.312066574203,0.151181939034274,"kN m/m","DE"
"interface-alpha-0","Estado biaxial uniforme","Acciones prescritas","Interfaz: αδ = 0.00",0,"M",275,2.370355622126,135.811373092926,0.4022872345476,"kN m/m","DE"
"interface-alpha-0","Estado biaxial uniforme","Acciones prescritas","Interfaz: αδ = 0.00",0,"M",276,2.37907016485441,136.31067961165,0.653268570974831,"kN m/m","DE"
"interface-alpha-0","Estado biaxial uniforme","Acciones prescritas","Interfaz: αδ = 0.00",0,"M",277,2.38778470758281,136.809986130374,0.904049708887499,"kN m/m","DE"
"interface-alpha-0","Estado biaxial uniforme","Acciones prescritas","Interfaz: αδ = 0.00",0,"M",278,2.39649925031122,137.309292649098,1.15455446967039,"kN m/m","DE"
"interface-alpha-0","Estado biaxial uniforme","Acciones prescritas","Interfaz: αδ = 0.00",0,"M",279,2.40521379303962,137.808599167822,1.40470675866214,"kN m/m","DE"
"interface-alpha-0","Estado biaxial uniforme","Acciones prescritas","Interfaz: αδ = 0.00",0,"M",280,2.41392833576802,138.307905686546,1.65443058827012,"kN m/m","DE"
"interface-alpha-0","Estado biaxial uniforme","Acciones prescritas","Interfaz: αδ = 0.00",0,"M",281,2.42264287849643,138.80721220527,1.90365010105279,"kN m/m","DE"
"interface-alpha-0","Estado biaxial uniforme","Acciones prescritas","Interfaz: αδ = 0.00",0,"M",282,2.43135742122483,139.306518723994,2.15228959276264,"kN m/m","DE"
"interface-alpha-0","Estado biaxial uniforme","Acciones prescritas","Interfaz: αδ = 0.00",0,"M",283,2.44007196395324,139.805825242718,2.40027353534234,"kN m/m","DE"
"interface-alpha-0","Estado biaxial uniforme","Acciones prescritas","Interfaz: αδ = 0.00",0,"M",284,2.44878650668164,140.305131761442,2.64752659986776,"kN m/m","DE"
"interface-alpha-0","Estado biaxial uniforme","Acciones prescritas","Interfaz: αδ = 0.00",0,"M",285,2.45750104941005,140.804438280166,2.89397367943013,"kN m/m","DE"
"interface-alpha-0","Estado biaxial uniforme","Acciones prescritas","Interfaz: αδ = 0.00",0,"M",286,2.46621559213845,141.30374479889,3.13953991195099,"kN m/m","DE"
"interface-alpha-0","Estado biaxial uniforme","Acciones prescritas","Interfaz: αδ = 0.00",0,"M",287,2.47493013486686,141.803051317614,3.38415070292257,"kN m/m","DE"
"interface-alpha-0","Estado biaxial uniforme","Acciones prescritas","Interfaz: αδ = 0.00",0,"M",288,2.48364467759526,142.302357836338,3.62773174806726,"kN m/m","DE"
"interface-alpha-0","Estado biaxial uniforme","Acciones prescritas","Interfaz: αδ = 0.00",0,"M",289,2.49235922032366,142.801664355062,3.87020905590842,"kN m/m","DE"
"interface-alpha-0","Estado biaxial uniforme","Acciones prescritas","Interfaz: αδ = 0.00",0,"M",290,2.50107376305207,143.300970873786,4.11150897024665,"kN m/m","DE"
"interface-alpha-0","Estado biaxial uniforme","Acciones prescritas","Interfaz: αδ = 0.00",0,"M",291,2.50978830578047,143.80027739251,4.3515581925338,"kN m/m","DE"
"interface-alpha-0","Estado biaxial uniforme","Acciones prescritas","Interfaz: αδ = 0.00",0,"M",292,2.51850284850888,144.299583911234,4.59028380413868,"kN m/m","DE"
"interface-alpha-0","Estado biaxial uniforme","Acciones prescritas","Interfaz: αδ = 0.00",0,"M",293,2.52721739123728,144.798890429958,4.82761328849698,"kN m/m","DE"
"interface-alpha-0","Estado biaxial uniforme","Acciones prescritas","Interfaz: αδ = 0.00",0,"M",294,2.53593193396569,145.298196948682,5.0634745531396,"kN m/m","DE"
"interface-alpha-0","Estado biaxial uniforme","Acciones prescritas","Interfaz: αδ = 0.00",0,"M",295,2.54464647669409,145.797503467406,5.29779595159155,"kN m/m","DE"
"interface-alpha-0","Estado biaxial uniforme","Acciones prescritas","Interfaz: αδ = 0.00",0,"M",296,2.55336101942249,146.29680998613,5.53050630513597,"kN m/m","DE"
"interface-alpha-0","Estado biaxial uniforme","Acciones prescritas","Interfaz: αδ = 0.00",0,"M",297,2.5620755621509,146.796116504854,5.76153492443547,"kN m/m","DE"
"interface-alpha-0","Estado biaxial uniforme","Acciones prescritas","Interfaz: αδ = 0.00",0,"M",298,2.5707901048793,147.295423023578,5.9908116310053,"kN m/m","DE"
"interface-alpha-0","Estado biaxial uniforme","Acciones prescritas","Interfaz: αδ = 0.00",0,"M",299,2.57950464760771,147.794729542302,6.2182667785309,"kN m/m","DE"
"interface-alpha-0","Estado biaxial uniforme","Acciones prescritas","Interfaz: αδ = 0.00",0,"M",300,2.58821919033611,148.294036061026,6.4438312740244,"kN m/m","DE"
"interface-alpha-0","Estado biaxial uniforme","Acciones prescritas","Interfaz: αδ = 0.00",0,"M",301,2.59693373306452,148.79334257975,6.66743659881224,"kN m/m","DE"
"interface-alpha-0","Estado biaxial uniforme","Acciones prescritas","Interfaz: αδ = 0.00",0,"M",302,2.60564827579292,149.292649098474,6.88901482934924,"kN m/m","DE"
"interface-alpha-0","Estado biaxial uniforme","Acciones prescritas","Interfaz: αδ = 0.00",0,"M",303,2.61436281852133,149.791955617198,7.10849865785103,"kN m/m","DE"
"interface-alpha-0","Estado biaxial uniforme","Acciones prescritas","Interfaz: αδ = 0.00",0,"M",304,2.62307736124973,150.291262135922,7.32582141273993,"kN m/m","DE"
"interface-alpha-0","Estado biaxial uniforme","Acciones prescritas","Interfaz: αδ = 0.00",0,"M",305,2.63179190397813,150.790568654646,7.54091707889764,"kN m/m","DE"
"interface-alpha-0","Estado biaxial uniforme","Acciones prescritas","Interfaz: αδ = 0.00",0,"M",306,2.64050644670654,151.28987517337,7.7537203177181,"kN m/m","DE"
"interface-alpha-0","Estado biaxial uniforme","Acciones prescritas","Interfaz: αδ = 0.00",0,"M",307,2.64922098943494,151.789181692094,7.96416648695528,"kN m/m","DE"
"interface-alpha-0","Estado biaxial uniforme","Acciones prescritas","Interfaz: αδ = 0.00",0,"M",308,2.65793553216335,152.288488210818,8.17219166035899,"kN m/m","DE"
"interface-alpha-0","Estado biaxial uniforme","Acciones prescritas","Interfaz: αδ = 0.00",0,"M",309,2.66665007489175,152.787794729542,8.37773264709389,"kN m/m","DE"
"interface-alpha-0","Estado biaxial uniforme","Acciones prescritas","Interfaz: αδ = 0.00",0,"M",310,2.67536461762016,153.287101248266,8.58072701093424,"kN m/m","DE"
"interface-alpha-0","Estado biaxial uniforme","Acciones prescritas","Interfaz: αδ = 0.00",0,"M",311,2.68407916034856,153.78640776699,8.78111308923003,"kN m/m","DE"
"interface-alpha-0","Estado biaxial uniforme","Acciones prescritas","Interfaz: αδ = 0.00",0,"M",312,2.69279370307697,154.285714285714,8.9788300116381,"kN m/m","DE"
"interface-alpha-0","Estado biaxial uniforme","Acciones prescritas","Interfaz: αδ = 0.00",0,"M",313,2.70150824580537,154.785020804438,9.17381771861226,"kN m/m","DE"
"interface-alpha-0","Estado biaxial uniforme","Acciones prescritas","Interfaz: αδ = 0.00",0,"M",314,2.71022278853377,155.284327323162,9.36601697964738,"kN m/m","DE"
"interface-alpha-0","Estado biaxial uniforme","Acciones prescritas","Interfaz: αδ = 0.00",0,"M",315,2.71893733126218,155.783633841886,9.55536941127139,"kN m/m","DE"
"interface-alpha-0","Estado biaxial uniforme","Acciones prescritas","Interfaz: αδ = 0.00",0,"M",316,2.72765187399058,156.28294036061,9.74181749478041,"kN m/m","DE"
"interface-alpha-0","Estado biaxial uniforme","Acciones prescritas","Interfaz: αδ = 0.00",0,"M",317,2.73636641671899,156.782246879334,9.92530459371086,"kN m/m","DE"
"interface-alpha-0","Estado biaxial uniforme","Acciones prescritas","Interfaz: αδ = 0.00",0,"M",318,2.74508095944739,157.281553398058,10.1057749710435,"kN m/m","DE"
"interface-alpha-0","Estado biaxial uniforme","Acciones prescritas","Interfaz: αδ = 0.00",0,"M",319,2.7537955021758,157.780859916782,10.2831738061347,"kN m/m","DE"
"interface-alpha-0","Estado biaxial uniforme","Acciones prescritas","Interfaz: αδ = 0.00",0,"M",320,2.7625100449042,158.280166435506,10.4574472113687,"kN m/m","DE"
"interface-alpha-0","Estado biaxial uniforme","Acciones prescritas","Interfaz: αδ = 0.00",0,"M",321,2.77122458763261,158.77947295423,10.6285422485269,"kN m/m","DE"
"interface-alpha-0","Estado biaxial uniforme","Acciones prescritas","Interfaz: αδ = 0.00",0,"M",322,2.77993913036101,159.278779472954,10.796406944869,"kN m/m","DE"
"interface-alpha-0","Estado biaxial uniforme","Acciones prescritas","Interfaz: αδ = 0.00",0,"M",323,2.78865367308941,159.778085991678,10.9609903089201,"kN m/m","DE"
"interface-alpha-0","Estado biaxial uniforme","Acciones prescritas","Interfaz: αδ = 0.00",0,"M",324,2.79736821581782,160.277392510402,11.1222423459603,"kN m/m","DE"
"interface-alpha-0","Estado biaxial uniforme","Acciones prescritas","Interfaz: αδ = 0.00",0,"M",325,2.80608275854622,160.776699029126,11.2801140732113,"kN m/m","DE"
"interface-alpha-0","Estado biaxial uniforme","Acciones prescritas","Interfaz: αδ = 0.00",0,"M",326,2.81479730127463,161.27600554785,11.4345575347157,"kN m/m","DE"
"interface-alpha-0","Estado biaxial uniforme","Acciones prescritas","Interfaz: αδ = 0.00",0,"M",327,2.82351184400303,161.775312066574,11.5855258159045,"kN m/m","DE"
"interface-alpha-0","Estado biaxial uniforme","Acciones prescritas","Interfaz: αδ = 0.00",0,"M",328,2.83222638673144,162.274618585298,11.7329730578479,"kN m/m","DE"
"interface-alpha-0","Estado biaxial uniforme","Acciones prescritas","Interfaz: αδ = 0.00",0,"M",329,2.84094092945984,162.773925104022,11.8768544711859,"kN m/m","DE"
"interface-alpha-0","Estado biaxial uniforme","Acciones prescritas","Interfaz: αδ = 0.00",0,"M",330,2.84965547218825,163.273231622746,12.0171263497333,"kN m/m","DE"
"interface-alpha-0","Estado biaxial uniforme","Acciones prescritas","Interfaz: αδ = 0.00",0,"M",331,2.85837001491665,163.77253814147,12.1537460837567,"kN m/m","DE"
"interface-alpha-0","Estado biaxial uniforme","Acciones prescritas","Interfaz: αδ = 0.00",0,"M",332,2.86708455764505,164.271844660194,12.2866721729175,"kN m/m","DE"
"interface-alpha-0","Estado biaxial uniforme","Acciones prescritas","Interfaz: αδ = 0.00",0,"M",333,2.87579910037346,164.771151178918,12.4158642388782,"kN m/m","DE"
"interface-alpha-0","Estado biaxial uniforme","Acciones prescritas","Interfaz: αδ = 0.00",0,"M",334,2.88451364310186,165.270457697642,12.5412830375685,"kN m/m","DE"
"interface-alpha-0","Estado biaxial uniforme","Acciones prescritas","Interfaz: αδ = 0.00",0,"M",335,2.89322818583027,165.769764216366,12.6628904711055,"kN m/m","DE"
"interface-alpha-0","Estado biaxial uniforme","Acciones prescritas","Interfaz: αδ = 0.00",0,"M",336,2.90194272855867,166.26907073509,12.780649599367,"kN m/m","DE"
"interface-alpha-0","Estado biaxial uniforme","Acciones prescritas","Interfaz: αδ = 0.00",0,"M",337,2.91065727128708,166.768377253814,12.8945246512125,"kN m/m","DE"
"interface-alpha-0","Estado biaxial uniforme","Acciones prescritas","Interfaz: αδ = 0.00",0,"M",338,2.91937181401548,167.267683772538,13.0044810353494,"kN m/m","DE"
"interface-alpha-0","Estado biaxial uniforme","Acciones prescritas","Interfaz: αδ = 0.00",0,"M",339,2.92808635674389,167.766990291262,13.1104853508402,"kN m/m","DE"
"interface-alpha-0","Estado biaxial uniforme","Acciones prescritas","Interfaz: αδ = 0.00",0,"M",340,2.93680089947229,168.266296809986,13.2125053972491,"kN m/m","DE"
"interface-alpha-0","Estado biaxial uniforme","Acciones prescritas","Interfaz: αδ = 0.00",0,"M",341,2.94551544220069,168.76560332871,13.310510184423,"kN m/m","DE"
"interface-alpha-0","Estado biaxial uniforme","Acciones prescritas","Interfaz: αδ = 0.00",0,"M",342,2.9542299849291,169.264909847434,13.4044699419054,"kN m/m","DE"
"interface-alpha-0","Estado biaxial uniforme","Acciones prescritas","Interfaz: αδ = 0.00",0,"M",343,2.9629445276575,169.764216366158,13.4943561279795,"kN m/m","DE"
"interface-alpha-0","Estado biaxial uniforme","Acciones prescritas","Interfaz: αδ = 0.00",0,"M",344,2.97165907038591,170.263522884882,13.5801414383385,"kN m/m","DE"
"interface-alpha-0","Estado biaxial uniforme","Acciones prescritas","Interfaz: αδ = 0.00",0,"M",345,2.98037361311431,170.762829403606,13.6617998143791,"kN m/m","DE"
"interface-alpha-0","Estado biaxial uniforme","Acciones prescritas","Interfaz: αδ = 0.00",0,"M",346,2.98908815584272,171.26213592233,13.7393064511178,"kN m/m","DE"
"interface-alpha-0","Estado biaxial uniforme","Acciones prescritas","Interfaz: αδ = 0.00",0,"M",347,2.99780269857112,171.761442441054,13.8126378047255,"kN m/m","DE"
"interface-alpha-0","Estado biaxial uniforme","Acciones prescritas","Interfaz: αδ = 0.00",0,"M",348,3.00651724129952,172.260748959778,13.8817715996794,"kN m/m","DE"
"interface-alpha-0","Estado biaxial uniforme","Acciones prescritas","Interfaz: αδ = 0.00",0,"M",349,3.01523178402793,172.760055478502,13.9466868355294,"kN m/m","DE"
"interface-alpha-0","Estado biaxial uniforme","Acciones prescritas","Interfaz: αδ = 0.00",0,"M",350,3.02394632675633,173.259361997226,14.0073637932774,"kN m/m","DE"
"interface-alpha-0","Estado biaxial uniforme","Acciones prescritas","Interfaz: αδ = 0.00",0,"M",351,3.03266086948474,173.75866851595,14.0637840413675,"kN m/m","DE"
"interface-alpha-0","Estado biaxial uniforme","Acciones prescritas","Interfaz: αδ = 0.00",0,"M",352,3.04137541221314,174.257975034674,14.1159304412842,"kN m/m","DE"
"interface-alpha-0","Estado biaxial uniforme","Acciones prescritas","Interfaz: αδ = 0.00",0,"M",353,3.05008995494155,174.757281553398,14.1637871527592,"kN m/m","DE"
"interface-alpha-0","Estado biaxial uniforme","Acciones prescritas","Interfaz: αδ = 0.00",0,"M",354,3.05880449766995,175.256588072122,14.2073396385828,"kN m/m","DE"
"interface-alpha-0","Estado biaxial uniforme","Acciones prescritas","Interfaz: αδ = 0.00",0,"M",355,3.06751904039836,175.755894590846,14.2465746690197,"kN m/m","DE"
"interface-alpha-0","Estado biaxial uniforme","Acciones prescritas","Interfaz: αδ = 0.00",0,"M",356,3.07623358312676,176.25520110957,14.2814803258279,"kN m/m","DE"
"interface-alpha-0","Estado biaxial uniforme","Acciones prescritas","Interfaz: αδ = 0.00",0,"M",357,3.08494812585516,176.754507628294,14.3120460058791,"kN m/m","DE"
"interface-alpha-0","Estado biaxial uniforme","Acciones prescritas","Interfaz: αδ = 0.00",0,"M",358,3.09366266858357,177.253814147018,14.3382624243794,"kN m/m","DE"
"interface-alpha-0","Estado biaxial uniforme","Acciones prescritas","Interfaz: αδ = 0.00",0,"M",359,3.10237721131197,177.753120665742,14.3601216176897,"kN m/m","DE"
"interface-alpha-0","Estado biaxial uniforme","Acciones prescritas","Interfaz: αδ = 0.00",0,"M",360,3.11109175404038,178.252427184466,14.377616945745,"kN m/m","DE"
"interface-alpha-0","Estado biaxial uniforme","Acciones prescritas","Interfaz: αδ = 0.00",0,"M",361,3.11980629676878,178.75173370319,14.3907430940713,"kN m/m","DE"
"interface-alpha-0","Estado biaxial uniforme","Acciones prescritas","Interfaz: αδ = 0.00",0,"M",362,3.12852083949719,179.251040221914,14.3994960753997,"kN m/m","DE"
"interface-alpha-0","Estado biaxial uniforme","Acciones prescritas","Interfaz: αδ = 0.00",0,"M",363,3.13723538222559,179.750346740638,14.4038732308778,"kN m/m","DE"
"interface-alpha-0","Estado biaxial uniforme","Acciones prescritas","Interfaz: αδ = 0.00",0,"M",364,3.14159265358979,180,14.4044204064778,"kN m/m","DE"
"interface-alpha-0","Estado biaxial uniforme","Acciones prescritas","Interfaz: αδ = 0.00",0,"M",365,3.145949924954,180.249653259362,14.4038732308778,"kN m/m","DE"
"interface-alpha-0","Estado biaxial uniforme","Acciones prescritas","Interfaz: αδ = 0.00",0,"M",366,3.1546644676824,180.748959778086,14.3994960753996,"kN m/m","DE"
"interface-alpha-0","Estado biaxial uniforme","Acciones prescritas","Interfaz: αδ = 0.00",0,"M",367,3.1633790104108,181.24826629681,14.3907430940712,"kN m/m","DE"
"interface-alpha-0","Estado biaxial uniforme","Acciones prescritas","Interfaz: αδ = 0.00",0,"M",368,3.17209355313921,181.747572815534,14.377616945745,"kN m/m","DE"
"interface-alpha-0","Estado biaxial uniforme","Acciones prescritas","Interfaz: αδ = 0.00",0,"M",369,3.18080809586761,182.246879334258,14.3601216176896,"kN m/m","DE"
"interface-alpha-0","Estado biaxial uniforme","Acciones prescritas","Interfaz: αδ = 0.00",0,"M",370,3.18952263859602,182.746185852982,14.3382624243793,"kN m/m","DE"
"interface-alpha-0","Estado biaxial uniforme","Acciones prescritas","Interfaz: αδ = 0.00",0,"M",371,3.19823718132442,183.245492371706,14.312046005879,"kN m/m","DE"
"interface-alpha-0","Estado biaxial uniforme","Acciones prescritas","Interfaz: αδ = 0.00",0,"M",372,3.20695172405283,183.74479889043,14.2814803258278,"kN m/m","DE"
"interface-alpha-0","Estado biaxial uniforme","Acciones prescritas","Interfaz: αδ = 0.00",0,"M",373,3.21566626678123,184.244105409154,14.2465746690195,"kN m/m","DE"
"interface-alpha-0","Estado biaxial uniforme","Acciones prescritas","Interfaz: αδ = 0.00",0,"M",374,3.22438080950963,184.743411927878,14.2073396385827,"kN m/m","DE"
"interface-alpha-0","Estado biaxial uniforme","Acciones prescritas","Interfaz: αδ = 0.00",0,"M",375,3.23309535223804,185.242718446602,14.1637871527591,"kN m/m","DE"
"interface-alpha-0","Estado biaxial uniforme","Acciones prescritas","Interfaz: αδ = 0.00",0,"M",376,3.24180989496644,185.742024965326,14.1159304412841,"kN m/m","DE"
"interface-alpha-0","Estado biaxial uniforme","Acciones prescritas","Interfaz: αδ = 0.00",0,"M",377,3.25052443769485,186.24133148405,14.0637840413673,"kN m/m","DE"
"interface-alpha-0","Estado biaxial uniforme","Acciones prescritas","Interfaz: αδ = 0.00",0,"M",378,3.25923898042325,186.740638002774,14.0073637932773,"kN m/m","DE"
"interface-alpha-0","Estado biaxial uniforme","Acciones prescritas","Interfaz: αδ = 0.00",0,"M",379,3.26795352315166,187.239944521498,13.9466868355292,"kN m/m","DE"
"interface-alpha-0","Estado biaxial uniforme","Acciones prescritas","Interfaz: αδ = 0.00",0,"M",380,3.27666806588006,187.739251040222,13.8817715996793,"kN m/m","DE"
"interface-alpha-0","Estado biaxial uniforme","Acciones prescritas","Interfaz: αδ = 0.00",0,"M",381,3.28538260860847,188.238557558946,13.8126378047253,"kN m/m","DE"
"interface-alpha-0","Estado biaxial uniforme","Acciones prescritas","Interfaz: αδ = 0.00",0,"M",382,3.29409715133687,188.73786407767,13.7393064511176,"kN m/m","DE"
"interface-alpha-0","Estado biaxial uniforme","Acciones prescritas","Interfaz: αδ = 0.00",0,"M",383,3.30281169406527,189.237170596394,13.661799814379,"kN m/m","DE"
"interface-alpha-0","Estado biaxial uniforme","Acciones prescritas","Interfaz: αδ = 0.00",0,"M",384,3.31152623679368,189.736477115118,13.5801414383383,"kN m/m","DE"
"interface-alpha-0","Estado biaxial uniforme","Acciones prescritas","Interfaz: αδ = 0.00",0,"M",385,3.32024077952208,190.235783633842,13.4943561279793,"kN m/m","DE"
"interface-alpha-0","Estado biaxial uniforme","Acciones prescritas","Interfaz: αδ = 0.00",0,"M",386,3.32895532225049,190.735090152566,13.4044699419052,"kN m/m","DE"
"interface-alpha-0","Estado biaxial uniforme","Acciones prescritas","Interfaz: αδ = 0.00",0,"M",387,3.33766986497889,191.23439667129,13.3105101844227,"kN m/m","DE"
"interface-alpha-0","Estado biaxial uniforme","Acciones prescritas","Interfaz: αδ = 0.00",0,"M",388,3.3463844077073,191.733703190014,13.2125053972488,"kN m/m","DE"
"interface-alpha-0","Estado biaxial uniforme","Acciones prescritas","Interfaz: αδ = 0.00",0,"M",389,3.3550989504357,192.233009708738,13.1104853508399,"kN m/m","DE"
"interface-alpha-0","Estado biaxial uniforme","Acciones prescritas","Interfaz: αδ = 0.00",0,"M",390,3.36381349316411,192.732316227462,13.0044810353491,"kN m/m","DE"
"interface-alpha-0","Estado biaxial uniforme","Acciones prescritas","Interfaz: αδ = 0.00",0,"M",391,3.37252803589251,193.231622746186,12.8945246512122,"kN m/m","DE"
"interface-alpha-0","Estado biaxial uniforme","Acciones prescritas","Interfaz: αδ = 0.00",0,"M",392,3.38124257862091,193.73092926491,12.7806495993667,"kN m/m","DE"
"interface-alpha-0","Estado biaxial uniforme","Acciones prescritas","Interfaz: αδ = 0.00",0,"M",393,3.38995712134932,194.230235783634,12.6628904711052,"kN m/m","DE"
"interface-alpha-0","Estado biaxial uniforme","Acciones prescritas","Interfaz: αδ = 0.00",0,"M",394,3.39867166407772,194.729542302358,12.5412830375682,"kN m/m","DE"
"interface-alpha-0","Estado biaxial uniforme","Acciones prescritas","Interfaz: αδ = 0.00",0,"M",395,3.40738620680613,195.228848821082,12.4158642388779,"kN m/m","DE"
"interface-alpha-0","Estado biaxial uniforme","Acciones prescritas","Interfaz: αδ = 0.00",0,"M",396,3.41610074953453,195.728155339806,12.2866721729171,"kN m/m","DE"
"interface-alpha-0","Estado biaxial uniforme","Acciones prescritas","Interfaz: αδ = 0.00",0,"M",397,3.42481529226294,196.22746185853,12.1537460837563,"kN m/m","DE"
"interface-alpha-0","Estado biaxial uniforme","Acciones prescritas","Interfaz: αδ = 0.00",0,"M",398,3.43352983499134,196.726768377254,12.0171263497328,"kN m/m","DE"
"interface-alpha-0","Estado biaxial uniforme","Acciones prescritas","Interfaz: αδ = 0.00",0,"M",399,3.44224437771975,197.226074895978,11.8768544711855,"kN m/m","DE"
"interface-alpha-0","Estado biaxial uniforme","Acciones prescritas","Interfaz: αδ = 0.00",0,"M",400,3.45095892044815,197.725381414702,11.7329730578475,"kN m/m","DE"
"interface-alpha-0","Estado biaxial uniforme","Acciones prescritas","Interfaz: αδ = 0.00",0,"M",401,3.45967346317655,198.224687933426,11.5855258159041,"kN m/m","DE"
"interface-alpha-0","Estado biaxial uniforme","Acciones prescritas","Interfaz: αδ = 0.00",0,"M",402,3.46838800590496,198.72399445215,11.4345575347152,"kN m/m","DE"
"interface-alpha-0","Estado biaxial uniforme","Acciones prescritas","Interfaz: αδ = 0.00",0,"M",403,3.47710254863336,199.223300970874,11.2801140732108,"kN m/m","DE"
"interface-alpha-0","Estado biaxial uniforme","Acciones prescritas","Interfaz: αδ = 0.00",0,"M",404,3.48581709136177,199.722607489598,11.1222423459597,"kN m/m","DE"
"interface-alpha-0","Estado biaxial uniforme","Acciones prescritas","Interfaz: αδ = 0.00",0,"M",405,3.49453163409017,200.221914008322,10.9609903089196,"kN m/m","DE"
"interface-alpha-0","Estado biaxial uniforme","Acciones prescritas","Interfaz: αδ = 0.00",0,"M",406,3.50324617681858,200.721220527046,10.7964069448685,"kN m/m","DE"
"interface-alpha-0","Estado biaxial uniforme","Acciones prescritas","Interfaz: αδ = 0.00",0,"M",407,3.51196071954698,201.22052704577,10.6285422485264,"kN m/m","DE"
"interface-alpha-0","Estado biaxial uniforme","Acciones prescritas","Interfaz: αδ = 0.00",0,"M",408,3.52067526227539,201.719833564494,10.4574472113681,"kN m/m","DE"
"interface-alpha-0","Estado biaxial uniforme","Acciones prescritas","Interfaz: αδ = 0.00",0,"M",409,3.52938980500379,202.219140083218,10.2831738061342,"kN m/m","DE"
"interface-alpha-0","Estado biaxial uniforme","Acciones prescritas","Interfaz: αδ = 0.00",0,"M",410,3.53810434773219,202.718446601942,10.105774971043,"kN m/m","DE"
"interface-alpha-0","Estado biaxial uniforme","Acciones prescritas","Interfaz: αδ = 0.00",0,"M",411,3.5468188904606,203.217753120666,9.92530459371029,"kN m/m","DE"
"interface-alpha-0","Estado biaxial uniforme","Acciones prescritas","Interfaz: αδ = 0.00",0,"M",412,3.555533433189,203.71705963939,9.74181749477982,"kN m/m","DE"
"interface-alpha-0","Estado biaxial uniforme","Acciones prescritas","Interfaz: αδ = 0.00",0,"M",413,3.56424797591741,204.216366158114,9.5553694112708,"kN m/m","DE"
"interface-alpha-0","Estado biaxial uniforme","Acciones prescritas","Interfaz: αδ = 0.00",0,"M",414,3.57296251864581,204.715672676838,9.36601697964677,"kN m/m","DE"
"interface-alpha-0","Estado biaxial uniforme","Acciones prescritas","Interfaz: αδ = 0.00",0,"M",415,3.58167706137422,205.214979195562,9.17381771861163,"kN m/m","DE"
"interface-alpha-0","Estado biaxial uniforme","Acciones prescritas","Interfaz: αδ = 0.00",0,"M",416,3.59039160410262,205.714285714286,8.97883001163746,"kN m/m","DE"
"interface-alpha-0","Estado biaxial uniforme","Acciones prescritas","Interfaz: αδ = 0.00",0,"M",417,3.59910614683103,206.21359223301,8.78111308922939,"kN m/m","DE"
"interface-alpha-0","Estado biaxial uniforme","Acciones prescritas","Interfaz: αδ = 0.00",0,"M",418,3.60782068955943,206.712898751734,8.58072701093356,"kN m/m","DE"
"interface-alpha-0","Estado biaxial uniforme","Acciones prescritas","Interfaz: αδ = 0.00",0,"M",419,3.61653523228783,207.212205270458,8.37773264709323,"kN m/m","DE"
"interface-alpha-0","Estado biaxial uniforme","Acciones prescritas","Interfaz: αδ = 0.00",0,"M",420,3.62524977501624,207.711511789182,8.17219166035828,"kN m/m","DE"
"interface-alpha-0","Estado biaxial uniforme","Acciones prescritas","Interfaz: αδ = 0.00",0,"M",421,3.63396431774464,208.210818307906,7.96416648695458,"kN m/m","DE"
"interface-alpha-0","Estado biaxial uniforme","Acciones prescritas","Interfaz: αδ = 0.00",0,"M",422,3.64267886047305,208.71012482663,7.75372031771741,"kN m/m","DE"
"interface-alpha-0","Estado biaxial uniforme","Acciones prescritas","Interfaz: αδ = 0.00",0,"M",423,3.65139340320145,209.209431345354,7.54091707889694,"kN m/m","DE"
"interface-alpha-0","Estado biaxial uniforme","Acciones prescritas","Interfaz: αδ = 0.00",0,"M",424,3.66010794592986,209.708737864078,7.32582141273923,"kN m/m","DE"
"interface-alpha-0","Estado biaxial uniforme","Acciones prescritas","Interfaz: αδ = 0.00",0,"M",425,3.66882248865826,210.208044382802,7.10849865785029,"kN m/m","DE"
"interface-alpha-0","Estado biaxial uniforme","Acciones prescritas","Interfaz: αδ = 0.00",0,"M",426,3.67753703138666,210.707350901526,6.88901482934851,"kN m/m","DE"
"interface-alpha-0","Estado biaxial uniforme","Acciones prescritas","Interfaz: αδ = 0.00",0,"M",427,3.68625157411507,211.20665742025,6.66743659881152,"kN m/m","DE"
"interface-alpha-0","Estado biaxial uniforme","Acciones prescritas","Interfaz: αδ = 0.00",0,"M",428,3.69496611684347,211.705963938974,6.44383127402365,"kN m/m","DE"
"interface-alpha-0","Estado biaxial uniforme","Acciones prescritas","Interfaz: αδ = 0.00",0,"M",429,3.70368065957188,212.205270457698,6.21826677853018,"kN m/m","DE"
"interface-alpha-0","Estado biaxial uniforme","Acciones prescritas","Interfaz: αδ = 0.00",0,"M",430,3.71239520230028,212.704576976422,5.99081163100452,"kN m/m","DE"
"interface-alpha-0","Estado biaxial uniforme","Acciones prescritas","Interfaz: αδ = 0.00",0,"M",431,3.72110974502869,213.203883495146,5.76153492443468,"kN m/m","DE"
"interface-alpha-0","Estado biaxial uniforme","Acciones prescritas","Interfaz: αδ = 0.00",0,"M",432,3.72982428775709,213.70319001387,5.5305063051352,"kN m/m","DE"
"interface-alpha-0","Estado biaxial uniforme","Acciones prescritas","Interfaz: αδ = 0.00",0,"M",433,3.7385388304855,214.202496532594,5.29779595159077,"kN m/m","DE"
"interface-alpha-0","Estado biaxial uniforme","Acciones prescritas","Interfaz: αδ = 0.00",0,"M",434,3.7472533732139,214.701803051318,5.06347455313882,"kN m/m","DE"
"interface-alpha-0","Estado biaxial uniforme","Acciones prescritas","Interfaz: αδ = 0.00",0,"M",435,3.7559679159423,215.201109570042,4.82761328849617,"kN m/m","DE"
"interface-alpha-0","Estado biaxial uniforme","Acciones prescritas","Interfaz: αδ = 0.00",0,"M",436,3.76468245867071,215.700416088766,4.59028380413787,"kN m/m","DE"
"interface-alpha-0","Estado biaxial uniforme","Acciones prescritas","Interfaz: αδ = 0.00",0,"M",437,3.77339700139911,216.19972260749,4.35155819253299,"kN m/m","DE"
"interface-alpha-0","Estado biaxial uniforme","Acciones prescritas","Interfaz: αδ = 0.00",0,"M",438,3.78211154412752,216.699029126214,4.11150897024584,"kN m/m","DE"
"interface-alpha-0","Estado biaxial uniforme","Acciones prescritas","Interfaz: αδ = 0.00",0,"M",439,3.79082608685592,217.198335644938,3.87020905590762,"kN m/m","DE"
"interface-alpha-0","Estado biaxial uniforme","Acciones prescritas","Interfaz: αδ = 0.00",0,"M",440,3.79954062958433,217.697642163662,3.62773174806644,"kN m/m","DE"
"interface-alpha-0","Estado biaxial uniforme","Acciones prescritas","Interfaz: αδ = 0.00",0,"M",441,3.80825517231273,218.196948682386,3.38415070292173,"kN m/m","DE"
"interface-alpha-0","Estado biaxial uniforme","Acciones prescritas","Interfaz: αδ = 0.00",0,"M",442,3.81696971504114,218.69625520111,3.13953991195014,"kN m/m","DE"
"interface-alpha-0","Estado biaxial uniforme","Acciones prescritas","Interfaz: αδ = 0.00",0,"M",443,3.82568425776954,219.195561719834,2.89397367942932,"kN m/m","DE"
"interface-alpha-0","Estado biaxial uniforme","Acciones prescritas","Interfaz: αδ = 0.00",0,"M",444,3.83439880049794,219.694868238558,2.64752659986696,"kN m/m","DE"
"interface-alpha-0","Estado biaxial uniforme","Acciones prescritas","Interfaz: αδ = 0.00",0,"M",445,3.84311334322635,220.194174757282,2.40027353534154,"kN m/m","DE"
"interface-alpha-0","Estado biaxial uniforme","Acciones prescritas","Interfaz: αδ = 0.00",0,"M",446,3.85182788595475,220.693481276006,2.1522895927618,"kN m/m","DE"
"interface-alpha-0","Estado biaxial uniforme","Acciones prescritas","Interfaz: αδ = 0.00",0,"M",447,3.86054242868316,221.19278779473,1.90365010105199,"kN m/m","DE"
"interface-alpha-0","Estado biaxial uniforme","Acciones prescritas","Interfaz: αδ = 0.00",0,"M",448,3.86925697141156,221.692094313454,1.65443058826929,"kN m/m","DE"
"interface-alpha-0","Estado biaxial uniforme","Acciones prescritas","Interfaz: αδ = 0.00",0,"M",449,3.87797151413997,222.191400832178,1.40470675866129,"kN m/m","DE"
"interface-alpha-0","Estado biaxial uniforme","Acciones prescritas","Interfaz: αδ = 0.00",0,"M",450,3.88668605686837,222.690707350902,1.15455446966951,"kN m/m","DE"
"interface-alpha-0","Estado biaxial uniforme","Acciones prescritas","Interfaz: αδ = 0.00",0,"M",451,3.89540059959677,223.190013869625,0.904049708886646,"kN m/m","DE"
"interface-alpha-0","Estado biaxial uniforme","Acciones prescritas","Interfaz: αδ = 0.00",0,"M",452,3.90411514232518,223.68932038835,0.653268570973921,"kN m/m","DE"
"interface-alpha-0","Estado biaxial uniforme","Acciones prescritas","Interfaz: αδ = 0.00",0,"M",453,3.91282968505358,224.188626907074,0.402287234546662,"kN m/m","DE"
"interface-alpha-0","Estado biaxial uniforme","Acciones prescritas","Interfaz: αδ = 0.00",0,"M",454,3.92154422778199,224.687933425798,0.151181939033336,"kN m/m","DE"
"interface-alpha-0","Estado biaxial uniforme","Acciones prescritas","Interfaz: αδ = 0.00",0,"M",455,3.92699081698724,225,-0.00578792685558938,"kN m/m","DE"
"interface-alpha-0","Estado biaxial uniforme","Acciones prescritas","Interfaz: αδ = 0.00",0,"M",456,3.93025877051039,225.187239944522,-0.0999710384831474,"kN m/m","DE"
"interface-alpha-0","Estado biaxial uniforme","Acciones prescritas","Interfaz: αδ = 0.00",0,"M",457,3.9389733132388,225.686546463245,-0.351095406435633,"kN m/m","DE"
"interface-alpha-0","Estado biaxial uniforme","Acciones prescritas","Interfaz: αδ = 0.00",0,"M",458,3.9476878559672,226.18585298197,-0.602114881947585,"kN m/m","DE"
"interface-alpha-0","Estado biaxial uniforme","Acciones prescritas","Interfaz: αδ = 0.00",0,"M",459,3.95640239869561,226.685159500693,-0.852953214005197,"kN m/m","DE"
"interface-alpha-0","Estado biaxial uniforme","Acciones prescritas","Interfaz: αδ = 0.00",0,"M",460,3.96511694142401,227.184466019417,-1.10353420661966,"kN m/m","DE"
"interface-alpha-0","Estado biaxial uniforme","Acciones prescritas","Interfaz: αδ = 0.00",0,"M",461,3.97383148415241,227.683772538141,-1.35378174197308,"kN m/m","DE"
"interface-alpha-0","Estado biaxial uniforme","Acciones prescritas","Interfaz: αδ = 0.00",0,"M",462,3.98254602688082,228.183079056865,-1.60361980354037,"kN m/m","DE"
"interface-alpha-0","Estado biaxial uniforme","Acciones prescritas","Interfaz: αδ = 0.00",0,"M",463,3.99126056960922,228.682385575589,-1.85297249918011,"kN m/m","DE"
"interface-alpha-0","Estado biaxial uniforme","Acciones prescritas","Interfaz: αδ = 0.00",0,"M",464,3.99997511233763,229.181692094313,-2.10176408418849,"kN m/m","DE"
"interface-alpha-0","Estado biaxial uniforme","Acciones prescritas","Interfaz: αδ = 0.00",0,"M",465,4.00868965506603,229.680998613037,-2.34991898430758,"kN m/m","DE"
"interface-alpha-0","Estado biaxial uniforme","Acciones prescritas","Interfaz: αδ = 0.00",0,"M",466,4.01740419779444,230.180305131761,-2.59736181868215,"kN m/m","DE"
"interface-alpha-0","Estado biaxial uniforme","Acciones prescritas","Interfaz: αδ = 0.00",0,"M",467,4.02611874052284,230.679611650485,-2.84401742275804,"kN m/m","DE"
"interface-alpha-0","Estado biaxial uniforme","Acciones prescritas","Interfaz: αδ = 0.00",0,"M",468,4.03483328325125,231.178918169209,-3.08981087111414,"kN m/m","DE"
"interface-alpha-0","Estado biaxial uniforme","Acciones prescritas","Interfaz: αδ = 0.00",0,"M",469,4.04354782597965,231.678224687933,-3.33466750022262,"kN m/m","DE"
"interface-alpha-0","Estado biaxial uniforme","Acciones prescritas","Interfaz: αδ = 0.00",0,"M",470,4.05226236870806,232.177531206657,-3.57851293112867,"kN m/m","DE"
"interface-alpha-0","Estado biaxial uniforme","Acciones prescritas","Interfaz: αδ = 0.00",0,"M",471,4.06097691143646,232.676837725381,-3.82127309204438,"kN m/m","DE"
"interface-alpha-0","Estado biaxial uniforme","Acciones prescritas","Interfaz: αδ = 0.00",0,"M",472,4.06969145416486,233.176144244105,-4.06287424084931,"kN m/m","DE"
"interface-alpha-0","Estado biaxial uniforme","Acciones prescritas","Interfaz: αδ = 0.00",0,"M",473,4.07840599689327,233.675450762829,-4.30324298749093,"kN m/m","DE"
"interface-alpha-0","Estado biaxial uniforme","Acciones prescritas","Interfaz: αδ = 0.00",0,"M",474,4.08712053962167,234.174757281553,-4.54230631627738,"kN m/m","DE"
"interface-alpha-0","Estado biaxial uniforme","Acciones prescritas","Interfaz: αδ = 0.00",0,"M",475,4.09583508235008,234.674063800277,-4.7799916080578,"kN m/m","DE"
"interface-alpha-0","Estado biaxial uniforme","Acciones prescritas","Interfaz: αδ = 0.00",0,"M",476,4.10454962507848,235.173370319001,-5.01622666228101,"kN m/m","DE"
"interface-alpha-0","Estado biaxial uniforme","Acciones prescritas","Interfaz: αδ = 0.00",0,"M",477,4.11326416780689,235.672676837725,-5.25093971892778,"kN m/m","DE"
"interface-alpha-0","Estado biaxial uniforme","Acciones prescritas","Interfaz: αδ = 0.00",0,"M",478,4.12197871053529,236.171983356449,-5.48405948030901,"kN m/m","DE"
"interface-alpha-0","Estado biaxial uniforme","Acciones prescritas","Interfaz: αδ = 0.00",0,"M",479,4.13069325326369,236.671289875173,-5.71551513272345,"kN m/m","DE"
"interface-alpha-0","Estado biaxial uniforme","Acciones prescritas","Interfaz: αδ = 0.00",0,"M",480,4.1394077959921,237.170596393897,-5.94523636796842,"kN m/m","DE"
"interface-alpha-0","Estado biaxial uniforme","Acciones prescritas","Interfaz: αδ = 0.00",0,"M",481,4.1481223387205,237.669902912621,-6.17315340469705,"kN m/m","DE"
"interface-alpha-0","Estado biaxial uniforme","Acciones prescritas","Interfaz: αδ = 0.00",0,"M",482,4.15683688144891,238.169209431345,-6.39919700961539,"kN m/m","DE"
"interface-alpha-0","Estado biaxial uniforme","Acciones prescritas","Interfaz: αδ = 0.00",0,"M",483,4.16555142417731,238.668515950069,-6.62329851851325,"kN m/m","DE"
"interface-alpha-0","Estado biaxial uniforme","Acciones prescritas","Interfaz: αδ = 0.00",0,"M",484,4.17426596690572,239.167822468793,-6.8453898571218,"kN m/m","DE"
"interface-alpha-0","Estado biaxial uniforme","Acciones prescritas","Interfaz: αδ = 0.00",0,"M",485,4.18298050963412,239.667128987517,-7.06540356179227,"kN m/m","DE"
"interface-alpha-0","Estado biaxial uniforme","Acciones prescritas","Interfaz: αδ = 0.00",0,"M",486,4.19169505236253,240.166435506241,-7.28327279998902,"kN m/m","DE"
"interface-alpha-0","Estado biaxial uniforme","Acciones prescritas","Interfaz: αδ = 0.00",0,"M",487,4.20040959509093,240.665742024965,-7.49893139059097,"kN m/m","DE"
"interface-alpha-0","Estado biaxial uniforme","Acciones prescritas","Interfaz: αδ = 0.00",0,"M",488,4.20912413781933,241.165048543689,-7.71231382399517,"kN m/m","DE"
"interface-alpha-0","Estado biaxial uniforme","Acciones prescritas","Interfaz: αδ = 0.00",0,"M",489,4.21783868054774,241.664355062413,-7.92335528201627,"kN m/m","DE"
"interface-alpha-0","Estado biaxial uniforme","Acciones prescritas","Interfaz: αδ = 0.00",0,"M",490,4.22655322327614,242.163661581137,-8.13199165757609,"kN m/m","DE"
"interface-alpha-0","Estado biaxial uniforme","Acciones prescritas","Interfaz: αδ = 0.00",0,"M",491,4.23526776600455,242.662968099861,-8.33815957417721,"kN m/m","DE"
"interface-alpha-0","Estado biaxial uniforme","Acciones prescritas","Interfaz: αδ = 0.00",0,"M",492,4.24398230873295,243.162274618585,-8.54179640515432,"kN m/m","DE"
"interface-alpha-0","Estado biaxial uniforme","Acciones prescritas","Interfaz: αδ = 0.00",0,"M",493,4.25269685146136,243.661581137309,-8.74284029269828,"kN m/m","DE"
"interface-alpha-0","Estado biaxial uniforme","Acciones prescritas","Interfaz: αδ = 0.00",0,"M",494,4.26141139418976,244.160887656033,-8.94123016664619,"kN m/m","DE"
"interface-alpha-0","Estado biaxial uniforme","Acciones prescritas","Interfaz: αδ = 0.00",0,"M",495,4.27012593691817,244.660194174757,-9.13690576303259,"kN m/m","DE"
"interface-alpha-0","Estado biaxial uniforme","Acciones prescritas","Interfaz: αδ = 0.00",0,"M",496,4.27884047964657,245.159500693481,-9.32980764239525,"kN m/m","DE"
"interface-alpha-0","Estado biaxial uniforme","Acciones prescritas","Interfaz: αδ = 0.00",0,"M",497,4.28755502237497,245.658807212205,-9.51987720783117,"kN m/m","DE"
"interface-alpha-0","Estado biaxial uniforme","Acciones prescritas","Interfaz: αδ = 0.00",0,"M",498,4.29626956510338,246.158113730929,-9.70705672279604,"kN m/m","DE"
"interface-alpha-0","Estado biaxial uniforme","Acciones prescritas","Interfaz: αδ = 0.00",0,"M",499,4.30498410783178,246.657420249653,-9.89128932864273,"kN m/m","DE"
"interface-alpha-0","Estado biaxial uniforme","Acciones prescritas","Interfaz: αδ = 0.00",0,"M",500,4.31369865056019,247.156726768377,-10.0725190618928,"kN m/m","DE"
"interface-alpha-0","Estado biaxial uniforme","Acciones prescritas","Interfaz: αδ = 0.00",0,"M",501,4.32241319328859,247.656033287101,-10.2506908712367,"kN m/m","DE"
"interface-alpha-0","Estado biaxial uniforme","Acciones prescritas","Interfaz: αδ = 0.00",0,"M",502,4.331127736017,248.155339805825,-10.4257506342558,"kN m/m","DE"
"interface-alpha-0","Estado biaxial uniforme","Acciones prescritas","Interfaz: αδ = 0.00",0,"M",503,4.3398422787454,248.654646324549,-10.5976451738635,"kN m/m","DE"
"interface-alpha-0","Estado biaxial uniforme","Acciones prescritas","Interfaz: αδ = 0.00",0,"M",504,4.3485568214738,249.153952843273,-10.7663222744581,"kN m/m","DE"
"interface-alpha-0","Estado biaxial uniforme","Acciones prescritas","Interfaz: αδ = 0.00",0,"M",505,4.35727136420221,249.653259361997,-10.9317306977846,"kN m/m","DE"
"interface-alpha-0","Estado biaxial uniforme","Acciones prescritas","Interfaz: αδ = 0.00",0,"M",506,4.36598590693061,250.152565880721,-11.0938201984986,"kN m/m","DE"
"interface-alpha-0","Estado biaxial uniforme","Acciones prescritas","Interfaz: αδ = 0.00",0,"M",507,4.37470044965902,250.651872399445,-11.2525415394295,"kN m/m","DE"
"interface-alpha-0","Estado biaxial uniforme","Acciones prescritas","Interfaz: αδ = 0.00",0,"M",508,4.38341499238742,251.151178918169,-11.4078465065365,"kN m/m","DE"
"interface-alpha-0","Estado biaxial uniforme","Acciones prescritas","Interfaz: αδ = 0.00",0,"M",509,4.39212953511583,251.650485436893,-11.5596879235554,"kN m/m","DE"
"interface-alpha-0","Estado biaxial uniforme","Acciones prescritas","Interfaz: αδ = 0.00",0,"M",510,4.40084407784423,252.149791955617,-11.7080196663277,"kN m/m","DE"
"interface-alpha-0","Estado biaxial uniforme","Acciones prescritas","Interfaz: αδ = 0.00",0,"M",511,4.40955862057264,252.649098474341,-11.8527966768128,"kN m/m","DE"
"interface-alpha-0","Estado biaxial uniforme","Acciones prescritas","Interfaz: αδ = 0.00",0,"M",512,4.41827316330104,253.148404993065,-11.9939749767743,"kN m/m","DE"
"interface-alpha-0","Estado biaxial uniforme","Acciones prescritas","Interfaz: αδ = 0.00",0,"M",513,4.42698770602945,253.647711511789,-12.1315116811392,"kN m/m","DE"
"interface-alpha-0","Estado biaxial uniforme","Acciones prescritas","Interfaz: αδ = 0.00",0,"M",514,4.43570224875785,254.147018030513,-12.2653650110252,"kN m/m","DE"
"interface-alpha-0","Estado biaxial uniforme","Acciones prescritas","Interfaz: αδ = 0.00",0,"M",515,4.44441679148625,254.646324549237,-12.3954943064313,"kN m/m","DE"
"interface-alpha-0","Estado biaxial uniforme","Acciones prescritas","Interfaz: αδ = 0.00",0,"M",516,4.45313133421466,255.145631067961,-12.5218600385891,"kN m/m","DE"
"interface-alpha-0","Estado biaxial uniforme","Acciones prescritas","Interfaz: αδ = 0.00",0,"M",517,4.46184587694306,255.644937586685,-12.6444238219704,"kN m/m","DE"
"interface-alpha-0","Estado biaxial uniforme","Acciones prescritas","Interfaz: αδ = 0.00",0,"M",518,4.47056041967147,256.144244105409,-12.763148425947,"kN m/m","DE"
"interface-alpha-0","Estado biaxial uniforme","Acciones prescritas","Interfaz: αδ = 0.00",0,"M",519,4.47927496239987,256.643550624133,-12.8779977861003,"kN m/m","DE"
"interface-alpha-0","Estado biaxial uniforme","Acciones prescritas","Interfaz: αδ = 0.00",0,"M",520,4.48798950512828,257.142857142857,-12.9889370151767,"kN m/m","DE"
"interface-alpha-0","Estado biaxial uniforme","Acciones prescritas","Interfaz: αδ = 0.00",0,"M",521,4.49670404785668,257.642163661581,-13.0959324136844,"kN m/m","DE"
"interface-alpha-0","Estado biaxial uniforme","Acciones prescritas","Interfaz: αδ = 0.00",0,"M",522,4.50541859058508,258.141470180305,-13.198951480131,"kN m/m","DE"
"interface-alpha-0","Estado biaxial uniforme","Acciones prescritas","Interfaz: αδ = 0.00",0,"M",523,4.51413313331349,258.640776699029,-13.2979629208958,"kN m/m","DE"
"interface-alpha-0","Estado biaxial uniforme","Acciones prescritas","Interfaz: αδ = 0.00",0,"M",524,4.52284767604189,259.140083217753,-13.3929366597357,"kN m/m","DE"
"interface-alpha-0","Estado biaxial uniforme","Acciones prescritas","Interfaz: αδ = 0.00",0,"M",525,4.5315622187703,259.639389736477,-13.4838438469217,"kN m/m","DE"
"interface-alpha-0","Estado biaxial uniforme","Acciones prescritas","Interfaz: αδ = 0.00",0,"M",526,4.5402767614987,260.138696255201,-13.570656868002,"kN m/m","DE"
"interface-alpha-0","Estado biaxial uniforme","Acciones prescritas","Interfaz: αδ = 0.00",0,"M",527,4.54899130422711,260.638002773925,-13.6533493521907,"kN m/m","DE"
"interface-alpha-0","Estado biaxial uniforme","Acciones prescritas","Interfaz: αδ = 0.00",0,"M",528,4.55770584695551,261.137309292649,-13.7318961803778,"kN m/m","DE"
"interface-alpha-0","Estado biaxial uniforme","Acciones prescritas","Interfaz: αδ = 0.00",0,"M",529,4.56642038968392,261.636615811373,-13.8062734927603,"kN m/m","DE"
"interface-alpha-0","Estado biaxial uniforme","Acciones prescritas","Interfaz: αδ = 0.00",0,"M",530,4.57513493241232,262.135922330097,-13.8764586960894,"kN m/m","DE"
"interface-alpha-0","Estado biaxial uniforme","Acciones prescritas","Interfaz: αδ = 0.00",0,"M",531,4.58384947514072,262.635228848821,-13.9424304705336,"kN m/m","DE"
"interface-alpha-0","Estado biaxial uniforme","Acciones prescritas","Interfaz: αδ = 0.00",0,"M",532,4.59256401786913,263.134535367545,-14.0041687761549,"kN m/m","DE"
"interface-alpha-0","Estado biaxial uniforme","Acciones prescritas","Interfaz: αδ = 0.00",0,"M",533,4.60127856059753,263.633841886269,-14.0616548589966,"kN m/m","DE"
"interface-alpha-0","Estado biaxial uniforme","Acciones prescritas","Interfaz: αδ = 0.00",0,"M",534,4.60999310332594,264.133148404993,-14.1148712567798,"kN m/m","DE"
"interface-alpha-0","Estado biaxial uniforme","Acciones prescritas","Interfaz: αδ = 0.00",0,"M",535,4.61870764605434,264.632454923717,-14.163801804208,"kN m/m","DE"
"interface-alpha-0","Estado biaxial uniforme","Acciones prescritas","Interfaz: αδ = 0.00",0,"M",536,4.62742218878275,265.131761442441,-14.2084316378771,"kN m/m","DE"
"interface-alpha-0","Estado biaxial uniforme","Acciones prescritas","Interfaz: αδ = 0.00",0,"M",537,4.63613673151115,265.631067961165,-14.248747200791,"kN m/m","DE"
"interface-alpha-0","Estado biaxial uniforme","Acciones prescritas","Interfaz: αδ = 0.00",0,"M",538,4.64485127423955,266.130374479889,-14.2847362464794,"kN m/m","DE"
"interface-alpha-0","Estado biaxial uniforme","Acciones prescritas","Interfaz: αδ = 0.00",0,"M",539,4.65356581696796,266.629680998613,-14.316387842718,"kN m/m","DE"
"interface-alpha-0","Estado biaxial uniforme","Acciones prescritas","Interfaz: αδ = 0.00",0,"M",540,4.66228035969636,267.128987517337,-14.3436923748492,"kN m/m","DE"
"interface-alpha-0","Estado biaxial uniforme","Acciones prescritas","Interfaz: αδ = 0.00",0,"M",541,4.67099490242477,267.628294036061,-14.3666415487028,"kN m/m","DE"
"interface-alpha-0","Estado biaxial uniforme","Acciones prescritas","Interfaz: αδ = 0.00",0,"M",542,4.67970944515317,268.127600554785,-14.3852283931154,"kN m/m","DE"
"interface-alpha-0","Estado biaxial uniforme","Acciones prescritas","Interfaz: αδ = 0.00",0,"M",543,4.68842398788158,268.626907073509,-14.3994472620481,"kN m/m","DE"
"interface-alpha-0","Estado biaxial uniforme","Acciones prescritas","Interfaz: αδ = 0.00",0,"M",544,4.69713853060998,269.126213592233,-14.4092938363016,"kN m/m","DE"
"interface-alpha-0","Estado biaxial uniforme","Acciones prescritas","Interfaz: αδ = 0.00",0,"M",545,4.70585307333839,269.625520110957,-14.4147651248278,"kN m/m","DE"
"interface-alpha-0","Estado biaxial uniforme","Acciones prescritas","Interfaz: αδ = 0.00",0,"M",546,4.71238898038469,270,-14.4159962601883,"kN m/m","DE"
"interface-alpha-0","Estado biaxial uniforme","Acciones prescritas","Interfaz: αδ = 0.00",0,"M",547,4.71456761606679,270.124826629681,-14.4158594656391,"kN m/m","DE"
"interface-alpha-0","Estado biaxial uniforme","Acciones prescritas","Interfaz: αδ = 0.00",0,"M",548,4.7232821587952,270.624133148405,-14.4125765263125,"kN m/m","DE"
"interface-alpha-0","Estado biaxial uniforme","Acciones prescritas","Interfaz: αδ = 0.00",0,"M",549,4.7319967015236,271.123439667129,-14.4049173040914,"kN m/m","DE"
"interface-alpha-0","Estado biaxial uniforme","Acciones prescritas","Interfaz: αδ = 0.00",0,"M",550,4.740711244252,271.622746185853,-14.3928841255819,"kN m/m","DE"
"interface-alpha-0","Estado biaxial uniforme","Acciones prescritas","Interfaz: αδ = 0.00",0,"M",551,4.74942578698041,272.122052704577,-14.3764806460463,"kN m/m","DE"
"interface-alpha-0","Estado biaxial uniforme","Acciones prescritas","Interfaz: αδ = 0.00",0,"M",552,4.75814032970881,272.621359223301,-14.3557118482931,"kN m/m","DE"
"interface-alpha-0","Estado biaxial uniforme","Acciones prescritas","Interfaz: αδ = 0.00",0,"M",553,4.76685487243722,273.120665742025,-14.330584041163,"kN m/m","DE"
"interface-alpha-0","Estado biaxial uniforme","Acciones prescritas","Interfaz: αδ = 0.00",0,"M",554,4.77556941516562,273.619972260749,-14.3011048576126,"kN m/m","DE"
"interface-alpha-0","Estado biaxial uniforme","Acciones prescritas","Interfaz: αδ = 0.00",0,"M",555,4.78428395789403,274.119278779473,-14.2672832523958,"kN m/m","DE"
"interface-alpha-0","Estado biaxial uniforme","Acciones prescritas","Interfaz: αδ = 0.00",0,"M",556,4.79299850062243,274.618585298197,-14.2291294993437,"kN m/m","DE"
"interface-alpha-0","Estado biaxial uniforme","Acciones prescritas","Interfaz: αδ = 0.00",0,"M",557,4.80171304335083,275.117891816921,-14.1866551882436,"kN m/m","DE"
"interface-alpha-0","Estado biaxial uniforme","Acciones prescritas","Interfaz: αδ = 0.00",0,"M",558,4.81042758607924,275.617198335645,-14.1398732213189,"kN m/m","DE"
"interface-alpha-0","Estado biaxial uniforme","Acciones prescritas","Interfaz: αδ = 0.00",0,"M",559,4.81914212880764,276.116504854369,-14.0887978093089,"kN m/m","DE"
"interface-alpha-0","Estado biaxial uniforme","Acciones prescritas","Interfaz: αδ = 0.00",0,"M",560,4.82785667153605,276.615811373093,-14.0334444671532,"kN m/m","DE"
"interface-alpha-0","Estado biaxial uniforme","Acciones prescritas","Interfaz: αδ = 0.00",0,"M",561,4.83657121426445,277.115117891817,-13.973830009278,"kN m/m","DE"
"interface-alpha-0","Estado biaxial uniforme","Acciones prescritas","Interfaz: αδ = 0.00",0,"M",562,4.84528575699286,277.614424410541,-13.9099725444888,"kN m/m","DE"
"interface-alpha-0","Estado biaxial uniforme","Acciones prescritas","Interfaz: αδ = 0.00",0,"M",563,4.85400029972126,278.113730929265,-13.8418914704693,"kN m/m","DE"
"interface-alpha-0","Estado biaxial uniforme","Acciones prescritas","Interfaz: αδ = 0.00",0,"M",564,4.86271484244967,278.613037447989,-13.7696074678896,"kN m/m","DE"
"interface-alpha-0","Estado biaxial uniforme","Acciones prescritas","Interfaz: αδ = 0.00",0,"M",565,4.87142938517807,279.112343966713,-13.6931424941237,"kN m/m","DE"
"interface-alpha-0","Estado biaxial uniforme","Acciones prescritas","Interfaz: αδ = 0.00",0,"M",566,4.88014392790647,279.611650485437,-13.6125197765793,"kN m/m","DE"
"interface-alpha-0","Estado biaxial uniforme","Acciones prescritas","Interfaz: αδ = 0.00",0,"M",567,4.88885847063488,280.110957004161,-13.5277638056431,"kN m/m","DE"
"interface-alpha-0","Estado biaxial uniforme","Acciones prescritas","Interfaz: αδ = 0.00",0,"M",568,4.89757301336328,280.610263522885,-13.4389003272404,"kN m/m","DE"
"interface-alpha-0","Estado biaxial uniforme","Acciones prescritas","Interfaz: αδ = 0.00",0,"M",569,4.90628755609169,281.109570041609,-13.345956335015,"kN m/m","DE"
"interface-alpha-0","Estado biaxial uniforme","Acciones prescritas","Interfaz: αδ = 0.00",0,"M",570,4.91500209882009,281.608876560333,-13.2489600621296,"kN m/m","DE"
"interface-alpha-0","Estado biaxial uniforme","Acciones prescritas","Interfaz: αδ = 0.00",0,"M",571,4.9237166415485,282.108183079057,-13.1479409726889,"kN m/m","DE"
"interface-alpha-0","Estado biaxial uniforme","Acciones prescritas","Interfaz: αδ = 0.00",0,"M",572,4.9324311842769,282.607489597781,-13.0429297527901,"kN m/m","DE"
"interface-alpha-0","Estado biaxial uniforme","Acciones prescritas","Interfaz: αδ = 0.00",0,"M",573,4.94114572700531,283.106796116505,-12.9339583012008,"kN m/m","DE"
"interface-alpha-0","Estado biaxial uniforme","Acciones prescritas","Interfaz: αδ = 0.00",0,"M",574,4.94986026973371,283.606102635229,-12.8210597196702,"kN m/m","DE"
"interface-alpha-0","Estado biaxial uniforme","Acciones prescritas","Interfaz: αδ = 0.00",0,"M",575,4.95857481246211,284.105409153953,-12.7042683028732,"kN m/m","DE"
"interface-alpha-0","Estado biaxial uniforme","Acciones prescritas","Interfaz: αδ = 0.00",0,"M",576,4.96728935519052,284.604715672677,-12.5836195279929,"kN m/m","DE"
"interface-alpha-0","Estado biaxial uniforme","Acciones prescritas","Interfaz: αδ = 0.00",0,"M",577,4.97600389791892,285.104022191401,-12.4591500439444,"kN m/m","DE"
"interface-alpha-0","Estado biaxial uniforme","Acciones prescritas","Interfaz: αδ = 0.00",0,"M",578,4.98471844064733,285.603328710125,-12.3308976602414,"kN m/m","DE"
"interface-alpha-0","Estado biaxial uniforme","Acciones prescritas","Interfaz: αδ = 0.00",0,"M",579,4.99343298337573,286.102635228849,-12.1989013355118,"kN m/m","DE"
"interface-alpha-0","Estado biaxial uniforme","Acciones prescritas","Interfaz: αδ = 0.00",0,"M",580,5.00214752610414,286.601941747573,-12.0632011656627,"kN m/m","DE"
"interface-alpha-0","Estado biaxial uniforme","Acciones prescritas","Interfaz: αδ = 0.00",0,"M",581,5.01086206883254,287.101248266297,-11.9238383717008,"kN m/m","DE"
"interface-alpha-0","Estado biaxial uniforme","Acciones prescritas","Interfaz: αδ = 0.00",0,"M",582,5.01957661156095,287.600554785021,-11.7808552872115,"kN m/m","DE"
"interface-alpha-0","Estado biaxial uniforme","Acciones prescritas","Interfaz: αδ = 0.00",0,"M",583,5.02829115428935,288.099861303745,-11.6342953454985,"kN m/m","DE"
"interface-alpha-0","Estado biaxial uniforme","Acciones prescritas","Interfaz: αδ = 0.00",0,"M",584,5.03700569701775,288.599167822469,-11.4842030663908,"kN m/m","DE"
"interface-alpha-0","Estado biaxial uniforme","Acciones prescritas","Interfaz: αδ = 0.00",0,"M",585,5.04572023974616,289.098474341193,-11.3306240427193,"kN m/m","DE"
"interface-alpha-0","Estado biaxial uniforme","Acciones prescritas","Interfaz: αδ = 0.00",0,"M",586,5.05443478247456,289.597780859917,-11.1736049264667,"kN m/m","DE"
"interface-alpha-0","Estado biaxial uniforme","Acciones prescritas","Interfaz: αδ = 0.00",0,"M",587,5.06314932520297,290.097087378641,-11.0131934145966,"kN m/m","DE"
"interface-alpha-0","Estado biaxial uniforme","Acciones prescritas","Interfaz: αδ = 0.00",0,"M",588,5.07186386793137,290.596393897365,-10.849438234565,"kN m/m","DE"
"interface-alpha-0","Estado biaxial uniforme","Acciones prescritas","Interfaz: αδ = 0.00",0,"M",589,5.08057841065978,291.095700416089,-10.6823891295182,"kN m/m","DE"
"interface-alpha-0","Estado biaxial uniforme","Acciones prescritas","Interfaz: αδ = 0.00",0,"M",590,5.08929295338818,291.595006934813,-10.5120968431827,"kN m/m","DE"
"interface-alpha-0","Estado biaxial uniforme","Acciones prescritas","Interfaz: αδ = 0.00",0,"M",591,5.09800749611659,292.094313453537,-10.3386131044511,"kN m/m","DE"
"interface-alpha-0","Estado biaxial uniforme","Acciones prescritas","Interfaz: αδ = 0.00",0,"M",592,5.10672203884499,292.593619972261,-10.1619906116686,"kN m/m","DE"
"interface-alpha-0","Estado biaxial uniforme","Acciones prescritas","Interfaz: αδ = 0.00",0,"M",593,5.11543658157339,293.092926490985,-9.9822830166249,"kN m/m","DE"
"interface-alpha-0","Estado biaxial uniforme","Acciones prescritas","Interfaz: αδ = 0.00",0,"M",594,5.1241511243018,293.592233009709,-9.79954490825702,"kN m/m","DE"
"interface-alpha-0","Estado biaxial uniforme","Acciones prescritas","Interfaz: αδ = 0.00",0,"M",595,5.1328656670302,294.091539528433,-9.61383179606673,"kN m/m","DE"
"interface-alpha-0","Estado biaxial uniforme","Acciones prescritas","Interfaz: αδ = 0.00",0,"M",596,5.14158020975861,294.590846047157,-9.42520009325889,"kN m/m","DE"
"interface-alpha-0","Estado biaxial uniforme","Acciones prescritas","Interfaz: αδ = 0.00",0,"M",597,5.15029475248701,295.090152565881,-9.23370709960497,"kN m/m","DE"
"interface-alpha-0","Estado biaxial uniforme","Acciones prescritas","Interfaz: αδ = 0.00",0,"M",598,5.15900929521542,295.589459084605,-9.03941098403737,"kN m/m","DE"
"interface-alpha-0","Estado biaxial uniforme","Acciones prescritas","Interfaz: αδ = 0.00",0,"M",599,5.16772383794382,296.088765603329,-8.84237076697983,"kN m/m","DE"
"interface-alpha-0","Estado biaxial uniforme","Acciones prescritas","Interfaz: αδ = 0.00",0,"M",600,5.17643838067223,296.588072122053,-8.64264630241888,"kN m/m","DE"
"interface-alpha-0","Estado biaxial uniforme","Acciones prescritas","Interfaz: αδ = 0.00",0,"M",601,5.18515292340063,297.087378640777,-8.44029825972245,"kN m/m","DE"
"interface-alpha-0","Estado biaxial uniforme","Acciones prescritas","Interfaz: αδ = 0.00",0,"M",602,5.19386746612903,297.586685159501,-8.23538810521049,"kN m/m","DE"
"interface-alpha-0","Estado biaxial uniforme","Acciones prescritas","Interfaz: αδ = 0.00",0,"M",603,5.20258200885744,298.085991678225,-8.02797808348376,"kN m/m","DE"
"interface-alpha-0","Estado biaxial uniforme","Acciones prescritas","Interfaz: αδ = 0.00",0,"M",604,5.21129655158584,298.585298196949,-7.81813119851597,"kN m/m","DE"
"interface-alpha-0","Estado biaxial uniforme","Acciones prescritas","Interfaz: αδ = 0.00",0,"M",605,5.22001109431425,299.084604715673,-7.60591119451541,"kN m/m","DE"
"interface-alpha-0","Estado biaxial uniforme","Acciones prescritas","Interfaz: αδ = 0.00",0,"M",606,5.22872563704265,299.583911234397,-7.39138253656165,"kN m/m","DE"
"interface-alpha-0","Estado biaxial uniforme","Acciones prescritas","Interfaz: αδ = 0.00",0,"M",607,5.23744017977106,300.083217753121,-7.17461039102324,"kN m/m","DE"
"interface-alpha-0","Estado biaxial uniforme","Acciones prescritas","Interfaz: αδ = 0.00",0,"M",608,5.24615472249946,300.582524271845,-6.95566060576257,"kN m/m","DE"
"interface-alpha-0","Estado biaxial uniforme","Acciones prescritas","Interfaz: αδ = 0.00",0,"M",609,5.25486926522786,301.081830790569,-6.73459969013342,"kN m/m","DE"
"interface-alpha-0","Estado biaxial uniforme","Acciones prescritas","Interfaz: αδ = 0.00",0,"M",610,5.26358380795627,301.581137309293,-6.51149479477786,"kN m/m","DE"
"interface-alpha-0","Estado biaxial uniforme","Acciones prescritas","Interfaz: αδ = 0.00",0,"M",611,5.27229835068467,302.080443828017,-6.28641369122798,"kN m/m","DE"
"interface-alpha-0","Estado biaxial uniforme","Acciones prescritas","Interfaz: αδ = 0.00",0,"M",612,5.28101289341308,302.579750346741,-6.05942475131954,"kN m/m","DE"
"interface-alpha-0","Estado biaxial uniforme","Acciones prescritas","Interfaz: αδ = 0.00",0,"M",613,5.28972743614148,303.079056865465,-5.8305969264228,"kN m/m","DE"
"interface-alpha-0","Estado biaxial uniforme","Acciones prescritas","Interfaz: αδ = 0.00",0,"M",614,5.29844197886989,303.578363384189,-5.59999972649751,"kN m/m","DE"
"interface-alpha-0","Estado biaxial uniforme","Acciones prescritas","Interfaz: αδ = 0.00",0,"M",615,5.30715652159829,304.077669902913,-5.36770319897826,"kN m/m","DE"
"interface-alpha-0","Estado biaxial uniforme","Acciones prescritas","Interfaz: αδ = 0.00",0,"M",616,5.3158710643267,304.576976421637,-5.13377790749647,"kN m/m","DE"
"interface-alpha-0","Estado biaxial uniforme","Acciones prescritas","Interfaz: αδ = 0.00",0,"M",617,5.3245856070551,305.076282940361,-4.89829491044534,"kN m/m","DE"
"interface-alpha-0","Estado biaxial uniforme","Acciones prescritas","Interfaz: αδ = 0.00",0,"M",618,5.3333001497835,305.575589459085,-4.66132573939541,"kN m/m","DE"
"interface-alpha-0","Estado biaxial uniforme","Acciones prescritas","Interfaz: αδ = 0.00",0,"M",619,5.34201469251191,306.074895977809,-4.42294237736502,"kN m/m","DE"
"interface-alpha-0","Estado biaxial uniforme","Acciones prescritas","Interfaz: αδ = 0.00",0,"M",620,5.35072923524031,306.574202496533,-4.18321723695485,"kN m/m","DE"
"interface-alpha-0","Estado biaxial uniforme","Acciones prescritas","Interfaz: αδ = 0.00",0,"M",621,5.35944377796872,307.073509015257,-3.94222313835135,"kN m/m","DE"
"interface-alpha-0","Estado biaxial uniforme","Acciones prescritas","Interfaz: αδ = 0.00",0,"M",622,5.36815832069712,307.572815533981,-3.70003328720637,"kN m/m","DE"
"interface-alpha-0","Estado biaxial uniforme","Acciones prescritas","Interfaz: αδ = 0.00",0,"M",623,5.37687286342553,308.072122052705,-3.45672125240009,"kN m/m","DE"
"interface-alpha-0","Estado biaxial uniforme","Acciones prescritas","Interfaz: αδ = 0.00",0,"M",624,5.38558740615393,308.571428571429,-3.21236094369291,"kN m/m","DE"
"interface-alpha-0","Estado biaxial uniforme","Acciones prescritas","Interfaz: αδ = 0.00",0,"M",625,5.39430194888234,309.070735090153,-2.96702658927487,"kN m/m","DE"
"interface-alpha-0","Estado biaxial uniforme","Acciones prescritas","Interfaz: αδ = 0.00",0,"M",626,5.40301649161074,309.570041608877,-2.72079271321701,"kN m/m","DE"
"interface-alpha-0","Estado biaxial uniforme","Acciones prescritas","Interfaz: αδ = 0.00",0,"M",627,5.41173103433914,310.069348127601,-2.473734112834,"kN m/m","DE"
"interface-alpha-0","Estado biaxial uniforme","Acciones prescritas","Interfaz: αδ = 0.00",0,"M",628,5.42044557706755,310.568654646325,-2.22592583596312,"kN m/m","DE"
"interface-alpha-0","Estado biaxial uniforme","Acciones prescritas","Interfaz: αδ = 0.00",0,"M",629,5.42916011979595,311.067961165049,-1.97744315816738,"kN m/m","DE"
"interface-alpha-0","Estado biaxial uniforme","Acciones prescritas","Interfaz: αδ = 0.00",0,"M",630,5.43787466252436,311.567267683773,-1.72836155986951,"kN m/m","DE"
"interface-alpha-0","Estado biaxial uniforme","Acciones prescritas","Interfaz: αδ = 0.00",0,"M",631,5.44658920525276,312.066574202496,-1.47875670342336,"kN m/m","DE"
"interface-alpha-0","Estado biaxial uniforme","Acciones prescritas","Interfaz: αδ = 0.00",0,"M",632,5.45530374798117,312.565880721221,-1.22870441013055,"kN m/m","DE"
"interface-alpha-0","Estado biaxial uniforme","Acciones prescritas","Interfaz: αδ = 0.00",0,"M",633,5.46401829070957,313.065187239944,-0.97828063720857,"kN m/m","DE"
"interface-alpha-0","Estado biaxial uniforme","Acciones prescritas","Interfaz: αδ = 0.00",0,"M",634,5.47273283343798,313.564493758669,-0.727561454717318,"kN m/m","DE"
"interface-alpha-0","Estado biaxial uniforme","Acciones prescritas","Interfaz: αδ = 0.00",0,"M",635,5.48144737616638,314.063800277393,-0.476623022452173,"kN m/m","DE"
"interface-alpha-0","Estado biaxial uniforme","Acciones prescritas","Interfaz: αδ = 0.00",0,"M",636,5.49016191889478,314.563106796117,-0.225541566808772,"kN m/m","DE"
"interface-alpha-0","Estado biaxial uniforme","Acciones prescritas","Interfaz: αδ = 0.00",0,"M",637,5.49778714378214,315,-0.00578792685442409,"kN m/m","DE"
"interface-alpha-0","Estado biaxial uniforme","Acciones prescritas","Interfaz: αδ = 0.00",0,"M",638,5.49887646162319,315.06241331484,0.0256066423715993,"kN m/m","DE"
"interface-alpha-0","Estado biaxial uniforme","Acciones prescritas","Interfaz: αδ = 0.00",0,"M",639,5.50759100435159,315.561719833564,0.276745314970299,"kN m/m","DE"
"interface-alpha-0","Estado biaxial uniforme","Acciones prescritas","Interfaz: αδ = 0.00",0,"M",640,5.51630554708,316.061026352288,0.52779816376551,"kN m/m","DE"
"interface-alpha-0","Estado biaxial uniforme","Acciones prescritas","Interfaz: αδ = 0.00",0,"M",641,5.5250200898084,316.560332871013,0.778688927605799,"kN m/m","DE"
"interface-alpha-0","Estado biaxial uniforme","Acciones prescritas","Interfaz: αδ = 0.00",0,"M",642,5.53373463253681,317.059639389736,1.02934139457537,"kN m/m","DE"
"interface-alpha-0","Estado biaxial uniforme","Acciones prescritas","Interfaz: αδ = 0.00",0,"M",643,5.54244917526521,317.55894590846,1.27967942514499,"kN m/m","DE"
"interface-alpha-0","Estado biaxial uniforme","Acciones prescritas","Interfaz: αδ = 0.00",0,"M",644,5.55116371799361,318.058252427184,1.52962697530003,"kN m/m","DE"
"interface-alpha-0","Estado biaxial uniforme","Acciones prescritas","Interfaz: αδ = 0.00",0,"M",645,5.55987826072202,318.557558945908,1.77910811964055,"kN m/m","DE"
"interface-alpha-0","Estado biaxial uniforme","Acciones prescritas","Interfaz: αδ = 0.00",0,"M",646,5.56859280345042,319.056865464632,2.02804707444425,"kN m/m","DE"
"interface-alpha-0","Estado biaxial uniforme","Acciones prescritas","Interfaz: αδ = 0.00",0,"M",647,5.57730734617883,319.556171983356,2.27636822068744,"kN m/m","DE"
"interface-alpha-0","Estado biaxial uniforme","Acciones prescritas","Interfaz: αδ = 0.00",0,"M",648,5.58602188890723,320.05547850208,2.52399612701515,"kN m/m","DE"
"interface-alpha-0","Estado biaxial uniforme","Acciones prescritas","Interfaz: αδ = 0.00",0,"M",649,5.59473643163564,320.554785020804,2.77085557265461,"kN m/m","DE"
"interface-alpha-0","Estado biaxial uniforme","Acciones prescritas","Interfaz: αδ = 0.00",0,"M",650,5.60345097436404,321.054091539528,3.01687157026488,"kN m/m","DE"
"interface-alpha-0","Estado biaxial uniforme","Acciones prescritas","Interfaz: αδ = 0.00",0,"M",651,5.61216551709245,321.553398058252,3.26196938871526,"kN m/m","DE"
"interface-alpha-0","Estado biaxial uniforme","Acciones prescritas","Interfaz: αδ = 0.00",0,"M",652,5.62088005982085,322.052704576976,3.50607457578593,"kN m/m","DE"
"interface-alpha-0","Estado biaxial uniforme","Acciones prescritas","Interfaz: αδ = 0.00",0,"M",653,5.62959460254925,322.5520110957,3.74911298078423,"kN m/m","DE"
"interface-alpha-0","Estado biaxial uniforme","Acciones prescritas","Interfaz: αδ = 0.00",0,"M",654,5.63830914527766,323.051317614424,3.99101077706888,"kN m/m","DE"
"interface-alpha-0","Estado biaxial uniforme","Acciones prescritas","Interfaz: αδ = 0.00",0,"M",655,5.64702368800606,323.550624133148,4.23169448447584,"kN m/m","DE"
"interface-alpha-0","Estado biaxial uniforme","Acciones prescritas","Interfaz: αδ = 0.00",0,"M",656,5.65573823073447,324.049930651872,4.4710909916393,"kN m/m","DE"
"interface-alpha-0","Estado biaxial uniforme","Acciones prescritas","Interfaz: αδ = 0.00",0,"M",657,5.66445277346287,324.549237170596,4.70912757820028,"kN m/m","DE"
"interface-alpha-0","Estado biaxial uniforme","Acciones prescritas","Interfaz: αδ = 0.00",0,"M",658,5.67316731619128,325.04854368932,4.94573193689646,"kN m/m","DE"
"interface-alpha-0","Estado biaxial uniforme","Acciones prescritas","Interfaz: αδ = 0.00",0,"M",659,5.68188185891968,325.547850208044,5.18083219552672,"kN m/m","DE"
"interface-alpha-0","Estado biaxial uniforme","Acciones prescritas","Interfaz: αδ = 0.00",0,"M",660,5.69059640164809,326.047156726768,5.41435693878344,"kN m/m","DE"
"interface-alpha-0","Estado biaxial uniforme","Acciones prescritas","Interfaz: αδ = 0.00",0,"M",661,5.69931094437649,326.546463245492,5.6462352299458,"kN m/m","DE"
"interface-alpha-0","Estado biaxial uniforme","Acciones prescritas","Interfaz: αδ = 0.00",0,"M",662,5.70802548710489,327.045769764216,5.87639663242821,"kN m/m","DE"
"interface-alpha-0","Estado biaxial uniforme","Acciones prescritas","Interfaz: αδ = 0.00",0,"M",663,5.7167400298333,327.54507628294,6.10477123117623,"kN m/m","DE"
"interface-alpha-0","Estado biaxial uniforme","Acciones prescritas","Interfaz: αδ = 0.00",0,"M",664,5.7254545725617,328.044382801664,6.33128965390459,"kN m/m","DE"
"interface-alpha-0","Estado biaxial uniforme","Acciones prescritas","Interfaz: αδ = 0.00",0,"M",665,5.73416911529011,328.543689320388,6.55588309216969,"kN m/m","DE"
"interface-alpha-0","Estado biaxial uniforme","Acciones prescritas","Interfaz: αδ = 0.00",0,"M",666,5.74288365801851,329.042995839112,6.77848332227167,"kN m/m","DE"
"interface-alpha-0","Estado biaxial uniforme","Acciones prescritas","Interfaz: αδ = 0.00",0,"M",667,5.75159820074692,329.542302357836,6.99902272597818,"kN m/m","DE"
"interface-alpha-0","Estado biaxial uniforme","Acciones prescritas","Interfaz: αδ = 0.00",0,"M",668,5.76031274347532,330.04160887656,7.21743431106445,"kN m/m","DE"
"interface-alpha-0","Estado biaxial uniforme","Acciones prescritas","Interfaz: αδ = 0.00",0,"M",669,5.76902728620373,330.540915395284,7.43365173166318,"kN m/m","DE"
"interface-alpha-0","Estado biaxial uniforme","Acciones prescritas","Interfaz: αδ = 0.00",0,"M",670,5.77774182893213,331.040221914008,7.64760930841831,"kN m/m","DE"
"interface-alpha-0","Estado biaxial uniforme","Acciones prescritas","Interfaz: αδ = 0.00",0,"M",671,5.78645637166053,331.539528432732,7.85924204843589,"kN m/m","DE"
"interface-alpha-0","Estado biaxial uniforme","Acciones prescritas","Interfaz: αδ = 0.00",0,"M",672,5.79517091438894,332.038834951456,8.06848566502674,"kN m/m","DE"
"interface-alpha-0","Estado biaxial uniforme","Acciones prescritas","Interfaz: αδ = 0.00",0,"M",673,5.80388545711734,332.53814147018,8.27527659723461,"kN m/m","DE"
"interface-alpha-0","Estado biaxial uniforme","Acciones prescritas","Interfaz: αδ = 0.00",0,"M",674,5.81259999984575,333.037447988904,8.47955202914375,"kN m/m","DE"
"interface-alpha-0","Estado biaxial uniforme","Acciones prescritas","Interfaz: αδ = 0.00",0,"M",675,5.82131454257415,333.536754507628,8.68124990896014,"kN m/m","DE"
"interface-alpha-0","Estado biaxial uniforme","Acciones prescritas","Interfaz: αδ = 0.00",0,"M",676,5.83002908530256,334.036061026352,8.88030896786071,"kN m/m","DE"
"interface-alpha-0","Estado biaxial uniforme","Acciones prescritas","Interfaz: αδ = 0.00",0,"M",677,5.83874362803096,334.535367545076,9.07666873860475,"kN m/m","DE"
"interface-alpha-0","Estado biaxial uniforme","Acciones prescritas","Interfaz: αδ = 0.00",0,"M",678,5.84745817075936,335.0346740638,9.27026957390167,"kN m/m","DE"
"interface-alpha-0","Estado biaxial uniforme","Acciones prescritas","Interfaz: αδ = 0.00",0,"M",679,5.85617271348777,335.533980582524,9.46105266452987,"kN m/m","DE"
"interface-alpha-0","Estado biaxial uniforme","Acciones prescritas","Interfaz: αδ = 0.00",0,"M",680,5.86488725621617,336.033287101248,9.64896005720078,"kN m/m","DE"
"interface-alpha-0","Estado biaxial uniforme","Acciones prescritas","Interfaz: αδ = 0.00",0,"M",681,5.87360179894458,336.532593619972,9.83393467216327,"kN m/m","DE"
"interface-alpha-0","Estado biaxial uniforme","Acciones prescritas","Interfaz: αδ = 0.00",0,"M",682,5.88231634167298,337.031900138696,10.0159203205424,"kN m/m","DE"
"interface-alpha-0","Estado biaxial uniforme","Acciones prescritas","Interfaz: αδ = 0.00",0,"M",683,5.89103088440139,337.53120665742,10.1948617214075,"kN m/m","DE"
"interface-alpha-0","Estado biaxial uniforme","Acciones prescritas","Interfaz: αδ = 0.00",0,"M",684,5.89974542712979,338.030513176144,10.370704518565,"kN m/m","DE"
"interface-alpha-0","Estado biaxial uniforme","Acciones prescritas","Interfaz: αδ = 0.00",0,"M",685,5.9084599698582,338.529819694868,10.5433952970696,"kN m/m","DE"
"interface-alpha-0","Estado biaxial uniforme","Acciones prescritas","Interfaz: αδ = 0.00",0,"M",686,5.9171745125866,339.029126213592,10.7128815994498,"kN m/m","DE"
"interface-alpha-0","Estado biaxial uniforme","Acciones prescritas","Interfaz: αδ = 0.00",0,"M",687,5.925889055315,339.528432732316,10.8791119416431,"kN m/m","DE"
"interface-alpha-0","Estado biaxial uniforme","Acciones prescritas","Interfaz: αδ = 0.00",0,"M",688,5.93460359804341,340.02773925104,11.0420358286347,"kN m/m","DE"
"interface-alpha-0","Estado biaxial uniforme","Acciones prescritas","Interfaz: αδ = 0.00",0,"M",689,5.94331814077181,340.527045769764,11.2016037697963,"kN m/m","DE"
"interface-alpha-0","Estado biaxial uniforme","Acciones prescritas","Interfaz: αδ = 0.00",0,"M",690,5.95203268350022,341.026352288488,11.3577672939197,"kN m/m","DE"
"interface-alpha-0","Estado biaxial uniforme","Acciones prescritas","Interfaz: αδ = 0.00",0,"M",691,5.96074722622862,341.525658807212,11.5104789639403,"kN m/m","DE"
"interface-alpha-0","Estado biaxial uniforme","Acciones prescritas","Interfaz: αδ = 0.00",0,"M",692,5.96946176895703,342.024965325936,11.6596923913472,"kN m/m","DE"
"interface-alpha-0","Estado biaxial uniforme","Acciones prescritas","Interfaz: αδ = 0.00",0,"M",693,5.97817631168543,342.52427184466,11.8053622502745,"kN m/m","DE"
"interface-alpha-0","Estado biaxial uniforme","Acciones prescritas","Interfaz: αδ = 0.00",0,"M",694,5.98689085441384,343.023578363384,11.9474442912694,"kN m/m","DE"
"interface-alpha-0","Estado biaxial uniforme","Acciones prescritas","Interfaz: αδ = 0.00",0,"M",695,5.99560539714224,343.522884882108,12.0858953547338,"kN m/m","DE"
"interface-alpha-0","Estado biaxial uniforme","Acciones prescritas","Interfaz: αδ = 0.00",0,"M",696,6.00431993987064,344.022191400832,12.2206733840346,"kN m/m","DE"
"interface-alpha-0","Estado biaxial uniforme","Acciones prescritas","Interfaz: αδ = 0.00",0,"M",697,6.01303448259905,344.521497919556,12.3517374382794,"kN m/m","DE"
"interface-alpha-0","Estado biaxial uniforme","Acciones prescritas","Interfaz: αδ = 0.00",0,"M",698,6.02174902532745,345.02080443828,12.4790477047524,"kN m/m","DE"
"interface-alpha-0","Estado biaxial uniforme","Acciones prescritas","Interfaz: αδ = 0.00",0,"M",699,6.03046356805586,345.520110957004,12.6025655110085,"kN m/m","DE"
"interface-alpha-0","Estado biaxial uniforme","Acciones prescritas","Interfaz: αδ = 0.00",0,"M",700,6.03917811078426,346.019417475728,12.7222533366205,"kN m/m","DE"
"interface-alpha-0","Estado biaxial uniforme","Acciones prescritas","Interfaz: αδ = 0.00",0,"M",701,6.04789265351267,346.518723994452,12.8380748245766,"kN m/m","DE"
"interface-alpha-0","Estado biaxial uniforme","Acciones prescritas","Interfaz: αδ = 0.00",0,"M",702,6.05660719624107,347.018030513176,12.9499947923242,"kN m/m","DE"
"interface-alpha-0","Estado biaxial uniforme","Acciones prescritas","Interfaz: αδ = 0.00",0,"M",703,6.06532173896948,347.5173370319,13.0579792424574,"kN m/m","DE"
"interface-alpha-0","Estado biaxial uniforme","Acciones prescritas","Interfaz: αδ = 0.00",0,"M",704,6.07403628169788,348.016643550624,13.1619953730441,"kN m/m","DE"
"interface-alpha-0","Estado biaxial uniforme","Acciones prescritas","Interfaz: αδ = 0.00",0,"M",705,6.08275082442628,348.515950069348,13.2620115875899,"kN m/m","DE"
"interface-alpha-0","Estado biaxial uniforme","Acciones prescritas","Interfaz: αδ = 0.00",0,"M",706,6.09146536715469,349.015256588072,13.3579975046365,"kN m/m","DE"
"interface-alpha-0","Estado biaxial uniforme","Acciones prescritas","Interfaz: αδ = 0.00",0,"M",707,6.10017990988309,349.514563106796,13.4499239669902,"kN m/m","DE"
"interface-alpha-0","Estado biaxial uniforme","Acciones prescritas","Interfaz: αδ = 0.00",0,"M",708,6.1088944526115,350.01386962552,13.5377630505786,"kN m/m","DE"
"interface-alpha-0","Estado biaxial uniforme","Acciones prescritas","Interfaz: αδ = 0.00",0,"M",709,6.1176089953399,350.513176144244,13.6214880729337,"kN m/m","DE"
"interface-alpha-0","Estado biaxial uniforme","Acciones prescritas","Interfaz: αδ = 0.00",0,"M",710,6.12632353806831,351.012482662968,13.7010736012963,"kN m/m","DE"
"interface-alpha-0","Estado biaxial uniforme","Acciones prescritas","Interfaz: αδ = 0.00",0,"M",711,6.13503808079671,351.511789181692,13.7764954603421,"kN m/m","DE"
"interface-alpha-0","Estado biaxial uniforme","Acciones prescritas","Interfaz: αδ = 0.00",0,"M",712,6.14375262352512,352.011095700416,13.8477307395253,"kN m/m","DE"
"interface-alpha-0","Estado biaxial uniforme","Acciones prescritas","Interfaz: αδ = 0.00",0,"M",713,6.15246716625352,352.51040221914,13.9147578000377,"kN m/m","DE"
"interface-alpha-0","Estado biaxial uniforme","Acciones prescritas","Interfaz: αδ = 0.00",0,"M",714,6.16118170898192,353.009708737864,13.9775562813822,"kN m/m","DE"
"interface-alpha-0","Estado biaxial uniforme","Acciones prescritas","Interfaz: αδ = 0.00",0,"M",715,6.16989625171033,353.509015256588,14.0361071075574,"kN m/m","DE"
"interface-alpha-0","Estado biaxial uniforme","Acciones prescritas","Interfaz: αδ = 0.00",0,"M",716,6.17861079443873,354.008321775312,14.0903924928522,"kN m/m","DE"
"interface-alpha-0","Estado biaxial uniforme","Acciones prescritas","Interfaz: αδ = 0.00",0,"M",717,6.18732533716714,354.507628294036,14.1403959472486,"kN m/m","DE"
"interface-alpha-0","Estado biaxial uniforme","Acciones prescritas","Interfaz: αδ = 0.00",0,"M",718,6.19603987989554,355.00693481276,14.1861022814309,"kN m/m","DE"
"interface-alpha-0","Estado biaxial uniforme","Acciones prescritas","Interfaz: αδ = 0.00",0,"M",719,6.20475442262395,355.506241331484,14.2274976113992,"kN m/m","DE"
"interface-alpha-0","Estado biaxial uniforme","Acciones prescritas","Interfaz: αδ = 0.00",0,"M",720,6.21346896535235,356.005547850208,14.2645693626876,"kN m/m","DE"
"interface-alpha-0","Estado biaxial uniforme","Acciones prescritas","Interfaz: αδ = 0.00",0,"M",721,6.22218350808075,356.504854368932,14.2973062741833,"kN m/m","DE"
"interface-alpha-0","Estado biaxial uniforme","Acciones prescritas","Interfaz: αδ = 0.00",0,"M",722,6.23089805080916,357.004160887656,14.3256984015475,"kN m/m","DE"
"interface-alpha-0","Estado biaxial uniforme","Acciones prescritas","Interfaz: αδ = 0.00",0,"M",723,6.23961259353756,357.50346740638,14.3497371202364,"kN m/m","DE"
"interface-alpha-0","Estado biaxial uniforme","Acciones prescritas","Interfaz: αδ = 0.00",0,"M",724,6.24832713626597,358.002773925104,14.3694151281206,"kN m/m","DE"
"interface-alpha-0","Estado biaxial uniforme","Acciones prescritas","Interfaz: αδ = 0.00",0,"M",725,6.25704167899437,358.502080443828,14.3847264477034,"kN m/m","DE"
"interface-alpha-0","Estado biaxial uniforme","Acciones prescritas","Interfaz: αδ = 0.00",0,"M",726,6.26575622172278,359.001386962552,14.395666427937,"kN m/m","DE"
"interface-alpha-0","Estado biaxial uniforme","Acciones prescritas","Interfaz: αδ = 0.00",0,"M",727,6.27447076445118,359.500693481276,14.4022317456345,"kN m/m","DE"
"interface-alpha-0","Estado biaxial uniforme","Acciones prescritas","Interfaz: αδ = 0.00",0,"Q",0,0,0,1.51282012963294e-13,"kN/m","DE"
"interface-alpha-0","Estado biaxial uniforme","Acciones prescritas","Interfaz: αδ = 0.00",0,"Q",1,0.00871454272840442,0.499306518723994,-0.381968116974791,"kN/m","DE"
"interface-alpha-0","Estado biaxial uniforme","Acciones prescritas","Interfaz: αδ = 0.00",0,"Q",2,0.0174290854568088,0.998613037447989,-0.763820205278594,"kN/m","DE"
"interface-alpha-0","Estado biaxial uniforme","Acciones prescritas","Interfaz: αδ = 0.00",0,"Q",3,0.0261436281852133,1.49791955617198,-1.1454402714856,"kN/m","DE"
"interface-alpha-0","Estado biaxial uniforme","Acciones prescritas","Interfaz: αδ = 0.00",0,"Q",4,0.0348581709136177,1.99722607489598,-1.52671239265043,"kN/m","DE"
"interface-alpha-0","Estado biaxial uniforme","Acciones prescritas","Interfaz: αδ = 0.00",0,"Q",5,0.0435727136420221,2.49653259361997,-1.90752075152133,"kN/m","DE"
"interface-alpha-0","Estado biaxial uniforme","Acciones prescritas","Interfaz: αδ = 0.00",0,"Q",6,0.0522872563704265,2.99583911234397,-2.28774967172148,"kN/m","DE"
"interface-alpha-0","Estado biaxial uniforme","Acciones prescritas","Interfaz: αδ = 0.00",0,"Q",7,0.0610017990988309,3.49514563106796,-2.6672836528874,"kN/m","DE"
"interface-alpha-0","Estado biaxial uniforme","Acciones prescritas","Interfaz: αδ = 0.00",0,"Q",8,0.0697163418272354,3.99445214979196,-3.04600740575403,"kN/m","DE"
"interface-alpha-0","Estado biaxial uniforme","Acciones prescritas","Interfaz: αδ = 0.00",0,"Q",9,0.0784308845556398,4.49375866851595,-3.42380588717556,"kN/m","DE"
"interface-alpha-0","Estado biaxial uniforme","Acciones prescritas","Interfaz: αδ = 0.00",0,"Q",10,0.0871454272840442,4.99306518723994,-3.80056433507157,"kN/m","DE"
"interface-alpha-0","Estado biaxial uniforme","Acciones prescritas","Interfaz: αδ = 0.00",0,"Q",11,0.0958599700124486,5.49237170596394,-4.17616830328776,"kN/m","DE"
"interface-alpha-0","Estado biaxial uniforme","Acciones prescritas","Interfaz: αδ = 0.00",0,"Q",12,0.104574512740853,5.99167822468793,-4.55050369636075,"kN/m","DE"
"interface-alpha-0","Estado biaxial uniforme","Acciones prescritas","Interfaz: αδ = 0.00",0,"Q",13,0.113289055469257,6.49098474341193,-4.92345680417629,"kN/m","DE"
"interface-alpha-0","Estado biaxial uniforme","Acciones prescritas","Interfaz: αδ = 0.00",0,"Q",14,0.122003598197662,6.99029126213592,-5.29491433651047,"kN/m","DE"
"interface-alpha-0","Estado biaxial uniforme","Acciones prescritas","Interfaz: αδ = 0.00",0,"Q",15,0.130718140926066,7.48959778085992,-5.66476345744336,"kN/m","DE"
"interface-alpha-0","Estado biaxial uniforme","Acciones prescritas","Interfaz: αδ = 0.00",0,"Q",16,0.139432683654471,7.98890429958391,-6.03289181963466,"kN/m","DE"
"interface-alpha-0","Estado biaxial uniforme","Acciones prescritas","Interfaz: αδ = 0.00",0,"Q",17,0.148147226382875,8.4882108183079,-6.3991875984509,"kN/m","DE"
"interface-alpha-0","Estado biaxial uniforme","Acciones prescritas","Interfaz: αδ = 0.00",0,"Q",18,0.15686176911128,8.9875173370319,-6.76353952593391,"kN/m","DE"
"interface-alpha-0","Estado biaxial uniforme","Acciones prescritas","Interfaz: αδ = 0.00",0,"Q",19,0.165576311839684,9.4868238557559,-7.12583692460017,"kN/m","DE"
"interface-alpha-0","Estado biaxial uniforme","Acciones prescritas","Interfaz: αδ = 0.00",0,"Q",20,0.174290854568088,9.98613037447989,-7.48596974106077,"kN/m","DE"
"interface-alpha-0","Estado biaxial uniforme","Acciones prescritas","Interfaz: αδ = 0.00",0,"Q",21,0.183005397296493,10.4854368932039,-7.84382857945187,"kN/m","DE"
"interface-alpha-0","Estado biaxial uniforme","Acciones prescritas","Interfaz: αδ = 0.00",0,"Q",22,0.191719940024897,10.9847434119279,-8.19930473466527,"kN/m","DE"
"interface-alpha-0","Estado biaxial uniforme","Acciones prescritas","Interfaz: αδ = 0.00",0,"Q",23,0.200434482753302,11.4840499306519,-8.55229022536933,"kN/m","DE"
"interface-alpha-0","Estado biaxial uniforme","Acciones prescritas","Interfaz: αδ = 0.00",0,"Q",24,0.209149025481706,11.9833564493759,-8.90267782680997,"kN/m","DE"
"interface-alpha-0","Estado biaxial uniforme","Acciones prescritas","Interfaz: αδ = 0.00",0,"Q",25,0.21786356821011,12.4826629680999,-9.25036110338176,"kN/m","DE"
"interface-alpha-0","Estado biaxial uniforme","Acciones prescritas","Interfaz: αδ = 0.00",0,"Q",26,0.226578110938515,12.9819694868239,-9.59523444095943,"kN/m","DE"
"interface-alpha-0","Estado biaxial uniforme","Acciones prescritas","Interfaz: αδ = 0.00",0,"Q",27,0.235292653666919,13.4812760055479,-9.93719307897973,"kN/m","DE"
"interface-alpha-0","Estado biaxial uniforme","Acciones prescritas","Interfaz: αδ = 0.00",0,"Q",28,0.244007196395324,13.9805825242718,-10.2761331422641,"kN/m","DE"
"interface-alpha-0","Estado biaxial uniforme","Acciones prescritas","Interfaz: αδ = 0.00",0,"Q",29,0.252721739123728,14.4798890429958,-10.6119516725724,"kN/m","DE"
"interface-alpha-0","Estado biaxial uniforme","Acciones prescritas","Interfaz: αδ = 0.00",0,"Q",30,0.261436281852133,14.9791955617198,-10.9445466598778,"kN/m","DE"
"interface-alpha-0","Estado biaxial uniforme","Acciones prescritas","Interfaz: αδ = 0.00",0,"Q",31,0.270150824580537,15.4785020804438,-11.2738170733543,"kN/m","DE"
"interface-alpha-0","Estado biaxial uniforme","Acciones prescritas","Interfaz: αδ = 0.00",0,"Q",32,0.278865367308941,15.9778085991678,-11.599662892066,"kN/m","DE"
"interface-alpha-0","Estado biaxial uniforme","Acciones prescritas","Interfaz: αδ = 0.00",0,"Q",33,0.287579910037346,16.4771151178918,-11.9219851353502,"kN/m","DE"
"interface-alpha-0","Estado biaxial uniforme","Acciones prescritas","Interfaz: αδ = 0.00",0,"Q",34,0.29629445276575,16.9764216366158,-12.2406858928843,"kN/m","DE"
"interface-alpha-0","Estado biaxial uniforme","Acciones prescritas","Interfaz: αδ = 0.00",0,"Q",35,0.305008995494155,17.4757281553398,-12.5556683544275,"kN/m","DE"
"interface-alpha-0","Estado biaxial uniforme","Acciones prescritas","Interfaz: αδ = 0.00",0,"Q",36,0.313723538222559,17.9750346740638,-12.8668368392284,"kN/m","DE"
"interface-alpha-0","Estado biaxial uniforme","Acciones prescritas","Interfaz: αδ = 0.00",0,"Q",37,0.322438080950964,18.4743411927878,-13.1740968250895,"kN/m","DE"
"interface-alpha-0","Estado biaxial uniforme","Acciones prescritas","Interfaz: αδ = 0.00",0,"Q",38,0.331152623679368,18.9736477115118,-13.4773549770796,"kN/m","DE"
"interface-alpha-0","Estado biaxial uniforme","Acciones prescritas","Interfaz: αδ = 0.00",0,"Q",39,0.339867166407772,19.4729542302358,-13.7765191758863,"kN/m","DE"
"interface-alpha-0","Estado biaxial uniforme","Acciones prescritas","Interfaz: αδ = 0.00",0,"Q",40,0.348581709136177,19.9722607489598,-14.0714985457979,"kN/m","DE"
"interface-alpha-0","Estado biaxial uniforme","Acciones prescritas","Interfaz: αδ = 0.00",0,"Q",41,0.357296251864581,20.4715672676838,-14.3622034823087,"kN/m","DE"
"interface-alpha-0","Estado biaxial uniforme","Acciones prescritas","Interfaz: αδ = 0.00",0,"Q",42,0.366010794592986,20.9708737864078,-14.6485456793377,"kN/m","DE"
"interface-alpha-0","Estado biaxial uniforme","Acciones prescritas","Interfaz: αδ = 0.00",0,"Q",43,0.37472533732139,21.4701803051318,-14.9304381560529,"kN/m","DE"
"interface-alpha-0","Estado biaxial uniforme","Acciones prescritas","Interfaz: αδ = 0.00",0,"Q",44,0.383439880049794,21.9694868238558,-15.2077952832931,"kN/m","DE"
"interface-alpha-0","Estado biaxial uniforme","Acciones prescritas","Interfaz: αδ = 0.00",0,"Q",45,0.392154422778199,22.4687933425798,-15.4805328095789,"kN/m","DE"
"interface-alpha-0","Estado biaxial uniforme","Acciones prescritas","Interfaz: αδ = 0.00",0,"Q",46,0.400868965506603,22.9680998613037,-15.7485678867057,"kN/m","DE"
"interface-alpha-0","Estado biaxial uniforme","Acciones prescritas","Interfaz: αδ = 0.00",0,"Q",47,0.409583508235008,23.4674063800277,-16.0118190949098,"kN/m","DE"
"interface-alpha-0","Estado biaxial uniforme","Acciones prescritas","Interfaz: αδ = 0.00",0,"Q",48,0.418298050963412,23.9667128987517,-16.270206467601,"kN/m","DE"
"interface-alpha-0","Estado biaxial uniforme","Acciones prescritas","Interfaz: αδ = 0.00",0,"Q",49,0.427012593691816,24.4660194174757,-16.5236515156537,"kN/m","DE"
"interface-alpha-0","Estado biaxial uniforme","Acciones prescritas","Interfaz: αδ = 0.00",0,"Q",50,0.435727136420221,24.9653259361997,-16.7720772512493,"kN/m","DE"
"interface-alpha-0","Estado biaxial uniforme","Acciones prescritas","Interfaz: αδ = 0.00",0,"Q",51,0.444441679148625,25.4646324549237,-17.0154082112622,"kN/m","DE"
"interface-alpha-0","Estado biaxial uniforme","Acciones prescritas","Interfaz: αδ = 0.00",0,"Q",52,0.45315622187703,25.9639389736477,-17.253570480183,"kN/m","DE"
"interface-alpha-0","Estado biaxial uniforme","Acciones prescritas","Interfaz: αδ = 0.00",0,"Q",53,0.461870764605434,26.4632454923717,-17.4864917125714,"kN/m","DE"
"interface-alpha-0","Estado biaxial uniforme","Acciones prescritas","Interfaz: αδ = 0.00",0,"Q",54,0.470585307333839,26.9625520110957,-17.7141011550325,"kN/m","DE"
"interface-alpha-0","Estado biaxial uniforme","Acciones prescritas","Interfaz: αδ = 0.00",0,"Q",55,0.479299850062243,27.4618585298197,-17.9363296677087,"kN/m","DE"
"interface-alpha-0","Estado biaxial uniforme","Acciones prescritas","Interfaz: αδ = 0.00",0,"Q",56,0.488014392790647,27.9611650485437,-18.1531097452827,"kN/m","DE"
"interface-alpha-0","Estado biaxial uniforme","Acciones prescritas","Interfaz: αδ = 0.00",0,"Q",57,0.496728935519052,28.4604715672677,-18.3643755374825,"kN/m","DE"
"interface-alpha-0","Estado biaxial uniforme","Acciones prescritas","Interfaz: αδ = 0.00",0,"Q",58,0.505443478247456,28.9597780859917,-18.570062869085,"kN/m","DE"
"interface-alpha-0","Estado biaxial uniforme","Acciones prescritas","Interfaz: αδ = 0.00",0,"Q",59,0.514158020975861,29.4590846047157,-18.7701092594101,"kN/m","DE"
"interface-alpha-0","Estado biaxial uniforme","Acciones prescritas","Interfaz: αδ = 0.00",0,"Q",60,0.522872563704265,29.9583911234397,-18.9644539413,"kN/m","DE"
"interface-alpha-0","Estado biaxial uniforme","Acciones prescritas","Interfaz: αδ = 0.00",0,"Q",61,0.53158710643267,30.4576976421637,-19.1530378795783,"kN/m","DE"
"interface-alpha-0","Estado biaxial uniforme","Acciones prescritas","Interfaz: αδ = 0.00",0,"Q",62,0.540301649161074,30.9570041608877,-19.3358037889826,"kN/m","DE"
"interface-alpha-0","Estado biaxial uniforme","Acciones prescritas","Interfaz: αδ = 0.00",0,"Q",63,0.549016191889478,31.4563106796117,-19.5126961515661,"kN/m","DE"
"interface-alpha-0","Estado biaxial uniforme","Acciones prescritas","Interfaz: αδ = 0.00",0,"Q",64,0.557730734617883,31.9556171983356,-19.6836612335621,"kN/m","DE"
"interface-alpha-0","Estado biaxial uniforme","Acciones prescritas","Interfaz: αδ = 0.00",0,"Q",65,0.566445277346287,32.4549237170596,-19.8486471017058,"kN/m","DE"
"interface-alpha-0","Estado biaxial uniforme","Acciones prescritas","Interfaz: αδ = 0.00",0,"Q",66,0.575159820074692,32.9542302357836,-20.0076036390105,"kN/m","DE"
"interface-alpha-0","Estado biaxial uniforme","Acciones prescritas","Interfaz: αδ = 0.00",0,"Q",67,0.583874362803096,33.4535367545076,-20.1604825599914,"kN/m","DE"
"interface-alpha-0","Estado biaxial uniforme","Acciones prescritas","Interfaz: αδ = 0.00",0,"Q",68,0.592588905531501,33.9528432732316,-20.3072374253324,"kN/m","DE"
"interface-alpha-0","Estado biaxial uniforme","Acciones prescritas","Interfaz: αδ = 0.00",0,"Q",69,0.601303448259905,34.4521497919556,-20.4478236559934,"kN/m","DE"
"interface-alpha-0","Estado biaxial uniforme","Acciones prescritas","Interfaz: αδ = 0.00",0,"Q",70,0.610017990988309,34.9514563106796,-20.5821985467518,"kN/m","DE"
"interface-alpha-0","Estado biaxial uniforme","Acciones prescritas","Interfaz: αδ = 0.00",0,"Q",71,0.618732533716714,35.4507628294036,-20.7103212791743,"kN/m","DE"
"interface-alpha-0","Estado biaxial uniforme","Acciones prescritas","Interfaz: αδ = 0.00",0,"Q",72,0.627447076445118,35.9500693481276,-20.832152934017,"kN/m","DE"
"interface-alpha-0","Estado biaxial uniforme","Acciones prescritas","Interfaz: αδ = 0.00",0,"Q",73,0.636161619173523,36.4493758668516,-20.947656503047,"kN/m","DE"
"interface-alpha-0","Estado biaxial uniforme","Acciones prescritas","Interfaz: αδ = 0.00",0,"Q",74,0.644876161901927,36.9486823855756,-21.0567969002845,"kN/m","DE"
"interface-alpha-0","Estado biaxial uniforme","Acciones prescritas","Interfaz: αδ = 0.00",0,"Q",75,0.653590704630331,37.4479889042996,-21.1595409726607,"kN/m","DE"
"interface-alpha-0","Estado biaxial uniforme","Acciones prescritas","Interfaz: αδ = 0.00",0,"Q",76,0.662305247358736,37.9472954230236,-21.2558575100885,"kN/m","DE"
"interface-alpha-0","Estado biaxial uniforme","Acciones prescritas","Interfaz: αδ = 0.00",0,"Q",77,0.67101979008714,38.4466019417476,-21.3457172549432,"kN/m","DE"
"interface-alpha-0","Estado biaxial uniforme","Acciones prescritas","Interfaz: αδ = 0.00",0,"Q",78,0.679734332815545,38.9459084604716,-21.4290929109497,"kN/m","DE"
"interface-alpha-0","Estado biaxial uniforme","Acciones prescritas","Interfaz: αδ = 0.00",0,"Q",79,0.688448875543949,39.4452149791956,-21.5059591514744,"kN/m","DE"
"interface-alpha-0","Estado biaxial uniforme","Acciones prescritas","Interfaz: αδ = 0.00",0,"Q",80,0.697163418272354,39.9445214979196,-21.5762926272182,"kN/m","DE"
"interface-alpha-0","Estado biaxial uniforme","Acciones prescritas","Interfaz: αδ = 0.00",0,"Q",81,0.705877961000758,40.4438280166436,-21.6400719733098,"kN/m","DE"
"interface-alpha-0","Estado biaxial uniforme","Acciones prescritas","Interfaz: αδ = 0.00",0,"Q",82,0.714592503729162,40.9431345353675,-21.697277815795,"kN/m","DE"
"interface-alpha-0","Estado biaxial uniforme","Acciones prescritas","Interfaz: αδ = 0.00",0,"Q",83,0.723307046457567,41.4424410540915,-21.7478927775221,"kN/m","DE"
"interface-alpha-0","Estado biaxial uniforme","Acciones prescritas","Interfaz: αδ = 0.00",0,"Q",84,0.732021589185971,41.9417475728155,-21.7919014834207,"kN/m","DE"
"interface-alpha-0","Estado biaxial uniforme","Acciones prescritas","Interfaz: αδ = 0.00",0,"Q",85,0.740736131914376,42.4410540915395,-21.8292905651717,"kN/m","DE"
"interface-alpha-0","Estado biaxial uniforme","Acciones prescritas","Interfaz: αδ = 0.00",0,"Q",86,0.74945067464278,42.9403606102635,-21.8600486652682,"kN/m","DE"
"interface-alpha-0","Estado biaxial uniforme","Acciones prescritas","Interfaz: αδ = 0.00",0,"Q",87,0.758165217371184,43.4396671289875,-21.884166440466,"kN/m","DE"
"interface-alpha-0","Estado biaxial uniforme","Acciones prescritas","Interfaz: αδ = 0.00",0,"Q",88,0.766879760099589,43.9389736477115,-21.9016365646209,"kN/m","DE"
"interface-alpha-0","Estado biaxial uniforme","Acciones prescritas","Interfaz: αδ = 0.00",0,"Q",89,0.775594302827993,44.4382801664355,-21.912453730915,"kN/m","DE"
"interface-alpha-0","Estado biaxial uniforme","Acciones prescritas","Interfaz: αδ = 0.00",0,"Q",90,0.784308845556398,44.9375866851595,-21.9166146534682,"kN/m","DE"
"interface-alpha-0","Estado biaxial uniforme","Acciones prescritas","Interfaz: αδ = 0.00",0,"Q",91,0.785398163397448,45,-21.9166666666665,"kN/m","DE"
"interface-alpha-0","Estado biaxial uniforme","Acciones prescritas","Interfaz: αδ = 0.00",0,"Q",92,0.793023388284802,45.4368932038835,-21.9141180683365,"kN/m","DE"
"interface-alpha-0","Estado biaxial uniforme","Acciones prescritas","Interfaz: αδ = 0.00",0,"Q",93,0.801737931013207,45.9361997226075,-21.9049647338959,"kN/m","DE"
"interface-alpha-0","Estado biaxial uniforme","Acciones prescritas","Interfaz: αδ = 0.00",0,"Q",94,0.810452473741611,46.4355062413315,-21.8891574306121,"kN/m","DE"
"interface-alpha-0","Estado biaxial uniforme","Acciones prescritas","Interfaz: αδ = 0.00",0,"Q",95,0.819167016470015,46.9348127600555,-21.8667009601956,"kN/m","DE"
"interface-alpha-0","Estado biaxial uniforme","Acciones prescritas","Interfaz: αδ = 0.00",0,"Q",96,0.82788155919842,47.4341192787795,-21.8376021441438,"kN/m","DE"
"interface-alpha-0","Estado biaxial uniforme","Acciones prescritas","Interfaz: αδ = 0.00",0,"Q",97,0.836596101926824,47.9334257975035,-21.801869821668,"kN/m","DE"
"interface-alpha-0","Estado biaxial uniforme","Acciones prescritas","Interfaz: αδ = 0.00",0,"Q",98,0.845310644655229,48.4327323162275,-21.7595148470091,"kN/m","DE"
"interface-alpha-0","Estado biaxial uniforme","Acciones prescritas","Interfaz: αδ = 0.00",0,"Q",99,0.854025187383633,48.9320388349515,-21.7105500861398,"kN/m","DE"
"interface-alpha-0","Estado biaxial uniforme","Acciones prescritas","Interfaz: αδ = 0.00",0,"Q",100,0.862739730112038,49.4313453536755,-21.6549904128569,"kN/m","DE"
"interface-alpha-0","Estado biaxial uniforme","Acciones prescritas","Interfaz: αδ = 0.00",0,"Q",101,0.871454272840442,49.9306518723995,-21.592852704263,"kN/m","DE"
"interface-alpha-0","Estado biaxial uniforme","Acciones prescritas","Interfaz: αδ = 0.00",0,"Q",102,0.880168815568846,50.4299583911234,-21.5241558356394,"kN/m","DE"
"interface-alpha-0","Estado biaxial uniforme","Acciones prescritas","Interfaz: αδ = 0.00",0,"Q",103,0.888883358297251,50.9292649098474,-21.4489206747133,"kN/m","DE"
"interface-alpha-0","Estado biaxial uniforme","Acciones prescritas","Interfaz: αδ = 0.00",0,"Q",104,0.897597901025655,51.4285714285714,-21.3671700753181,"kN/m","DE"
"interface-alpha-0","Estado biaxial uniforme","Acciones prescritas","Interfaz: αδ = 0.00",0,"Q",105,0.90631244375406,51.9278779472954,-21.2789288704517,"kN/m","DE"
"interface-alpha-0","Estado biaxial uniforme","Acciones prescritas","Interfaz: αδ = 0.00",0,"Q",106,0.915026986482464,52.4271844660194,-21.1842238647328,"kN/m","DE"
"interface-alpha-0","Estado biaxial uniforme","Acciones prescritas","Interfaz: αδ = 0.00",0,"Q",107,0.923741529210868,52.9264909847434,-21.0830838262586,"kN/m","DE"
"interface-alpha-0","Estado biaxial uniforme","Acciones prescritas","Interfaz: αδ = 0.00",0,"Q",108,0.932456071939273,53.4257975034674,-20.9755394778664,"kN/m","DE"
"interface-alpha-0","Estado biaxial uniforme","Acciones prescritas","Interfaz: αδ = 0.00",0,"Q",109,0.941170614667677,53.9251040221914,-20.8616234878007,"kN/m","DE"
"interface-alpha-0","Estado biaxial uniforme","Acciones prescritas","Interfaz: αδ = 0.00",0,"Q",110,0.949885157396082,54.4244105409154,-20.7413704597897,"kN/m","DE"
"interface-alpha-0","Estado biaxial uniforme","Acciones prescritas","Interfaz: αδ = 0.00",0,"Q",111,0.958599700124486,54.9237170596394,-20.6148169225342,"kN/m","DE"
"interface-alpha-0","Estado biaxial uniforme","Acciones prescritas","Interfaz: αδ = 0.00",0,"Q",112,0.967314242852891,55.4230235783634,-20.4820013186113,"kN/m","DE"
"interface-alpha-0","Estado biaxial uniforme","Acciones prescritas","Interfaz: αδ = 0.00",0,"Q",113,0.976028785581295,55.9223300970874,-20.3429639927967,"kN/m","DE"
"interface-alpha-0","Estado biaxial uniforme","Acciones prescritas","Interfaz: αδ = 0.00",0,"Q",114,0.984743328309699,56.4216366158114,-20.1977471798097,"kN/m","DE"
"interface-alpha-0","Estado biaxial uniforme","Acciones prescritas","Interfaz: αδ = 0.00",0,"Q",115,0.993457871038104,56.9209431345354,-20.0463949914832,"kN/m","DE"
"interface-alpha-0","Estado biaxial uniforme","Acciones prescritas","Interfaz: αδ = 0.00",0,"Q",116,1.00217241376651,57.4202496532594,-19.8889534033648,"kN/m","DE"
"interface-alpha-0","Estado biaxial uniforme","Acciones prescritas","Interfaz: αδ = 0.00",0,"Q",117,1.01088695649491,57.9195561719834,-19.7254702407504,"kN/m","DE"
"interface-alpha-0","Estado biaxial uniforme","Acciones prescritas","Interfaz: αδ = 0.00",0,"Q",118,1.01960149922332,58.4188626907073,-19.555995164157,"kN/m","DE"
"interface-alpha-0","Estado biaxial uniforme","Acciones prescritas","Interfaz: αδ = 0.00",0,"Q",119,1.02831604195172,58.9181692094313,-19.3805796542371,"kN/m","DE"
"interface-alpha-0","Estado biaxial uniforme","Acciones prescritas","Interfaz: αδ = 0.00",0,"Q",120,1.03703058468013,59.4174757281553,-19.1992769961409,"kN/m","DE"
"interface-alpha-0","Estado biaxial uniforme","Acciones prescritas","Interfaz: αδ = 0.00",0,"Q",121,1.04574512740853,59.9167822468793,-19.0121422633303,"kN/m","DE"
"interface-alpha-0","Estado biaxial uniforme","Acciones prescritas","Interfaz: αδ = 0.00",0,"Q",122,1.05445967013693,60.4160887656033,-18.8192323008491,"kN/m","DE"
"interface-alpha-0","Estado biaxial uniforme","Acciones prescritas","Interfaz: αδ = 0.00",0,"Q",123,1.06317421286534,60.9153952843273,-18.6206057080559,"kN/m","DE"
"interface-alpha-0","Estado biaxial uniforme","Acciones prescritas","Interfaz: αδ = 0.00",0,"Q",124,1.07188875559374,61.4147018030513,-18.416322820823,"kN/m","DE"
"interface-alpha-0","Estado biaxial uniforme","Acciones prescritas","Interfaz: αδ = 0.00",0,"Q",125,1.08060329832215,61.9140083217753,-18.2064456932092,"kN/m","DE"
"interface-alpha-0","Estado biaxial uniforme","Acciones prescritas","Interfaz: αδ = 0.00",0,"Q",126,1.08931784105055,62.4133148404993,-17.9910380786095,"kN/m","DE"
"interface-alpha-0","Estado biaxial uniforme","Acciones prescritas","Interfaz: αδ = 0.00",0,"Q",127,1.09803238377896,62.9126213592233,-17.7701654103889,"kN/m","DE"
"interface-alpha-0","Estado biaxial uniforme","Acciones prescritas","Interfaz: αδ = 0.00",0,"Q",128,1.10674692650736,63.4119278779473,-17.5438947820066,"kN/m","DE"
"interface-alpha-0","Estado biaxial uniforme","Acciones prescritas","Interfaz: αδ = 0.00",0,"Q",129,1.11546146923577,63.9112343966713,-17.3122949266344,"kN/m","DE"
"interface-alpha-0","Estado biaxial uniforme","Acciones prescritas","Interfaz: αδ = 0.00",0,"Q",130,1.12417601196417,64.4105409153953,-17.0754361962791,"kN/m","DE"
"interface-alpha-0","Estado biaxial uniforme","Acciones prescritas","Interfaz: αδ = 0.00",0,"Q",131,1.13289055469257,64.9098474341193,-16.833390540411,"kN/m","DE"
"interface-alpha-0","Estado biaxial uniforme","Acciones prescritas","Interfaz: αδ = 0.00",0,"Q",132,1.14160509742098,65.4091539528433,-16.5862314841086,"kN/m","DE"
"interface-alpha-0","Estado biaxial uniforme","Acciones prescritas","Interfaz: αδ = 0.00",0,"Q",133,1.15031964014938,65.9084604715673,-16.3340341057244,"kN/m","DE"
"interface-alpha-0","Estado biaxial uniforme","Acciones prescritas","Interfaz: αδ = 0.00",0,"Q",134,1.15903418287779,66.4077669902913,-16.0768750140781,"kN/m","DE"
"interface-alpha-0","Estado biaxial uniforme","Acciones prescritas","Interfaz: αδ = 0.00",0,"Q",135,1.16774872560619,66.9070735090153,-15.8148323251862,"kN/m","DE"
"interface-alpha-0","Estado biaxial uniforme","Acciones prescritas","Interfaz: αδ = 0.00",0,"Q",136,1.1764632683346,67.4063800277392,-15.5479856385325,"kN/m","DE"
"interface-alpha-0","Estado biaxial uniforme","Acciones prescritas","Interfaz: αδ = 0.00",0,"Q",137,1.185177811063,67.9056865464632,-15.2764160128889,"kN/m","DE"
"interface-alpha-0","Estado biaxial uniforme","Acciones prescritas","Interfaz: αδ = 0.00",0,"Q",138,1.19389235379141,68.4049930651872,-15.0002059416925,"kN/m","DE"
"interface-alpha-0","Estado biaxial uniforme","Acciones prescritas","Interfaz: αδ = 0.00",0,"Q",139,1.20260689651981,68.9042995839112,-14.7194393279865,"kN/m","DE"
"interface-alpha-0","Estado biaxial uniforme","Acciones prescritas","Interfaz: αδ = 0.00",0,"Q",140,1.21132143924821,69.4036061026352,-14.4342014589342,"kN/m","DE"
"interface-alpha-0","Estado biaxial uniforme","Acciones prescritas","Interfaz: αδ = 0.00",0,"Q",141,1.22003598197662,69.9029126213592,-14.144578979911,"kN/m","DE"
"interface-alpha-0","Estado biaxial uniforme","Acciones prescritas","Interfaz: αδ = 0.00",0,"Q",142,1.22875052470502,70.4022191400832,-13.8506598681847,"kN/m","DE"
"interface-alpha-0","Estado biaxial uniforme","Acciones prescritas","Interfaz: αδ = 0.00",0,"Q",143,1.23746506743343,70.9015256588072,-13.5525334061915,"kN/m","DE"
"interface-alpha-0","Estado biaxial uniforme","Acciones prescritas","Interfaz: αδ = 0.00",0,"Q",144,1.24617961016183,71.4008321775312,-13.2502901544145,"kN/m","DE"
"interface-alpha-0","Estado biaxial uniforme","Acciones prescritas","Interfaz: αδ = 0.00",0,"Q",145,1.25489415289024,71.9001386962552,-12.9440219238748,"kN/m","DE"
"interface-alpha-0","Estado biaxial uniforme","Acciones prescritas","Interfaz: αδ = 0.00",0,"Q",146,1.26360869561864,72.3994452149792,-12.6338217482425,"kN/m","DE"
"interface-alpha-0","Estado biaxial uniforme","Acciones prescritas","Interfaz: αδ = 0.00",0,"Q",147,1.27232323834705,72.8987517337032,-12.3197838555764,"kN/m","DE"
"interface-alpha-0","Estado biaxial uniforme","Acciones prescritas","Interfaz: αδ = 0.00",0,"Q",148,1.28103778107545,73.3980582524272,-12.0020036397006,"kN/m","DE"
"interface-alpha-0","Estado biaxial uniforme","Acciones prescritas","Interfaz: αδ = 0.00",0,"Q",149,1.28975232380385,73.8973647711512,-11.6805776312274,"kN/m","DE"
"interface-alpha-0","Estado biaxial uniforme","Acciones prescritas","Interfaz: αδ = 0.00",0,"Q",150,1.29846686653226,74.3966712898752,-11.3556034682343,"kN/m","DE"
"interface-alpha-0","Estado biaxial uniforme","Acciones prescritas","Interfaz: αδ = 0.00",0,"Q",151,1.30718140926066,74.8959778085992,-11.0271798666051,"kN/m","DE"
"interface-alpha-0","Estado biaxial uniforme","Acciones prescritas","Interfaz: αδ = 0.00",0,"Q",152,1.31589595198907,75.3952843273232,-10.6954065900436,"kN/m","DE"
"interface-alpha-0","Estado biaxial uniforme","Acciones prescritas","Interfaz: αδ = 0.00",0,"Q",153,1.32461049471747,75.8945908460472,-10.3603844197688,"kN/m","DE"
"interface-alpha-0","Estado biaxial uniforme","Acciones prescritas","Interfaz: αδ = 0.00",0,"Q",154,1.33332503744588,76.3938973647712,-10.0222151239007,"kN/m","DE"
"interface-alpha-0","Estado biaxial uniforme","Acciones prescritas","Interfaz: αδ = 0.00",0,"Q",155,1.34203958017428,76.8932038834951,-9.68100142654712,"kN/m","DE"
"interface-alpha-0","Estado biaxial uniforme","Acciones prescritas","Interfaz: αδ = 0.00",0,"Q",156,1.35075412290268,77.3925104022191,-9.33684697659955,"kN/m","DE"
"interface-alpha-0","Estado biaxial uniforme","Acciones prescritas","Interfaz: αδ = 0.00",0,"Q",157,1.35946866563109,77.8918169209431,-8.98985631624799,"kN/m","DE"
"interface-alpha-0","Estado biaxial uniforme","Acciones prescritas","Interfaz: αδ = 0.00",0,"Q",158,1.36818320835949,78.3911234396671,-8.64013484922499,"kN/m","DE"
"interface-alpha-0","Estado biaxial uniforme","Acciones prescritas","Interfaz: αδ = 0.00",0,"Q",159,1.3768977510879,78.8904299583911,-8.28778880878738,"kN/m","DE"
"interface-alpha-0","Estado biaxial uniforme","Acciones prescritas","Interfaz: αδ = 0.00",0,"Q",160,1.3856122938163,79.3897364771151,-7.93292522544647,"kN/m","DE"
"interface-alpha-0","Estado biaxial uniforme","Acciones prescritas","Interfaz: αδ = 0.00",0,"Q",161,1.39432683654471,79.8890429958391,-7.57565189445579,"kN/m","DE"
"interface-alpha-0","Estado biaxial uniforme","Acciones prescritas","Interfaz: αδ = 0.00",0,"Q",162,1.40304137927311,80.3883495145631,-7.21607734306662,"kN/m","DE"
"interface-alpha-0","Estado biaxial uniforme","Acciones prescritas","Interfaz: αδ = 0.00",0,"Q",163,1.41175592200152,80.8876560332871,-6.85431079756134,"kN/m","DE"
"interface-alpha-0","Estado biaxial uniforme","Acciones prescritas","Interfaz: αδ = 0.00",0,"Q",164,1.42047046472992,81.3869625520111,-6.490462150074,"kN/m","DE"
"interface-alpha-0","Estado biaxial uniforme","Acciones prescritas","Interfaz: αδ = 0.00",0,"Q",165,1.42918500745832,81.8862690707351,-6.12464192520911,"kN/m","DE"
"interface-alpha-0","Estado biaxial uniforme","Acciones prescritas","Interfaz: αδ = 0.00",0,"Q",166,1.43789955018673,82.3855755894591,-5.75696124646805,"kN/m","DE"
"interface-alpha-0","Estado biaxial uniforme","Acciones prescritas","Interfaz: αδ = 0.00",0,"Q",167,1.44661409291513,82.8848821081831,-5.38753180249362,"kN/m","DE"
"interface-alpha-0","Estado biaxial uniforme","Acciones prescritas","Interfaz: αδ = 0.00",0,"Q",168,1.45532863564354,83.3841886269071,-5.01646581314276,"kN/m","DE"
"interface-alpha-0","Estado biaxial uniforme","Acciones prescritas","Interfaz: αδ = 0.00",0,"Q",169,1.46404317837194,83.8834951456311,-4.64387599539825,"kN/m","DE"
"interface-alpha-0","Estado biaxial uniforme","Acciones prescritas","Interfaz: αδ = 0.00",0,"Q",170,1.47275772110035,84.3828016643551,-4.26987552912904,"kN/m","DE"
"interface-alpha-0","Estado biaxial uniforme","Acciones prescritas","Interfaz: αδ = 0.00",0,"Q",171,1.48147226382875,84.882108183079,-3.89457802271022,"kN/m","DE"
"interface-alpha-0","Estado biaxial uniforme","Acciones prescritas","Interfaz: αδ = 0.00",0,"Q",172,1.49018680655716,85.381414701803,-3.51809747851269,"kN/m","DE"
"interface-alpha-0","Estado biaxial uniforme","Acciones prescritas","Interfaz: αδ = 0.00",0,"Q",173,1.49890134928556,85.880721220527,-3.14054825827332,"kN/m","DE"
"interface-alpha-0","Estado biaxial uniforme","Acciones prescritas","Interfaz: αδ = 0.00",0,"Q",174,1.50761589201396,86.380027739251,-2.76204504835556,"kN/m","DE"
"interface-alpha-0","Estado biaxial uniforme","Acciones prescritas","Interfaz: αδ = 0.00",0,"Q",175,1.51633043474237,86.879334257975,-2.38270282491192,"kN/m","DE"
"interface-alpha-0","Estado biaxial uniforme","Acciones prescritas","Interfaz: αδ = 0.00",0,"Q",176,1.52504497747077,87.378640776699,-2.00263681895814,"kN/m","DE"
"interface-alpha-0","Estado biaxial uniforme","Acciones prescritas","Interfaz: αδ = 0.00",0,"Q",177,1.53375952019918,87.877947295423,-1.62196248136997,"kN/m","DE"
"interface-alpha-0","Estado biaxial uniforme","Acciones prescritas","Interfaz: αδ = 0.00",0,"Q",178,1.54247406292758,88.377253814147,-1.24079544781324,"kN/m","DE"
"interface-alpha-0","Estado biaxial uniforme","Acciones prescritas","Interfaz: αδ = 0.00",0,"Q",179,1.55118860565599,88.876560332871,-0.859251503617739,"kN/m","DE"
"interface-alpha-0","Estado biaxial uniforme","Acciones prescritas","Interfaz: αδ = 0.00",0,"Q",180,1.55990314838439,89.375866851595,-0.477446548605597,"kN/m","DE"
"interface-alpha-0","Estado biaxial uniforme","Acciones prescritas","Interfaz: αδ = 0.00",0,"Q",181,1.5686176911128,89.875173370319,-0.0954965618849851,"kN/m","DE"
"interface-alpha-0","Estado biaxial uniforme","Acciones prescritas","Interfaz: αδ = 0.00",0,"Q",182,1.5707963267949,90,-2.1316282072803e-13,"kN/m","DE"
"interface-alpha-0","Estado biaxial uniforme","Acciones prescritas","Interfaz: αδ = 0.00",0,"Q",183,1.5773322338412,90.374479889043,0.286482433380256,"kN/m","DE"
"interface-alpha-0","Estado biaxial uniforme","Acciones prescritas","Interfaz: αδ = 0.00",0,"Q",184,1.5860467765696,90.873786407767,0.668374405214533,"kN/m","DE"
"interface-alpha-0","Estado biaxial uniforme","Acciones prescritas","Interfaz: αδ = 0.00",0,"Q",185,1.59476131929801,91.373092926491,1.050063348077,"kN/m","DE"
"interface-alpha-0","Estado biaxial uniforme","Acciones prescritas","Interfaz: αδ = 0.00",0,"Q",186,1.60347586202641,91.872399445215,1.43143331809992,"kN/m","DE"
"interface-alpha-0","Estado biaxial uniforme","Acciones prescritas","Interfaz: αδ = 0.00",0,"Q",187,1.61219040475482,92.371705963939,1.81236846830843,"kN/m","DE"
"interface-alpha-0","Estado biaxial uniforme","Acciones prescritas","Interfaz: αδ = 0.00",0,"Q",188,1.62090494748322,92.871012482663,2.19275308381092,"kN/m","DE"
"interface-alpha-0","Estado biaxial uniforme","Acciones prescritas","Interfaz: αδ = 0.00",0,"Q",189,1.62961949021163,93.370319001387,2.57247161694906,"kN/m","DE"
"interface-alpha-0","Estado biaxial uniforme","Acciones prescritas","Interfaz: αδ = 0.00",0,"Q",190,1.63833403294003,93.869625520111,2.95140872239729,"kN/m","DE"
"interface-alpha-0","Estado biaxial uniforme","Acciones prescritas","Interfaz: αδ = 0.00",0,"Q",191,1.64704857566844,94.3689320388349,3.3294492922007,"kN/m","DE"
"interface-alpha-0","Estado biaxial uniforme","Acciones prescritas","Interfaz: αδ = 0.00",0,"Q",192,1.65576311839684,94.868238557559,3.70647849074081,"kN/m","DE"
"interface-alpha-0","Estado biaxial uniforme","Acciones prescritas","Interfaz: αδ = 0.00",0,"Q",193,1.66447766112524,95.367545076283,4.08238178961867,"kN/m","DE"
"interface-alpha-0","Estado biaxial uniforme","Acciones prescritas","Interfaz: αδ = 0.00",0,"Q",194,1.67319220385365,95.8668515950069,4.45704500244462,"kN/m","DE"
"interface-alpha-0","Estado biaxial uniforme","Acciones prescritas","Interfaz: αδ = 0.00",0,"Q",195,1.68190674658205,96.3661581137309,4.83035431952412,"kN/m","DE"
"interface-alpha-0","Estado biaxial uniforme","Acciones prescritas","Interfaz: αδ = 0.00",0,"Q",196,1.69062128931046,96.8654646324549,5.2021963424292,"kN/m","DE"
"interface-alpha-0","Estado biaxial uniforme","Acciones prescritas","Interfaz: αδ = 0.00",0,"Q",197,1.69933583203886,97.3647711511789,5.57245811844509,"kN/m","DE"
"interface-alpha-0","Estado biaxial uniforme","Acciones prescritas","Interfaz: αδ = 0.00",0,"Q",198,1.70805037476727,97.8640776699029,5.94102717488115,"kN/m","DE"
"interface-alpha-0","Estado biaxial uniforme","Acciones prescritas","Interfaz: αδ = 0.00",0,"Q",199,1.71676491749567,98.3633841886269,6.30779155323632,"kN/m","DE"
"interface-alpha-0","Estado biaxial uniforme","Acciones prescritas","Interfaz: αδ = 0.00",0,"Q",200,1.72547946022408,98.8626907073509,6.67263984320809,"kN/m","DE"
"interface-alpha-0","Estado biaxial uniforme","Acciones prescritas","Interfaz: αδ = 0.00",0,"Q",201,1.73419400295248,99.3619972260749,7.03546121653526,"kN/m","DE"
"interface-alpha-0","Estado biaxial uniforme","Acciones prescritas","Interfaz: αδ = 0.00",0,"Q",202,1.74290854568088,99.8613037447989,7.39614546066355,"kN/m","DE"
"interface-alpha-0","Estado biaxial uniforme","Acciones prescritas","Interfaz: αδ = 0.00",0,"Q",203,1.75162308840929,100.360610263523,7.75458301222452,"kN/m","DE"
"interface-alpha-0","Estado biaxial uniforme","Acciones prescritas","Interfaz: αδ = 0.00",0,"Q",204,1.76033763113769,100.859916782247,8.11066499031698,"kN/m","DE"
"interface-alpha-0","Estado biaxial uniforme","Acciones prescritas","Interfaz: αδ = 0.00",0,"Q",205,1.7690521738661,101.359223300971,8.46428322958132,"kN/m","DE"
"interface-alpha-0","Estado biaxial uniforme","Acciones prescritas","Interfaz: αδ = 0.00",0,"Q",206,1.7777667165945,101.858529819695,8.81533031305633,"kN/m","DE"
"interface-alpha-0","Estado biaxial uniforme","Acciones prescritas","Interfaz: αδ = 0.00",0,"Q",207,1.78648125932291,102.357836338419,9.16369960480887,"kN/m","DE"
"interface-alpha-0","Estado biaxial uniforme","Acciones prescritas","Interfaz: αδ = 0.00",0,"Q",208,1.79519580205131,102.857142857143,9.50928528232603,"kN/m","DE"
"interface-alpha-0","Estado biaxial uniforme","Acciones prescritas","Interfaz: αδ = 0.00",0,"Q",209,1.80391034477971,103.356449375867,9.85198236866035,"kN/m","DE"
"interface-alpha-0","Estado biaxial uniforme","Acciones prescritas","Interfaz: αδ = 0.00",0,"Q",210,1.81262488750812,103.855755894591,10.1916867643184,"kN/m","DE"
"interface-alpha-0","Estado biaxial uniforme","Acciones prescritas","Interfaz: αδ = 0.00",0,"Q",211,1.82133943023652,104.355062413315,10.528295278882,"kN/m","DE"
"interface-alpha-0","Estado biaxial uniforme","Acciones prescritas","Interfaz: αδ = 0.00",0,"Q",212,1.83005397296493,104.854368932039,10.8617056623549,"kN/m","DE"
"interface-alpha-0","Estado biaxial uniforme","Acciones prescritas","Interfaz: αδ = 0.00",0,"Q",213,1.83876851569333,105.353675450763,11.1918166362218,"kN/m","DE"
"interface-alpha-0","Estado biaxial uniforme","Acciones prescritas","Interfaz: αδ = 0.00",0,"Q",214,1.84748305842174,105.852981969487,11.5185279242138,"kN/m","DE"
"interface-alpha-0","Estado biaxial uniforme","Acciones prescritas","Interfaz: αδ = 0.00",0,"Q",215,1.85619760115014,106.352288488211,11.8417402827686,"kN/m","DE"
"interface-alpha-0","Estado biaxial uniforme","Acciones prescritas","Interfaz: αδ = 0.00",0,"Q",216,1.86491214387855,106.851595006935,12.1613555311775,"kN/m","DE"
"interface-alpha-0","Estado biaxial uniforme","Acciones prescritas","Interfaz: αδ = 0.00",0,"Q",217,1.87362668660695,107.350901525659,12.4772765814089,"kN/m","DE"
"interface-alpha-0","Estado biaxial uniforme","Acciones prescritas","Interfaz: αδ = 0.00",0,"Q",218,1.88234122933535,107.850208044383,12.7894074676008,"kN/m","DE"
"interface-alpha-0","Estado biaxial uniforme","Acciones prescritas","Interfaz: αδ = 0.00",0,"Q",219,1.89105577206376,108.349514563107,13.0976533752115,"kN/m","DE"
"interface-alpha-0","Estado biaxial uniforme","Acciones prescritas","Interfaz: αδ = 0.00",0,"Q",220,1.89977031479216,108.848821081831,13.4019206698212,"kN/m","DE"
"interface-alpha-0","Estado biaxial uniforme","Acciones prescritas","Interfaz: αδ = 0.00",0,"Q",221,1.90848485752057,109.348127600555,13.7021169255746,"kN/m","DE"
"interface-alpha-0","Estado biaxial uniforme","Acciones prescritas","Interfaz: αδ = 0.00",0,"Q",222,1.91719940024897,109.847434119279,13.998150953257,"kN/m","DE"
"interface-alpha-0","Estado biaxial uniforme","Acciones prescritas","Interfaz: αδ = 0.00",0,"Q",223,1.92591394297738,110.346740638003,14.2899328279943,"kN/m","DE"
"interface-alpha-0","Estado biaxial uniforme","Acciones prescritas","Interfaz: αδ = 0.00",0,"Q",224,1.93462848570578,110.846047156727,14.5773739165689,"kN/m","DE"
"interface-alpha-0","Estado biaxial uniforme","Acciones prescritas","Interfaz: αδ = 0.00",0,"Q",225,1.94334302843419,111.345353675451,14.8603869043438,"kN/m","DE"
"interface-alpha-0","Estado biaxial uniforme","Acciones prescritas","Interfaz: αδ = 0.00",0,"Q",226,1.95205757116259,111.844660194175,15.1388858217852,"kN/m","DE"
"interface-alpha-0","Estado biaxial uniforme","Acciones prescritas","Interfaz: αδ = 0.00",0,"Q",227,1.96077211389099,112.343966712899,15.4127860705776,"kN/m","DE"
"interface-alpha-0","Estado biaxial uniforme","Acciones prescritas","Interfaz: αδ = 0.00",0,"Q",228,1.9694866566194,112.843273231623,15.6820044493215,"kN/m","DE"
"interface-alpha-0","Estado biaxial uniforme","Acciones prescritas","Interfaz: αδ = 0.00",0,"Q",229,1.9782011993478,113.342579750347,15.9464591788072,"kN/m","DE"
"interface-alpha-0","Estado biaxial uniforme","Acciones prescritas","Interfaz: αδ = 0.00",0,"Q",230,1.98691574207621,113.841886269071,16.2060699268565,"kN/m","DE"
"interface-alpha-0","Estado biaxial uniforme","Acciones prescritas","Interfaz: αδ = 0.00",0,"Q",231,1.99563028480461,114.341192787795,16.4607578327249,"kN/m","DE"
"interface-alpha-0","Estado biaxial uniforme","Acciones prescritas","Interfaz: αδ = 0.00",0,"Q",232,2.00434482753302,114.840499306519,16.7104455310564,"kN/m","DE"
"interface-alpha-0","Estado biaxial uniforme","Acciones prescritas","Interfaz: αδ = 0.00",0,"Q",233,2.01305937026142,115.339805825243,16.9550571753851,"kN/m","DE"
"interface-alpha-0","Estado biaxial uniforme","Acciones prescritas","Interfaz: αδ = 0.00",0,"Q",234,2.02177391298983,115.839112343967,17.1945184611741,"kN/m","DE"
"interface-alpha-0","Estado biaxial uniforme","Acciones prescritas","Interfaz: αδ = 0.00",0,"Q",235,2.03048845571823,116.338418862691,17.4287566483867,"kN/m","DE"
"interface-alpha-0","Estado biaxial uniforme","Acciones prescritas","Interfaz: αδ = 0.00",0,"Q",236,2.03920299844663,116.837725381415,17.6577005835827,"kN/m","DE"
"interface-alpha-0","Estado biaxial uniforme","Acciones prescritas","Interfaz: αδ = 0.00",0,"Q",237,2.04791754117504,117.337031900139,17.8812807215322,"kN/m","DE"
"interface-alpha-0","Estado biaxial uniforme","Acciones prescritas","Interfaz: αδ = 0.00",0,"Q",238,2.05663208390344,117.836338418863,18.0994291463406,"kN/m","DE"
"interface-alpha-0","Estado biaxial uniforme","Acciones prescritas","Interfaz: αδ = 0.00",0,"Q",239,2.06534662663185,118.335644937587,18.3120795920798,"kN/m","DE"
"interface-alpha-0","Estado biaxial uniforme","Acciones prescritas","Interfaz: αδ = 0.00",0,"Q",240,2.07406116936025,118.834951456311,18.5191674629169,"kN/m","DE"
"interface-alpha-0","Estado biaxial uniforme","Acciones prescritas","Interfaz: αδ = 0.00",0,"Q",241,2.08277571208866,119.334257975035,18.7206298527363,"kN/m","DE"
"interface-alpha-0","Estado biaxial uniforme","Acciones prescritas","Interfaz: αδ = 0.00",0,"Q",242,2.09149025481706,119.833564493759,18.9164055642489,"kN/m","DE"
"interface-alpha-0","Estado biaxial uniforme","Acciones prescritas","Interfaz: αδ = 0.00",0,"Q",243,2.10020479754546,120.332871012483,19.1064351275809,"kN/m","DE"
"interface-alpha-0","Estado biaxial uniforme","Acciones prescritas","Interfaz: αδ = 0.00",0,"Q",244,2.10891934027387,120.832177531207,19.2906608183393,"kN/m","DE"
"interface-alpha-0","Estado biaxial uniforme","Acciones prescritas","Interfaz: αδ = 0.00",0,"Q",245,2.11763388300227,121.331484049931,19.4690266751463,"kN/m","DE"
"interface-alpha-0","Estado biaxial uniforme","Acciones prescritas","Interfaz: αδ = 0.00",0,"Q",246,2.12634842573068,121.830790568655,19.6414785166386,"kN/m","DE"
"interface-alpha-0","Estado biaxial uniforme","Acciones prescritas","Interfaz: αδ = 0.00",0,"Q",247,2.13506296845908,122.330097087379,19.8079639579257,"kN/m","DE"
"interface-alpha-0","Estado biaxial uniforme","Acciones prescritas","Interfaz: αδ = 0.00",0,"Q",248,2.14377751118749,122.829403606103,19.9684324265024,"kN/m","DE"
"interface-alpha-0","Estado biaxial uniforme","Acciones prescritas","Interfaz: αδ = 0.00",0,"Q",249,2.15249205391589,123.328710124827,20.1228351776115,"kN/m","DE"
"interface-alpha-0","Estado biaxial uniforme","Acciones prescritas","Interfaz: αδ = 0.00",0,"Q",250,2.1612065966443,123.828016643551,20.2711253090502,"kN/m","DE"
"interface-alpha-0","Estado biaxial uniforme","Acciones prescritas","Interfaz: αδ = 0.00",0,"Q",251,2.1699211393727,124.327323162275,20.413257775418,"kN/m","DE"
"interface-alpha-0","Estado biaxial uniforme","Acciones prescritas","Interfaz: αδ = 0.00",0,"Q",252,2.1786356821011,124.826629680999,20.5491894017991,"kN/m","DE"
"interface-alpha-0","Estado biaxial uniforme","Acciones prescritas","Interfaz: αδ = 0.00",0,"Q",253,2.18735022482951,125.325936199723,20.6788788968783,"kN/m","DE"
"interface-alpha-0","Estado biaxial uniforme","Acciones prescritas","Interfaz: αδ = 0.00",0,"Q",254,2.19606476755791,125.825242718447,20.8022868654833,"kN/m","DE"
"interface-alpha-0","Estado biaxial uniforme","Acciones prescritas","Interfaz: αδ = 0.00",0,"Q",255,2.20477931028632,126.324549237171,20.9193758205517,"kN/m","DE"
"interface-alpha-0","Estado biaxial uniforme","Acciones prescritas","Interfaz: αδ = 0.00",0,"Q",256,2.21349385301472,126.823855755895,21.0301101945185,"kN/m","DE"
"interface-alpha-0","Estado biaxial uniforme","Acciones prescritas","Interfaz: αδ = 0.00",0,"Q",257,2.22220839574313,127.323162274619,21.13445635012,"kN/m","DE"
"interface-alpha-0","Estado biaxial uniforme","Acciones prescritas","Interfaz: αδ = 0.00",0,"Q",258,2.23092293847153,127.822468793343,21.2323825906117,"kN/m","DE"
"interface-alpha-0","Estado biaxial uniforme","Acciones prescritas","Interfaz: αδ = 0.00",0,"Q",259,2.23963748119994,128.321775312067,21.323859169397,"kN/m","DE"
"interface-alpha-0","Estado biaxial uniforme","Acciones prescritas","Interfaz: αδ = 0.00",0,"Q",260,2.24835202392834,128.821081830791,21.4088582990627,"kN/m","DE"
"interface-alpha-0","Estado biaxial uniforme","Acciones prescritas","Interfaz: αδ = 0.00",0,"Q",261,2.25706656665674,129.320388349515,21.48735415982,"kN/m","DE"
"interface-alpha-0","Estado biaxial uniforme","Acciones prescritas","Interfaz: αδ = 0.00",0,"Q",262,2.26578110938515,129.819694868239,21.559322907348,"kN/m","DE"
"interface-alpha-0","Estado biaxial uniforme","Acciones prescritas","Interfaz: αδ = 0.00",0,"Q",263,2.27449565211355,130.319001386963,21.6247426800363,"kN/m","DE"
"interface-alpha-0","Estado biaxial uniforme","Acciones prescritas","Interfaz: αδ = 0.00",0,"Q",264,2.28321019484196,130.818307905687,21.683593605626,"kN/m","DE"
"interface-alpha-0","Estado biaxial uniforme","Acciones prescritas","Interfaz: αδ = 0.00",0,"Q",265,2.29192473757036,131.317614424411,21.7358578072463,"kN/m","DE"
"interface-alpha-0","Estado biaxial uniforme","Acciones prescritas","Interfaz: αδ = 0.00",0,"Q",266,2.30063928029877,131.816920943135,21.7815194088448,"kN/m","DE"
"interface-alpha-0","Estado biaxial uniforme","Acciones prescritas","Interfaz: αδ = 0.00",0,"Q",267,2.30935382302717,132.316227461859,21.8205645400099,"kN/m","DE"
"interface-alpha-0","Estado biaxial uniforme","Acciones prescritas","Interfaz: αδ = 0.00",0,"Q",268,2.31806836575558,132.815533980583,21.8529813401846,"kN/m","DE"
"interface-alpha-0","Estado biaxial uniforme","Acciones prescritas","Interfaz: αδ = 0.00",0,"Q",269,2.32678290848398,133.314840499307,21.8787599622687,"kN/m","DE"
"interface-alpha-0","Estado biaxial uniforme","Acciones prescritas","Interfaz: αδ = 0.00",0,"Q",270,2.33549745121238,133.814147018031,21.8978925756107,"kN/m","DE"
"interface-alpha-0","Estado biaxial uniforme","Acciones prescritas","Interfaz: αδ = 0.00",0,"Q",271,2.34421199394079,134.313453536755,21.910373368386,"kN/m","DE"
"interface-alpha-0","Estado biaxial uniforme","Acciones prescritas","Interfaz: αδ = 0.00",0,"Q",272,2.35292653666919,134.812760055478,21.9161985493623,"kN/m","DE"
"interface-alpha-0","Estado biaxial uniforme","Acciones prescritas","Interfaz: αδ = 0.00",0,"Q",273,2.35619449019234,135,21.9166666666659,"kN/m","DE"
"interface-alpha-0","Estado biaxial uniforme","Acciones prescritas","Interfaz: αδ = 0.00",0,"Q",274,2.3616410793976,135.312066574203,21.9153663490517,"kN/m","DE"
"interface-alpha-0","Estado biaxial uniforme","Acciones prescritas","Interfaz: αδ = 0.00",0,"Q",275,2.370355622126,135.811373092926,21.9078770202479,"kN/m","DE"
"interface-alpha-0","Estado biaxial uniforme","Acciones prescritas","Interfaz: αδ = 0.00",0,"Q",276,2.37907016485441,136.31067961165,21.8937328379491,"kN/m","DE"
"interface-alpha-0","Estado biaxial uniforme","Acciones prescritas","Interfaz: αδ = 0.00",0,"Q",277,2.38778470758281,136.809986130374,21.8729380986677,"kN/m","DE"
"interface-alpha-0","Estado biaxial uniforme","Acciones prescritas","Interfaz: αδ = 0.00",0,"Q",278,2.39649925031122,137.309292649098,21.8454991191245,"kN/m","DE"
"interface-alpha-0","Estado biaxial uniforme","Acciones prescritas","Interfaz: αδ = 0.00",0,"Q",279,2.40521379303962,137.808599167822,21.8114242343301,"kN/m","DE"
"interface-alpha-0","Estado biaxial uniforme","Acciones prescritas","Interfaz: αδ = 0.00",0,"Q",280,2.41392833576802,138.307905686546,21.7707237950532,"kN/m","DE"
"interface-alpha-0","Estado biaxial uniforme","Acciones prescritas","Interfaz: αδ = 0.00",0,"Q",281,2.42264287849643,138.80721220527,21.7234101646761,"kN/m","DE"
"interface-alpha-0","Estado biaxial uniforme","Acciones prescritas","Interfaz: αδ = 0.00",0,"Q",282,2.43135742122483,139.306518723994,21.6694977154394,"kN/m","DE"
"interface-alpha-0","Estado biaxial uniforme","Acciones prescritas","Interfaz: αδ = 0.00",0,"Q",283,2.44007196395324,139.805825242718,21.6090028240761,"kN/m","DE"
"interface-alpha-0","Estado biaxial uniforme","Acciones prescritas","Interfaz: αδ = 0.00",0,"Q",284,2.44878650668164,140.305131761442,21.5419438668368,"kN/m","DE"
"interface-alpha-0","Estado biaxial uniforme","Acciones prescritas","Interfaz: αδ = 0.00",0,"Q",285,2.45750104941005,140.804438280166,21.4683412139077,"kN/m","DE"
"interface-alpha-0","Estado biaxial uniforme","Acciones prescritas","Interfaz: αδ = 0.00",0,"Q",286,2.46621559213845,141.30374479889,21.388217223223,"kN/m","DE"
"interface-alpha-0","Estado biaxial uniforme","Acciones prescritas","Interfaz: αδ = 0.00",0,"Q",287,2.47493013486686,141.803051317614,21.3015962336733,"kN/m","DE"
"interface-alpha-0","Estado biaxial uniforme","Acciones prescritas","Interfaz: αδ = 0.00",0,"Q",288,2.48364467759526,142.302357836338,21.208504557712,"kN/m","DE"
"interface-alpha-0","Estado biaxial uniforme","Acciones prescritas","Interfaz: αδ = 0.00",0,"Q",289,2.49235922032366,142.801664355062,21.1089704733627,"kN/m","DE"
"interface-alpha-0","Estado biaxial uniforme","Acciones prescritas","Interfaz: αδ = 0.00",0,"Q",290,2.50107376305207,143.300970873786,21.0030242156295,"kN/m","DE"
"interface-alpha-0","Estado biaxial uniforme","Acciones prescritas","Interfaz: αδ = 0.00",0,"Q",291,2.50978830578047,143.80027739251,20.8906979673123,"kN/m","DE"
"interface-alpha-0","Estado biaxial uniforme","Acciones prescritas","Interfaz: αδ = 0.00",0,"Q",292,2.51850284850888,144.299583911234,20.772025849231,"kN/m","DE"
"interface-alpha-0","Estado biaxial uniforme","Acciones prescritas","Interfaz: αδ = 0.00",0,"Q",293,2.52721739123728,144.798890429958,20.6470439098608,"kN/m","DE"
"interface-alpha-0","Estado biaxial uniforme","Acciones prescritas","Interfaz: αδ = 0.00",0,"Q",294,2.53593193396569,145.298196948682,20.5157901143817,"kN/m","DE"
"interface-alpha-0","Estado biaxial uniforme","Acciones prescritas","Interfaz: αδ = 0.00",0,"Q",295,2.54464647669409,145.797503467406,20.3783043331461,"kN/m","DE"
"interface-alpha-0","Estado biaxial uniforme","Acciones prescritas","Interfaz: αδ = 0.00",0,"Q",296,2.55336101942249,146.29680998613,20.2346283295679,"kN/m","DE"
"interface-alpha-0","Estado biaxial uniforme","Acciones prescritas","Interfaz: αδ = 0.00",0,"Q",297,2.5620755621509,146.796116504854,20.0848057474357,"kN/m","DE"
"interface-alpha-0","Estado biaxial uniforme","Acciones prescritas","Interfaz: αδ = 0.00",0,"Q",298,2.5707901048793,147.295423023578,19.9288820976557,"kN/m","DE"
"interface-alpha-0","Estado biaxial uniforme","Acciones prescritas","Interfaz: αδ = 0.00",0,"Q",299,2.57950464760771,147.794729542302,19.7669047444266,"kN/m","DE"
"interface-alpha-0","Estado biaxial uniforme","Acciones prescritas","Interfaz: αδ = 0.00",0,"Q",300,2.58821919033611,148.294036061026,19.5989228908528,"kN/m","DE"
"interface-alpha-0","Estado biaxial uniforme","Acciones prescritas","Interfaz: αδ = 0.00",0,"Q",301,2.59693373306452,148.79334257975,19.4249875639975,"kN/m","DE"
"interface-alpha-0","Estado biaxial uniforme","Acciones prescritas","Interfaz: αδ = 0.00",0,"Q",302,2.60564827579292,149.292649098474,19.2451515993825,"kN/m","DE"
"interface-alpha-0","Estado biaxial uniforme","Acciones prescritas","Interfaz: αδ = 0.00",0,"Q",303,2.61436281852133,149.791955617198,19.0594696249391,"kN/m","DE"
"interface-alpha-0","Estado biaxial uniforme","Acciones prescritas","Interfaz: αδ = 0.00",0,"Q",304,2.62307736124973,150.291262135922,18.8679980444135,"kN/m","DE"
"interface-alpha-0","Estado biaxial uniforme","Acciones prescritas","Interfaz: αδ = 0.00",0,"Q",305,2.63179190397813,150.790568654646,18.6707950202336,"kN/m","DE"
"interface-alpha-0","Estado biaxial uniforme","Acciones prescritas","Interfaz: αδ = 0.00",0,"Q",306,2.64050644670654,151.28987517337,18.4679204558411,"kN/m","DE"
"interface-alpha-0","Estado biaxial uniforme","Acciones prescritas","Interfaz: αδ = 0.00",0,"Q",307,2.64922098943494,151.789181692094,18.2594359774951,"kN/m","DE"
"interface-alpha-0","Estado biaxial uniforme","Acciones prescritas","Interfaz: αδ = 0.00",0,"Q",308,2.65793553216335,152.288488210818,18.0454049155519,"kN/m","DE"
"interface-alpha-0","Estado biaxial uniforme","Acciones prescritas","Interfaz: αδ = 0.00",0,"Q",309,2.66665007489175,152.787794729542,17.8258922852277,"kN/m","DE"
"interface-alpha-0","Estado biaxial uniforme","Acciones prescritas","Interfaz: αδ = 0.00",0,"Q",310,2.67536461762016,153.287101248266,17.6009647668492,"kN/m","DE"
"interface-alpha-0","Estado biaxial uniforme","Acciones prescritas","Interfaz: αδ = 0.00",0,"Q",311,2.68407916034856,153.78640776699,17.3706906855982,"kN/m","DE"
"interface-alpha-0","Estado biaxial uniforme","Acciones prescritas","Interfaz: αδ = 0.00",0,"Q",312,2.69279370307697,154.285714285714,17.1351399907569,"kN/m","DE"
"interface-alpha-0","Estado biaxial uniforme","Acciones prescritas","Interfaz: αδ = 0.00",0,"Q",313,2.70150824580537,154.785020804438,16.89438423446,"kN/m","DE"
"interface-alpha-0","Estado biaxial uniforme","Acciones prescritas","Interfaz: αδ = 0.00",0,"Q",314,2.71022278853377,155.284327323162,16.6484965499593,"kN/m","DE"
"interface-alpha-0","Estado biaxial uniforme","Acciones prescritas","Interfaz: αδ = 0.00",0,"Q",315,2.71893733126218,155.783633841886,16.3975516294084,"kN/m","DE"
"interface-alpha-0","Estado biaxial uniforme","Acciones prescritas","Interfaz: αδ = 0.00",0,"Q",316,2.72765187399058,156.28294036061,16.1416257011739,"kN/m","DE"
"interface-alpha-0","Estado biaxial uniforme","Acciones prescritas","Interfaz: αδ = 0.00",0,"Q",317,2.73636641671899,156.782246879334,15.88079650668,"kN/m","DE"
"interface-alpha-0","Estado biaxial uniforme","Acciones prescritas","Interfaz: αδ = 0.00",0,"Q",318,2.74508095944739,157.281553398058,15.6151432767929,"kN/m","DE"
"interface-alpha-0","Estado biaxial uniforme","Acciones prescritas","Interfaz: αδ = 0.00",0,"Q",319,2.7537955021758,157.780859916782,15.3447467077538,"kN/m","DE"
"interface-alpha-0","Estado biaxial uniforme","Acciones prescritas","Interfaz: αδ = 0.00",0,"Q",320,2.7625100449042,158.280166435506,15.0696889366657,"kN/m","DE"
"interface-alpha-0","Estado biaxial uniforme","Acciones prescritas","Interfaz: αδ = 0.00",0,"Q",321,2.77122458763261,158.77947295423,14.7900535165432,"kN/m","DE"
"interface-alpha-0","Estado biaxial uniforme","Acciones prescritas","Interfaz: αδ = 0.00",0,"Q",322,2.77993913036101,159.278779472954,14.505925390932,"kN/m","DE"
"interface-alpha-0","Estado biaxial uniforme","Acciones prescritas","Interfaz: αδ = 0.00",0,"Q",323,2.78865367308941,159.778085991678,14.217390868106,"kN/m","DE"
"interface-alpha-0","Estado biaxial uniforme","Acciones prescritas","Interfaz: αδ = 0.00",0,"Q",324,2.79736821581782,160.277392510402,13.9245375948498,"kN/m","DE"
"interface-alpha-0","Estado biaxial uniforme","Acciones prescritas","Interfaz: αδ = 0.00",0,"Q",325,2.80608275854622,160.776699029126,13.6274545298346,"kN/m","DE"
"interface-alpha-0","Estado biaxial uniforme","Acciones prescritas","Interfaz: αδ = 0.00",0,"Q",326,2.81479730127463,161.27600554785,13.3262319165957,"kN/m","DE"
"interface-alpha-0","Estado biaxial uniforme","Acciones prescritas","Interfaz: αδ = 0.00",0,"Q",327,2.82351184400303,161.775312066574,13.0209612561196,"kN/m","DE"
"interface-alpha-0","Estado biaxial uniforme","Acciones prescritas","Interfaz: αδ = 0.00",0,"Q",328,2.83222638673144,162.274618585298,12.7117352790494,"kN/m","DE"
"interface-alpha-0","Estado biaxial uniforme","Acciones prescritas","Interfaz: αδ = 0.00",0,"Q",329,2.84094092945984,162.773925104022,12.3986479175159,"kN/m","DE"
"interface-alpha-0","Estado biaxial uniforme","Acciones prescritas","Interfaz: αδ = 0.00",0,"Q",330,2.84965547218825,163.273231622746,12.081794276605,"kN/m","DE"
"interface-alpha-0","Estado biaxial uniforme","Acciones prescritas","Interfaz: αδ = 0.00",0,"Q",331,2.85837001491665,163.77253814147,11.7612706054674,"kN/m","DE"
"interface-alpha-0","Estado biaxial uniforme","Acciones prescritas","Interfaz: αδ = 0.00",0,"Q",332,2.86708455764505,164.271844660194,11.437174268082,"kN/m","DE"
"interface-alpha-0","Estado biaxial uniforme","Acciones prescritas","Interfaz: αδ = 0.00",0,"Q",333,2.87579910037346,164.771151178918,11.1096037136795,"kN/m","DE"
"interface-alpha-0","Estado biaxial uniforme","Acciones prescritas","Interfaz: αδ = 0.00",0,"Q",334,2.88451364310186,165.270457697642,10.7786584468377,"kN/m","DE"
"interface-alpha-0","Estado biaxial uniforme","Acciones prescritas","Interfaz: αδ = 0.00",0,"Q",335,2.89322818583027,165.769764216366,10.4444389972547,"kN/m","DE"
"interface-alpha-0","Estado biaxial uniforme","Acciones prescritas","Interfaz: αδ = 0.00",0,"Q",336,2.90194272855867,166.26907073509,10.107046889212,"kN/m","DE"
"interface-alpha-0","Estado biaxial uniforme","Acciones prescritas","Interfaz: αδ = 0.00",0,"Q",337,2.91065727128708,166.768377253814,9.76658461073467,"kN/m","DE"
"interface-alpha-0","Estado biaxial uniforme","Acciones prescritas","Interfaz: αδ = 0.00",0,"Q",338,2.91937181401548,167.267683772538,9.42315558245911,"kN/m","DE"
"interface-alpha-0","Estado biaxial uniforme","Acciones prescritas","Interfaz: αδ = 0.00",0,"Q",339,2.92808635674389,167.766990291262,9.07686412621741,"kN/m","DE"
"interface-alpha-0","Estado biaxial uniforme","Acciones prescritas","Interfaz: αδ = 0.00",0,"Q",340,2.93680089947229,168.266296809986,8.72781543334816,"kN/m","DE"
"interface-alpha-0","Estado biaxial uniforme","Acciones prescritas","Interfaz: αδ = 0.00",0,"Q",341,2.94551544220069,168.76560332871,8.3761155327427,"kN/m","DE"
"interface-alpha-0","Estado biaxial uniforme","Acciones prescritas","Interfaz: αδ = 0.00",0,"Q",342,2.9542299849291,169.264909847434,8.02187125863748,"kN/m","DE"
"interface-alpha-0","Estado biaxial uniforme","Acciones prescritas","Interfaz: αδ = 0.00",0,"Q",343,2.9629445276575,169.764216366158,7.66519021816135,"kN/m","DE"
"interface-alpha-0","Estado biaxial uniforme","Acciones prescritas","Interfaz: αδ = 0.00",0,"Q",344,2.97165907038591,170.263522884882,7.30618075864832,"kN/m","DE"
"interface-alpha-0","Estado biaxial uniforme","Acciones prescritas","Interfaz: αδ = 0.00",0,"Q",345,2.98037361311431,170.762829403606,6.94495193472533,"kN/m","DE"
"interface-alpha-0","Estado biaxial uniforme","Acciones prescritas","Interfaz: αδ = 0.00",0,"Q",346,2.98908815584272,171.26213592233,6.58161347518536,"kN/m","DE"
"interface-alpha-0","Estado biaxial uniforme","Acciones prescritas","Interfaz: αδ = 0.00",0,"Q",347,2.99780269857112,171.761442441054,6.21627574965553,"kN/m","DE"
"interface-alpha-0","Estado biaxial uniforme","Acciones prescritas","Interfaz: αδ = 0.00",0,"Q",348,3.00651724129952,172.260748959778,5.84904973507057,"kN/m","DE"
"interface-alpha-0","Estado biaxial uniforme","Acciones prescritas","Interfaz: αδ = 0.00",0,"Q",349,3.01523178402793,172.760055478502,5.4800469819621,"kN/m","DE"
"interface-alpha-0","Estado biaxial uniforme","Acciones prescritas","Interfaz: αδ = 0.00",0,"Q",350,3.02394632675633,173.259361997226,5.10937958057314,"kN/m","DE"
"interface-alpha-0","Estado biaxial uniforme","Acciones prescritas","Interfaz: αδ = 0.00",0,"Q",351,3.03266086948474,173.75866851595,4.7371601268093,"kN/m","DE"
"interface-alpha-0","Estado biaxial uniforme","Acciones prescritas","Interfaz: αδ = 0.00",0,"Q",352,3.04137541221314,174.257975034674,4.36350168803579,"kN/m","DE"
"interface-alpha-0","Estado biaxial uniforme","Acciones prescritas","Interfaz: αδ = 0.00",0,"Q",353,3.05008995494155,174.757281553398,3.98851776873161,"kN/m","DE"
"interface-alpha-0","Estado biaxial uniforme","Acciones prescritas","Interfaz: αδ = 0.00",0,"Q",354,3.05880449766995,175.256588072122,3.61232227601079,"kN/m","DE"
"interface-alpha-0","Estado biaxial uniforme","Acciones prescritas","Interfaz: αδ = 0.00",0,"Q",355,3.06751904039836,175.755894590846,3.2350294850214,"kN/m","DE"
"interface-alpha-0","Estado biaxial uniforme","Acciones prescritas","Interfaz: αδ = 0.00",0,"Q",356,3.07623358312676,176.25520110957,2.85675400423256,"kN/m","DE"
"interface-alpha-0","Estado biaxial uniforme","Acciones prescritas","Interfaz: αδ = 0.00",0,"Q",357,3.08494812585516,176.754507628294,2.47761074062061,"kN/m","DE"
"interface-alpha-0","Estado biaxial uniforme","Acciones prescritas","Interfaz: αδ = 0.00",0,"Q",358,3.09366266858357,177.253814147018,2.09771486476422,"kN/m","DE"
"interface-alpha-0","Estado biaxial uniforme","Acciones prescritas","Interfaz: αδ = 0.00",0,"Q",359,3.10237721131197,177.753120665742,1.71718177585943,"kN/m","DE"
"interface-alpha-0","Estado biaxial uniforme","Acciones prescritas","Interfaz: αδ = 0.00",0,"Q",360,3.11109175404038,178.252427184466,1.33612706666569,"kN/m","DE"
"interface-alpha-0","Estado biaxial uniforme","Acciones prescritas","Interfaz: αδ = 0.00",0,"Q",361,3.11980629676878,178.75173370319,0.954666488392448,"kN/m","DE"
"interface-alpha-0","Estado biaxial uniforme","Acciones prescritas","Interfaz: αδ = 0.00",0,"Q",362,3.12852083949719,179.251040221914,0.572915915538243,"kN/m","DE"
"interface-alpha-0","Estado biaxial uniforme","Acciones prescritas","Interfaz: αδ = 0.00",0,"Q",363,3.13723538222559,179.750346740638,0.190991310691815,"kN/m","DE"
"interface-alpha-0","Estado biaxial uniforme","Acciones prescritas","Interfaz: αδ = 0.00",0,"Q",364,3.14159265358979,180,-6.4966646620825e-13,"kN/m","DE"
"interface-alpha-0","Estado biaxial uniforme","Acciones prescritas","Interfaz: αδ = 0.00",0,"Q",365,3.145949924954,180.249653259362,-0.190991310693114,"kN/m","DE"
"interface-alpha-0","Estado biaxial uniforme","Acciones prescritas","Interfaz: αδ = 0.00",0,"Q",366,3.1546644676824,180.748959778086,-0.572915915539542,"kN/m","DE"
"interface-alpha-0","Estado biaxial uniforme","Acciones prescritas","Interfaz: αδ = 0.00",0,"Q",367,3.1633790104108,181.24826629681,-0.954666488393765,"kN/m","DE"
"interface-alpha-0","Estado biaxial uniforme","Acciones prescritas","Interfaz: αδ = 0.00",0,"Q",368,3.17209355313921,181.747572815534,-1.33612706666697,"kN/m","DE"
"interface-alpha-0","Estado biaxial uniforme","Acciones prescritas","Interfaz: αδ = 0.00",0,"Q",369,3.18080809586761,182.246879334258,-1.71718177586074,"kN/m","DE"
"interface-alpha-0","Estado biaxial uniforme","Acciones prescritas","Interfaz: αδ = 0.00",0,"Q",370,3.18952263859602,182.746185852982,-2.09771486476549,"kN/m","DE"
"interface-alpha-0","Estado biaxial uniforme","Acciones prescritas","Interfaz: αδ = 0.00",0,"Q",371,3.19823718132442,183.245492371706,-2.47761074062193,"kN/m","DE"
"interface-alpha-0","Estado biaxial uniforme","Acciones prescritas","Interfaz: αδ = 0.00",0,"Q",372,3.20695172405283,183.74479889043,-2.85675400423385,"kN/m","DE"
"interface-alpha-0","Estado biaxial uniforme","Acciones prescritas","Interfaz: αδ = 0.00",0,"Q",373,3.21566626678123,184.244105409154,-3.23502948502269,"kN/m","DE"
"interface-alpha-0","Estado biaxial uniforme","Acciones prescritas","Interfaz: αδ = 0.00",0,"Q",374,3.22438080950963,184.743411927878,-3.61232227601208,"kN/m","DE"
"interface-alpha-0","Estado biaxial uniforme","Acciones prescritas","Interfaz: αδ = 0.00",0,"Q",375,3.23309535223804,185.242718446602,-3.9885177687329,"kN/m","DE"
"interface-alpha-0","Estado biaxial uniforme","Acciones prescritas","Interfaz: αδ = 0.00",0,"Q",376,3.24180989496644,185.742024965326,-4.36350168803705,"kN/m","DE"
"interface-alpha-0","Estado biaxial uniforme","Acciones prescritas","Interfaz: αδ = 0.00",0,"Q",377,3.25052443769485,186.24133148405,-4.73716012681057,"kN/m","DE"
"interface-alpha-0","Estado biaxial uniforme","Acciones prescritas","Interfaz: αδ = 0.00",0,"Q",378,3.25923898042325,186.740638002774,-5.10937958057443,"kN/m","DE"
"interface-alpha-0","Estado biaxial uniforme","Acciones prescritas","Interfaz: αδ = 0.00",0,"Q",379,3.26795352315166,187.239944521498,-5.48004698196335,"kN/m","DE"
"interface-alpha-0","Estado biaxial uniforme","Acciones prescritas","Interfaz: αδ = 0.00",0,"Q",380,3.27666806588006,187.739251040222,-5.84904973507186,"kN/m","DE"
"interface-alpha-0","Estado biaxial uniforme","Acciones prescritas","Interfaz: αδ = 0.00",0,"Q",381,3.28538260860847,188.238557558946,-6.21627574965679,"kN/m","DE"
"interface-alpha-0","Estado biaxial uniforme","Acciones prescritas","Interfaz: αδ = 0.00",0,"Q",382,3.29409715133687,188.73786407767,-6.58161347518663,"kN/m","DE"
"interface-alpha-0","Estado biaxial uniforme","Acciones prescritas","Interfaz: αδ = 0.00",0,"Q",383,3.30281169406527,189.237170596394,-6.94495193472658,"kN/m","DE"
"interface-alpha-0","Estado biaxial uniforme","Acciones prescritas","Interfaz: αδ = 0.00",0,"Q",384,3.31152623679368,189.736477115118,-7.30618075864956,"kN/m","DE"
"interface-alpha-0","Estado biaxial uniforme","Acciones prescritas","Interfaz: αδ = 0.00",0,"Q",385,3.32024077952208,190.235783633842,-7.66519021816258,"kN/m","DE"
"interface-alpha-0","Estado biaxial uniforme","Acciones prescritas","Interfaz: αδ = 0.00",0,"Q",386,3.32895532225049,190.735090152566,-8.02187125863872,"kN/m","DE"
"interface-alpha-0","Estado biaxial uniforme","Acciones prescritas","Interfaz: αδ = 0.00",0,"Q",387,3.33766986497889,191.23439667129,-8.37611553274391,"kN/m","DE"
"interface-alpha-0","Estado biaxial uniforme","Acciones prescritas","Interfaz: αδ = 0.00",0,"Q",388,3.3463844077073,191.733703190014,-8.72781543334937,"kN/m","DE"
"interface-alpha-0","Estado biaxial uniforme","Acciones prescritas","Interfaz: αδ = 0.00",0,"Q",389,3.3550989504357,192.233009708738,-9.07686412621866,"kN/m","DE"
"interface-alpha-0","Estado biaxial uniforme","Acciones prescritas","Interfaz: αδ = 0.00",0,"Q",390,3.36381349316411,192.732316227462,-9.42315558246034,"kN/m","DE"
"interface-alpha-0","Estado biaxial uniforme","Acciones prescritas","Interfaz: αδ = 0.00",0,"Q",391,3.37252803589251,193.231622746186,-9.76658461073592,"kN/m","DE"
"interface-alpha-0","Estado biaxial uniforme","Acciones prescritas","Interfaz: αδ = 0.00",0,"Q",392,3.38124257862091,193.73092926491,-10.1070468892133,"kN/m","DE"
"interface-alpha-0","Estado biaxial uniforme","Acciones prescritas","Interfaz: αδ = 0.00",0,"Q",393,3.38995712134932,194.230235783634,-10.444438997256,"kN/m","DE"
"interface-alpha-0","Estado biaxial uniforme","Acciones prescritas","Interfaz: αδ = 0.00",0,"Q",394,3.39867166407772,194.729542302358,-10.7786584468389,"kN/m","DE"
"interface-alpha-0","Estado biaxial uniforme","Acciones prescritas","Interfaz: αδ = 0.00",0,"Q",395,3.40738620680613,195.228848821082,-11.1096037136807,"kN/m","DE"
"interface-alpha-0","Estado biaxial uniforme","Acciones prescritas","Interfaz: αδ = 0.00",0,"Q",396,3.41610074953453,195.728155339806,-11.4371742680831,"kN/m","DE"
"interface-alpha-0","Estado biaxial uniforme","Acciones prescritas","Interfaz: αδ = 0.00",0,"Q",397,3.42481529226294,196.22746185853,-11.7612706054686,"kN/m","DE"
"interface-alpha-0","Estado biaxial uniforme","Acciones prescritas","Interfaz: αδ = 0.00",0,"Q",398,3.43352983499134,196.726768377254,-12.0817942766062,"kN/m","DE"
"interface-alpha-0","Estado biaxial uniforme","Acciones prescritas","Interfaz: αδ = 0.00",0,"Q",399,3.44224437771975,197.226074895978,-12.3986479175171,"kN/m","DE"
"interface-alpha-0","Estado biaxial uniforme","Acciones prescritas","Interfaz: αδ = 0.00",0,"Q",400,3.45095892044815,197.725381414702,-12.7117352790506,"kN/m","DE"
"interface-alpha-0","Estado biaxial uniforme","Acciones prescritas","Interfaz: αδ = 0.00",0,"Q",401,3.45967346317655,198.224687933426,-13.0209612561208,"kN/m","DE"
"interface-alpha-0","Estado biaxial uniforme","Acciones prescritas","Interfaz: αδ = 0.00",0,"Q",402,3.46838800590496,198.72399445215,-13.3262319165969,"kN/m","DE"
"interface-alpha-0","Estado biaxial uniforme","Acciones prescritas","Interfaz: αδ = 0.00",0,"Q",403,3.47710254863336,199.223300970874,-13.6274545298358,"kN/m","DE"
"interface-alpha-0","Estado biaxial uniforme","Acciones prescritas","Interfaz: αδ = 0.00",0,"Q",404,3.48581709136177,199.722607489598,-13.924537594851,"kN/m","DE"
"interface-alpha-0","Estado biaxial uniforme","Acciones prescritas","Interfaz: αδ = 0.00",0,"Q",405,3.49453163409017,200.221914008322,-14.2173908681072,"kN/m","DE"
"interface-alpha-0","Estado biaxial uniforme","Acciones prescritas","Interfaz: αδ = 0.00",0,"Q",406,3.50324617681858,200.721220527046,-14.5059253909331,"kN/m","DE"
"interface-alpha-0","Estado biaxial uniforme","Acciones prescritas","Interfaz: αδ = 0.00",0,"Q",407,3.51196071954698,201.22052704577,-14.7900535165443,"kN/m","DE"
"interface-alpha-0","Estado biaxial uniforme","Acciones prescritas","Interfaz: αδ = 0.00",0,"Q",408,3.52067526227539,201.719833564494,-15.0696889366668,"kN/m","DE"
"interface-alpha-0","Estado biaxial uniforme","Acciones prescritas","Interfaz: αδ = 0.00",0,"Q",409,3.52938980500379,202.219140083218,-15.3447467077549,"kN/m","DE"
"interface-alpha-0","Estado biaxial uniforme","Acciones prescritas","Interfaz: αδ = 0.00",0,"Q",410,3.53810434773219,202.718446601942,-15.615143276794,"kN/m","DE"
"interface-alpha-0","Estado biaxial uniforme","Acciones prescritas","Interfaz: αδ = 0.00",0,"Q",411,3.5468188904606,203.217753120666,-15.8807965066811,"kN/m","DE"
"interface-alpha-0","Estado biaxial uniforme","Acciones prescritas","Interfaz: αδ = 0.00",0,"Q",412,3.555533433189,203.71705963939,-16.141625701175,"kN/m","DE"
"interface-alpha-0","Estado biaxial uniforme","Acciones prescritas","Interfaz: αδ = 0.00",0,"Q",413,3.56424797591741,204.216366158114,-16.3975516294095,"kN/m","DE"
"interface-alpha-0","Estado biaxial uniforme","Acciones prescritas","Interfaz: αδ = 0.00",0,"Q",414,3.57296251864581,204.715672676838,-16.6484965499604,"kN/m","DE"
"interface-alpha-0","Estado biaxial uniforme","Acciones prescritas","Interfaz: αδ = 0.00",0,"Q",415,3.58167706137422,205.214979195562,-16.8943842344611,"kN/m","DE"
"interface-alpha-0","Estado biaxial uniforme","Acciones prescritas","Interfaz: αδ = 0.00",0,"Q",416,3.59039160410262,205.714285714286,-17.135139990758,"kN/m","DE"
"interface-alpha-0","Estado biaxial uniforme","Acciones prescritas","Interfaz: αδ = 0.00",0,"Q",417,3.59910614683103,206.21359223301,-17.3706906855992,"kN/m","DE"
"interface-alpha-0","Estado biaxial uniforme","Acciones prescritas","Interfaz: αδ = 0.00",0,"Q",418,3.60782068955943,206.712898751734,-17.6009647668502,"kN/m","DE"
"interface-alpha-0","Estado biaxial uniforme","Acciones prescritas","Interfaz: αδ = 0.00",0,"Q",419,3.61653523228783,207.212205270458,-17.8258922852288,"kN/m","DE"
"interface-alpha-0","Estado biaxial uniforme","Acciones prescritas","Interfaz: αδ = 0.00",0,"Q",420,3.62524977501624,207.711511789182,-18.045404915553,"kN/m","DE"
"interface-alpha-0","Estado biaxial uniforme","Acciones prescritas","Interfaz: αδ = 0.00",0,"Q",421,3.63396431774464,208.210818307906,-18.2594359774961,"kN/m","DE"
"interface-alpha-0","Estado biaxial uniforme","Acciones prescritas","Interfaz: αδ = 0.00",0,"Q",422,3.64267886047305,208.71012482663,-18.4679204558421,"kN/m","DE"
"interface-alpha-0","Estado biaxial uniforme","Acciones prescritas","Interfaz: αδ = 0.00",0,"Q",423,3.65139340320145,209.209431345354,-18.6707950202346,"kN/m","DE"
"interface-alpha-0","Estado biaxial uniforme","Acciones prescritas","Interfaz: αδ = 0.00",0,"Q",424,3.66010794592986,209.708737864078,-18.8679980444145,"kN/m","DE"
"interface-alpha-0","Estado biaxial uniforme","Acciones prescritas","Interfaz: αδ = 0.00",0,"Q",425,3.66882248865826,210.208044382802,-19.05946962494,"kN/m","DE"
"interface-alpha-0","Estado biaxial uniforme","Acciones prescritas","Interfaz: αδ = 0.00",0,"Q",426,3.67753703138666,210.707350901526,-19.2451515993835,"kN/m","DE"
"interface-alpha-0","Estado biaxial uniforme","Acciones prescritas","Interfaz: αδ = 0.00",0,"Q",427,3.68625157411507,211.20665742025,-19.4249875639984,"kN/m","DE"
"interface-alpha-0","Estado biaxial uniforme","Acciones prescritas","Interfaz: αδ = 0.00",0,"Q",428,3.69496611684347,211.705963938974,-19.5989228908538,"kN/m","DE"
"interface-alpha-0","Estado biaxial uniforme","Acciones prescritas","Interfaz: αδ = 0.00",0,"Q",429,3.70368065957188,212.205270457698,-19.7669047444276,"kN/m","DE"
"interface-alpha-0","Estado biaxial uniforme","Acciones prescritas","Interfaz: αδ = 0.00",0,"Q",430,3.71239520230028,212.704576976422,-19.9288820976566,"kN/m","DE"
"interface-alpha-0","Estado biaxial uniforme","Acciones prescritas","Interfaz: αδ = 0.00",0,"Q",431,3.72110974502869,213.203883495146,-20.0848057474367,"kN/m","DE"
"interface-alpha-0","Estado biaxial uniforme","Acciones prescritas","Interfaz: αδ = 0.00",0,"Q",432,3.72982428775709,213.70319001387,-20.2346283295689,"kN/m","DE"
"interface-alpha-0","Estado biaxial uniforme","Acciones prescritas","Interfaz: αδ = 0.00",0,"Q",433,3.7385388304855,214.202496532594,-20.3783043331471,"kN/m","DE"
"interface-alpha-0","Estado biaxial uniforme","Acciones prescritas","Interfaz: αδ = 0.00",0,"Q",434,3.7472533732139,214.701803051318,-20.5157901143826,"kN/m","DE"
"interface-alpha-0","Estado biaxial uniforme","Acciones prescritas","Interfaz: αδ = 0.00",0,"Q",435,3.7559679159423,215.201109570042,-20.6470439098617,"kN/m","DE"
"interface-alpha-0","Estado biaxial uniforme","Acciones prescritas","Interfaz: αδ = 0.00",0,"Q",436,3.76468245867071,215.700416088766,-20.772025849232,"kN/m","DE"
"interface-alpha-0","Estado biaxial uniforme","Acciones prescritas","Interfaz: αδ = 0.00",0,"Q",437,3.77339700139911,216.19972260749,-20.8906979673132,"kN/m","DE"
"interface-alpha-0","Estado biaxial uniforme","Acciones prescritas","Interfaz: αδ = 0.00",0,"Q",438,3.78211154412752,216.699029126214,-21.0030242156304,"kN/m","DE"
"interface-alpha-0","Estado biaxial uniforme","Acciones prescritas","Interfaz: αδ = 0.00",0,"Q",439,3.79082608685592,217.198335644938,-21.1089704733636,"kN/m","DE"
"interface-alpha-0","Estado biaxial uniforme","Acciones prescritas","Interfaz: αδ = 0.00",0,"Q",440,3.79954062958433,217.697642163662,-21.2085045577129,"kN/m","DE"
"interface-alpha-0","Estado biaxial uniforme","Acciones prescritas","Interfaz: αδ = 0.00",0,"Q",441,3.80825517231273,218.196948682386,-21.3015962336742,"kN/m","DE"
"interface-alpha-0","Estado biaxial uniforme","Acciones prescritas","Interfaz: αδ = 0.00",0,"Q",442,3.81696971504114,218.69625520111,-21.3882172232239,"kN/m","DE"
"interface-alpha-0","Estado biaxial uniforme","Acciones prescritas","Interfaz: αδ = 0.00",0,"Q",443,3.82568425776954,219.195561719834,-21.4683412139085,"kN/m","DE"
"interface-alpha-0","Estado biaxial uniforme","Acciones prescritas","Interfaz: αδ = 0.00",0,"Q",444,3.83439880049794,219.694868238558,-21.5419438668376,"kN/m","DE"
"interface-alpha-0","Estado biaxial uniforme","Acciones prescritas","Interfaz: αδ = 0.00",0,"Q",445,3.84311334322635,220.194174757282,-21.6090028240769,"kN/m","DE"
"interface-alpha-0","Estado biaxial uniforme","Acciones prescritas","Interfaz: αδ = 0.00",0,"Q",446,3.85182788595475,220.693481276006,-21.6694977154402,"kN/m","DE"
"interface-alpha-0","Estado biaxial uniforme","Acciones prescritas","Interfaz: αδ = 0.00",0,"Q",447,3.86054242868316,221.19278779473,-21.7234101646769,"kN/m","DE"
"interface-alpha-0","Estado biaxial uniforme","Acciones prescritas","Interfaz: αδ = 0.00",0,"Q",448,3.86925697141156,221.692094313454,-21.7707237950539,"kN/m","DE"
"interface-alpha-0","Estado biaxial uniforme","Acciones prescritas","Interfaz: αδ = 0.00",0,"Q",449,3.87797151413997,222.191400832178,-21.8114242343308,"kN/m","DE"
"interface-alpha-0","Estado biaxial uniforme","Acciones prescritas","Interfaz: αδ = 0.00",0,"Q",450,3.88668605686837,222.690707350902,-21.8454991191252,"kN/m","DE"
"interface-alpha-0","Estado biaxial uniforme","Acciones prescritas","Interfaz: αδ = 0.00",0,"Q",451,3.89540059959677,223.190013869625,-21.8729380986685,"kN/m","DE"
"interface-alpha-0","Estado biaxial uniforme","Acciones prescritas","Interfaz: αδ = 0.00",0,"Q",452,3.90411514232518,223.68932038835,-21.8937328379499,"kN/m","DE"
"interface-alpha-0","Estado biaxial uniforme","Acciones prescritas","Interfaz: αδ = 0.00",0,"Q",453,3.91282968505358,224.188626907074,-21.9078770202486,"kN/m","DE"
"interface-alpha-0","Estado biaxial uniforme","Acciones prescritas","Interfaz: αδ = 0.00",0,"Q",454,3.92154422778199,224.687933425798,-21.9153663490525,"kN/m","DE"
"interface-alpha-0","Estado biaxial uniforme","Acciones prescritas","Interfaz: αδ = 0.00",0,"Q",455,3.92699081698724,225,-21.9166666666667,"kN/m","DE"
"interface-alpha-0","Estado biaxial uniforme","Acciones prescritas","Interfaz: αδ = 0.00",0,"Q",456,3.93025877051039,225.187239944522,-21.916198549363,"kN/m","DE"
"interface-alpha-0","Estado biaxial uniforme","Acciones prescritas","Interfaz: αδ = 0.00",0,"Q",457,3.9389733132388,225.686546463245,-21.9103733683867,"kN/m","DE"
"interface-alpha-0","Estado biaxial uniforme","Acciones prescritas","Interfaz: αδ = 0.00",0,"Q",458,3.9476878559672,226.18585298197,-21.8978925756114,"kN/m","DE"
"interface-alpha-0","Estado biaxial uniforme","Acciones prescritas","Interfaz: αδ = 0.00",0,"Q",459,3.95640239869561,226.685159500693,-21.8787599622694,"kN/m","DE"
"interface-alpha-0","Estado biaxial uniforme","Acciones prescritas","Interfaz: αδ = 0.00",0,"Q",460,3.96511694142401,227.184466019417,-21.8529813401853,"kN/m","DE"
"interface-alpha-0","Estado biaxial uniforme","Acciones prescritas","Interfaz: αδ = 0.00",0,"Q",461,3.97383148415241,227.683772538141,-21.8205645400106,"kN/m","DE"
"interface-alpha-0","Estado biaxial uniforme","Acciones prescritas","Interfaz: αδ = 0.00",0,"Q",462,3.98254602688082,228.183079056865,-21.7815194088454,"kN/m","DE"
"interface-alpha-0","Estado biaxial uniforme","Acciones prescritas","Interfaz: αδ = 0.00",0,"Q",463,3.99126056960922,228.682385575589,-21.735857807247,"kN/m","DE"
"interface-alpha-0","Estado biaxial uniforme","Acciones prescritas","Interfaz: αδ = 0.00",0,"Q",464,3.99997511233763,229.181692094313,-21.6835936056266,"kN/m","DE"
"interface-alpha-0","Estado biaxial uniforme","Acciones prescritas","Interfaz: αδ = 0.00",0,"Q",465,4.00868965506603,229.680998613037,-21.6247426800369,"kN/m","DE"
"interface-alpha-0","Estado biaxial uniforme","Acciones prescritas","Interfaz: αδ = 0.00",0,"Q",466,4.01740419779444,230.180305131761,-21.5593229073486,"kN/m","DE"
"interface-alpha-0","Estado biaxial uniforme","Acciones prescritas","Interfaz: αδ = 0.00",0,"Q",467,4.02611874052284,230.679611650485,-21.4873541598206,"kN/m","DE"
"interface-alpha-0","Estado biaxial uniforme","Acciones prescritas","Interfaz: αδ = 0.00",0,"Q",468,4.03483328325125,231.178918169209,-21.4088582990633,"kN/m","DE"
"interface-alpha-0","Estado biaxial uniforme","Acciones prescritas","Interfaz: αδ = 0.00",0,"Q",469,4.04354782597965,231.678224687933,-21.3238591693976,"kN/m","DE"
"interface-alpha-0","Estado biaxial uniforme","Acciones prescritas","Interfaz: αδ = 0.00",0,"Q",470,4.05226236870806,232.177531206657,-21.2323825906123,"kN/m","DE"
"interface-alpha-0","Estado biaxial uniforme","Acciones prescritas","Interfaz: αδ = 0.00",0,"Q",471,4.06097691143646,232.676837725381,-21.1344563501205,"kN/m","DE"
"interface-alpha-0","Estado biaxial uniforme","Acciones prescritas","Interfaz: αδ = 0.00",0,"Q",472,4.06969145416486,233.176144244105,-21.030110194519,"kN/m","DE"
"interface-alpha-0","Estado biaxial uniforme","Acciones prescritas","Interfaz: αδ = 0.00",0,"Q",473,4.07840599689327,233.675450762829,-20.9193758205523,"kN/m","DE"
"interface-alpha-0","Estado biaxial uniforme","Acciones prescritas","Interfaz: αδ = 0.00",0,"Q",474,4.08712053962167,234.174757281553,-20.8022868654838,"kN/m","DE"
"interface-alpha-0","Estado biaxial uniforme","Acciones prescritas","Interfaz: αδ = 0.00",0,"Q",475,4.09583508235008,234.674063800277,-20.6788788968788,"kN/m","DE"
"interface-alpha-0","Estado biaxial uniforme","Acciones prescritas","Interfaz: αδ = 0.00",0,"Q",476,4.10454962507848,235.173370319001,-20.5491894017996,"kN/m","DE"
"interface-alpha-0","Estado biaxial uniforme","Acciones prescritas","Interfaz: αδ = 0.00",0,"Q",477,4.11326416780689,235.672676837725,-20.4132577754185,"kN/m","DE"
"interface-alpha-0","Estado biaxial uniforme","Acciones prescritas","Interfaz: αδ = 0.00",0,"Q",478,4.12197871053529,236.171983356449,-20.2711253090507,"kN/m","DE"
"interface-alpha-0","Estado biaxial uniforme","Acciones prescritas","Interfaz: αδ = 0.00",0,"Q",479,4.13069325326369,236.671289875173,-20.1228351776119,"kN/m","DE"
"interface-alpha-0","Estado biaxial uniforme","Acciones prescritas","Interfaz: αδ = 0.00",0,"Q",480,4.1394077959921,237.170596393897,-19.9684324265028,"kN/m","DE"
"interface-alpha-0","Estado biaxial uniforme","Acciones prescritas","Interfaz: αδ = 0.00",0,"Q",481,4.1481223387205,237.669902912621,-19.8079639579261,"kN/m","DE"
"interface-alpha-0","Estado biaxial uniforme","Acciones prescritas","Interfaz: αδ = 0.00",0,"Q",482,4.15683688144891,238.169209431345,-19.641478516639,"kN/m","DE"
"interface-alpha-0","Estado biaxial uniforme","Acciones prescritas","Interfaz: αδ = 0.00",0,"Q",483,4.16555142417731,238.668515950069,-19.4690266751467,"kN/m","DE"
"interface-alpha-0","Estado biaxial uniforme","Acciones prescritas","Interfaz: αδ = 0.00",0,"Q",484,4.17426596690572,239.167822468793,-19.2906608183396,"kN/m","DE"
"interface-alpha-0","Estado biaxial uniforme","Acciones prescritas","Interfaz: αδ = 0.00",0,"Q",485,4.18298050963412,239.667128987517,-19.1064351275812,"kN/m","DE"
"interface-alpha-0","Estado biaxial uniforme","Acciones prescritas","Interfaz: αδ = 0.00",0,"Q",486,4.19169505236253,240.166435506241,-18.9164055642492,"kN/m","DE"
"interface-alpha-0","Estado biaxial uniforme","Acciones prescritas","Interfaz: αδ = 0.00",0,"Q",487,4.20040959509093,240.665742024965,-18.7206298527366,"kN/m","DE"
"interface-alpha-0","Estado biaxial uniforme","Acciones prescritas","Interfaz: αδ = 0.00",0,"Q",488,4.20912413781933,241.165048543689,-18.5191674629171,"kN/m","DE"
"interface-alpha-0","Estado biaxial uniforme","Acciones prescritas","Interfaz: αδ = 0.00",0,"Q",489,4.21783868054774,241.664355062413,-18.3120795920801,"kN/m","DE"
"interface-alpha-0","Estado biaxial uniforme","Acciones prescritas","Interfaz: αδ = 0.00",0,"Q",490,4.22655322327614,242.163661581137,-18.0994291463409,"kN/m","DE"
"interface-alpha-0","Estado biaxial uniforme","Acciones prescritas","Interfaz: αδ = 0.00",0,"Q",491,4.23526776600455,242.662968099861,-17.8812807215324,"kN/m","DE"
"interface-alpha-0","Estado biaxial uniforme","Acciones prescritas","Interfaz: αδ = 0.00",0,"Q",492,4.24398230873295,243.162274618585,-17.657700583583,"kN/m","DE"
"interface-alpha-0","Estado biaxial uniforme","Acciones prescritas","Interfaz: αδ = 0.00",0,"Q",493,4.25269685146136,243.661581137309,-17.4287566483869,"kN/m","DE"
"interface-alpha-0","Estado biaxial uniforme","Acciones prescritas","Interfaz: αδ = 0.00",0,"Q",494,4.26141139418976,244.160887656033,-17.1945184611742,"kN/m","DE"
"interface-alpha-0","Estado biaxial uniforme","Acciones prescritas","Interfaz: αδ = 0.00",0,"Q",495,4.27012593691817,244.660194174757,-16.9550571753853,"kN/m","DE"
"interface-alpha-0","Estado biaxial uniforme","Acciones prescritas","Interfaz: αδ = 0.00",0,"Q",496,4.27884047964657,245.159500693481,-16.7104455310566,"kN/m","DE"
"interface-alpha-0","Estado biaxial uniforme","Acciones prescritas","Interfaz: αδ = 0.00",0,"Q",497,4.28755502237497,245.658807212205,-16.460757832725,"kN/m","DE"
"interface-alpha-0","Estado biaxial uniforme","Acciones prescritas","Interfaz: αδ = 0.00",0,"Q",498,4.29626956510338,246.158113730929,-16.2060699268567,"kN/m","DE"
"interface-alpha-0","Estado biaxial uniforme","Acciones prescritas","Interfaz: αδ = 0.00",0,"Q",499,4.30498410783178,246.657420249653,-15.9464591788073,"kN/m","DE"
"interface-alpha-0","Estado biaxial uniforme","Acciones prescritas","Interfaz: αδ = 0.00",0,"Q",500,4.31369865056019,247.156726768377,-15.6820044493216,"kN/m","DE"
"interface-alpha-0","Estado biaxial uniforme","Acciones prescritas","Interfaz: αδ = 0.00",0,"Q",501,4.32241319328859,247.656033287101,-15.4127860705777,"kN/m","DE"
"interface-alpha-0","Estado biaxial uniforme","Acciones prescritas","Interfaz: αδ = 0.00",0,"Q",502,4.331127736017,248.155339805825,-15.1388858217853,"kN/m","DE"
"interface-alpha-0","Estado biaxial uniforme","Acciones prescritas","Interfaz: αδ = 0.00",0,"Q",503,4.3398422787454,248.654646324549,-14.8603869043438,"kN/m","DE"
"interface-alpha-0","Estado biaxial uniforme","Acciones prescritas","Interfaz: αδ = 0.00",0,"Q",504,4.3485568214738,249.153952843273,-14.577373916569,"kN/m","DE"
"interface-alpha-0","Estado biaxial uniforme","Acciones prescritas","Interfaz: αδ = 0.00",0,"Q",505,4.35727136420221,249.653259361997,-14.2899328279943,"kN/m","DE"
"interface-alpha-0","Estado biaxial uniforme","Acciones prescritas","Interfaz: αδ = 0.00",0,"Q",506,4.36598590693061,250.152565880721,-13.998150953257,"kN/m","DE"
"interface-alpha-0","Estado biaxial uniforme","Acciones prescritas","Interfaz: αδ = 0.00",0,"Q",507,4.37470044965902,250.651872399445,-13.7021169255745,"kN/m","DE"
"interface-alpha-0","Estado biaxial uniforme","Acciones prescritas","Interfaz: αδ = 0.00",0,"Q",508,4.38341499238742,251.151178918169,-13.4019206698212,"kN/m","DE"
"interface-alpha-0","Estado biaxial uniforme","Acciones prescritas","Interfaz: αδ = 0.00",0,"Q",509,4.39212953511583,251.650485436893,-13.0976533752115,"kN/m","DE"
"interface-alpha-0","Estado biaxial uniforme","Acciones prescritas","Interfaz: αδ = 0.00",0,"Q",510,4.40084407784423,252.149791955617,-12.7894074676008,"kN/m","DE"
"interface-alpha-0","Estado biaxial uniforme","Acciones prescritas","Interfaz: αδ = 0.00",0,"Q",511,4.40955862057264,252.649098474341,-12.4772765814089,"kN/m","DE"
"interface-alpha-0","Estado biaxial uniforme","Acciones prescritas","Interfaz: αδ = 0.00",0,"Q",512,4.41827316330104,253.148404993065,-12.1613555311775,"kN/m","DE"
"interface-alpha-0","Estado biaxial uniforme","Acciones prescritas","Interfaz: αδ = 0.00",0,"Q",513,4.42698770602945,253.647711511789,-11.8417402827686,"kN/m","DE"
"interface-alpha-0","Estado biaxial uniforme","Acciones prescritas","Interfaz: αδ = 0.00",0,"Q",514,4.43570224875785,254.147018030513,-11.5185279242138,"kN/m","DE"
"interface-alpha-0","Estado biaxial uniforme","Acciones prescritas","Interfaz: αδ = 0.00",0,"Q",515,4.44441679148625,254.646324549237,-11.1918166362218,"kN/m","DE"
"interface-alpha-0","Estado biaxial uniforme","Acciones prescritas","Interfaz: αδ = 0.00",0,"Q",516,4.45313133421466,255.145631067961,-10.8617056623549,"kN/m","DE"
"interface-alpha-0","Estado biaxial uniforme","Acciones prescritas","Interfaz: αδ = 0.00",0,"Q",517,4.46184587694306,255.644937586685,-10.528295278882,"kN/m","DE"
"interface-alpha-0","Estado biaxial uniforme","Acciones prescritas","Interfaz: αδ = 0.00",0,"Q",518,4.47056041967147,256.144244105409,-10.1916867643183,"kN/m","DE"
"interface-alpha-0","Estado biaxial uniforme","Acciones prescritas","Interfaz: αδ = 0.00",0,"Q",519,4.47927496239987,256.643550624133,-9.85198236866032,"kN/m","DE"
"interface-alpha-0","Estado biaxial uniforme","Acciones prescritas","Interfaz: αδ = 0.00",0,"Q",520,4.48798950512828,257.142857142857,-9.50928528232595,"kN/m","DE"
"interface-alpha-0","Estado biaxial uniforme","Acciones prescritas","Interfaz: αδ = 0.00",0,"Q",521,4.49670404785668,257.642163661581,-9.1636996048088,"kN/m","DE"
"interface-alpha-0","Estado biaxial uniforme","Acciones prescritas","Interfaz: αδ = 0.00",0,"Q",522,4.50541859058508,258.141470180305,-8.81533031305627,"kN/m","DE"
"interface-alpha-0","Estado biaxial uniforme","Acciones prescritas","Interfaz: αδ = 0.00",0,"Q",523,4.51413313331349,258.640776699029,-8.46428322958119,"kN/m","DE"
"interface-alpha-0","Estado biaxial uniforme","Acciones prescritas","Interfaz: αδ = 0.00",0,"Q",524,4.52284767604189,259.140083217753,-8.11066499031678,"kN/m","DE"
"interface-alpha-0","Estado biaxial uniforme","Acciones prescritas","Interfaz: αδ = 0.00",0,"Q",525,4.5315622187703,259.639389736477,-7.75458301222429,"kN/m","DE"
"interface-alpha-0","Estado biaxial uniforme","Acciones prescritas","Interfaz: αδ = 0.00",0,"Q",526,4.5402767614987,260.138696255201,-7.39614546066329,"kN/m","DE"
"interface-alpha-0","Estado biaxial uniforme","Acciones prescritas","Interfaz: αδ = 0.00",0,"Q",527,4.54899130422711,260.638002773925,-7.03546121653498,"kN/m","DE"
"interface-alpha-0","Estado biaxial uniforme","Acciones prescritas","Interfaz: αδ = 0.00",0,"Q",528,4.55770584695551,261.137309292649,-6.67263984320776,"kN/m","DE"
"interface-alpha-0","Estado biaxial uniforme","Acciones prescritas","Interfaz: αδ = 0.00",0,"Q",529,4.56642038968392,261.636615811373,-6.30779155323592,"kN/m","DE"
"interface-alpha-0","Estado biaxial uniforme","Acciones prescritas","Interfaz: αδ = 0.00",0,"Q",530,4.57513493241232,262.135922330097,-5.94102717488077,"kN/m","DE"
"interface-alpha-0","Estado biaxial uniforme","Acciones prescritas","Interfaz: αδ = 0.00",0,"Q",531,4.58384947514072,262.635228848821,-5.57245811844466,"kN/m","DE"
"interface-alpha-0","Estado biaxial uniforme","Acciones prescritas","Interfaz: αδ = 0.00",0,"Q",532,4.59256401786913,263.134535367545,-5.20219634242874,"kN/m","DE"
"interface-alpha-0","Estado biaxial uniforme","Acciones prescritas","Interfaz: αδ = 0.00",0,"Q",533,4.60127856059753,263.633841886269,-4.83035431952358,"kN/m","DE"
"interface-alpha-0","Estado biaxial uniforme","Acciones prescritas","Interfaz: αδ = 0.00",0,"Q",534,4.60999310332594,264.133148404993,-4.45704500244408,"kN/m","DE"
"interface-alpha-0","Estado biaxial uniforme","Acciones prescritas","Interfaz: αδ = 0.00",0,"Q",535,4.61870764605434,264.632454923717,-4.08238178961811,"kN/m","DE"
"interface-alpha-0","Estado biaxial uniforme","Acciones prescritas","Interfaz: αδ = 0.00",0,"Q",536,4.62742218878275,265.131761442441,-3.70647849074025,"kN/m","DE"
"interface-alpha-0","Estado biaxial uniforme","Acciones prescritas","Interfaz: αδ = 0.00",0,"Q",537,4.63613673151115,265.631067961165,-3.32944929220011,"kN/m","DE"
"interface-alpha-0","Estado biaxial uniforme","Acciones prescritas","Interfaz: αδ = 0.00",0,"Q",538,4.64485127423955,266.130374479889,-2.95140872239672,"kN/m","DE"
"interface-alpha-0","Estado biaxial uniforme","Acciones prescritas","Interfaz: αδ = 0.00",0,"Q",539,4.65356581696796,266.629680998613,-2.57247161694844,"kN/m","DE"
"interface-alpha-0","Estado biaxial uniforme","Acciones prescritas","Interfaz: αδ = 0.00",0,"Q",540,4.66228035969636,267.128987517337,-2.19275308381027,"kN/m","DE"
"interface-alpha-0","Estado biaxial uniforme","Acciones prescritas","Interfaz: αδ = 0.00",0,"Q",541,4.67099490242477,267.628294036061,-1.81236846830774,"kN/m","DE"
"interface-alpha-0","Estado biaxial uniforme","Acciones prescritas","Interfaz: αδ = 0.00",0,"Q",542,4.67970944515317,268.127600554785,-1.43143331809927,"kN/m","DE"
"interface-alpha-0","Estado biaxial uniforme","Acciones prescritas","Interfaz: αδ = 0.00",0,"Q",543,4.68842398788158,268.626907073509,-1.05006334807632,"kN/m","DE"
"interface-alpha-0","Estado biaxial uniforme","Acciones prescritas","Interfaz: αδ = 0.00",0,"Q",544,4.69713853060998,269.126213592233,-0.668374405213856,"kN/m","DE"
"interface-alpha-0","Estado biaxial uniforme","Acciones prescritas","Interfaz: αδ = 0.00",0,"Q",545,4.70585307333839,269.625520110957,-0.286482433379562,"kN/m","DE"
"interface-alpha-0","Estado biaxial uniforme","Acciones prescritas","Interfaz: αδ = 0.00",0,"Q",546,4.71238898038469,270,9.2370555648813e-13,"kN/m","DE"
"interface-alpha-0","Estado biaxial uniforme","Acciones prescritas","Interfaz: αδ = 0.00",0,"Q",547,4.71456761606679,270.124826629681,0.0954965618857248,"kN/m","DE"
"interface-alpha-0","Estado biaxial uniforme","Acciones prescritas","Interfaz: αδ = 0.00",0,"Q",548,4.7232821587952,270.624133148405,0.477446548606297,"kN/m","DE"
"interface-alpha-0","Estado biaxial uniforme","Acciones prescritas","Interfaz: αδ = 0.00",0,"Q",549,4.7319967015236,271.123439667129,0.859251503618455,"kN/m","DE"
"interface-alpha-0","Estado biaxial uniforme","Acciones prescritas","Interfaz: αδ = 0.00",0,"Q",550,4.740711244252,271.622746185853,1.240795447814,"kN/m","DE"
"interface-alpha-0","Estado biaxial uniforme","Acciones prescritas","Interfaz: αδ = 0.00",0,"Q",551,4.74942578698041,272.122052704577,1.62196248137072,"kN/m","DE"
"interface-alpha-0","Estado biaxial uniforme","Acciones prescritas","Interfaz: αδ = 0.00",0,"Q",552,4.75814032970881,272.621359223301,2.00263681895891,"kN/m","DE"
"interface-alpha-0","Estado biaxial uniforme","Acciones prescritas","Interfaz: αδ = 0.00",0,"Q",553,4.76685487243722,273.120665742025,2.38270282491265,"kN/m","DE"
"interface-alpha-0","Estado biaxial uniforme","Acciones prescritas","Interfaz: αδ = 0.00",0,"Q",554,4.77556941516562,273.619972260749,2.76204504835629,"kN/m","DE"
"interface-alpha-0","Estado biaxial uniforme","Acciones prescritas","Interfaz: αδ = 0.00",0,"Q",555,4.78428395789403,274.119278779473,3.14054825827403,"kN/m","DE"
"interface-alpha-0","Estado biaxial uniforme","Acciones prescritas","Interfaz: αδ = 0.00",0,"Q",556,4.79299850062243,274.618585298197,3.51809747851344,"kN/m","DE"
"interface-alpha-0","Estado biaxial uniforme","Acciones prescritas","Interfaz: αδ = 0.00",0,"Q",557,4.80171304335083,275.117891816921,3.89457802271093,"kN/m","DE"
"interface-alpha-0","Estado biaxial uniforme","Acciones prescritas","Interfaz: αδ = 0.00",0,"Q",558,4.81042758607924,275.617198335645,4.26987552912978,"kN/m","DE"
"interface-alpha-0","Estado biaxial uniforme","Acciones prescritas","Interfaz: αδ = 0.00",0,"Q",559,4.81914212880764,276.116504854369,4.64387599539903,"kN/m","DE"
"interface-alpha-0","Estado biaxial uniforme","Acciones prescritas","Interfaz: αδ = 0.00",0,"Q",560,4.82785667153605,276.615811373093,5.01646581314354,"kN/m","DE"
"interface-alpha-0","Estado biaxial uniforme","Acciones prescritas","Interfaz: αδ = 0.00",0,"Q",561,4.83657121426445,277.115117891817,5.38753180249445,"kN/m","DE"
"interface-alpha-0","Estado biaxial uniforme","Acciones prescritas","Interfaz: αδ = 0.00",0,"Q",562,4.84528575699286,277.614424410541,5.75696124646891,"kN/m","DE"
"interface-alpha-0","Estado biaxial uniforme","Acciones prescritas","Interfaz: αδ = 0.00",0,"Q",563,4.85400029972126,278.113730929265,6.12464192520998,"kN/m","DE"
"interface-alpha-0","Estado biaxial uniforme","Acciones prescritas","Interfaz: αδ = 0.00",0,"Q",564,4.86271484244967,278.613037447989,6.49046215007481,"kN/m","DE"
"interface-alpha-0","Estado biaxial uniforme","Acciones prescritas","Interfaz: αδ = 0.00",0,"Q",565,4.87142938517807,279.112343966713,6.85431079756219,"kN/m","DE"
"interface-alpha-0","Estado biaxial uniforme","Acciones prescritas","Interfaz: αδ = 0.00",0,"Q",566,4.88014392790647,279.611650485437,7.21607734306745,"kN/m","DE"
"interface-alpha-0","Estado biaxial uniforme","Acciones prescritas","Interfaz: αδ = 0.00",0,"Q",567,4.88885847063488,280.110957004161,7.57565189445664,"kN/m","DE"
"interface-alpha-0","Estado biaxial uniforme","Acciones prescritas","Interfaz: αδ = 0.00",0,"Q",568,4.89757301336328,280.610263522885,7.93292522544733,"kN/m","DE"
"interface-alpha-0","Estado biaxial uniforme","Acciones prescritas","Interfaz: αδ = 0.00",0,"Q",569,4.90628755609169,281.109570041609,8.28778880878831,"kN/m","DE"
"interface-alpha-0","Estado biaxial uniforme","Acciones prescritas","Interfaz: αδ = 0.00",0,"Q",570,4.91500209882009,281.608876560333,8.6401348492259,"kN/m","DE"
"interface-alpha-0","Estado biaxial uniforme","Acciones prescritas","Interfaz: αδ = 0.00",0,"Q",571,4.9237166415485,282.108183079057,8.98985631624896,"kN/m","DE"
"interface-alpha-0","Estado biaxial uniforme","Acciones prescritas","Interfaz: αδ = 0.00",0,"Q",572,4.9324311842769,282.607489597781,9.33684697660052,"kN/m","DE"
"interface-alpha-0","Estado biaxial uniforme","Acciones prescritas","Interfaz: αδ = 0.00",0,"Q",573,4.94114572700531,283.106796116505,9.68100142654811,"kN/m","DE"
"interface-alpha-0","Estado biaxial uniforme","Acciones prescritas","Interfaz: αδ = 0.00",0,"Q",574,4.94986026973371,283.606102635229,10.0222151239017,"kN/m","DE"
"interface-alpha-0","Estado biaxial uniforme","Acciones prescritas","Interfaz: αδ = 0.00",0,"Q",575,4.95857481246211,284.105409153953,10.3603844197698,"kN/m","DE"
"interface-alpha-0","Estado biaxial uniforme","Acciones prescritas","Interfaz: αδ = 0.00",0,"Q",576,4.96728935519052,284.604715672677,10.6954065900447,"kN/m","DE"
"interface-alpha-0","Estado biaxial uniforme","Acciones prescritas","Interfaz: αδ = 0.00",0,"Q",577,4.97600389791892,285.104022191401,11.0271798666062,"kN/m","DE"
"interface-alpha-0","Estado biaxial uniforme","Acciones prescritas","Interfaz: αδ = 0.00",0,"Q",578,4.98471844064733,285.603328710125,11.3556034682353,"kN/m","DE"
"interface-alpha-0","Estado biaxial uniforme","Acciones prescritas","Interfaz: αδ = 0.00",0,"Q",579,4.99343298337573,286.102635228849,11.6805776312285,"kN/m","DE"
"interface-alpha-0","Estado biaxial uniforme","Acciones prescritas","Interfaz: αδ = 0.00",0,"Q",580,5.00214752610414,286.601941747573,12.0020036397018,"kN/m","DE"
"interface-alpha-0","Estado biaxial uniforme","Acciones prescritas","Interfaz: αδ = 0.00",0,"Q",581,5.01086206883254,287.101248266297,12.3197838555775,"kN/m","DE"
"interface-alpha-0","Estado biaxial uniforme","Acciones prescritas","Interfaz: αδ = 0.00",0,"Q",582,5.01957661156095,287.600554785021,12.6338217482436,"kN/m","DE"
"interface-alpha-0","Estado biaxial uniforme","Acciones prescritas","Interfaz: αδ = 0.00",0,"Q",583,5.02829115428935,288.099861303745,12.9440219238759,"kN/m","DE"
"interface-alpha-0","Estado biaxial uniforme","Acciones prescritas","Interfaz: αδ = 0.00",0,"Q",584,5.03700569701775,288.599167822469,13.2502901544156,"kN/m","DE"
"interface-alpha-0","Estado biaxial uniforme","Acciones prescritas","Interfaz: αδ = 0.00",0,"Q",585,5.04572023974616,289.098474341193,13.5525334061927,"kN/m","DE"
"interface-alpha-0","Estado biaxial uniforme","Acciones prescritas","Interfaz: αδ = 0.00",0,"Q",586,5.05443478247456,289.597780859917,13.8506598681859,"kN/m","DE"
"interface-alpha-0","Estado biaxial uniforme","Acciones prescritas","Interfaz: αδ = 0.00",0,"Q",587,5.06314932520297,290.097087378641,14.1445789799121,"kN/m","DE"
"interface-alpha-0","Estado biaxial uniforme","Acciones prescritas","Interfaz: αδ = 0.00",0,"Q",588,5.07186386793137,290.596393897365,14.4342014589354,"kN/m","DE"
"interface-alpha-0","Estado biaxial uniforme","Acciones prescritas","Interfaz: αδ = 0.00",0,"Q",589,5.08057841065978,291.095700416089,14.7194393279877,"kN/m","DE"
"interface-alpha-0","Estado biaxial uniforme","Acciones prescritas","Interfaz: αδ = 0.00",0,"Q",590,5.08929295338818,291.595006934813,15.0002059416937,"kN/m","DE"
"interface-alpha-0","Estado biaxial uniforme","Acciones prescritas","Interfaz: αδ = 0.00",0,"Q",591,5.09800749611659,292.094313453537,15.2764160128902,"kN/m","DE"
"interface-alpha-0","Estado biaxial uniforme","Acciones prescritas","Interfaz: αδ = 0.00",0,"Q",592,5.10672203884499,292.593619972261,15.5479856385337,"kN/m","DE"
"interface-alpha-0","Estado biaxial uniforme","Acciones prescritas","Interfaz: αδ = 0.00",0,"Q",593,5.11543658157339,293.092926490985,15.8148323251874,"kN/m","DE"
"interface-alpha-0","Estado biaxial uniforme","Acciones prescritas","Interfaz: αδ = 0.00",0,"Q",594,5.1241511243018,293.592233009709,16.0768750140793,"kN/m","DE"
"interface-alpha-0","Estado biaxial uniforme","Acciones prescritas","Interfaz: αδ = 0.00",0,"Q",595,5.1328656670302,294.091539528433,16.3340341057256,"kN/m","DE"
"interface-alpha-0","Estado biaxial uniforme","Acciones prescritas","Interfaz: αδ = 0.00",0,"Q",596,5.14158020975861,294.590846047157,16.5862314841099,"kN/m","DE"
"interface-alpha-0","Estado biaxial uniforme","Acciones prescritas","Interfaz: αδ = 0.00",0,"Q",597,5.15029475248701,295.090152565881,16.8333905404122,"kN/m","DE"
"interface-alpha-0","Estado biaxial uniforme","Acciones prescritas","Interfaz: αδ = 0.00",0,"Q",598,5.15900929521542,295.589459084605,17.0754361962804,"kN/m","DE"
"interface-alpha-0","Estado biaxial uniforme","Acciones prescritas","Interfaz: αδ = 0.00",0,"Q",599,5.16772383794382,296.088765603329,17.3122949266357,"kN/m","DE"
"interface-alpha-0","Estado biaxial uniforme","Acciones prescritas","Interfaz: αδ = 0.00",0,"Q",600,5.17643838067223,296.588072122053,17.5438947820078,"kN/m","DE"
"interface-alpha-0","Estado biaxial uniforme","Acciones prescritas","Interfaz: αδ = 0.00",0,"Q",601,5.18515292340063,297.087378640777,17.7701654103902,"kN/m","DE"
"interface-alpha-0","Estado biaxial uniforme","Acciones prescritas","Interfaz: αδ = 0.00",0,"Q",602,5.19386746612903,297.586685159501,17.9910380786108,"kN/m","DE"
"interface-alpha-0","Estado biaxial uniforme","Acciones prescritas","Interfaz: αδ = 0.00",0,"Q",603,5.20258200885744,298.085991678225,18.2064456932106,"kN/m","DE"
"interface-alpha-0","Estado biaxial uniforme","Acciones prescritas","Interfaz: αδ = 0.00",0,"Q",604,5.21129655158584,298.585298196949,18.4163228208244,"kN/m","DE"
"interface-alpha-0","Estado biaxial uniforme","Acciones prescritas","Interfaz: αδ = 0.00",0,"Q",605,5.22001109431425,299.084604715673,18.6206057080573,"kN/m","DE"
"interface-alpha-0","Estado biaxial uniforme","Acciones prescritas","Interfaz: αδ = 0.00",0,"Q",606,5.22872563704265,299.583911234397,18.8192323008505,"kN/m","DE"
"interface-alpha-0","Estado biaxial uniforme","Acciones prescritas","Interfaz: αδ = 0.00",0,"Q",607,5.23744017977106,300.083217753121,19.0121422633317,"kN/m","DE"
"interface-alpha-0","Estado biaxial uniforme","Acciones prescritas","Interfaz: αδ = 0.00",0,"Q",608,5.24615472249946,300.582524271845,19.1992769961423,"kN/m","DE"
"interface-alpha-0","Estado biaxial uniforme","Acciones prescritas","Interfaz: αδ = 0.00",0,"Q",609,5.25486926522786,301.081830790569,19.3805796542385,"kN/m","DE"
"interface-alpha-0","Estado biaxial uniforme","Acciones prescritas","Interfaz: αδ = 0.00",0,"Q",610,5.26358380795627,301.581137309293,19.5559951641584,"kN/m","DE"
"interface-alpha-0","Estado biaxial uniforme","Acciones prescritas","Interfaz: αδ = 0.00",0,"Q",611,5.27229835068467,302.080443828017,19.7254702407518,"kN/m","DE"
"interface-alpha-0","Estado biaxial uniforme","Acciones prescritas","Interfaz: αδ = 0.00",0,"Q",612,5.28101289341308,302.579750346741,19.8889534033662,"kN/m","DE"
"interface-alpha-0","Estado biaxial uniforme","Acciones prescritas","Interfaz: αδ = 0.00",0,"Q",613,5.28972743614148,303.079056865465,20.0463949914846,"kN/m","DE"
"interface-alpha-0","Estado biaxial uniforme","Acciones prescritas","Interfaz: αδ = 0.00",0,"Q",614,5.29844197886989,303.578363384189,20.1977471798111,"kN/m","DE"
"interface-alpha-0","Estado biaxial uniforme","Acciones prescritas","Interfaz: αδ = 0.00",0,"Q",615,5.30715652159829,304.077669902913,20.3429639927982,"kN/m","DE"
"interface-alpha-0","Estado biaxial uniforme","Acciones prescritas","Interfaz: αδ = 0.00",0,"Q",616,5.3158710643267,304.576976421637,20.4820013186128,"kN/m","DE"
"interface-alpha-0","Estado biaxial uniforme","Acciones prescritas","Interfaz: αδ = 0.00",0,"Q",617,5.3245856070551,305.076282940361,20.6148169225357,"kN/m","DE"
"interface-alpha-0","Estado biaxial uniforme","Acciones prescritas","Interfaz: αδ = 0.00",0,"Q",618,5.3333001497835,305.575589459085,20.7413704597912,"kN/m","DE"
"interface-alpha-0","Estado biaxial uniforme","Acciones prescritas","Interfaz: αδ = 0.00",0,"Q",619,5.34201469251191,306.074895977809,20.8616234878021,"kN/m","DE"
"interface-alpha-0","Estado biaxial uniforme","Acciones prescritas","Interfaz: αδ = 0.00",0,"Q",620,5.35072923524031,306.574202496533,20.9755394778679,"kN/m","DE"
"interface-alpha-0","Estado biaxial uniforme","Acciones prescritas","Interfaz: αδ = 0.00",0,"Q",621,5.35944377796872,307.073509015257,21.0830838262601,"kN/m","DE"
"interface-alpha-0","Estado biaxial uniforme","Acciones prescritas","Interfaz: αδ = 0.00",0,"Q",622,5.36815832069712,307.572815533981,21.1842238647343,"kN/m","DE"
"interface-alpha-0","Estado biaxial uniforme","Acciones prescritas","Interfaz: αδ = 0.00",0,"Q",623,5.37687286342553,308.072122052705,21.2789288704533,"kN/m","DE"
"interface-alpha-0","Estado biaxial uniforme","Acciones prescritas","Interfaz: αδ = 0.00",0,"Q",624,5.38558740615393,308.571428571429,21.3671700753197,"kN/m","DE"
"interface-alpha-0","Estado biaxial uniforme","Acciones prescritas","Interfaz: αδ = 0.00",0,"Q",625,5.39430194888234,309.070735090153,21.4489206747149,"kN/m","DE"
"interface-alpha-0","Estado biaxial uniforme","Acciones prescritas","Interfaz: αδ = 0.00",0,"Q",626,5.40301649161074,309.570041608877,21.524155835641,"kN/m","DE"
"interface-alpha-0","Estado biaxial uniforme","Acciones prescritas","Interfaz: αδ = 0.00",0,"Q",627,5.41173103433914,310.069348127601,21.5928527042645,"kN/m","DE"
"interface-alpha-0","Estado biaxial uniforme","Acciones prescritas","Interfaz: αδ = 0.00",0,"Q",628,5.42044557706755,310.568654646325,21.6549904128585,"kN/m","DE"
"interface-alpha-0","Estado biaxial uniforme","Acciones prescritas","Interfaz: αδ = 0.00",0,"Q",629,5.42916011979595,311.067961165049,21.7105500861414,"kN/m","DE"
"interface-alpha-0","Estado biaxial uniforme","Acciones prescritas","Interfaz: αδ = 0.00",0,"Q",630,5.43787466252436,311.567267683773,21.7595148470107,"kN/m","DE"
"interface-alpha-0","Estado biaxial uniforme","Acciones prescritas","Interfaz: αδ = 0.00",0,"Q",631,5.44658920525276,312.066574202496,21.8018698216697,"kN/m","DE"
"interface-alpha-0","Estado biaxial uniforme","Acciones prescritas","Interfaz: αδ = 0.00",0,"Q",632,5.45530374798117,312.565880721221,21.8376021441454,"kN/m","DE"
"interface-alpha-0","Estado biaxial uniforme","Acciones prescritas","Interfaz: αδ = 0.00",0,"Q",633,5.46401829070957,313.065187239944,21.8667009601972,"kN/m","DE"
"interface-alpha-0","Estado biaxial uniforme","Acciones prescritas","Interfaz: αδ = 0.00",0,"Q",634,5.47273283343798,313.564493758669,21.8891574306136,"kN/m","DE"
"interface-alpha-0","Estado biaxial uniforme","Acciones prescritas","Interfaz: αδ = 0.00",0,"Q",635,5.48144737616638,314.063800277393,21.9049647338974,"kN/m","DE"
"interface-alpha-0","Estado biaxial uniforme","Acciones prescritas","Interfaz: αδ = 0.00",0,"Q",636,5.49016191889478,314.563106796117,21.914118068338,"kN/m","DE"
"interface-alpha-0","Estado biaxial uniforme","Acciones prescritas","Interfaz: αδ = 0.00",0,"Q",637,5.49778714378214,315,21.916666666668,"kN/m","DE"
"interface-alpha-0","Estado biaxial uniforme","Acciones prescritas","Interfaz: αδ = 0.00",0,"Q",638,5.49887646162319,315.06241331484,21.9166146534697,"kN/m","DE"
"interface-alpha-0","Estado biaxial uniforme","Acciones prescritas","Interfaz: αδ = 0.00",0,"Q",639,5.50759100435159,315.561719833564,21.9124537309165,"kN/m","DE"
"interface-alpha-0","Estado biaxial uniforme","Acciones prescritas","Interfaz: αδ = 0.00",0,"Q",640,5.51630554708,316.061026352288,21.9016365646224,"kN/m","DE"
"interface-alpha-0","Estado biaxial uniforme","Acciones prescritas","Interfaz: αδ = 0.00",0,"Q",641,5.5250200898084,316.560332871013,21.8841664404675,"kN/m","DE"
"interface-alpha-0","Estado biaxial uniforme","Acciones prescritas","Interfaz: αδ = 0.00",0,"Q",642,5.53373463253681,317.059639389736,21.8600486652698,"kN/m","DE"
"interface-alpha-0","Estado biaxial uniforme","Acciones prescritas","Interfaz: αδ = 0.00",0,"Q",643,5.54244917526521,317.55894590846,21.8292905651732,"kN/m","DE"
"interface-alpha-0","Estado biaxial uniforme","Acciones prescritas","Interfaz: αδ = 0.00",0,"Q",644,5.55116371799361,318.058252427184,21.7919014834223,"kN/m","DE"
"interface-alpha-0","Estado biaxial uniforme","Acciones prescritas","Interfaz: αδ = 0.00",0,"Q",645,5.55987826072202,318.557558945908,21.7478927775237,"kN/m","DE"
"interface-alpha-0","Estado biaxial uniforme","Acciones prescritas","Interfaz: αδ = 0.00",0,"Q",646,5.56859280345042,319.056865464632,21.6972778157965,"kN/m","DE"
"interface-alpha-0","Estado biaxial uniforme","Acciones prescritas","Interfaz: αδ = 0.00",0,"Q",647,5.57730734617883,319.556171983356,21.6400719733114,"kN/m","DE"
"interface-alpha-0","Estado biaxial uniforme","Acciones prescritas","Interfaz: αδ = 0.00",0,"Q",648,5.58602188890723,320.05547850208,21.5762926272198,"kN/m","DE"
"interface-alpha-0","Estado biaxial uniforme","Acciones prescritas","Interfaz: αδ = 0.00",0,"Q",649,5.59473643163564,320.554785020804,21.505959151476,"kN/m","DE"
"interface-alpha-0","Estado biaxial uniforme","Acciones prescritas","Interfaz: αδ = 0.00",0,"Q",650,5.60345097436404,321.054091539528,21.4290929109513,"kN/m","DE"
"interface-alpha-0","Estado biaxial uniforme","Acciones prescritas","Interfaz: αδ = 0.00",0,"Q",651,5.61216551709245,321.553398058252,21.3457172549448,"kN/m","DE"
"interface-alpha-0","Estado biaxial uniforme","Acciones prescritas","Interfaz: αδ = 0.00",0,"Q",652,5.62088005982085,322.052704576976,21.2558575100901,"kN/m","DE"
"interface-alpha-0","Estado biaxial uniforme","Acciones prescritas","Interfaz: αδ = 0.00",0,"Q",653,5.62959460254925,322.5520110957,21.1595409726623,"kN/m","DE"
"interface-alpha-0","Estado biaxial uniforme","Acciones prescritas","Interfaz: αδ = 0.00",0,"Q",654,5.63830914527766,323.051317614424,21.0567969002861,"kN/m","DE"
"interface-alpha-0","Estado biaxial uniforme","Acciones prescritas","Interfaz: αδ = 0.00",0,"Q",655,5.64702368800606,323.550624133148,20.9476565030486,"kN/m","DE"
"interface-alpha-0","Estado biaxial uniforme","Acciones prescritas","Interfaz: αδ = 0.00",0,"Q",656,5.65573823073447,324.049930651872,20.8321529340187,"kN/m","DE"
"interface-alpha-0","Estado biaxial uniforme","Acciones prescritas","Interfaz: αδ = 0.00",0,"Q",657,5.66445277346287,324.549237170596,20.710321279176,"kN/m","DE"
"interface-alpha-0","Estado biaxial uniforme","Acciones prescritas","Interfaz: αδ = 0.00",0,"Q",658,5.67316731619128,325.04854368932,20.5821985467534,"kN/m","DE"
"interface-alpha-0","Estado biaxial uniforme","Acciones prescritas","Interfaz: αδ = 0.00",0,"Q",659,5.68188185891968,325.547850208044,20.4478236559951,"kN/m","DE"
"interface-alpha-0","Estado biaxial uniforme","Acciones prescritas","Interfaz: αδ = 0.00",0,"Q",660,5.69059640164809,326.047156726768,20.307237425334,"kN/m","DE"
"interface-alpha-0","Estado biaxial uniforme","Acciones prescritas","Interfaz: αδ = 0.00",0,"Q",661,5.69931094437649,326.546463245492,20.160482559993,"kN/m","DE"
"interface-alpha-0","Estado biaxial uniforme","Acciones prescritas","Interfaz: αδ = 0.00",0,"Q",662,5.70802548710489,327.045769764216,20.0076036390121,"kN/m","DE"
"interface-alpha-0","Estado biaxial uniforme","Acciones prescritas","Interfaz: αδ = 0.00",0,"Q",663,5.7167400298333,327.54507628294,19.8486471017074,"kN/m","DE"
"interface-alpha-0","Estado biaxial uniforme","Acciones prescritas","Interfaz: αδ = 0.00",0,"Q",664,5.7254545725617,328.044382801664,19.6836612335636,"kN/m","DE"
"interface-alpha-0","Estado biaxial uniforme","Acciones prescritas","Interfaz: αδ = 0.00",0,"Q",665,5.73416911529011,328.543689320388,19.5126961515678,"kN/m","DE"
"interface-alpha-0","Estado biaxial uniforme","Acciones prescritas","Interfaz: αδ = 0.00",0,"Q",666,5.74288365801851,329.042995839112,19.3358037889842,"kN/m","DE"
"interface-alpha-0","Estado biaxial uniforme","Acciones prescritas","Interfaz: αδ = 0.00",0,"Q",667,5.75159820074692,329.542302357836,19.1530378795799,"kN/m","DE"
"interface-alpha-0","Estado biaxial uniforme","Acciones prescritas","Interfaz: αδ = 0.00",0,"Q",668,5.76031274347532,330.04160887656,18.9644539413017,"kN/m","DE"
"interface-alpha-0","Estado biaxial uniforme","Acciones prescritas","Interfaz: αδ = 0.00",0,"Q",669,5.76902728620373,330.540915395284,18.7701092594118,"kN/m","DE"
"interface-alpha-0","Estado biaxial uniforme","Acciones prescritas","Interfaz: αδ = 0.00",0,"Q",670,5.77774182893213,331.040221914008,18.5700628690867,"kN/m","DE"
"interface-alpha-0","Estado biaxial uniforme","Acciones prescritas","Interfaz: αδ = 0.00",0,"Q",671,5.78645637166053,331.539528432732,18.3643755374841,"kN/m","DE"
"interface-alpha-0","Estado biaxial uniforme","Acciones prescritas","Interfaz: αδ = 0.00",0,"Q",672,5.79517091438894,332.038834951456,18.1531097452843,"kN/m","DE"
"interface-alpha-0","Estado biaxial uniforme","Acciones prescritas","Interfaz: αδ = 0.00",0,"Q",673,5.80388545711734,332.53814147018,17.9363296677104,"kN/m","DE"
"interface-alpha-0","Estado biaxial uniforme","Acciones prescritas","Interfaz: αδ = 0.00",0,"Q",674,5.81259999984575,333.037447988904,17.7141011550342,"kN/m","DE"
"interface-alpha-0","Estado biaxial uniforme","Acciones prescritas","Interfaz: αδ = 0.00",0,"Q",675,5.82131454257415,333.536754507628,17.4864917125731,"kN/m","DE"
"interface-alpha-0","Estado biaxial uniforme","Acciones prescritas","Interfaz: αδ = 0.00",0,"Q",676,5.83002908530256,334.036061026352,17.2535704801846,"kN/m","DE"
"interface-alpha-0","Estado biaxial uniforme","Acciones prescritas","Interfaz: αδ = 0.00",0,"Q",677,5.83874362803096,334.535367545076,17.0154082112639,"kN/m","DE"
"interface-alpha-0","Estado biaxial uniforme","Acciones prescritas","Interfaz: αδ = 0.00",0,"Q",678,5.84745817075936,335.0346740638,16.772077251251,"kN/m","DE"
"interface-alpha-0","Estado biaxial uniforme","Acciones prescritas","Interfaz: αδ = 0.00",0,"Q",679,5.85617271348777,335.533980582524,16.5236515156553,"kN/m","DE"
"interface-alpha-0","Estado biaxial uniforme","Acciones prescritas","Interfaz: αδ = 0.00",0,"Q",680,5.86488725621617,336.033287101248,16.2702064676026,"kN/m","DE"
"interface-alpha-0","Estado biaxial uniforme","Acciones prescritas","Interfaz: αδ = 0.00",0,"Q",681,5.87360179894458,336.532593619972,16.0118190949115,"kN/m","DE"
"interface-alpha-0","Estado biaxial uniforme","Acciones prescritas","Interfaz: αδ = 0.00",0,"Q",682,5.88231634167298,337.031900138696,15.7485678867074,"kN/m","DE"
"interface-alpha-0","Estado biaxial uniforme","Acciones prescritas","Interfaz: αδ = 0.00",0,"Q",683,5.89103088440139,337.53120665742,15.4805328095806,"kN/m","DE"
"interface-alpha-0","Estado biaxial uniforme","Acciones prescritas","Interfaz: αδ = 0.00",0,"Q",684,5.89974542712979,338.030513176144,15.2077952832948,"kN/m","DE"
"interface-alpha-0","Estado biaxial uniforme","Acciones prescritas","Interfaz: αδ = 0.00",0,"Q",685,5.9084599698582,338.529819694868,14.9304381560546,"kN/m","DE"
"interface-alpha-0","Estado biaxial uniforme","Acciones prescritas","Interfaz: αδ = 0.00",0,"Q",686,5.9171745125866,339.029126213592,14.6485456793394,"kN/m","DE"
"interface-alpha-0","Estado biaxial uniforme","Acciones prescritas","Interfaz: αδ = 0.00",0,"Q",687,5.925889055315,339.528432732316,14.3622034823104,"kN/m","DE"
"interface-alpha-0","Estado biaxial uniforme","Acciones prescritas","Interfaz: αδ = 0.00",0,"Q",688,5.93460359804341,340.02773925104,14.0714985457996,"kN/m","DE"
"interface-alpha-0","Estado biaxial uniforme","Acciones prescritas","Interfaz: αδ = 0.00",0,"Q",689,5.94331814077181,340.527045769764,13.776519175888,"kN/m","DE"
"interface-alpha-0","Estado biaxial uniforme","Acciones prescritas","Interfaz: αδ = 0.00",0,"Q",690,5.95203268350022,341.026352288488,13.4773549770813,"kN/m","DE"
"interface-alpha-0","Estado biaxial uniforme","Acciones prescritas","Interfaz: αδ = 0.00",0,"Q",691,5.96074722622862,341.525658807212,13.1740968250912,"kN/m","DE"
"interface-alpha-0","Estado biaxial uniforme","Acciones prescritas","Interfaz: αδ = 0.00",0,"Q",692,5.96946176895703,342.024965325936,12.8668368392301,"kN/m","DE"
"interface-alpha-0","Estado biaxial uniforme","Acciones prescritas","Interfaz: αδ = 0.00",0,"Q",693,5.97817631168543,342.52427184466,12.5556683544292,"kN/m","DE"
"interface-alpha-0","Estado biaxial uniforme","Acciones prescritas","Interfaz: αδ = 0.00",0,"Q",694,5.98689085441384,343.023578363384,12.240685892886,"kN/m","DE"
"interface-alpha-0","Estado biaxial uniforme","Acciones prescritas","Interfaz: αδ = 0.00",0,"Q",695,5.99560539714224,343.522884882108,11.921985135352,"kN/m","DE"
"interface-alpha-0","Estado biaxial uniforme","Acciones prescritas","Interfaz: αδ = 0.00",0,"Q",696,6.00431993987064,344.022191400832,11.5996628920678,"kN/m","DE"
"interface-alpha-0","Estado biaxial uniforme","Acciones prescritas","Interfaz: αδ = 0.00",0,"Q",697,6.01303448259905,344.521497919556,11.273817073356,"kN/m","DE"
"interface-alpha-0","Estado biaxial uniforme","Acciones prescritas","Interfaz: αδ = 0.00",0,"Q",698,6.02174902532745,345.02080443828,10.9445466598795,"kN/m","DE"
"interface-alpha-0","Estado biaxial uniforme","Acciones prescritas","Interfaz: αδ = 0.00",0,"Q",699,6.03046356805586,345.520110957004,10.6119516725741,"kN/m","DE"
"interface-alpha-0","Estado biaxial uniforme","Acciones prescritas","Interfaz: αδ = 0.00",0,"Q",700,6.03917811078426,346.019417475728,10.2761331422659,"kN/m","DE"
"interface-alpha-0","Estado biaxial uniforme","Acciones prescritas","Interfaz: αδ = 0.00",0,"Q",701,6.04789265351267,346.518723994452,9.93719307898146,"kN/m","DE"
"interface-alpha-0","Estado biaxial uniforme","Acciones prescritas","Interfaz: αδ = 0.00",0,"Q",702,6.05660719624107,347.018030513176,9.59523444096117,"kN/m","DE"
"interface-alpha-0","Estado biaxial uniforme","Acciones prescritas","Interfaz: αδ = 0.00",0,"Q",703,6.06532173896948,347.5173370319,9.25036110338348,"kN/m","DE"
"interface-alpha-0","Estado biaxial uniforme","Acciones prescritas","Interfaz: αδ = 0.00",0,"Q",704,6.07403628169788,348.016643550624,8.90267782681168,"kN/m","DE"
"interface-alpha-0","Estado biaxial uniforme","Acciones prescritas","Interfaz: αδ = 0.00",0,"Q",705,6.08275082442628,348.515950069348,8.55229022537107,"kN/m","DE"
"interface-alpha-0","Estado biaxial uniforme","Acciones prescritas","Interfaz: αδ = 0.00",0,"Q",706,6.09146536715469,349.015256588072,8.19930473466698,"kN/m","DE"
"interface-alpha-0","Estado biaxial uniforme","Acciones prescritas","Interfaz: αδ = 0.00",0,"Q",707,6.10017990988309,349.514563106796,7.8438285794536,"kN/m","DE"
"interface-alpha-0","Estado biaxial uniforme","Acciones prescritas","Interfaz: αδ = 0.00",0,"Q",708,6.1088944526115,350.01386962552,7.48596974106249,"kN/m","DE"
"interface-alpha-0","Estado biaxial uniforme","Acciones prescritas","Interfaz: αδ = 0.00",0,"Q",709,6.1176089953399,350.513176144244,7.12583692460187,"kN/m","DE"
"interface-alpha-0","Estado biaxial uniforme","Acciones prescritas","Interfaz: αδ = 0.00",0,"Q",710,6.12632353806831,351.012482662968,6.76353952593563,"kN/m","DE"
"interface-alpha-0","Estado biaxial uniforme","Acciones prescritas","Interfaz: αδ = 0.00",0,"Q",711,6.13503808079671,351.511789181692,6.39918759845263,"kN/m","DE"
"interface-alpha-0","Estado biaxial uniforme","Acciones prescritas","Interfaz: αδ = 0.00",0,"Q",712,6.14375262352512,352.011095700416,6.03289181963635,"kN/m","DE"
"interface-alpha-0","Estado biaxial uniforme","Acciones prescritas","Interfaz: αδ = 0.00",0,"Q",713,6.15246716625352,352.51040221914,5.66476345744507,"kN/m","DE"
"interface-alpha-0","Estado biaxial uniforme","Acciones prescritas","Interfaz: αδ = 0.00",0,"Q",714,6.16118170898192,353.009708737864,5.2949143365122,"kN/m","DE"
"interface-alpha-0","Estado biaxial uniforme","Acciones prescritas","Interfaz: αδ = 0.00",0,"Q",715,6.16989625171033,353.509015256588,4.92345680417797,"kN/m","DE"
"interface-alpha-0","Estado biaxial uniforme","Acciones prescritas","Interfaz: αδ = 0.00",0,"Q",716,6.17861079443873,354.008321775312,4.55050369636245,"kN/m","DE"
"interface-alpha-0","Estado biaxial uniforme","Acciones prescritas","Interfaz: αδ = 0.00",0,"Q",717,6.18732533716714,354.507628294036,4.17616830328949,"kN/m","DE"
"interface-alpha-0","Estado biaxial uniforme","Acciones prescritas","Interfaz: αδ = 0.00",0,"Q",718,6.19603987989554,355.00693481276,3.80056433507331,"kN/m","DE"
"interface-alpha-0","Estado biaxial uniforme","Acciones prescritas","Interfaz: αδ = 0.00",0,"Q",719,6.20475442262395,355.506241331484,3.42380588717724,"kN/m","DE"
"interface-alpha-0","Estado biaxial uniforme","Acciones prescritas","Interfaz: αδ = 0.00",0,"Q",720,6.21346896535235,356.005547850208,3.04600740575573,"kN/m","DE"
"interface-alpha-0","Estado biaxial uniforme","Acciones prescritas","Interfaz: αδ = 0.00",0,"Q",721,6.22218350808075,356.504854368932,2.66728365288912,"kN/m","DE"
"interface-alpha-0","Estado biaxial uniforme","Acciones prescritas","Interfaz: αδ = 0.00",0,"Q",722,6.23089805080916,357.004160887656,2.28774967172314,"kN/m","DE"
"interface-alpha-0","Estado biaxial uniforme","Acciones prescritas","Interfaz: αδ = 0.00",0,"Q",723,6.23961259353756,357.50346740638,1.90752075152302,"kN/m","DE"
"interface-alpha-0","Estado biaxial uniforme","Acciones prescritas","Interfaz: αδ = 0.00",0,"Q",724,6.24832713626597,358.002773925104,1.5267123926521,"kN/m","DE"
"interface-alpha-0","Estado biaxial uniforme","Acciones prescritas","Interfaz: αδ = 0.00",0,"Q",725,6.25704167899437,358.502080443828,1.14544027148729,"kN/m","DE"
"interface-alpha-0","Estado biaxial uniforme","Acciones prescritas","Interfaz: αδ = 0.00",0,"Q",726,6.26575622172278,359.001386962552,0.763820205280262,"kN/m","DE"
"interface-alpha-0","Estado biaxial uniforme","Acciones prescritas","Interfaz: αδ = 0.00",0,"Q",727,6.27447076445118,359.500693481276,0.381968116976441,"kN/m","DE"
