"case","prescription","interfaceFrictionCoefficient","component","thetaIndex","theta","thetaDeg","value","unit","evidenceLevel"
"interface-alpha-1","Interfaz: αδ = 1.00",1,"P_r",0,0,0,-100,"kPa","DE"
"interface-alpha-1","Interfaz: αδ = 1.00",1,"P_r",1,0.00871454272840442,0.499306518723994,-99.9962029333737,"kPa","DE"
"interface-alpha-1","Interfaz: αδ = 1.00",1,"P_r",2,0.0174290854568088,0.998613037447989,-99.9848128869121,"kPa","DE"
"interface-alpha-1","Interfaz: αδ = 1.00",1,"P_r",3,0.0261436281852133,1.49791955617198,-99.9658333205164,"kPa","DE"
"interface-alpha-1","Interfaz: αδ = 1.00",1,"P_r",4,0.0348581709136177,1.99722607489598,-99.9392699995208,"kPa","DE"
"interface-alpha-1","Interfaz: αδ = 1.00",1,"P_r",5,0.0435727136420221,2.49653259361997,-99.9051309929414,"kPa","DE"
"interface-alpha-1","Interfaz: αδ = 1.00",1,"P_r",6,0.0522872563704265,2.99583911234397,-99.8634266710246,"kPa","DE"
"interface-alpha-1","Interfaz: αδ = 1.00",1,"P_r",7,0.0610017990988309,3.49514563106796,-99.8141697020977,"kPa","DE"
"interface-alpha-1","Interfaz: αδ = 1.00",1,"P_r",8,0.0697163418272354,3.99445214979196,-99.75737504872,"kPa","DE"
"interface-alpha-1","Interfaz: αδ = 1.00",1,"P_r",9,0.0784308845556398,4.49375866851595,-99.6930599631382,"kPa","DE"
"interface-alpha-1","Interfaz: αδ = 1.00",1,"P_r",10,0.0871454272840442,4.99306518723994,-99.6212439820455,"kPa","DE"
"interface-alpha-1","Interfaz: αδ = 1.00",1,"P_r",11,0.0958599700124486,5.49237170596394,-99.5419489206471,"kPa","DE"
"interface-alpha-1","Interfaz: αδ = 1.00",1,"P_r",12,0.104574512740853,5.99167822468793,-99.4551988660335,"kPa","DE"
"interface-alpha-1","Interfaz: αδ = 1.00",1,"P_r",13,0.113289055469257,6.49098474341193,-99.3610201698636,"kPa","DE"
"interface-alpha-1","Interfaz: αδ = 1.00",1,"P_r",14,0.122003598197662,6.99029126213592,-99.2594414403603,"kPa","DE"
"interface-alpha-1","Interfaz: αδ = 1.00",1,"P_r",15,0.130718140926066,7.48959778085992,-99.1504935336197,"kPa","DE"
"interface-alpha-1","Interfaz: αδ = 1.00",1,"P_r",16,0.139432683654471,7.98890429958391,-99.0342095442388,"kPa","DE"
"interface-alpha-1","Interfaz: αδ = 1.00",1,"P_r",17,0.148147226382875,8.4882108183079,-98.9106247952619,"kPa","DE"
"interface-alpha-1","Interfaz: αδ = 1.00",1,"P_r",18,0.15686176911128,8.9875173370319,-98.7797768274512,"kPa","DE"
"interface-alpha-1","Interfaz: αδ = 1.00",1,"P_r",19,0.165576311839684,9.4868238557559,-98.6417053878828,"kPa","DE"
"interface-alpha-1","Interfaz: αδ = 1.00",1,"P_r",20,0.174290854568088,9.98613037447989,-98.4964524178731,"kPa","DE"
"interface-alpha-1","Interfaz: αδ = 1.00",1,"P_r",21,0.183005397296493,10.4854368932039,-98.3440620402384,"kPa","DE"
"interface-alpha-1","Interfaz: αδ = 1.00",1,"P_r",22,0.191719940024897,10.9847434119279,-98.1845805458922,"kPa","DE"
"interface-alpha-1","Interfaz: αδ = 1.00",1,"P_r",23,0.200434482753302,11.4840499306519,-98.0180563797832,"kPa","DE"
"interface-alpha-1","Interfaz: αδ = 1.00",1,"P_r",24,0.209149025481706,11.9833564493759,-97.8445401261797,"kPa","DE"
"interface-alpha-1","Interfaz: αδ = 1.00",1,"P_r",25,0.21786356821011,12.4826629680999,-97.6640844933037,"kPa","DE"
"interface-alpha-1","Interfaz: αδ = 1.00",1,"P_r",26,0.226578110938515,12.9819694868239,-97.4767442973202,"kPa","DE"
"interface-alpha-1","Interfaz: αδ = 1.00",1,"P_r",27,0.235292653666919,13.4812760055479,-97.2825764456856,"kPa","DE"
"interface-alpha-1","Interfaz: αδ = 1.00",1,"P_r",28,0.244007196395324,13.9805825242718,-97.0816399198615,"kPa","DE"
"interface-alpha-1","Interfaz: αδ = 1.00",1,"P_r",29,0.252721739123728,14.4798890429958,-96.873995757398,"kPa","DE"
"interface-alpha-1","Interfaz: αδ = 1.00",1,"P_r",30,0.261436281852133,14.9791955617198,-96.6597070333926,"kPa","DE"
"interface-alpha-1","Interfaz: αδ = 1.00",1,"P_r",31,0.270150824580537,15.4785020804438,-96.4388388413302,"kPa","DE"
"interface-alpha-1","Interfaz: αδ = 1.00",1,"P_r",32,0.278865367308941,15.9778085991678,-96.2114582733103,"kPa","DE"
"interface-alpha-1","Interfaz: αδ = 1.00",1,"P_r",33,0.287579910037346,16.4771151178918,-95.977634399666,"kPa","DE"
"interface-alpha-1","Interfaz: αδ = 1.00",1,"P_r",34,0.29629445276575,16.9764216366158,-95.7374382479836,"kPa","DE"
"interface-alpha-1","Interfaz: αδ = 1.00",1,"P_r",35,0.305008995494155,17.4757281553398,-95.4909427815263,"kPa","DE"
"interface-alpha-1","Interfaz: αδ = 1.00",1,"P_r",36,0.313723538222559,17.9750346740638,-95.2382228770709,"kPa","DE"
"interface-alpha-1","Interfaz: αδ = 1.00",1,"P_r",37,0.322438080950964,18.4743411927878,-94.9793553021626,"kPa","DE"
"interface-alpha-1","Interfaz: αδ = 1.00",1,"P_r",38,0.331152623679368,18.9736477115118,-94.7144186917957,"kPa","DE"
"interface-alpha-1","Interfaz: αδ = 1.00",1,"P_r",39,0.339867166407772,19.4729542302358,-94.4434935245272,"kPa","DE"
"interface-alpha-1","Interfaz: αδ = 1.00",1,"P_r",40,0.348581709136177,19.9722607489598,-94.1666620980298,"kPa","DE"
"interface-alpha-1","Interfaz: αδ = 1.00",1,"P_r",41,0.357296251864581,20.4715672676838,-93.8840085040933,"kPa","DE"
"interface-alpha-1","Interfaz: αδ = 1.00",1,"P_r",42,0.366010794592986,20.9708737864078,-93.5956186030799,"kPa","DE"
"interface-alpha-1","Interfaz: αδ = 1.00",1,"P_r",43,0.37472533732139,21.4701803051318,-93.3015799978431,"kPa","DE"
"interface-alpha-1","Interfaz: αδ = 1.00",1,"P_r",44,0.383439880049794,21.9694868238558,-93.0019820071169,"kPa","DE"
"interface-alpha-1","Interfaz: αδ = 1.00",1,"P_r",45,0.392154422778199,22.4687933425798,-92.6969156383838,"kPa","DE"
"interface-alpha-1","Interfaz: αδ = 1.00",1,"P_r",46,0.400868965506603,22.9680998613037,-92.3864735602301,"kPa","DE"
"interface-alpha-1","Interfaz: αδ = 1.00",1,"P_r",47,0.409583508235008,23.4674063800277,-92.070750074196,"kPa","DE"
"interface-alpha-1","Interfaz: αδ = 1.00",1,"P_r",48,0.418298050963412,23.9667128987517,-91.7498410861306,"kPa","DE"
"interface-alpha-1","Interfaz: αδ = 1.00",1,"P_r",49,0.427012593691816,24.4660194174757,-91.4238440770585,"kPa","DE"
"interface-alpha-1","Interfaz: αδ = 1.00",1,"P_r",50,0.435727136420221,24.9653259361997,-91.0928580735687,"kPa","DE"
"interface-alpha-1","Interfaz: αδ = 1.00",1,"P_r",51,0.444441679148625,25.4646324549237,-90.756983617734,"kPa","DE"
"interface-alpha-1","Interfaz: αδ = 1.00",1,"P_r",52,0.45315622187703,25.9639389736477,-90.4163227365693,"kPa","DE"
"interface-alpha-1","Interfaz: αδ = 1.00",1,"P_r",53,0.461870764605434,26.4632454923717,-90.0709789110395,"kPa","DE"
"interface-alpha-1","Interfaz: αδ = 1.00",1,"P_r",54,0.470585307333839,26.9625520110957,-89.7210570446259,"kPa","DE"
"interface-alpha-1","Interfaz: αδ = 1.00",1,"P_r",55,0.479299850062243,27.4618585298197,-89.3666634314597,"kPa","DE"
"interface-alpha-1","Interfaz: αδ = 1.00",1,"P_r",56,0.488014392790647,27.9611650485437,-89.0079057240337,"kPa","DE"
"interface-alpha-1","Interfaz: αδ = 1.00",1,"P_r",57,0.496728935519052,28.4604715672677,-88.6448929005015,"kPa","DE"
"interface-alpha-1","Interfaz: αδ = 1.00",1,"P_r",58,0.505443478247456,28.9597780859917,-88.2777352315732,"kPa","DE"
"interface-alpha-1","Interfaz: αδ = 1.00",1,"P_r",59,0.514158020975861,29.4590846047157,-87.9065442470192,"kPa","DE"
"interface-alpha-1","Interfaz: αδ = 1.00",1,"P_r",60,0.522872563704265,29.9583911234397,-87.5314327017916,"kPa","DE"
"interface-alpha-1","Interfaz: αδ = 1.00",1,"P_r",61,0.53158710643267,30.4576976421637,-87.1525145417727,"kPa","DE"
"interface-alpha-1","Interfaz: αδ = 1.00",1,"P_r",62,0.540301649161074,30.9570041608877,-86.7699048691624,"kPa","DE"
"interface-alpha-1","Interfaz: αδ = 1.00",1,"P_r",63,0.549016191889478,31.4563106796117,-86.3837199075143,"kPa","DE"
"interface-alpha-1","Interfaz: αδ = 1.00",1,"P_r",64,0.557730734617883,31.9556171983356,-85.9940769664307,"kPa","DE"
"interface-alpha-1","Interfaz: αδ = 1.00",1,"P_r",65,0.566445277346287,32.4549237170596,-85.6010944059282,"kPa","DE"
"interface-alpha-1","Interfaz: αδ = 1.00",1,"P_r",66,0.575159820074692,32.9542302357836,-85.2048916004841,"kPa","DE"
"interface-alpha-1","Interfaz: αδ = 1.00",1,"P_r",67,0.583874362803096,33.4535367545076,-84.8055889027743,"kPa","DE"
"interface-alpha-1","Interfaz: αδ = 1.00",1,"P_r",68,0.592588905531501,33.9528432732316,-84.4033076071146,"kPa","DE"
"interface-alpha-1","Interfaz: αδ = 1.00",1,"P_r",69,0.601303448259905,34.4521497919556,-83.9981699126156,"kPa","DE"
"interface-alpha-1","Interfaz: αδ = 1.00",1,"P_r",70,0.610017990988309,34.9514563106796,-83.5902988860628,"kPa","DE"
"interface-alpha-1","Interfaz: αδ = 1.00",1,"P_r",71,0.618732533716714,35.4507628294036,-83.1798184245332,"kPa","DE"
"interface-alpha-1","Interfaz: αδ = 1.00",1,"P_r",72,0.627447076445118,35.9500693481276,-82.7668532177597,"kPa","DE"
"interface-alpha-1","Interfaz: αδ = 1.00",1,"P_r",73,0.636161619173523,36.4493758668516,-82.3515287102547,"kPa","DE"
"interface-alpha-1","Interfaz: αδ = 1.00",1,"P_r",74,0.644876161901927,36.9486823855756,-81.9339710632042,"kPa","DE"
"interface-alpha-1","Interfaz: αδ = 1.00",1,"P_r",75,0.653590704630331,37.4479889042996,-81.5143071161448,"kPa","DE"
"interface-alpha-1","Interfaz: αδ = 1.00",1,"P_r",76,0.662305247358736,37.9472954230236,-81.0926643484339,"kPa","DE"
"interface-alpha-1","Interfaz: αδ = 1.00",1,"P_r",77,0.67101979008714,38.4466019417476,-80.669170840526,"kPa","DE"
"interface-alpha-1","Interfaz: αδ = 1.00",1,"P_r",78,0.679734332815545,38.9459084604716,-80.2439552350664,"kPa","DE"
"interface-alpha-1","Interfaz: αδ = 1.00",1,"P_r",79,0.688448875543949,39.4452149791956,-79.8171466978137,"kPa","DE"
"interface-alpha-1","Interfaz: αδ = 1.00",1,"P_r",80,0.697163418272354,39.9445214979196,-79.3888748784042,"kPa","DE"
"interface-alpha-1","Interfaz: αδ = 1.00",1,"P_r",81,0.705877961000758,40.4438280166436,-78.9592698709684,"kPa","DE"
"interface-alpha-1","Interfaz: αδ = 1.00",1,"P_r",82,0.714592503729162,40.9431345353675,-78.5284621746134,"kPa","DE"
"interface-alpha-1","Interfaz: αδ = 1.00",1,"P_r",83,0.723307046457567,41.4424410540915,-78.0965826537812,"kPa","DE"
"interface-alpha-1","Interfaz: αδ = 1.00",1,"P_r",84,0.732021589185971,41.9417475728155,-77.6637624984969,"kPa","DE"
"interface-alpha-1","Interfaz: αδ = 1.00",1,"P_r",85,0.740736131914376,42.4410540915395,-77.230133184518,"kPa","DE"
"interface-alpha-1","Interfaz: αδ = 1.00",1,"P_r",86,0.74945067464278,42.9403606102635,-76.7958264333961,"kPa","DE"
"interface-alpha-1","Interfaz: αδ = 1.00",1,"P_r",87,0.758165217371184,43.4396671289875,-76.3609741724649,"kPa","DE"
"interface-alpha-1","Interfaz: αδ = 1.00",1,"P_r",88,0.766879760099589,43.9389736477115,-75.9257084947648,"kPa","DE"
"interface-alpha-1","Interfaz: αδ = 1.00",1,"P_r",89,0.775594302827993,44.4382801664355,-75.4901616189184,"kPa","DE"
"interface-alpha-1","Interfaz: αδ = 1.00",1,"P_r",90,0.784308845556398,44.9375866851595,-75.0544658489659,"kPa","DE"
"interface-alpha-1","Interfaz: αδ = 1.00",1,"P_r",91,0.785398163397448,45,-75,"kPa","DE"
"interface-alpha-1","Interfaz: αδ = 1.00",1,"P_r",92,0.793023388284802,45.4368932038835,-74.6187535341768,"kPa","DE"
"interface-alpha-1","Interfaz: αδ = 1.00",1,"P_r",93,0.801737931013207,45.9361997226075,-74.1831570288463,"kPa","DE"
"interface-alpha-1","Interfaz: αδ = 1.00",1,"P_r",94,0.810452473741611,46.4355062413315,-73.7478086520906,"kPa","DE"
"interface-alpha-1","Interfaz: αδ = 1.00",1,"P_r",95,0.819167016470015,46.9348127600555,-73.312840647653,"kPa","DE"
"interface-alpha-1","Interfaz: αδ = 1.00",1,"P_r",96,0.82788155919842,47.4341192787795,-72.878385143733,"kPa","DE"
"interface-alpha-1","Interfaz: αδ = 1.00",1,"P_r",97,0.836596101926824,47.9334257975035,-72.4445741128502,"kPa","DE"
"interface-alpha-1","Interfaz: αδ = 1.00",1,"P_r",98,0.845310644655229,48.4327323162275,-72.0115393317555,"kPa","DE"
"interface-alpha-1","Interfaz: αδ = 1.00",1,"P_r",99,0.854025187383633,48.9320388349515,-71.5794123414022,"kPa","DE"
"interface-alpha-1","Interfaz: αδ = 1.00",1,"P_r",100,0.862739730112038,49.4313453536755,-71.1483244069882,"kPa","DE"
"interface-alpha-1","Interfaz: αδ = 1.00",1,"P_r",101,0.871454272840442,49.9306518723995,-70.7184064780821,"kPa","DE"
"interface-alpha-1","Interfaz: αδ = 1.00",1,"P_r",102,0.880168815568846,50.4299583911234,-70.2897891488456,"kPa","DE"
"interface-alpha-1","Interfaz: αδ = 1.00",1,"P_r",103,0.888883358297251,50.9292649098474,-69.8626026183631,"kPa","DE"
"interface-alpha-1","Interfaz: αδ = 1.00",1,"P_r",104,0.897597901025655,51.4285714285714,-69.4369766510921,"kPa","DE"
"interface-alpha-1","Interfaz: αδ = 1.00",1,"P_r",105,0.90631244375406,51.9278779472954,-69.0130405374451,"kPa","DE"
"interface-alpha-1","Interfaz: αδ = 1.00",1,"P_r",106,0.915026986482464,52.4271844660194,-68.5909230545155,"kPa","DE"
"interface-alpha-1","Interfaz: αδ = 1.00",1,"P_r",107,0.923741529210868,52.9264909847434,-68.1707524269599,"kPa","DE"
"interface-alpha-1","Interfaz: αδ = 1.00",1,"P_r",108,0.932456071939273,53.4257975034674,-67.7526562880476,"kPa","DE"
"interface-alpha-1","Interfaz: αδ = 1.00",1,"P_r",109,0.941170614667677,53.9251040221914,-67.3367616408904,"kPa","DE"
"interface-alpha-1","Interfaz: αδ = 1.00",1,"P_r",110,0.949885157396082,54.4244105409154,-66.923194819863,"kPa","DE"
"interface-alpha-1","Interfaz: αδ = 1.00",1,"P_r",111,0.958599700124486,54.9237170596394,-66.5120814522273,"kPa","DE"
"interface-alpha-1","Interfaz: αδ = 1.00",1,"P_r",112,0.967314242852891,55.4230235783634,-66.1035464199711,"kPa","DE"
"interface-alpha-1","Interfaz: αδ = 1.00",1,"P_r",113,0.976028785581295,55.9223300970874,-65.6977138218734,"kPa","DE"
"interface-alpha-1","Interfaz: αδ = 1.00",1,"P_r",114,0.984743328309699,56.4216366158114,-65.2947069358073,"kPa","DE"
"interface-alpha-1","Interfaz: αδ = 1.00",1,"P_r",115,0.993457871038104,56.9209431345354,-64.8946481812926,"kPa","DE"
"interface-alpha-1","Interfaz: αδ = 1.00",1,"P_r",116,1.00217241376651,57.4202496532594,-64.4976590823088,"kPa","DE"
"interface-alpha-1","Interfaz: αδ = 1.00",1,"P_r",117,1.01088695649491,57.9195561719834,-64.1038602303808,"kPa","DE"
"interface-alpha-1","Interfaz: αδ = 1.00",1,"P_r",118,1.01960149922332,58.4188626907073,-63.7133712479467,"kPa","DE"
"interface-alpha-1","Interfaz: αδ = 1.00",1,"P_r",119,1.02831604195172,58.9181692094313,-63.3263107520212,"kPa","DE"
"interface-alpha-1","Interfaz: αδ = 1.00",1,"P_r",120,1.03703058468013,59.4174757281553,-62.9427963181636,"kPa","DE"
"interface-alpha-1","Interfaz: αδ = 1.00",1,"P_r",121,1.04574512740853,59.9167822468793,-62.5629444447625,"kPa","DE"
"interface-alpha-1","Interfaz: αδ = 1.00",1,"P_r",122,1.05445967013693,60.4160887656033,-62.1868705176477,"kPa","DE"
"interface-alpha-1","Interfaz: αδ = 1.00",1,"P_r",123,1.06317421286534,60.9153952843273,-61.8146887750397,"kPa","DE"
"interface-alpha-1","Interfaz: αδ = 1.00",1,"P_r",124,1.07188875559374,61.4147018030513,-61.4465122728484,"kPa","DE"
"interface-alpha-1","Interfaz: αδ = 1.00",1,"P_r",125,1.08060329832215,61.9140083217753,-61.0824528503306,"kPa","DE"
"interface-alpha-1","Interfaz: αδ = 1.00",1,"P_r",126,1.08931784105055,62.4133148404993,-60.7226210961169,"kPa","DE"
"interface-alpha-1","Interfaz: αδ = 1.00",1,"P_r",127,1.09803238377896,62.9126213592233,-60.3671263146189,"kPa","DE"
"interface-alpha-1","Interfaz: αδ = 1.00",1,"P_r",128,1.10674692650736,63.4119278779473,-60.0160764928264,"kPa","DE"
"interface-alpha-1","Interfaz: αδ = 1.00",1,"P_r",129,1.11546146923577,63.9112343966713,-59.6695782675041,"kPa","DE"
"interface-alpha-1","Interfaz: αδ = 1.00",1,"P_r",130,1.12417601196417,64.4105409153953,-59.3277368928001,"kPa","DE"
"interface-alpha-1","Interfaz: αδ = 1.00",1,"P_r",131,1.13289055469257,64.9098474341193,-58.9906562082722,"kPa","DE"
"interface-alpha-1","Interfaz: αδ = 1.00",1,"P_r",132,1.14160509742098,65.4091539528433,-58.6584386073459,"kPa","DE"
"interface-alpha-1","Interfaz: αδ = 1.00",1,"P_r",133,1.15031964014938,65.9084604715673,-58.3311850062105,"kPa","DE"
"interface-alpha-1","Interfaz: αδ = 1.00",1,"P_r",134,1.15903418287779,66.4077669902913,-58.008994813164,"kPa","DE"
"interface-alpha-1","Interfaz: αδ = 1.00",1,"P_r",135,1.16774872560619,66.9070735090153,-57.6919658984169,"kPa","DE"
"interface-alpha-1","Interfaz: αδ = 1.00",1,"P_r",136,1.1764632683346,67.4063800277392,-57.380194564362,"kPa","DE"
"interface-alpha-1","Interfaz: αδ = 1.00",1,"P_r",137,1.185177811063,67.9056865464632,-57.0737755163216,"kPa","DE"
"interface-alpha-1","Interfaz: αδ = 1.00",1,"P_r",138,1.19389235379141,68.4049930651872,-56.772801833779,"kPa","DE"
"interface-alpha-1","Interfaz: αδ = 1.00",1,"P_r",139,1.20260689651981,68.9042995839112,-56.4773649421041,"kPa","DE"
"interface-alpha-1","Interfaz: αδ = 1.00",1,"P_r",140,1.21132143924821,69.4036061026352,-56.187554584782,"kPa","DE"
"interface-alpha-1","Interfaz: αδ = 1.00",1,"P_r",141,1.22003598197662,69.9029126213592,-55.9034587961514,"kPa","DE"
"interface-alpha-1","Interfaz: αδ = 1.00",1,"P_r",142,1.22875052470502,70.4022191400832,-55.6251638746634,"kPa","DE"
"interface-alpha-1","Interfaz: αδ = 1.00",1,"P_r",143,1.23746506743343,70.9015256588072,-55.3527543566667,"kPa","DE"
"interface-alpha-1","Interfaz: αδ = 1.00",1,"P_r",144,1.24617961016183,71.4008321775312,-55.0863129907284,"kPa","DE"
"interface-alpha-1","Interfaz: αδ = 1.00",1,"P_r",145,1.25489415289024,71.9001386962552,-54.825920712498,"kPa","DE"
"interface-alpha-1","Interfaz: αδ = 1.00",1,"P_r",146,1.26360869561864,72.3994452149792,-54.5716566201218,"kPa","DE"
"interface-alpha-1","Interfaz: αδ = 1.00",1,"P_r",147,1.27232323834705,72.8987517337032,-54.3235979502159,"kPa","DE"
"interface-alpha-1","Interfaz: αδ = 1.00",1,"P_r",148,1.28103778107545,73.3980582524272,-54.081820054404,"kPa","DE"
"interface-alpha-1","Interfaz: αδ = 1.00",1,"P_r",149,1.28975232380385,73.8973647711512,-53.8463963764283,"kPa","DE"
"interface-alpha-1","Interfaz: αδ = 1.00",1,"P_r",150,1.29846686653226,74.3966712898752,-53.6173984298402,"kPa","DE"
"interface-alpha-1","Interfaz: αδ = 1.00",1,"P_r",151,1.30718140926066,74.8959778085992,-53.3948957762764,"kPa","DE"
"interface-alpha-1","Interfaz: αδ = 1.00",1,"P_r",152,1.31589595198907,75.3952843273232,-53.1789560043291,"kPa","DE"
"interface-alpha-1","Interfaz: αδ = 1.00",1,"P_r",153,1.32461049471747,75.8945908460472,-52.9696447090142,"kPa","DE"
"interface-alpha-1","Interfaz: αδ = 1.00",1,"P_r",154,1.33332503744588,76.3938973647712,-52.7670254718466,"kPa","DE"
"interface-alpha-1","Interfaz: αδ = 1.00",1,"P_r",155,1.34203958017428,76.8932038834951,-52.5711598415256,"kPa","DE"
"interface-alpha-1","Interfaz: αδ = 1.00",1,"P_r",156,1.35075412290268,77.3925104022191,-52.3821073152392,"kPa","DE"
"interface-alpha-1","Interfaz: αδ = 1.00",1,"P_r",157,1.35946866563109,77.8918169209431,-52.1999253205904,"kPa","DE"
"interface-alpha-1","Interfaz: αδ = 1.00",1,"P_r",158,1.36818320835949,78.3911234396671,-52.0246691981529,"kPa","DE"
"interface-alpha-1","Interfaz: αδ = 1.00",1,"P_r",159,1.3768977510879,78.8904299583911,-51.8563921846606,"kPa","DE"
"interface-alpha-1","Interfaz: αδ = 1.00",1,"P_r",160,1.3856122938163,79.3897364771151,-51.695145396836,"kPa","DE"
"interface-alpha-1","Interfaz: αδ = 1.00",1,"P_r",161,1.39432683654471,79.8890429958391,-51.540977815863,"kPa","DE"
"interface-alpha-1","Interfaz: αδ = 1.00",1,"P_r",162,1.40304137927311,80.3883495145631,-51.3939362725075,"kPa","DE"
"interface-alpha-1","Interfaz: αδ = 1.00",1,"P_r",163,1.41175592200152,80.8876560332871,-51.2540654328927,"kPa","DE"
"interface-alpha-1","Interfaz: αδ = 1.00",1,"P_r",164,1.42047046472992,81.3869625520111,-51.1214077849302,"kPa","DE"
"interface-alpha-1","Interfaz: αδ = 1.00",1,"P_r",165,1.42918500745832,81.8862690707351,-50.9960036254142,"kPa","DE"
"interface-alpha-1","Interfaz: αδ = 1.00",1,"P_r",166,1.43789955018673,82.3855755894591,-50.8778910477807,"kPa","DE"
"interface-alpha-1","Interfaz: αδ = 1.00",1,"P_r",167,1.44661409291513,82.8848821081831,-50.7671059305359,"kPa","DE"
"interface-alpha-1","Interfaz: αδ = 1.00",1,"P_r",168,1.45532863564354,83.3841886269071,-50.6636819263573,"kPa","DE"
"interface-alpha-1","Interfaz: αδ = 1.00",1,"P_r",169,1.46404317837194,83.8834951456311,-50.5676504518719,"kPa","DE"
"interface-alpha-1","Interfaz: αδ = 1.00",1,"P_r",170,1.47275772110035,84.3828016643551,-50.4790406781121,"kPa","DE"
"interface-alpha-1","Interfaz: αδ = 1.00",1,"P_r",171,1.48147226382875,84.882108183079,-50.3978795216551,"kPa","DE"
"interface-alpha-1","Interfaz: αδ = 1.00",1,"P_r",172,1.49018680655716,85.381414701803,-50.3241916364464,"kPa","DE"
"interface-alpha-1","Interfaz: αδ = 1.00",1,"P_r",173,1.49890134928556,85.880721220527,-50.2579994063107,"kPa","DE"
"interface-alpha-1","Interfaz: αδ = 1.00",1,"P_r",174,1.50761589201396,86.380027739251,-50.1993229381528,"kPa","DE"
"interface-alpha-1","Interfaz: αδ = 1.00",1,"P_r",175,1.51633043474237,86.879334257975,-50.1481800558493,"kPa","DE"
"interface-alpha-1","Interfaz: αδ = 1.00",1,"P_r",176,1.52504497747077,87.378640776699,-50.1045862948348,"kPa","DE"
"interface-alpha-1","Interfaz: αδ = 1.00",1,"P_r",177,1.53375952019918,87.877947295423,-50.0685548973824,"kPa","DE"
"interface-alpha-1","Interfaz: αδ = 1.00",1,"P_r",178,1.54247406292758,88.377253814147,-50.0400968085815,"kPa","DE"
"interface-alpha-1","Interfaz: αδ = 1.00",1,"P_r",179,1.55118860565599,88.876560332871,-50.0192206730129,"kPa","DE"
"interface-alpha-1","Interfaz: αδ = 1.00",1,"P_r",180,1.55990314838439,89.375866851595,-50.0059328321227,"kPa","DE"
"interface-alpha-1","Interfaz: αδ = 1.00",1,"P_r",181,1.5686176911128,89.875173370319,-50.0002373222963,"kPa","DE"
"interface-alpha-1","Interfaz: αδ = 1.00",1,"P_r",182,1.5707963267949,90,-50,"kPa","DE"
"interface-alpha-1","Interfaz: αδ = 1.00",1,"P_r",183,1.5773322338412,90.374479889043,-50.0021358736322,"kPa","DE"
"interface-alpha-1","Interfaz: αδ = 1.00",1,"P_r",184,1.5860467765696,90.873786407767,-50.0116279094162,"kPa","DE"
"interface-alpha-1","Interfaz: αδ = 1.00",1,"P_r",185,1.59476131929801,91.373092926491,-50.028710546297,"kPa","DE"
"interface-alpha-1","Interfaz: αδ = 1.00",1,"P_r",186,1.60347586202641,91.872399445215,-50.0533785951619,"kPa","DE"
"interface-alpha-1","Interfaz: αδ = 1.00",1,"P_r",187,1.61219040475482,92.371705963939,-50.0856245627126,"kPa","DE"
"interface-alpha-1","Interfaz: αδ = 1.00",1,"P_r",188,1.62090494748322,92.871012482663,-50.1254386537423,"kPa","DE"
"interface-alpha-1","Interfaz: αδ = 1.00",1,"P_r",189,1.62961949021163,93.370319001387,-50.1728087741105,"kPa","DE"
"interface-alpha-1","Interfaz: αδ = 1.00",1,"P_r",190,1.63833403294003,93.869625520111,-50.227720534417,"kPa","DE"
"interface-alpha-1","Interfaz: αδ = 1.00",1,"P_r",191,1.64704857566844,94.3689320388349,-50.2901572543726,"kPa","DE"
"interface-alpha-1","Interfaz: αδ = 1.00",1,"P_r",192,1.65576311839684,94.868238557559,-50.3600999678666,"kPa","DE"
"interface-alpha-1","Interfaz: αδ = 1.00",1,"P_r",193,1.66447766112524,95.367545076283,-50.4375274287276,"kPa","DE"
"interface-alpha-1","Interfaz: αδ = 1.00",1,"P_r",194,1.67319220385365,95.8668515950069,-50.5224161171772,"kPa","DE"
"interface-alpha-1","Interfaz: αδ = 1.00",1,"P_r",195,1.68190674658205,96.3661581137309,-50.6147402469751,"kPa","DE"
"interface-alpha-1","Interfaz: αδ = 1.00",1,"P_r",196,1.69062128931046,96.8654646324549,-50.7144717732515,"kPa","DE"
"interface-alpha-1","Interfaz: αδ = 1.00",1,"P_r",197,1.69933583203886,97.3647711511789,-50.8215804010264,"kPa","DE"
"interface-alpha-1","Interfaz: αδ = 1.00",1,"P_r",198,1.70805037476727,97.8640776699029,-50.9360335944121,"kPa","DE"
"interface-alpha-1","Interfaz: αδ = 1.00",1,"P_r",199,1.71676491749567,98.3633841886269,-51.0577965864965,"kPa","DE"
"interface-alpha-1","Interfaz: αδ = 1.00",1,"P_r",200,1.72547946022408,98.8626907073509,-51.1868323899042,"kPa","DE"
"interface-alpha-1","Interfaz: αδ = 1.00",1,"P_r",201,1.73419400295248,99.3619972260749,-51.3231018080317,"kPa","DE"
"interface-alpha-1","Interfaz: αδ = 1.00",1,"P_r",202,1.74290854568088,99.8613037447989,-51.4665634469543,"kPa","DE"
"interface-alpha-1","Interfaz: αδ = 1.00",1,"P_r",203,1.75162308840929,100.360610263523,-51.6171737279999,"kPa","DE"
"interface-alpha-1","Interfaz: αδ = 1.00",1,"P_r",204,1.76033763113769,100.859916782247,-51.7748869009866,"kPa","DE"
"interface-alpha-1","Interfaz: αδ = 1.00",1,"P_r",205,1.7690521738661,101.359223300971,-51.9396550581205,"kPa","DE"
"interface-alpha-1","Interfaz: αδ = 1.00",1,"P_r",206,1.7777667165945,101.858529819695,-52.1114281485479,"kPa","DE"
"interface-alpha-1","Interfaz: αδ = 1.00",1,"P_r",207,1.78648125932291,102.357836338419,-52.2901539935594,"kPa","DE"
"interface-alpha-1","Interfaz: αδ = 1.00",1,"P_r",208,1.79519580205131,102.857142857143,-52.4757783024395,"kPa","DE"
"interface-alpha-1","Interfaz: αδ = 1.00",1,"P_r",209,1.80391034477971,103.356449375867,-52.6682446889589,"kPa","DE"
"interface-alpha-1","Interfaz: αδ = 1.00",1,"P_r",210,1.81262488750812,103.855755894591,-52.8674946885021,"kPa","DE"
"interface-alpha-1","Interfaz: αδ = 1.00",1,"P_r",211,1.82133943023652,104.355062413315,-53.0734677758271,"kPa","DE"
"interface-alpha-1","Interfaz: αδ = 1.00",1,"P_r",212,1.83005397296493,104.854368932039,-53.2861013834513,"kPa","DE"
"interface-alpha-1","Interfaz: αδ = 1.00",1,"P_r",213,1.83876851569333,105.353675450763,-53.5053309206565,"kPa","DE"
"interface-alpha-1","Interfaz: αδ = 1.00",1,"P_r",214,1.84748305842174,105.852981969487,-53.7310897931099,"kPa","DE"
"interface-alpha-1","Interfaz: αδ = 1.00",1,"P_r",215,1.85619760115014,106.352288488211,-53.9633094230933,"kPa","DE"
"interface-alpha-1","Interfaz: αδ = 1.00",1,"P_r",216,1.86491214387855,106.851595006935,-54.201919270334,"kPa","DE"
"interface-alpha-1","Interfaz: αδ = 1.00",1,"P_r",217,1.87362668660695,107.350901525659,-54.4468468534331,"kPa","DE"
"interface-alpha-1","Interfaz: αδ = 1.00",1,"P_r",218,1.88234122933535,107.850208044383,-54.6980177718823,"kPa","DE"
"interface-alpha-1","Interfaz: αδ = 1.00",1,"P_r",219,1.89105577206376,108.349514563107,-54.9553557286647,"kPa","DE"
"interface-alpha-1","Interfaz: αδ = 1.00",1,"P_r",220,1.89977031479216,108.848821081831,-55.218782553431,"kPa","DE"
"interface-alpha-1","Interfaz: αδ = 1.00",1,"P_r",221,1.90848485752057,109.348127600555,-55.4882182262448,"kPa","DE"
"interface-alpha-1","Interfaz: αδ = 1.00",1,"P_r",222,1.91719940024897,109.847434119279,-55.7635809018899,"kPa","DE"
"interface-alpha-1","Interfaz: αδ = 1.00",1,"P_r",223,1.92591394297738,110.346740638003,-56.0447869347324,"kPa","DE"
"interface-alpha-1","Interfaz: αδ = 1.00",1,"P_r",224,1.93462848570578,110.846047156727,-56.3317509041287,"kPa","DE"
"interface-alpha-1","Interfaz: αδ = 1.00",1,"P_r",225,1.94334302843419,111.345353675451,-56.6243856403741,"kPa","DE"
"interface-alpha-1","Interfaz: αδ = 1.00",1,"P_r",226,1.95205757116259,111.844660194175,-56.9226022511812,"kPa","DE"
"interface-alpha-1","Interfaz: αδ = 1.00",1,"P_r",227,1.96077211389099,112.343966712899,-57.2263101486829,"kPa","DE"
"interface-alpha-1","Interfaz: αδ = 1.00",1,"P_r",228,1.9694866566194,112.843273231623,-57.5354170769494,"kPa","DE"
"interface-alpha-1","Interfaz: αδ = 1.00",1,"P_r",229,1.9782011993478,113.342579750347,-57.8498291400126,"kPa","DE"
"interface-alpha-1","Interfaz: αδ = 1.00",1,"P_r",230,1.98691574207621,113.841886269071,-58.1694508303883,"kPa","DE"
"interface-alpha-1","Interfaz: αδ = 1.00",1,"P_r",231,1.99563028480461,114.341192787795,-58.4941850580884,"kPa","DE"
"interface-alpha-1","Interfaz: αδ = 1.00",1,"P_r",232,2.00434482753302,114.840499306519,-58.8239331801129,"kPa","DE"
"interface-alpha-1","Interfaz: αδ = 1.00",1,"P_r",233,2.01305937026142,115.339805825243,-59.1585950304146,"kPa","DE"
"interface-alpha-1","Interfaz: αδ = 1.00",1,"P_r",234,2.02177391298983,115.839112343967,-59.4980689503262,"kPa","DE"
"interface-alpha-1","Interfaz: αδ = 1.00",1,"P_r",235,2.03048845571823,116.338418862691,-59.8422518194404,"kPa","DE"
"interface-alpha-1","Interfaz: αδ = 1.00",1,"P_r",236,2.03920299844663,116.837725381415,-60.1910390869342,"kPa","DE"
"interface-alpha-1","Interfaz: αδ = 1.00",1,"P_r",237,2.04791754117504,117.337031900139,-60.5443248033282,"kPa","DE"
"interface-alpha-1","Interfaz: αδ = 1.00",1,"P_r",238,2.05663208390344,117.836338418863,-60.9020016526701,"kPa","DE"
"interface-alpha-1","Interfaz: αδ = 1.00",1,"P_r",239,2.06534662663185,118.335644937587,-61.2639609851338,"kPa","DE"
"interface-alpha-1","Interfaz: αδ = 1.00",1,"P_r",240,2.07406116936025,118.834951456311,-61.6300928500231,"kPa","DE"
"interface-alpha-1","Interfaz: αδ = 1.00",1,"P_r",241,2.08277571208866,119.334257975035,-62.0002860291713,"kPa","DE"
"interface-alpha-1","Interfaz: αδ = 1.00",1,"P_r",242,2.09149025481706,119.833564493759,-62.3744280707251,"kPa","DE"
"interface-alpha-1","Interfaz: αδ = 1.00",1,"P_r",243,2.10020479754546,120.332871012483,-62.7524053233036,"kPa","DE"
"interface-alpha-1","Interfaz: αδ = 1.00",1,"P_r",244,2.10891934027387,120.832177531207,-63.1341029705221,"kPa","DE"
"interface-alpha-1","Interfaz: αδ = 1.00",1,"P_r",245,2.11763388300227,121.331484049931,-63.5194050658687,"kPa","DE"
"interface-alpha-1","Interfaz: αδ = 1.00",1,"P_r",246,2.12634842573068,121.830790568655,-63.9081945679252,"kPa","DE"
"interface-alpha-1","Interfaz: αδ = 1.00",1,"P_r",247,2.13506296845908,122.330097087379,-64.3003533759202,"kPa","DE"
"interface-alpha-1","Interfaz: αδ = 1.00",1,"P_r",248,2.14377751118749,122.829403606103,-64.6957623656039,"kPa","DE"
"interface-alpha-1","Interfaz: αδ = 1.00",1,"P_r",249,2.15249205391589,123.328710124827,-65.0943014254341,"kPa","DE"
"interface-alpha-1","Interfaz: αδ = 1.00",1,"P_r",250,2.1612065966443,123.828016643551,-65.4958494930617,"kPa","DE"
"interface-alpha-1","Interfaz: αδ = 1.00",1,"P_r",251,2.1699211393727,124.327323162275,-65.9002845921053,"kPa","DE"
"interface-alpha-1","Interfaz: αδ = 1.00",1,"P_r",252,2.1786356821011,124.826629680999,-66.3074838692037,"kPa","DE"
"interface-alpha-1","Interfaz: αδ = 1.00",1,"P_r",253,2.18735022482951,125.325936199723,-66.7173236313339,"kPa","DE"
"interface-alpha-1","Interfaz: αδ = 1.00",1,"P_r",254,2.19606476755791,125.825242718447,-67.1296793833854,"kPa","DE"
"interface-alpha-1","Interfaz: αδ = 1.00",1,"P_r",255,2.20477931028632,126.324549237171,-67.544425865977,"kPa","DE"
"interface-alpha-1","Interfaz: αδ = 1.00",1,"P_r",256,2.21349385301472,126.823855755895,-67.9614370935065,"kPa","DE"
"interface-alpha-1","Interfaz: αδ = 1.00",1,"P_r",257,2.22220839574313,127.323162274619,-68.3805863924207,"kPa","DE"
"interface-alpha-1","Interfaz: αδ = 1.00",1,"P_r",258,2.23092293847153,127.822468793343,-68.8017464396945,"kPa","DE"
"interface-alpha-1","Interfaz: αδ = 1.00",1,"P_r",259,2.23963748119994,128.321775312067,-69.2247893015071,"kPa","DE"
"interface-alpha-1","Interfaz: αδ = 1.00",1,"P_r",260,2.24835202392834,128.821081830791,-69.649586472104,"kPa","DE"
"interface-alpha-1","Interfaz: αδ = 1.00",1,"P_r",261,2.25706656665674,129.320388349515,-70.0760089128324,"kPa","DE"
"interface-alpha-1","Interfaz: αδ = 1.00",1,"P_r",262,2.26578110938515,129.819694868239,-70.5039270913387,"kPa","DE"
"interface-alpha-1","Interfaz: αδ = 1.00",1,"P_r",263,2.27449565211355,130.319001386963,-70.9332110209163,"kPa","DE"
"interface-alpha-1","Interfaz: αδ = 1.00",1,"P_r",264,2.28321019484196,130.818307905687,-71.3637302999906,"kPa","DE"
"interface-alpha-1","Interfaz: αδ = 1.00",1,"P_r",265,2.29192473757036,131.317614424411,-71.7953541517306,"kPa","DE"
"interface-alpha-1","Interfaz: αδ = 1.00",1,"P_r",266,2.30063928029877,131.816920943135,-72.2279514637746,"kPa","DE"
"interface-alpha-1","Interfaz: αδ = 1.00",1,"P_r",267,2.30935382302717,132.316227461859,-72.6613908280573,"kPa","DE"
"interface-alpha-1","Interfaz: αδ = 1.00",1,"P_r",268,2.31806836575558,132.815533980583,-73.095540580727,"kPa","DE"
"interface-alpha-1","Interfaz: αδ = 1.00",1,"P_r",269,2.32678290848398,133.314840499307,-73.530268842141,"kPa","DE"
"interface-alpha-1","Interfaz: αδ = 1.00",1,"P_r",270,2.33549745121238,133.814147018031,-73.9654435569252,"kPa","DE"
"interface-alpha-1","Interfaz: αδ = 1.00",1,"P_r",271,2.34421199394079,134.313453536755,-74.4009325340889,"kPa","DE"
"interface-alpha-1","Interfaz: αδ = 1.00",1,"P_r",272,2.35292653666919,134.812760055478,-74.8366034871791,"kPa","DE"
"interface-alpha-1","Interfaz: αδ = 1.00",1,"P_r",273,2.35619449019234,135,-75,"kPa","DE"
"interface-alpha-1","Interfaz: αδ = 1.00",1,"P_r",274,2.3616410793976,135.312066574203,-75.272324074465,"kPa","DE"
"interface-alpha-1","Interfaz: αδ = 1.00",1,"P_r",275,2.370355622126,135.811373092926,-75.7079619391385,"kPa","DE"
"interface-alpha-1","Interfaz: αδ = 1.00",1,"P_r",276,2.37907016485441,136.31067961165,-76.1433847495199,"kPa","DE"
"interface-alpha-1","Interfaz: αδ = 1.00",1,"P_r",277,2.38778470758281,136.809986130374,-76.5784602392553,"kPa","DE"
"interface-alpha-1","Interfaz: αδ = 1.00",1,"P_r",278,2.39649925031122,137.309292649098,-77.0130562474952,"kPa","DE"
"interface-alpha-1","Interfaz: αδ = 1.00",1,"P_r",279,2.40521379303962,137.808599167822,-77.4470407590395,"kPa","DE"
"interface-alpha-1","Interfaz: αδ = 1.00",1,"P_r",280,2.41392833576802,138.307905686546,-77.8802819444399,"kPa","DE"
"interface-alpha-1","Interfaz: αδ = 1.00",1,"P_r",281,2.42264287849643,138.80721220527,-78.3126482000447,"kPa","DE"
"interface-alpha-1","Interfaz: αδ = 1.00",1,"P_r",282,2.43135742122483,139.306518723994,-78.7440081879754,"kPa","DE"
"interface-alpha-1","Interfaz: αδ = 1.00",1,"P_r",283,2.44007196395324,139.805825242718,-79.174230876023,"kPa","DE"
"interface-alpha-1","Interfaz: αδ = 1.00",1,"P_r",284,2.44878650668164,140.305131761442,-79.6031855774507,"kPa","DE"
"interface-alpha-1","Interfaz: αδ = 1.00",1,"P_r",285,2.45750104941005,140.804438280166,-80.0307419906919,"kPa","DE"
"interface-alpha-1","Interfaz: αδ = 1.00",1,"P_r",286,2.46621559213845,141.30374479889,-80.4567702389317,"kPa","DE"
"interface-alpha-1","Interfaz: αδ = 1.00",1,"P_r",287,2.47493013486686,141.803051317614,-80.8811409095585,"kPa","DE"
"interface-alpha-1","Interfaz: αδ = 1.00",1,"P_r",288,2.48364467759526,142.302357836338,-81.3037250934755,"kPa","DE"
"interface-alpha-1","Interfaz: αδ = 1.00",1,"P_r",289,2.49235922032366,142.801664355062,-81.7243944242587,"kPa","DE"
"interface-alpha-1","Interfaz: αδ = 1.00",1,"P_r",290,2.50107376305207,143.300970873786,-82.1430211171499,"kPa","DE"
"interface-alpha-1","Interfaz: αδ = 1.00",1,"P_r",291,2.50978830578047,143.80027739251,-82.5594780078735,"kPa","DE"
"interface-alpha-1","Interfaz: αδ = 1.00",1,"P_r",292,2.51850284850888,144.299583911234,-82.9736385912646,"kPa","DE"
"interface-alpha-1","Interfaz: αδ = 1.00",1,"P_r",293,2.52721739123728,144.798890429958,-83.385377059697,"kPa","DE"
"interface-alpha-1","Interfaz: αδ = 1.00",1,"P_r",294,2.53593193396569,145.298196948682,-83.7945683412988,"kPa","DE"
"interface-alpha-1","Interfaz: αδ = 1.00",1,"P_r",295,2.54464647669409,145.797503467406,-84.2010881379452,"kPa","DE"
"interface-alpha-1","Interfaz: αδ = 1.00",1,"P_r",296,2.55336101942249,146.29680998613,-84.6048129630162,"kPa","DE"
"interface-alpha-1","Interfaz: αδ = 1.00",1,"P_r",297,2.5620755621509,146.796116504854,-85.005620178907,"kPa","DE"
"interface-alpha-1","Interfaz: αδ = 1.00",1,"P_r",298,2.5707901048793,147.295423023578,-85.4033880342811,"kPa","DE"
"interface-alpha-1","Interfaz: αδ = 1.00",1,"P_r",299,2.57950464760771,147.794729542302,-85.797995701055,"kPa","DE"
"interface-alpha-1","Interfaz: αδ = 1.00",1,"P_r",300,2.58821919033611,148.294036061026,-86.1893233111002,"kPa","DE"
"interface-alpha-1","Interfaz: αδ = 1.00",1,"P_r",301,2.59693373306452,148.79334257975,-86.5772519926562,"kPa","DE"
"interface-alpha-1","Interfaz: αδ = 1.00",1,"P_r",302,2.60564827579292,149.292649098474,-86.961663906439,"kPa","DE"
"interface-alpha-1","Interfaz: αδ = 1.00",1,"P_r",303,2.61436281852133,149.791955617198,-87.3424422814367,"kPa","DE"
"interface-alpha-1","Interfaz: αδ = 1.00",1,"P_r",304,2.62307736124973,150.291262135922,-87.7194714503805,"kPa","DE"
"interface-alpha-1","Interfaz: αδ = 1.00",1,"P_r",305,2.63179190397813,150.790568654646,-88.0926368848805,"kPa","DE"
"interface-alpha-1","Interfaz: αδ = 1.00",1,"P_r",306,2.64050644670654,151.28987517337,-88.4618252302152,"kPa","DE"
"interface-alpha-1","Interfaz: αδ = 1.00",1,"P_r",307,2.64922098943494,151.789181692094,-88.8269243397652,"kPa","DE"
"interface-alpha-1","Interfaz: αδ = 1.00",1,"P_r",308,2.65793553216335,152.288488210818,-89.1878233090788,"kPa","DE"
"interface-alpha-1","Interfaz: αδ = 1.00",1,"P_r",309,2.66665007489175,152.787794729542,-89.5444125095615,"kPa","DE"
"interface-alpha-1","Interfaz: αδ = 1.00",1,"P_r",310,2.67536461762016,153.287101248266,-89.896583621777,"kPa","DE"
"interface-alpha-1","Interfaz: αδ = 1.00",1,"P_r",311,2.68407916034856,153.78640776699,-90.2442296683514,"kPa","DE"
"interface-alpha-1","Interfaz: αδ = 1.00",1,"P_r",312,2.69279370307697,154.285714285714,-90.5872450464683,"kPa","DE"
"interface-alpha-1","Interfaz: αδ = 1.00",1,"P_r",313,2.70150824580537,154.785020804438,-90.9255255599484,"kPa","DE"
"interface-alpha-1","Interfaz: αδ = 1.00",1,"P_r",314,2.71022278853377,155.284327323162,-91.2589684508997,"kPa","DE"
"interface-alpha-1","Interfaz: αδ = 1.00",1,"P_r",315,2.71893733126218,155.783633841886,-91.5874724309324,"kPa","DE"
"interface-alpha-1","Interfaz: αδ = 1.00",1,"P_r",316,2.72765187399058,156.28294036061,-91.9109377119266,"kPa","DE"
"interface-alpha-1","Interfaz: αδ = 1.00",1,"P_r",317,2.73636641671899,156.782246879334,-92.2292660363445,"kPa","DE"
"interface-alpha-1","Interfaz: αδ = 1.00",1,"P_r",318,2.74508095944739,157.281553398058,-92.5423607070773,"kPa","DE"
"interface-alpha-1","Interfaz: αδ = 1.00",1,"P_r",319,2.7537955021758,157.780859916782,-92.8501266168193,"kPa","DE"
"interface-alpha-1","Interfaz: αδ = 1.00",1,"P_r",320,2.7625100449042,158.280166435506,-93.1524702769571,"kPa","DE"
"interface-alpha-1","Interfaz: αδ = 1.00",1,"P_r",321,2.77122458763261,158.77947295423,-93.4492998459691,"kPa","DE"
"interface-alpha-1","Interfaz: αδ = 1.00",1,"P_r",322,2.77993913036101,159.278779472954,-93.7405251573232,"kPa","DE"
"interface-alpha-1","Interfaz: αδ = 1.00",1,"P_r",323,2.78865367308941,159.778085991678,-94.0260577468667,"kPa","DE"
"interface-alpha-1","Interfaz: αδ = 1.00",1,"P_r",324,2.79736821581782,160.277392510402,-94.3058108796981,"kPa","DE"
"interface-alpha-1","Interfaz: αδ = 1.00",1,"P_r",325,2.80608275854622,160.776699029126,-94.5796995765148,"kPa","DE"
"interface-alpha-1","Interfaz: αδ = 1.00",1,"P_r",326,2.81479730127463,161.27600554785,-94.8476406394264,"kPa","DE"
"interface-alpha-1","Interfaz: αδ = 1.00",1,"P_r",327,2.82351184400303,161.775312066574,-95.1095526772274,"kPa","DE"
"interface-alpha-1","Interfaz: αδ = 1.00",1,"P_r",328,2.83222638673144,162.274618585298,-95.3653561301212,"kPa","DE"
"interface-alpha-1","Interfaz: αδ = 1.00",1,"P_r",329,2.84094092945984,162.773925104022,-95.6149732938875,"kPa","DE"
"interface-alpha-1","Interfaz: αδ = 1.00",1,"P_r",330,2.84965547218825,163.273231622746,-95.8583283434862,"kPa","DE"
"interface-alpha-1","Interfaz: αδ = 1.00",1,"P_r",331,2.85837001491665,163.77253814147,-96.0953473560902,"kPa","DE"
"interface-alpha-1","Interfaz: αδ = 1.00",1,"P_r",332,2.86708455764505,164.271844660194,-96.325958333541,"kPa","DE"
"interface-alpha-1","Interfaz: αδ = 1.00",1,"P_r",333,2.87579910037346,164.771151178918,-96.5500912242189,"kPa","DE"
"interface-alpha-1","Interfaz: αδ = 1.00",1,"P_r",334,2.88451364310186,165.270457697642,-96.7676779443224,"kPa","DE"
"interface-alpha-1","Interfaz: αδ = 1.00",1,"P_r",335,2.89322818583027,165.769764216366,-96.9786523985496,"kPa","DE"
"interface-alpha-1","Interfaz: αδ = 1.00",1,"P_r",336,2.90194272855867,166.26907073509,-97.1829505001757,"kPa","DE"
"interface-alpha-1","Interfaz: αδ = 1.00",1,"P_r",337,2.91065727128708,166.768377253814,-97.3805101905206,"kPa","DE"
"interface-alpha-1","Interfaz: αδ = 1.00",1,"P_r",338,2.91937181401548,167.267683772538,-97.5712714577995,"kPa","DE"
"interface-alpha-1","Interfaz: αδ = 1.00",1,"P_r",339,2.92808635674389,167.766990291262,-97.7551763553533,"kPa","DE"
"interface-alpha-1","Interfaz: αδ = 1.00",1,"P_r",340,2.93680089947229,168.266296809986,-97.93216901925,"kPa","DE"
"interface-alpha-1","Interfaz: αδ = 1.00",1,"P_r",341,2.94551544220069,168.76560332871,-98.1021956852546,"kPa","DE"
"interface-alpha-1","Interfaz: αδ = 1.00",1,"P_r",342,2.9542299849291,169.264909847434,-98.2652047051609,"kPa","DE"
"interface-alpha-1","Interfaz: αδ = 1.00",1,"P_r",343,2.9629445276575,169.764216366158,-98.42114656248,"kPa","DE"
"interface-alpha-1","Interfaz: αδ = 1.00",1,"P_r",344,2.97165907038591,170.263522884882,-98.5699738874821,"kPa","DE"
"interface-alpha-1","Interfaz: αδ = 1.00",1,"P_r",345,2.98037361311431,170.762829403606,-98.7116414715859,"kPa","DE"
"interface-alpha-1","Interfaz: αδ = 1.00",1,"P_r",346,2.98908815584272,171.26213592233,-98.8461062810908,"kPa","DE"
"interface-alpha-1","Interfaz: αδ = 1.00",1,"P_r",347,2.99780269857112,171.761442441054,-98.9733274702496,"kPa","DE"
"interface-alpha-1","Interfaz: αδ = 1.00",1,"P_r",348,3.00651724129952,172.260748959778,-99.0932663936758,"kPa","DE"
"interface-alpha-1","Interfaz: αδ = 1.00",1,"P_r",349,3.01523178402793,172.760055478502,-99.2058866180827,"kPa","DE"
"interface-alpha-1","Interfaz: αδ = 1.00",1,"P_r",350,3.02394632675633,173.259361997226,-99.3111539333506,"kPa","DE"
"interface-alpha-1","Interfaz: αδ = 1.00",1,"P_r",351,3.03266086948474,173.75866851595,-99.4090363629189,"kPa","DE"
"interface-alpha-1","Interfaz: αδ = 1.00",1,"P_r",352,3.04137541221314,174.257975034674,-99.4995041734989,"kPa","DE"
"interface-alpha-1","Interfaz: αδ = 1.00",1,"P_r",353,3.05008995494155,174.757281553398,-99.5825298841063,"kPa","DE"
"interface-alpha-1","Interfaz: αδ = 1.00",1,"P_r",354,3.05880449766995,175.256588072122,-99.6580882744088,"kPa","DE"
"interface-alpha-1","Interfaz: αδ = 1.00",1,"P_r",355,3.06751904039836,175.755894590846,-99.7261563923869,"kPa","DE"
"interface-alpha-1","Interfaz: αδ = 1.00",1,"P_r",356,3.07623358312676,176.25520110957,-99.7867135613063,"kPa","DE"
"interface-alpha-1","Interfaz: αδ = 1.00",1,"P_r",357,3.08494812585516,176.754507628294,-99.8397413859987,"kPa","DE"
"interface-alpha-1","Interfaz: αδ = 1.00",1,"P_r",358,3.09366266858357,177.253814147018,-99.8852237584493,"kPa","DE"
"interface-alpha-1","Interfaz: αδ = 1.00",1,"P_r",359,3.10237721131197,177.753120665742,-99.9231468626903,"kPa","DE"
"interface-alpha-1","Interfaz: αδ = 1.00",1,"P_r",360,3.11109175404038,178.252427184466,-99.9534991789973,"kPa","DE"
"interface-alpha-1","Interfaz: αδ = 1.00",1,"P_r",361,3.11980629676878,178.75173370319,-99.9762714873891,"kPa","DE"
"interface-alpha-1","Interfaz: αδ = 1.00",1,"P_r",362,3.12852083949719,179.251040221914,-99.9914568704278,"kPa","DE"
"interface-alpha-1","Interfaz: αδ = 1.00",1,"P_r",363,3.13723538222559,179.750346740638,-99.9990507153206,"kPa","DE"
"interface-alpha-1","Interfaz: αδ = 1.00",1,"P_r",364,3.14159265358979,180,-100,"kPa","DE"
"interface-alpha-1","Interfaz: αδ = 1.00",1,"P_r",365,3.145949924954,180.249653259362,-99.9990507153206,"kPa","DE"
"interface-alpha-1","Interfaz: αδ = 1.00",1,"P_r",366,3.1546644676824,180.748959778086,-99.9914568704278,"kPa","DE"
"interface-alpha-1","Interfaz: αδ = 1.00",1,"P_r",367,3.1633790104108,181.24826629681,-99.9762714873891,"kPa","DE"
"interface-alpha-1","Interfaz: αδ = 1.00",1,"P_r",368,3.17209355313921,181.747572815534,-99.9534991789973,"kPa","DE"
"interface-alpha-1","Interfaz: αδ = 1.00",1,"P_r",369,3.18080809586761,182.246879334258,-99.9231468626903,"kPa","DE"
"interface-alpha-1","Interfaz: αδ = 1.00",1,"P_r",370,3.18952263859602,182.746185852982,-99.8852237584493,"kPa","DE"
"interface-alpha-1","Interfaz: αδ = 1.00",1,"P_r",371,3.19823718132442,183.245492371706,-99.8397413859987,"kPa","DE"
"interface-alpha-1","Interfaz: αδ = 1.00",1,"P_r",372,3.20695172405283,183.74479889043,-99.7867135613063,"kPa","DE"
"interface-alpha-1","Interfaz: αδ = 1.00",1,"P_r",373,3.21566626678123,184.244105409154,-99.7261563923869,"kPa","DE"
"interface-alpha-1","Interfaz: αδ = 1.00",1,"P_r",374,3.22438080950963,184.743411927878,-99.6580882744088,"kPa","DE"
"interface-alpha-1","Interfaz: αδ = 1.00",1,"P_r",375,3.23309535223804,185.242718446602,-99.5825298841063,"kPa","DE"
"interface-alpha-1","Interfaz: αδ = 1.00",1,"P_r",376,3.24180989496644,185.742024965326,-99.4995041734989,"kPa","DE"
"interface-alpha-1","Interfaz: αδ = 1.00",1,"P_r",377,3.25052443769485,186.24133148405,-99.4090363629189,"kPa","DE"
"interface-alpha-1","Interfaz: αδ = 1.00",1,"P_r",378,3.25923898042325,186.740638002774,-99.3111539333506,"kPa","DE"
"interface-alpha-1","Interfaz: αδ = 1.00",1,"P_r",379,3.26795352315166,187.239944521498,-99.2058866180827,"kPa","DE"
"interface-alpha-1","Interfaz: αδ = 1.00",1,"P_r",380,3.27666806588006,187.739251040222,-99.0932663936758,"kPa","DE"
"interface-alpha-1","Interfaz: αδ = 1.00",1,"P_r",381,3.28538260860847,188.238557558946,-98.9733274702496,"kPa","DE"
"interface-alpha-1","Interfaz: αδ = 1.00",1,"P_r",382,3.29409715133687,188.73786407767,-98.8461062810908,"kPa","DE"
"interface-alpha-1","Interfaz: αδ = 1.00",1,"P_r",383,3.30281169406527,189.237170596394,-98.7116414715859,"kPa","DE"
"interface-alpha-1","Interfaz: αδ = 1.00",1,"P_r",384,3.31152623679368,189.736477115118,-98.5699738874821,"kPa","DE"
"interface-alpha-1","Interfaz: αδ = 1.00",1,"P_r",385,3.32024077952208,190.235783633842,-98.42114656248,"kPa","DE"
"interface-alpha-1","Interfaz: αδ = 1.00",1,"P_r",386,3.32895532225049,190.735090152566,-98.2652047051609,"kPa","DE"
"interface-alpha-1","Interfaz: αδ = 1.00",1,"P_r",387,3.33766986497889,191.23439667129,-98.1021956852546,"kPa","DE"
"interface-alpha-1","Interfaz: αδ = 1.00",1,"P_r",388,3.3463844077073,191.733703190014,-97.93216901925,"kPa","DE"
"interface-alpha-1","Interfaz: αδ = 1.00",1,"P_r",389,3.3550989504357,192.233009708738,-97.7551763553533,"kPa","DE"
"interface-alpha-1","Interfaz: αδ = 1.00",1,"P_r",390,3.36381349316411,192.732316227462,-97.5712714577995,"kPa","DE"
"interface-alpha-1","Interfaz: αδ = 1.00",1,"P_r",391,3.37252803589251,193.231622746186,-97.3805101905206,"kPa","DE"
"interface-alpha-1","Interfaz: αδ = 1.00",1,"P_r",392,3.38124257862091,193.73092926491,-97.1829505001757,"kPa","DE"
"interface-alpha-1","Interfaz: αδ = 1.00",1,"P_r",393,3.38995712134932,194.230235783634,-96.9786523985496,"kPa","DE"
"interface-alpha-1","Interfaz: αδ = 1.00",1,"P_r",394,3.39867166407772,194.729542302358,-96.7676779443224,"kPa","DE"
"interface-alpha-1","Interfaz: αδ = 1.00",1,"P_r",395,3.40738620680613,195.228848821082,-96.550091224219,"kPa","DE"
"interface-alpha-1","Interfaz: αδ = 1.00",1,"P_r",396,3.41610074953453,195.728155339806,-96.325958333541,"kPa","DE"
"interface-alpha-1","Interfaz: αδ = 1.00",1,"P_r",397,3.42481529226294,196.22746185853,-96.0953473560902,"kPa","DE"
"interface-alpha-1","Interfaz: αδ = 1.00",1,"P_r",398,3.43352983499134,196.726768377254,-95.8583283434862,"kPa","DE"
"interface-alpha-1","Interfaz: αδ = 1.00",1,"P_r",399,3.44224437771975,197.226074895978,-95.6149732938875,"kPa","DE"
"interface-alpha-1","Interfaz: αδ = 1.00",1,"P_r",400,3.45095892044815,197.725381414702,-95.3653561301212,"kPa","DE"
"interface-alpha-1","Interfaz: αδ = 1.00",1,"P_r",401,3.45967346317655,198.224687933426,-95.1095526772274,"kPa","DE"
"interface-alpha-1","Interfaz: αδ = 1.00",1,"P_r",402,3.46838800590496,198.72399445215,-94.8476406394264,"kPa","DE"
"interface-alpha-1","Interfaz: αδ = 1.00",1,"P_r",403,3.47710254863336,199.223300970874,-94.5796995765149,"kPa","DE"
"interface-alpha-1","Interfaz: αδ = 1.00",1,"P_r",404,3.48581709136177,199.722607489598,-94.3058108796981,"kPa","DE"
"interface-alpha-1","Interfaz: αδ = 1.00",1,"P_r",405,3.49453163409017,200.221914008322,-94.0260577468667,"kPa","DE"
"interface-alpha-1","Interfaz: αδ = 1.00",1,"P_r",406,3.50324617681858,200.721220527046,-93.7405251573232,"kPa","DE"
"interface-alpha-1","Interfaz: αδ = 1.00",1,"P_r",407,3.51196071954698,201.22052704577,-93.4492998459691,"kPa","DE"
"interface-alpha-1","Interfaz: αδ = 1.00",1,"P_r",408,3.52067526227539,201.719833564494,-93.1524702769571,"kPa","DE"
"interface-alpha-1","Interfaz: αδ = 1.00",1,"P_r",409,3.52938980500379,202.219140083218,-92.8501266168193,"kPa","DE"
"interface-alpha-1","Interfaz: αδ = 1.00",1,"P_r",410,3.53810434773219,202.718446601942,-92.5423607070773,"kPa","DE"
"interface-alpha-1","Interfaz: αδ = 1.00",1,"P_r",411,3.5468188904606,203.217753120666,-92.2292660363444,"kPa","DE"
"interface-alpha-1","Interfaz: αδ = 1.00",1,"P_r",412,3.555533433189,203.71705963939,-91.9109377119266,"kPa","DE"
"interface-alpha-1","Interfaz: αδ = 1.00",1,"P_r",413,3.56424797591741,204.216366158114,-91.5874724309325,"kPa","DE"
"interface-alpha-1","Interfaz: αδ = 1.00",1,"P_r",414,3.57296251864581,204.715672676838,-91.2589684508997,"kPa","DE"
"interface-alpha-1","Interfaz: αδ = 1.00",1,"P_r",415,3.58167706137422,205.214979195562,-90.9255255599484,"kPa","DE"
"interface-alpha-1","Interfaz: αδ = 1.00",1,"P_r",416,3.59039160410262,205.714285714286,-90.5872450464683,"kPa","DE"
"interface-alpha-1","Interfaz: αδ = 1.00",1,"P_r",417,3.59910614683103,206.21359223301,-90.2442296683514,"kPa","DE"
"interface-alpha-1","Interfaz: αδ = 1.00",1,"P_r",418,3.60782068955943,206.712898751734,-89.896583621777,"kPa","DE"
"interface-alpha-1","Interfaz: αδ = 1.00",1,"P_r",419,3.61653523228783,207.212205270458,-89.5444125095614,"kPa","DE"
"interface-alpha-1","Interfaz: αδ = 1.00",1,"P_r",420,3.62524977501624,207.711511789182,-89.1878233090788,"kPa","DE"
"interface-alpha-1","Interfaz: αδ = 1.00",1,"P_r",421,3.63396431774464,208.210818307906,-88.8269243397652,"kPa","DE"
"interface-alpha-1","Interfaz: αδ = 1.00",1,"P_r",422,3.64267886047305,208.71012482663,-88.4618252302153,"kPa","DE"
"interface-alpha-1","Interfaz: αδ = 1.00",1,"P_r",423,3.65139340320145,209.209431345354,-88.0926368848805,"kPa","DE"
"interface-alpha-1","Interfaz: αδ = 1.00",1,"P_r",424,3.66010794592986,209.708737864078,-87.7194714503805,"kPa","DE"
"interface-alpha-1","Interfaz: αδ = 1.00",1,"P_r",425,3.66882248865826,210.208044382802,-87.3424422814367,"kPa","DE"
"interface-alpha-1","Interfaz: αδ = 1.00",1,"P_r",426,3.67753703138666,210.707350901526,-86.961663906439,"kPa","DE"
"interface-alpha-1","Interfaz: αδ = 1.00",1,"P_r",427,3.68625157411507,211.20665742025,-86.5772519926562,"kPa","DE"
"interface-alpha-1","Interfaz: αδ = 1.00",1,"P_r",428,3.69496611684347,211.705963938974,-86.1893233111002,"kPa","DE"
"interface-alpha-1","Interfaz: αδ = 1.00",1,"P_r",429,3.70368065957188,212.205270457698,-85.797995701055,"kPa","DE"
"interface-alpha-1","Interfaz: αδ = 1.00",1,"P_r",430,3.71239520230028,212.704576976422,-85.4033880342811,"kPa","DE"
"interface-alpha-1","Interfaz: αδ = 1.00",1,"P_r",431,3.72110974502869,213.203883495146,-85.0056201789069,"kPa","DE"
"interface-alpha-1","Interfaz: αδ = 1.00",1,"P_r",432,3.72982428775709,213.70319001387,-84.6048129630163,"kPa","DE"
"interface-alpha-1","Interfaz: αδ = 1.00",1,"P_r",433,3.7385388304855,214.202496532594,-84.2010881379452,"kPa","DE"
"interface-alpha-1","Interfaz: αδ = 1.00",1,"P_r",434,3.7472533732139,214.701803051318,-83.7945683412988,"kPa","DE"
"interface-alpha-1","Interfaz: αδ = 1.00",1,"P_r",435,3.7559679159423,215.201109570042,-83.385377059697,"kPa","DE"
"interface-alpha-1","Interfaz: αδ = 1.00",1,"P_r",436,3.76468245867071,215.700416088766,-82.9736385912646,"kPa","DE"
"interface-alpha-1","Interfaz: αδ = 1.00",1,"P_r",437,3.77339700139911,216.19972260749,-82.5594780078735,"kPa","DE"
"interface-alpha-1","Interfaz: αδ = 1.00",1,"P_r",438,3.78211154412752,216.699029126214,-82.1430211171499,"kPa","DE"
"interface-alpha-1","Interfaz: αδ = 1.00",1,"P_r",439,3.79082608685592,217.198335644938,-81.7243944242587,"kPa","DE"
"interface-alpha-1","Interfaz: αδ = 1.00",1,"P_r",440,3.79954062958433,217.697642163662,-81.3037250934756,"kPa","DE"
"interface-alpha-1","Interfaz: αδ = 1.00",1,"P_r",441,3.80825517231273,218.196948682386,-80.8811409095585,"kPa","DE"
"interface-alpha-1","Interfaz: αδ = 1.00",1,"P_r",442,3.81696971504114,218.69625520111,-80.4567702389317,"kPa","DE"
"interface-alpha-1","Interfaz: αδ = 1.00",1,"P_r",443,3.82568425776954,219.195561719834,-80.0307419906919,"kPa","DE"
"interface-alpha-1","Interfaz: αδ = 1.00",1,"P_r",444,3.83439880049794,219.694868238558,-79.6031855774507,"kPa","DE"
"interface-alpha-1","Interfaz: αδ = 1.00",1,"P_r",445,3.84311334322635,220.194174757282,-79.1742308760231,"kPa","DE"
"interface-alpha-1","Interfaz: αδ = 1.00",1,"P_r",446,3.85182788595475,220.693481276006,-78.7440081879754,"kPa","DE"
"interface-alpha-1","Interfaz: αδ = 1.00",1,"P_r",447,3.86054242868316,221.19278779473,-78.3126482000447,"kPa","DE"
"interface-alpha-1","Interfaz: αδ = 1.00",1,"P_r",448,3.86925697141156,221.692094313454,-77.8802819444399,"kPa","DE"
"interface-alpha-1","Interfaz: αδ = 1.00",1,"P_r",449,3.87797151413997,222.191400832178,-77.4470407590396,"kPa","DE"
"interface-alpha-1","Interfaz: αδ = 1.00",1,"P_r",450,3.88668605686837,222.690707350902,-77.0130562474952,"kPa","DE"
"interface-alpha-1","Interfaz: αδ = 1.00",1,"P_r",451,3.89540059959677,223.190013869625,-76.5784602392554,"kPa","DE"
"interface-alpha-1","Interfaz: αδ = 1.00",1,"P_r",452,3.90411514232518,223.68932038835,-76.1433847495199,"kPa","DE"
"interface-alpha-1","Interfaz: αδ = 1.00",1,"P_r",453,3.91282968505358,224.188626907074,-75.7079619391385,"kPa","DE"
"interface-alpha-1","Interfaz: αδ = 1.00",1,"P_r",454,3.92154422778199,224.687933425798,-75.272324074465,"kPa","DE"
"interface-alpha-1","Interfaz: αδ = 1.00",1,"P_r",455,3.92699081698724,225,-75,"kPa","DE"
"interface-alpha-1","Interfaz: αδ = 1.00",1,"P_r",456,3.93025877051039,225.187239944522,-74.8366034871791,"kPa","DE"
"interface-alpha-1","Interfaz: αδ = 1.00",1,"P_r",457,3.9389733132388,225.686546463245,-74.4009325340889,"kPa","DE"
"interface-alpha-1","Interfaz: αδ = 1.00",1,"P_r",458,3.9476878559672,226.18585298197,-73.9654435569252,"kPa","DE"
"interface-alpha-1","Interfaz: αδ = 1.00",1,"P_r",459,3.95640239869561,226.685159500693,-73.530268842141,"kPa","DE"
"interface-alpha-1","Interfaz: αδ = 1.00",1,"P_r",460,3.96511694142401,227.184466019417,-73.0955405807271,"kPa","DE"
"interface-alpha-1","Interfaz: αδ = 1.00",1,"P_r",461,3.97383148415241,227.683772538141,-72.6613908280573,"kPa","DE"
"interface-alpha-1","Interfaz: αδ = 1.00",1,"P_r",462,3.98254602688082,228.183079056865,-72.2279514637746,"kPa","DE"
"interface-alpha-1","Interfaz: αδ = 1.00",1,"P_r",463,3.99126056960922,228.682385575589,-71.7953541517306,"kPa","DE"
"interface-alpha-1","Interfaz: αδ = 1.00",1,"P_r",464,3.99997511233763,229.181692094313,-71.3637302999906,"kPa","DE"
"interface-alpha-1","Interfaz: αδ = 1.00",1,"P_r",465,4.00868965506603,229.680998613037,-70.9332110209163,"kPa","DE"
"interface-alpha-1","Interfaz: αδ = 1.00",1,"P_r",466,4.01740419779444,230.180305131761,-70.5039270913387,"kPa","DE"
"interface-alpha-1","Interfaz: αδ = 1.00",1,"P_r",467,4.02611874052284,230.679611650485,-70.0760089128324,"kPa","DE"
"interface-alpha-1","Interfaz: αδ = 1.00",1,"P_r",468,4.03483328325125,231.178918169209,-69.649586472104,"kPa","DE"
"interface-alpha-1","Interfaz: αδ = 1.00",1,"P_r",469,4.04354782597965,231.678224687933,-69.2247893015072,"kPa","DE"
"interface-alpha-1","Interfaz: αδ = 1.00",1,"P_r",470,4.05226236870806,232.177531206657,-68.8017464396945,"kPa","DE"
"interface-alpha-1","Interfaz: αδ = 1.00",1,"P_r",471,4.06097691143646,232.676837725381,-68.3805863924207,"kPa","DE"
"interface-alpha-1","Interfaz: αδ = 1.00",1,"P_r",472,4.06969145416486,233.176144244105,-67.9614370935065,"kPa","DE"
"interface-alpha-1","Interfaz: αδ = 1.00",1,"P_r",473,4.07840599689327,233.675450762829,-67.544425865977,"kPa","DE"
"interface-alpha-1","Interfaz: αδ = 1.00",1,"P_r",474,4.08712053962167,234.174757281553,-67.1296793833854,"kPa","DE"
"interface-alpha-1","Interfaz: αδ = 1.00",1,"P_r",475,4.09583508235008,234.674063800277,-66.7173236313339,"kPa","DE"
"interface-alpha-1","Interfaz: αδ = 1.00",1,"P_r",476,4.10454962507848,235.173370319001,-66.3074838692037,"kPa","DE"
"interface-alpha-1","Interfaz: αδ = 1.00",1,"P_r",477,4.11326416780689,235.672676837725,-65.9002845921053,"kPa","DE"
"interface-alpha-1","Interfaz: αδ = 1.00",1,"P_r",478,4.12197871053529,236.171983356449,-65.4958494930617,"kPa","DE"
"interface-alpha-1","Interfaz: αδ = 1.00",1,"P_r",479,4.13069325326369,236.671289875173,-65.0943014254341,"kPa","DE"
"interface-alpha-1","Interfaz: αδ = 1.00",1,"P_r",480,4.1394077959921,237.170596393897,-64.6957623656039,"kPa","DE"
"interface-alpha-1","Interfaz: αδ = 1.00",1,"P_r",481,4.1481223387205,237.669902912621,-64.3003533759202,"kPa","DE"
"interface-alpha-1","Interfaz: αδ = 1.00",1,"P_r",482,4.15683688144891,238.169209431345,-63.9081945679252,"kPa","DE"
"interface-alpha-1","Interfaz: αδ = 1.00",1,"P_r",483,4.16555142417731,238.668515950069,-63.5194050658687,"kPa","DE"
"interface-alpha-1","Interfaz: αδ = 1.00",1,"P_r",484,4.17426596690572,239.167822468793,-63.1341029705221,"kPa","DE"
"interface-alpha-1","Interfaz: αδ = 1.00",1,"P_r",485,4.18298050963412,239.667128987517,-62.7524053233036,"kPa","DE"
"interface-alpha-1","Interfaz: αδ = 1.00",1,"P_r",486,4.19169505236253,240.166435506241,-62.374428070725,"kPa","DE"
"interface-alpha-1","Interfaz: αδ = 1.00",1,"P_r",487,4.20040959509093,240.665742024965,-62.0002860291713,"kPa","DE"
"interface-alpha-1","Interfaz: αδ = 1.00",1,"P_r",488,4.20912413781933,241.165048543689,-61.6300928500231,"kPa","DE"
"interface-alpha-1","Interfaz: αδ = 1.00",1,"P_r",489,4.21783868054774,241.664355062413,-61.2639609851338,"kPa","DE"
"interface-alpha-1","Interfaz: αδ = 1.00",1,"P_r",490,4.22655322327614,242.163661581137,-60.9020016526701,"kPa","DE"
"interface-alpha-1","Interfaz: αδ = 1.00",1,"P_r",491,4.23526776600455,242.662968099861,-60.5443248033281,"kPa","DE"
"interface-alpha-1","Interfaz: αδ = 1.00",1,"P_r",492,4.24398230873295,243.162274618585,-60.1910390869342,"kPa","DE"
"interface-alpha-1","Interfaz: αδ = 1.00",1,"P_r",493,4.25269685146136,243.661581137309,-59.8422518194404,"kPa","DE"
"interface-alpha-1","Interfaz: αδ = 1.00",1,"P_r",494,4.26141139418976,244.160887656033,-59.4980689503263,"kPa","DE"
"interface-alpha-1","Interfaz: αδ = 1.00",1,"P_r",495,4.27012593691817,244.660194174757,-59.1585950304146,"kPa","DE"
"interface-alpha-1","Interfaz: αδ = 1.00",1,"P_r",496,4.27884047964657,245.159500693481,-58.8239331801128,"kPa","DE"
"interface-alpha-1","Interfaz: αδ = 1.00",1,"P_r",497,4.28755502237497,245.658807212205,-58.4941850580884,"kPa","DE"
"interface-alpha-1","Interfaz: αδ = 1.00",1,"P_r",498,4.29626956510338,246.158113730929,-58.1694508303883,"kPa","DE"
"interface-alpha-1","Interfaz: αδ = 1.00",1,"P_r",499,4.30498410783178,246.657420249653,-57.8498291400126,"kPa","DE"
"interface-alpha-1","Interfaz: αδ = 1.00",1,"P_r",500,4.31369865056019,247.156726768377,-57.5354170769494,"kPa","DE"
"interface-alpha-1","Interfaz: αδ = 1.00",1,"P_r",501,4.32241319328859,247.656033287101,-57.2263101486829,"kPa","DE"
"interface-alpha-1","Interfaz: αδ = 1.00",1,"P_r",502,4.331127736017,248.155339805825,-56.9226022511812,"kPa","DE"
"interface-alpha-1","Interfaz: αδ = 1.00",1,"P_r",503,4.3398422787454,248.654646324549,-56.6243856403741,"kPa","DE"
"interface-alpha-1","Interfaz: αδ = 1.00",1,"P_r",504,4.3485568214738,249.153952843273,-56.3317509041287,"kPa","DE"
"interface-alpha-1","Interfaz: αδ = 1.00",1,"P_r",505,4.35727136420221,249.653259361997,-56.0447869347324,"kPa","DE"
"interface-alpha-1","Interfaz: αδ = 1.00",1,"P_r",506,4.36598590693061,250.152565880721,-55.7635809018899,"kPa","DE"
"interface-alpha-1","Interfaz: αδ = 1.00",1,"P_r",507,4.37470044965902,250.651872399445,-55.4882182262448,"kPa","DE"
"interface-alpha-1","Interfaz: αδ = 1.00",1,"P_r",508,4.38341499238742,251.151178918169,-55.218782553431,"kPa","DE"
"interface-alpha-1","Interfaz: αδ = 1.00",1,"P_r",509,4.39212953511583,251.650485436893,-54.9553557286647,"kPa","DE"
"interface-alpha-1","Interfaz: αδ = 1.00",1,"P_r",510,4.40084407784423,252.149791955617,-54.6980177718823,"kPa","DE"
"interface-alpha-1","Interfaz: αδ = 1.00",1,"P_r",511,4.40955862057264,252.649098474341,-54.4468468534331,"kPa","DE"
"interface-alpha-1","Interfaz: αδ = 1.00",1,"P_r",512,4.41827316330104,253.148404993065,-54.201919270334,"kPa","DE"
"interface-alpha-1","Interfaz: αδ = 1.00",1,"P_r",513,4.42698770602945,253.647711511789,-53.9633094230933,"kPa","DE"
"interface-alpha-1","Interfaz: αδ = 1.00",1,"P_r",514,4.43570224875785,254.147018030513,-53.73108979311,"kPa","DE"
"interface-alpha-1","Interfaz: αδ = 1.00",1,"P_r",515,4.44441679148625,254.646324549237,-53.5053309206565,"kPa","DE"
"interface-alpha-1","Interfaz: αδ = 1.00",1,"P_r",516,4.45313133421466,255.145631067961,-53.2861013834513,"kPa","DE"
"interface-alpha-1","Interfaz: αδ = 1.00",1,"P_r",517,4.46184587694306,255.644937586685,-53.0734677758272,"kPa","DE"
"interface-alpha-1","Interfaz: αδ = 1.00",1,"P_r",518,4.47056041967147,256.144244105409,-52.8674946885021,"kPa","DE"
"interface-alpha-1","Interfaz: αδ = 1.00",1,"P_r",519,4.47927496239987,256.643550624133,-52.6682446889589,"kPa","DE"
"interface-alpha-1","Interfaz: αδ = 1.00",1,"P_r",520,4.48798950512828,257.142857142857,-52.4757783024395,"kPa","DE"
"interface-alpha-1","Interfaz: αδ = 1.00",1,"P_r",521,4.49670404785668,257.642163661581,-52.2901539935594,"kPa","DE"
"interface-alpha-1","Interfaz: αδ = 1.00",1,"P_r",522,4.50541859058508,258.141470180305,-52.111428148548,"kPa","DE"
"interface-alpha-1","Interfaz: αδ = 1.00",1,"P_r",523,4.51413313331349,258.640776699029,-51.9396550581205,"kPa","DE"
"interface-alpha-1","Interfaz: αδ = 1.00",1,"P_r",524,4.52284767604189,259.140083217753,-51.7748869009866,"kPa","DE"
"interface-alpha-1","Interfaz: αδ = 1.00",1,"P_r",525,4.5315622187703,259.639389736477,-51.6171737279999,"kPa","DE"
"interface-alpha-1","Interfaz: αδ = 1.00",1,"P_r",526,4.5402767614987,260.138696255201,-51.4665634469543,"kPa","DE"
"interface-alpha-1","Interfaz: αδ = 1.00",1,"P_r",527,4.54899130422711,260.638002773925,-51.3231018080317,"kPa","DE"
"interface-alpha-1","Interfaz: αδ = 1.00",1,"P_r",528,4.55770584695551,261.137309292649,-51.1868323899042,"kPa","DE"
"interface-alpha-1","Interfaz: αδ = 1.00",1,"P_r",529,4.56642038968392,261.636615811373,-51.0577965864965,"kPa","DE"
"interface-alpha-1","Interfaz: αδ = 1.00",1,"P_r",530,4.57513493241232,262.135922330097,-50.9360335944121,"kPa","DE"
"interface-alpha-1","Interfaz: αδ = 1.00",1,"P_r",531,4.58384947514072,262.635228848821,-50.8215804010264,"kPa","DE"
"interface-alpha-1","Interfaz: αδ = 1.00",1,"P_r",532,4.59256401786913,263.134535367545,-50.7144717732515,"kPa","DE"
"interface-alpha-1","Interfaz: αδ = 1.00",1,"P_r",533,4.60127856059753,263.633841886269,-50.6147402469751,"kPa","DE"
"interface-alpha-1","Interfaz: αδ = 1.00",1,"P_r",534,4.60999310332594,264.133148404993,-50.5224161171772,"kPa","DE"
"interface-alpha-1","Interfaz: αδ = 1.00",1,"P_r",535,4.61870764605434,264.632454923717,-50.4375274287276,"kPa","DE"
"interface-alpha-1","Interfaz: αδ = 1.00",1,"P_r",536,4.62742218878275,265.131761442441,-50.3600999678666,"kPa","DE"
"interface-alpha-1","Interfaz: αδ = 1.00",1,"P_r",537,4.63613673151115,265.631067961165,-50.2901572543726,"kPa","DE"
"interface-alpha-1","Interfaz: αδ = 1.00",1,"P_r",538,4.64485127423955,266.130374479889,-50.227720534417,"kPa","DE"
"interface-alpha-1","Interfaz: αδ = 1.00",1,"P_r",539,4.65356581696796,266.629680998613,-50.1728087741105,"kPa","DE"
"interface-alpha-1","Interfaz: αδ = 1.00",1,"P_r",540,4.66228035969636,267.128987517337,-50.1254386537423,"kPa","DE"
"interface-alpha-1","Interfaz: αδ = 1.00",1,"P_r",541,4.67099490242477,267.628294036061,-50.0856245627126,"kPa","DE"
"interface-alpha-1","Interfaz: αδ = 1.00",1,"P_r",542,4.67970944515317,268.127600554785,-50.0533785951619,"kPa","DE"
"interface-alpha-1","Interfaz: αδ = 1.00",1,"P_r",543,4.68842398788158,268.626907073509,-50.028710546297,"kPa","DE"
"interface-alpha-1","Interfaz: αδ = 1.00",1,"P_r",544,4.69713853060998,269.126213592233,-50.0116279094162,"kPa","DE"
"interface-alpha-1","Interfaz: αδ = 1.00",1,"P_r",545,4.70585307333839,269.625520110957,-50.0021358736322,"kPa","DE"
"interface-alpha-1","Interfaz: αδ = 1.00",1,"P_r",546,4.71238898038469,270,-50,"kPa","DE"
"interface-alpha-1","Interfaz: αδ = 1.00",1,"P_r",547,4.71456761606679,270.124826629681,-50.0002373222963,"kPa","DE"
"interface-alpha-1","Interfaz: αδ = 1.00",1,"P_r",548,4.7232821587952,270.624133148405,-50.0059328321227,"kPa","DE"
"interface-alpha-1","Interfaz: αδ = 1.00",1,"P_r",549,4.7319967015236,271.123439667129,-50.0192206730129,"kPa","DE"
"interface-alpha-1","Interfaz: αδ = 1.00",1,"P_r",550,4.740711244252,271.622746185853,-50.0400968085815,"kPa","DE"
"interface-alpha-1","Interfaz: αδ = 1.00",1,"P_r",551,4.74942578698041,272.122052704577,-50.0685548973824,"kPa","DE"
"interface-alpha-1","Interfaz: αδ = 1.00",1,"P_r",552,4.75814032970881,272.621359223301,-50.1045862948348,"kPa","DE"
"interface-alpha-1","Interfaz: αδ = 1.00",1,"P_r",553,4.76685487243722,273.120665742025,-50.1481800558493,"kPa","DE"
"interface-alpha-1","Interfaz: αδ = 1.00",1,"P_r",554,4.77556941516562,273.619972260749,-50.1993229381528,"kPa","DE"
"interface-alpha-1","Interfaz: αδ = 1.00",1,"P_r",555,4.78428395789403,274.119278779473,-50.2579994063107,"kPa","DE"
"interface-alpha-1","Interfaz: αδ = 1.00",1,"P_r",556,4.79299850062243,274.618585298197,-50.3241916364464,"kPa","DE"
"interface-alpha-1","Interfaz: αδ = 1.00",1,"P_r",557,4.80171304335083,275.117891816921,-50.3978795216551,"kPa","DE"
"interface-alpha-1","Interfaz: αδ = 1.00",1,"P_r",558,4.81042758607924,275.617198335645,-50.4790406781121,"kPa","DE"
"interface-alpha-1","Interfaz: αδ = 1.00",1,"P_r",559,4.81914212880764,276.116504854369,-50.5676504518719,"kPa","DE"
"interface-alpha-1","Interfaz: αδ = 1.00",1,"P_r",560,4.82785667153605,276.615811373093,-50.6636819263573,"kPa","DE"
"interface-alpha-1","Interfaz: αδ = 1.00",1,"P_r",561,4.83657121426445,277.115117891817,-50.7671059305359,"kPa","DE"
"interface-alpha-1","Interfaz: αδ = 1.00",1,"P_r",562,4.84528575699286,277.614424410541,-50.8778910477807,"kPa","DE"
"interface-alpha-1","Interfaz: αδ = 1.00",1,"P_r",563,4.85400029972126,278.113730929265,-50.9960036254142,"kPa","DE"
"interface-alpha-1","Interfaz: αδ = 1.00",1,"P_r",564,4.86271484244967,278.613037447989,-51.1214077849302,"kPa","DE"
"interface-alpha-1","Interfaz: αδ = 1.00",1,"P_r",565,4.87142938517807,279.112343966713,-51.2540654328927,"kPa","DE"
"interface-alpha-1","Interfaz: αδ = 1.00",1,"P_r",566,4.88014392790647,279.611650485437,-51.3939362725075,"kPa","DE"
"interface-alpha-1","Interfaz: αδ = 1.00",1,"P_r",567,4.88885847063488,280.110957004161,-51.540977815863,"kPa","DE"
"interface-alpha-1","Interfaz: αδ = 1.00",1,"P_r",568,4.89757301336328,280.610263522885,-51.695145396836,"kPa","DE"
"interface-alpha-1","Interfaz: αδ = 1.00",1,"P_r",569,4.90628755609169,281.109570041609,-51.8563921846606,"kPa","DE"
"interface-alpha-1","Interfaz: αδ = 1.00",1,"P_r",570,4.91500209882009,281.608876560333,-52.0246691981528,"kPa","DE"
"interface-alpha-1","Interfaz: αδ = 1.00",1,"P_r",571,4.9237166415485,282.108183079057,-52.1999253205904,"kPa","DE"
"interface-alpha-1","Interfaz: αδ = 1.00",1,"P_r",572,4.9324311842769,282.607489597781,-52.3821073152392,"kPa","DE"
"interface-alpha-1","Interfaz: αδ = 1.00",1,"P_r",573,4.94114572700531,283.106796116505,-52.5711598415256,"kPa","DE"
"interface-alpha-1","Interfaz: αδ = 1.00",1,"P_r",574,4.94986026973371,283.606102635229,-52.7670254718466,"kPa","DE"
"interface-alpha-1","Interfaz: αδ = 1.00",1,"P_r",575,4.95857481246211,284.105409153953,-52.9696447090142,"kPa","DE"
"interface-alpha-1","Interfaz: αδ = 1.00",1,"P_r",576,4.96728935519052,284.604715672677,-53.1789560043291,"kPa","DE"
"interface-alpha-1","Interfaz: αδ = 1.00",1,"P_r",577,4.97600389791892,285.104022191401,-53.3948957762764,"kPa","DE"
"interface-alpha-1","Interfaz: αδ = 1.00",1,"P_r",578,4.98471844064733,285.603328710125,-53.6173984298401,"kPa","DE"
"interface-alpha-1","Interfaz: αδ = 1.00",1,"P_r",579,4.99343298337573,286.102635228849,-53.8463963764283,"kPa","DE"
"interface-alpha-1","Interfaz: αδ = 1.00",1,"P_r",580,5.00214752610414,286.601941747573,-54.081820054404,"kPa","DE"
"interface-alpha-1","Interfaz: αδ = 1.00",1,"P_r",581,5.01086206883254,287.101248266297,-54.3235979502159,"kPa","DE"
"interface-alpha-1","Interfaz: αδ = 1.00",1,"P_r",582,5.01957661156095,287.600554785021,-54.5716566201218,"kPa","DE"
"interface-alpha-1","Interfaz: αδ = 1.00",1,"P_r",583,5.02829115428935,288.099861303745,-54.825920712498,"kPa","DE"
"interface-alpha-1","Interfaz: αδ = 1.00",1,"P_r",584,5.03700569701775,288.599167822469,-55.0863129907284,"kPa","DE"
"interface-alpha-1","Interfaz: αδ = 1.00",1,"P_r",585,5.04572023974616,289.098474341193,-55.3527543566667,"kPa","DE"
"interface-alpha-1","Interfaz: αδ = 1.00",1,"P_r",586,5.05443478247456,289.597780859917,-55.6251638746634,"kPa","DE"
"interface-alpha-1","Interfaz: αδ = 1.00",1,"P_r",587,5.06314932520297,290.097087378641,-55.9034587961514,"kPa","DE"
"interface-alpha-1","Interfaz: αδ = 1.00",1,"P_r",588,5.07186386793137,290.596393897365,-56.1875545847819,"kPa","DE"
"interface-alpha-1","Interfaz: αδ = 1.00",1,"P_r",589,5.08057841065978,291.095700416089,-56.4773649421041,"kPa","DE"
"interface-alpha-1","Interfaz: αδ = 1.00",1,"P_r",590,5.08929295338818,291.595006934813,-56.7728018337789,"kPa","DE"
"interface-alpha-1","Interfaz: αδ = 1.00",1,"P_r",591,5.09800749611659,292.094313453537,-57.0737755163216,"kPa","DE"
"interface-alpha-1","Interfaz: αδ = 1.00",1,"P_r",592,5.10672203884499,292.593619972261,-57.380194564362,"kPa","DE"
"interface-alpha-1","Interfaz: αδ = 1.00",1,"P_r",593,5.11543658157339,293.092926490985,-57.6919658984168,"kPa","DE"
"interface-alpha-1","Interfaz: αδ = 1.00",1,"P_r",594,5.1241511243018,293.592233009709,-58.008994813164,"kPa","DE"
"interface-alpha-1","Interfaz: αδ = 1.00",1,"P_r",595,5.1328656670302,294.091539528433,-58.3311850062104,"kPa","DE"
"interface-alpha-1","Interfaz: αδ = 1.00",1,"P_r",596,5.14158020975861,294.590846047157,-58.6584386073459,"kPa","DE"
"interface-alpha-1","Interfaz: αδ = 1.00",1,"P_r",597,5.15029475248701,295.090152565881,-58.9906562082722,"kPa","DE"
"interface-alpha-1","Interfaz: αδ = 1.00",1,"P_r",598,5.15900929521542,295.589459084605,-59.3277368928001,"kPa","DE"
"interface-alpha-1","Interfaz: αδ = 1.00",1,"P_r",599,5.16772383794382,296.088765603329,-59.6695782675041,"kPa","DE"
"interface-alpha-1","Interfaz: αδ = 1.00",1,"P_r",600,5.17643838067223,296.588072122053,-60.0160764928264,"kPa","DE"
"interface-alpha-1","Interfaz: αδ = 1.00",1,"P_r",601,5.18515292340063,297.087378640777,-60.3671263146189,"kPa","DE"
"interface-alpha-1","Interfaz: αδ = 1.00",1,"P_r",602,5.19386746612903,297.586685159501,-60.7226210961169,"kPa","DE"
"interface-alpha-1","Interfaz: αδ = 1.00",1,"P_r",603,5.20258200885744,298.085991678225,-61.0824528503306,"kPa","DE"
"interface-alpha-1","Interfaz: αδ = 1.00",1,"P_r",604,5.21129655158584,298.585298196949,-61.4465122728484,"kPa","DE"
"interface-alpha-1","Interfaz: αδ = 1.00",1,"P_r",605,5.22001109431425,299.084604715673,-61.8146887750397,"kPa","DE"
"interface-alpha-1","Interfaz: αδ = 1.00",1,"P_r",606,5.22872563704265,299.583911234397,-62.1868705176477,"kPa","DE"
"interface-alpha-1","Interfaz: αδ = 1.00",1,"P_r",607,5.23744017977106,300.083217753121,-62.5629444447625,"kPa","DE"
"interface-alpha-1","Interfaz: αδ = 1.00",1,"P_r",608,5.24615472249946,300.582524271845,-62.9427963181636,"kPa","DE"
"interface-alpha-1","Interfaz: αδ = 1.00",1,"P_r",609,5.25486926522786,301.081830790569,-63.3263107520212,"kPa","DE"
"interface-alpha-1","Interfaz: αδ = 1.00",1,"P_r",610,5.26358380795627,301.581137309293,-63.7133712479466,"kPa","DE"
"interface-alpha-1","Interfaz: αδ = 1.00",1,"P_r",611,5.27229835068467,302.080443828017,-64.1038602303807,"kPa","DE"
"interface-alpha-1","Interfaz: αδ = 1.00",1,"P_r",612,5.28101289341308,302.579750346741,-64.4976590823088,"kPa","DE"
"interface-alpha-1","Interfaz: αδ = 1.00",1,"P_r",613,5.28972743614148,303.079056865465,-64.8946481812925,"kPa","DE"
"interface-alpha-1","Interfaz: αδ = 1.00",1,"P_r",614,5.29844197886989,303.578363384189,-65.2947069358073,"kPa","DE"
"interface-alpha-1","Interfaz: αδ = 1.00",1,"P_r",615,5.30715652159829,304.077669902913,-65.6977138218734,"kPa","DE"
"interface-alpha-1","Interfaz: αδ = 1.00",1,"P_r",616,5.3158710643267,304.576976421637,-66.1035464199711,"kPa","DE"
"interface-alpha-1","Interfaz: αδ = 1.00",1,"P_r",617,5.3245856070551,305.076282940361,-66.5120814522273,"kPa","DE"
"interface-alpha-1","Interfaz: αδ = 1.00",1,"P_r",618,5.3333001497835,305.575589459085,-66.923194819863,"kPa","DE"
"interface-alpha-1","Interfaz: αδ = 1.00",1,"P_r",619,5.34201469251191,306.074895977809,-67.3367616408904,"kPa","DE"
"interface-alpha-1","Interfaz: αδ = 1.00",1,"P_r",620,5.35072923524031,306.574202496533,-67.7526562880476,"kPa","DE"
"interface-alpha-1","Interfaz: αδ = 1.00",1,"P_r",621,5.35944377796872,307.073509015257,-68.1707524269599,"kPa","DE"
"interface-alpha-1","Interfaz: αδ = 1.00",1,"P_r",622,5.36815832069712,307.572815533981,-68.5909230545155,"kPa","DE"
"interface-alpha-1","Interfaz: αδ = 1.00",1,"P_r",623,5.37687286342553,308.072122052705,-69.0130405374451,"kPa","DE"
"interface-alpha-1","Interfaz: αδ = 1.00",1,"P_r",624,5.38558740615393,308.571428571429,-69.4369766510921,"kPa","DE"
"interface-alpha-1","Interfaz: αδ = 1.00",1,"P_r",625,5.39430194888234,309.070735090153,-69.8626026183631,"kPa","DE"
"interface-alpha-1","Interfaz: αδ = 1.00",1,"P_r",626,5.40301649161074,309.570041608877,-70.2897891488456,"kPa","DE"
"interface-alpha-1","Interfaz: αδ = 1.00",1,"P_r",627,5.41173103433914,310.069348127601,-70.7184064780821,"kPa","DE"
"interface-alpha-1","Interfaz: αδ = 1.00",1,"P_r",628,5.42044557706755,310.568654646325,-71.1483244069882,"kPa","DE"
"interface-alpha-1","Interfaz: αδ = 1.00",1,"P_r",629,5.42916011979595,311.067961165049,-71.5794123414022,"kPa","DE"
"interface-alpha-1","Interfaz: αδ = 1.00",1,"P_r",630,5.43787466252436,311.567267683773,-72.0115393317555,"kPa","DE"
"interface-alpha-1","Interfaz: αδ = 1.00",1,"P_r",631,5.44658920525276,312.066574202496,-72.4445741128502,"kPa","DE"
"interface-alpha-1","Interfaz: αδ = 1.00",1,"P_r",632,5.45530374798117,312.565880721221,-72.878385143733,"kPa","DE"
"interface-alpha-1","Interfaz: αδ = 1.00",1,"P_r",633,5.46401829070957,313.065187239944,-73.312840647653,"kPa","DE"
"interface-alpha-1","Interfaz: αδ = 1.00",1,"P_r",634,5.47273283343798,313.564493758669,-73.7478086520906,"kPa","DE"
"interface-alpha-1","Interfaz: αδ = 1.00",1,"P_r",635,5.48144737616638,314.063800277393,-74.1831570288464,"kPa","DE"
"interface-alpha-1","Interfaz: αδ = 1.00",1,"P_r",636,5.49016191889478,314.563106796117,-74.6187535341769,"kPa","DE"
"interface-alpha-1","Interfaz: αδ = 1.00",1,"P_r",637,5.49778714378214,315,-75,"kPa","DE"
"interface-alpha-1","Interfaz: αδ = 1.00",1,"P_r",638,5.49887646162319,315.06241331484,-75.0544658489659,"kPa","DE"
"interface-alpha-1","Interfaz: αδ = 1.00",1,"P_r",639,5.50759100435159,315.561719833564,-75.4901616189184,"kPa","DE"
"interface-alpha-1","Interfaz: αδ = 1.00",1,"P_r",640,5.51630554708,316.061026352288,-75.9257084947648,"kPa","DE"
"interface-alpha-1","Interfaz: αδ = 1.00",1,"P_r",641,5.5250200898084,316.560332871013,-76.3609741724649,"kPa","DE"
"interface-alpha-1","Interfaz: αδ = 1.00",1,"P_r",642,5.53373463253681,317.059639389736,-76.7958264333961,"kPa","DE"
"interface-alpha-1","Interfaz: αδ = 1.00",1,"P_r",643,5.54244917526521,317.55894590846,-77.230133184518,"kPa","DE"
"interface-alpha-1","Interfaz: αδ = 1.00",1,"P_r",644,5.55116371799361,318.058252427184,-77.6637624984969,"kPa","DE"
"interface-alpha-1","Interfaz: αδ = 1.00",1,"P_r",645,5.55987826072202,318.557558945908,-78.0965826537812,"kPa","DE"
"interface-alpha-1","Interfaz: αδ = 1.00",1,"P_r",646,5.56859280345042,319.056865464632,-78.5284621746134,"kPa","DE"
"interface-alpha-1","Interfaz: αδ = 1.00",1,"P_r",647,5.57730734617883,319.556171983356,-78.9592698709684,"kPa","DE"
"interface-alpha-1","Interfaz: αδ = 1.00",1,"P_r",648,5.58602188890723,320.05547850208,-79.3888748784042,"kPa","DE"
"interface-alpha-1","Interfaz: αδ = 1.00",1,"P_r",649,5.59473643163564,320.554785020804,-79.8171466978136,"kPa","DE"
"interface-alpha-1","Interfaz: αδ = 1.00",1,"P_r",650,5.60345097436404,321.054091539528,-80.2439552350663,"kPa","DE"
"interface-alpha-1","Interfaz: αδ = 1.00",1,"P_r",651,5.61216551709245,321.553398058252,-80.669170840526,"kPa","DE"
"interface-alpha-1","Interfaz: αδ = 1.00",1,"P_r",652,5.62088005982085,322.052704576976,-81.0926643484339,"kPa","DE"
"interface-alpha-1","Interfaz: αδ = 1.00",1,"P_r",653,5.62959460254925,322.5520110957,-81.5143071161448,"kPa","DE"
"interface-alpha-1","Interfaz: αδ = 1.00",1,"P_r",654,5.63830914527766,323.051317614424,-81.9339710632042,"kPa","DE"
"interface-alpha-1","Interfaz: αδ = 1.00",1,"P_r",655,5.64702368800606,323.550624133148,-82.3515287102547,"kPa","DE"
"interface-alpha-1","Interfaz: αδ = 1.00",1,"P_r",656,5.65573823073447,324.049930651872,-82.7668532177597,"kPa","DE"
"interface-alpha-1","Interfaz: αδ = 1.00",1,"P_r",657,5.66445277346287,324.549237170596,-83.1798184245332,"kPa","DE"
"interface-alpha-1","Interfaz: αδ = 1.00",1,"P_r",658,5.67316731619128,325.04854368932,-83.5902988860628,"kPa","DE"
"interface-alpha-1","Interfaz: αδ = 1.00",1,"P_r",659,5.68188185891968,325.547850208044,-83.9981699126156,"kPa","DE"
"interface-alpha-1","Interfaz: αδ = 1.00",1,"P_r",660,5.69059640164809,326.047156726768,-84.4033076071147,"kPa","DE"
"interface-alpha-1","Interfaz: αδ = 1.00",1,"P_r",661,5.69931094437649,326.546463245492,-84.8055889027743,"kPa","DE"
"interface-alpha-1","Interfaz: αδ = 1.00",1,"P_r",662,5.70802548710489,327.045769764216,-85.2048916004841,"kPa","DE"
"interface-alpha-1","Interfaz: αδ = 1.00",1,"P_r",663,5.7167400298333,327.54507628294,-85.6010944059282,"kPa","DE"
"interface-alpha-1","Interfaz: αδ = 1.00",1,"P_r",664,5.7254545725617,328.044382801664,-85.9940769664307,"kPa","DE"
"interface-alpha-1","Interfaz: αδ = 1.00",1,"P_r",665,5.73416911529011,328.543689320388,-86.3837199075143,"kPa","DE"
"interface-alpha-1","Interfaz: αδ = 1.00",1,"P_r",666,5.74288365801851,329.042995839112,-86.7699048691624,"kPa","DE"
"interface-alpha-1","Interfaz: αδ = 1.00",1,"P_r",667,5.75159820074692,329.542302357836,-87.1525145417726,"kPa","DE"
"interface-alpha-1","Interfaz: αδ = 1.00",1,"P_r",668,5.76031274347532,330.04160887656,-87.5314327017916,"kPa","DE"
"interface-alpha-1","Interfaz: αδ = 1.00",1,"P_r",669,5.76902728620373,330.540915395284,-87.9065442470192,"kPa","DE"
"interface-alpha-1","Interfaz: αδ = 1.00",1,"P_r",670,5.77774182893213,331.040221914008,-88.2777352315732,"kPa","DE"
"interface-alpha-1","Interfaz: αδ = 1.00",1,"P_r",671,5.78645637166053,331.539528432732,-88.6448929005015,"kPa","DE"
"interface-alpha-1","Interfaz: αδ = 1.00",1,"P_r",672,5.79517091438894,332.038834951456,-89.0079057240338,"kPa","DE"
"interface-alpha-1","Interfaz: αδ = 1.00",1,"P_r",673,5.80388545711734,332.53814147018,-89.3666634314597,"kPa","DE"
"interface-alpha-1","Interfaz: αδ = 1.00",1,"P_r",674,5.81259999984575,333.037447988904,-89.7210570446259,"kPa","DE"
"interface-alpha-1","Interfaz: αδ = 1.00",1,"P_r",675,5.82131454257415,333.536754507628,-90.0709789110396,"kPa","DE"
"interface-alpha-1","Interfaz: αδ = 1.00",1,"P_r",676,5.83002908530256,334.036061026352,-90.4163227365693,"kPa","DE"
"interface-alpha-1","Interfaz: αδ = 1.00",1,"P_r",677,5.83874362803096,334.535367545076,-90.756983617734,"kPa","DE"
"interface-alpha-1","Interfaz: αδ = 1.00",1,"P_r",678,5.84745817075936,335.0346740638,-91.0928580735687,"kPa","DE"
"interface-alpha-1","Interfaz: αδ = 1.00",1,"P_r",679,5.85617271348777,335.533980582524,-91.4238440770585,"kPa","DE"
"interface-alpha-1","Interfaz: αδ = 1.00",1,"P_r",680,5.86488725621617,336.033287101248,-91.7498410861305,"kPa","DE"
"interface-alpha-1","Interfaz: αδ = 1.00",1,"P_r",681,5.87360179894458,336.532593619972,-92.070750074196,"kPa","DE"
"interface-alpha-1","Interfaz: αδ = 1.00",1,"P_r",682,5.88231634167298,337.031900138696,-92.3864735602301,"kPa","DE"
"interface-alpha-1","Interfaz: αδ = 1.00",1,"P_r",683,5.89103088440139,337.53120665742,-92.6969156383838,"kPa","DE"
"interface-alpha-1","Interfaz: αδ = 1.00",1,"P_r",684,5.89974542712979,338.030513176144,-93.0019820071169,"kPa","DE"
"interface-alpha-1","Interfaz: αδ = 1.00",1,"P_r",685,5.9084599698582,338.529819694868,-93.3015799978431,"kPa","DE"
"interface-alpha-1","Interfaz: αδ = 1.00",1,"P_r",686,5.9171745125866,339.029126213592,-93.5956186030799,"kPa","DE"
"interface-alpha-1","Interfaz: αδ = 1.00",1,"P_r",687,5.925889055315,339.528432732316,-93.8840085040933,"kPa","DE"
"interface-alpha-1","Interfaz: αδ = 1.00",1,"P_r",688,5.93460359804341,340.02773925104,-94.1666620980298,"kPa","DE"
"interface-alpha-1","Interfaz: αδ = 1.00",1,"P_r",689,5.94331814077181,340.527045769764,-94.4434935245271,"kPa","DE"
"interface-alpha-1","Interfaz: αδ = 1.00",1,"P_r",690,5.95203268350022,341.026352288488,-94.7144186917957,"kPa","DE"
"interface-alpha-1","Interfaz: αδ = 1.00",1,"P_r",691,5.96074722622862,341.525658807212,-94.9793553021626,"kPa","DE"
"interface-alpha-1","Interfaz: αδ = 1.00",1,"P_r",692,5.96946176895703,342.024965325936,-95.2382228770709,"kPa","DE"
"interface-alpha-1","Interfaz: αδ = 1.00",1,"P_r",693,5.97817631168543,342.52427184466,-95.4909427815263,"kPa","DE"
"interface-alpha-1","Interfaz: αδ = 1.00",1,"P_r",694,5.98689085441384,343.023578363384,-95.7374382479836,"kPa","DE"
"interface-alpha-1","Interfaz: αδ = 1.00",1,"P_r",695,5.99560539714224,343.522884882108,-95.977634399666,"kPa","DE"
"interface-alpha-1","Interfaz: αδ = 1.00",1,"P_r",696,6.00431993987064,344.022191400832,-96.2114582733103,"kPa","DE"
"interface-alpha-1","Interfaz: αδ = 1.00",1,"P_r",697,6.01303448259905,344.521497919556,-96.4388388413302,"kPa","DE"
"interface-alpha-1","Interfaz: αδ = 1.00",1,"P_r",698,6.02174902532745,345.02080443828,-96.6597070333926,"kPa","DE"
"interface-alpha-1","Interfaz: αδ = 1.00",1,"P_r",699,6.03046356805586,345.520110957004,-96.873995757398,"kPa","DE"
"interface-alpha-1","Interfaz: αδ = 1.00",1,"P_r",700,6.03917811078426,346.019417475728,-97.0816399198615,"kPa","DE"
"interface-alpha-1","Interfaz: αδ = 1.00",1,"P_r",701,6.04789265351267,346.518723994452,-97.2825764456856,"kPa","DE"
"interface-alpha-1","Interfaz: αδ = 1.00",1,"P_r",702,6.05660719624107,347.018030513176,-97.4767442973202,"kPa","DE"
"interface-alpha-1","Interfaz: αδ = 1.00",1,"P_r",703,6.06532173896948,347.5173370319,-97.6640844933037,"kPa","DE"
"interface-alpha-1","Interfaz: αδ = 1.00",1,"P_r",704,6.07403628169788,348.016643550624,-97.8445401261797,"kPa","DE"
"interface-alpha-1","Interfaz: αδ = 1.00",1,"P_r",705,6.08275082442628,348.515950069348,-98.0180563797831,"kPa","DE"
"interface-alpha-1","Interfaz: αδ = 1.00",1,"P_r",706,6.09146536715469,349.015256588072,-98.1845805458922,"kPa","DE"
"interface-alpha-1","Interfaz: αδ = 1.00",1,"P_r",707,6.10017990988309,349.514563106796,-98.3440620402384,"kPa","DE"
"interface-alpha-1","Interfaz: αδ = 1.00",1,"P_r",708,6.1088944526115,350.01386962552,-98.496452417873,"kPa","DE"
"interface-alpha-1","Interfaz: αδ = 1.00",1,"P_r",709,6.1176089953399,350.513176144244,-98.6417053878828,"kPa","DE"
"interface-alpha-1","Interfaz: αδ = 1.00",1,"P_r",710,6.12632353806831,351.012482662968,-98.7797768274512,"kPa","DE"
"interface-alpha-1","Interfaz: αδ = 1.00",1,"P_r",711,6.13503808079671,351.511789181692,-98.9106247952619,"kPa","DE"
"interface-alpha-1","Interfaz: αδ = 1.00",1,"P_r",712,6.14375262352512,352.011095700416,-99.0342095442388,"kPa","DE"
"interface-alpha-1","Interfaz: αδ = 1.00",1,"P_r",713,6.15246716625352,352.51040221914,-99.1504935336197,"kPa","DE"
"interface-alpha-1","Interfaz: αδ = 1.00",1,"P_r",714,6.16118170898192,353.009708737864,-99.2594414403603,"kPa","DE"
"interface-alpha-1","Interfaz: αδ = 1.00",1,"P_r",715,6.16989625171033,353.509015256588,-99.3610201698636,"kPa","DE"
"interface-alpha-1","Interfaz: αδ = 1.00",1,"P_r",716,6.17861079443873,354.008321775312,-99.4551988660335,"kPa","DE"
"interface-alpha-1","Interfaz: αδ = 1.00",1,"P_r",717,6.18732533716714,354.507628294036,-99.5419489206471,"kPa","DE"
"interface-alpha-1","Interfaz: αδ = 1.00",1,"P_r",718,6.19603987989554,355.00693481276,-99.6212439820455,"kPa","DE"
"interface-alpha-1","Interfaz: αδ = 1.00",1,"P_r",719,6.20475442262395,355.506241331484,-99.6930599631382,"kPa","DE"
"interface-alpha-1","Interfaz: αδ = 1.00",1,"P_r",720,6.21346896535235,356.005547850208,-99.75737504872,"kPa","DE"
"interface-alpha-1","Interfaz: αδ = 1.00",1,"P_r",721,6.22218350808075,356.504854368932,-99.8141697020977,"kPa","DE"
"interface-alpha-1","Interfaz: αδ = 1.00",1,"P_r",722,6.23089805080916,357.004160887656,-99.8634266710246,"kPa","DE"
"interface-alpha-1","Interfaz: αδ = 1.00",1,"P_r",723,6.23961259353756,357.50346740638,-99.9051309929414,"kPa","DE"
"interface-alpha-1","Interfaz: αδ = 1.00",1,"P_r",724,6.24832713626597,358.002773925104,-99.9392699995208,"kPa","DE"
"interface-alpha-1","Interfaz: αδ = 1.00",1,"P_r",725,6.25704167899437,358.502080443828,-99.9658333205164,"kPa","DE"
"interface-alpha-1","Interfaz: αδ = 1.00",1,"P_r",726,6.26575622172278,359.001386962552,-99.9848128869121,"kPa","DE"
"interface-alpha-1","Interfaz: αδ = 1.00",1,"P_r",727,6.27447076445118,359.500693481276,-99.9962029333737,"kPa","DE"
"interface-alpha-1","Interfaz: αδ = 1.00",1,"P_t",0,0,0,0,"kPa","DE"
"interface-alpha-1","Interfaz: αδ = 1.00",1,"P_t",1,0.00871454272840442,0.499306518723994,0.435705076397275,"kPa","DE"
"interface-alpha-1","Interfaz: αδ = 1.00",1,"P_t",2,0.0174290854568088,0.998613037447989,0.871277800698191,"kPa","DE"
"interface-alpha-1","Interfaz: αδ = 1.00",1,"P_t",3,0.0261436281852133,1.49791955617198,1.30658586101037,"kPa","DE"
"interface-alpha-1","Interfaz: αδ = 1.00",1,"P_t",4,0.0348581709136177,1.99722607489598,1.74149702583717,"kPa","DE"
"interface-alpha-1","Interfaz: αδ = 1.00",1,"P_t",5,0.0435727136420221,2.49653259361997,2.17587918424505,"kPa","DE"
"interface-alpha-1","Interfaz: αδ = 1.00",1,"P_t",6,0.0522872563704265,2.99583911234397,2.60960038599426,"kPa","DE"
"interface-alpha-1","Interfaz: αδ = 1.00",1,"P_t",7,0.0610017990988309,3.49514563106796,3.04252888162079,"kPa","DE"
"interface-alpha-1","Interfaz: αδ = 1.00",1,"P_t",8,0.0697163418272354,3.99445214979196,3.47453316245725,"kPa","DE"
"interface-alpha-1","Interfaz: αδ = 1.00",1,"P_t",9,0.0784308845556398,4.49375866851595,3.90548200058068,"kPa","DE"
"interface-alpha-1","Interfaz: αδ = 1.00",1,"P_t",10,0.0871454272840442,4.99306518723994,4.33524448867499,"kPa","DE"
"interface-alpha-1","Interfaz: αδ = 1.00",1,"P_t",11,0.0958599700124486,5.49237170596394,4.76369007979612,"kPa","DE"
"interface-alpha-1","Interfaz: αδ = 1.00",1,"P_t",12,0.104574512740853,5.99167822468793,5.19068862702767,"kPa","DE"
"interface-alpha-1","Interfaz: αδ = 1.00",1,"P_t",13,0.113289055469257,6.49098474341193,5.61611042301498,"kPa","DE"
"interface-alpha-1","Interfaz: αδ = 1.00",1,"P_t",14,0.122003598197662,6.99029126213592,6.03982623936575,"kPa","DE"
"interface-alpha-1","Interfaz: αδ = 1.00",1,"P_t",15,0.130718140926066,7.48959778085992,6.46170736590517,"kPa","DE"
"interface-alpha-1","Interfaz: αδ = 1.00",1,"P_t",16,0.139432683654471,7.98890429958391,6.88162564977356,"kPa","DE"
"interface-alpha-1","Interfaz: αδ = 1.00",1,"P_t",17,0.148147226382875,8.4882108183079,7.29945353435482,"kPa","DE"
"interface-alpha-1","Interfaz: αδ = 1.00",1,"P_t",18,0.15686176911128,8.9875173370319,7.71506409802365,"kPa","DE"
"interface-alpha-1","Interfaz: αδ = 1.00",1,"P_t",19,0.165576311839684,9.4868238557559,8.1283310927,"kPa","DE"
"interface-alpha-1","Interfaz: αδ = 1.00",1,"P_t",20,0.174290854568088,9.98613037447989,8.5391289821988,"kPa","DE"
"interface-alpha-1","Interfaz: αδ = 1.00",1,"P_t",21,0.183005397296493,10.4854368932039,8.94733298036355,"kPa","DE"
"interface-alpha-1","Interfaz: αδ = 1.00",1,"P_t",22,0.191719940024897,10.9847434119279,9.35281908897198,"kPa","DE"
"interface-alpha-1","Interfaz: αδ = 1.00",1,"P_t",23,0.200434482753302,11.4840499306519,9.75546413540248,"kPa","DE"
"interface-alpha-1","Interfaz: αδ = 1.00",1,"P_t",24,0.209149025481706,11.9833564493759,10.1551458100496,"kPa","DE"
"interface-alpha-1","Interfaz: αδ = 1.00",1,"P_t",25,0.21786356821011,12.4826629680999,10.5517427034775,"kPa","DE"
"interface-alpha-1","Interfaz: αδ = 1.00",1,"P_t",26,0.226578110938515,12.9819694868239,10.9451343432999,"kPa","DE"
"interface-alpha-1","Interfaz: αδ = 1.00",1,"P_t",27,0.235292653666919,13.4812760055479,11.3352012307756,"kPa","DE"
"interface-alpha-1","Interfaz: αδ = 1.00",1,"P_t",28,0.244007196395324,13.9805825242718,11.7218248771076,"kPa","DE"
"interface-alpha-1","Interfaz: αδ = 1.00",1,"P_t",29,0.252721739123728,14.4798890429958,12.1048878394364,"kPa","DE"
"interface-alpha-1","Interfaz: αδ = 1.00",1,"P_t",30,0.261436281852133,14.9791955617198,12.4842737565148,"kPa","DE"
"interface-alpha-1","Interfaz: αδ = 1.00",1,"P_t",31,0.270150824580537,15.4785020804438,12.8598673840546,"kPa","DE"
"interface-alpha-1","Interfaz: αδ = 1.00",1,"P_t",32,0.278865367308941,15.9778085991678,13.2315546297333,"kPa","DE"
"interface-alpha-1","Interfaz: αδ = 1.00",1,"P_t",33,0.287579910037346,16.4771151178918,13.5992225878522,"kPa","DE"
"interface-alpha-1","Interfaz: αδ = 1.00",1,"P_t",34,0.29629445276575,16.9764216366158,13.9627595736325,"kPa","DE"
"interface-alpha-1","Interfaz: αδ = 1.00",1,"P_t",35,0.305008995494155,17.4757281553398,14.3220551571419,"kPa","DE"
"interface-alpha-1","Interfaz: αδ = 1.00",1,"P_t",36,0.313723538222559,17.9750346740638,14.6770001968387,"kPa","DE"
"interface-alpha-1","Interfaz: αδ = 1.00",1,"P_t",37,0.322438080950964,18.4743411927878,15.0274868727258,"kPa","DE"
"interface-alpha-1","Interfaz: αδ = 1.00",1,"P_t",38,0.331152623679368,18.9736477115118,15.3734087191025,"kPa","DE"
"interface-alpha-1","Interfaz: αδ = 1.00",1,"P_t",39,0.339867166407772,19.4729542302358,15.7146606569048,"kPa","DE"
"interface-alpha-1","Interfaz: αδ = 1.00",1,"P_t",40,0.348581709136177,19.9722607489598,16.0511390256252,"kPa","DE"
"interface-alpha-1","Interfaz: αδ = 1.00",1,"P_t",41,0.357296251864581,20.4715672676838,16.382741614801,"kPa","DE"
"interface-alpha-1","Interfaz: αδ = 1.00",1,"P_t",42,0.366010794592986,20.9708737864078,16.7093676950622,"kPa","DE"
"interface-alpha-1","Interfaz: αδ = 1.00",1,"P_t",43,0.37472533732139,21.4701803051318,17.0309180487298,"kPa","DE"
"interface-alpha-1","Interfaz: αδ = 1.00",1,"P_t",44,0.383439880049794,21.9694868238558,17.3472949999543,"kPa","DE"
"interface-alpha-1","Interfaz: αδ = 1.00",1,"P_t",45,0.392154422778199,22.4687933425798,17.6584024443868,"kPa","DE"
"interface-alpha-1","Interfaz: αδ = 1.00",1,"P_t",46,0.400868965506603,22.9680998613037,17.9641458783717,"kPa","DE"
"interface-alpha-1","Interfaz: αδ = 1.00",1,"P_t",47,0.409583508235008,23.4674063800277,18.264432427654,"kPa","DE"
"interface-alpha-1","Interfaz: αδ = 1.00",1,"P_t",48,0.418298050963412,23.9667128987517,18.5591708755907,"kPa","DE"
"interface-alpha-1","Interfaz: αδ = 1.00",1,"P_t",49,0.427012593691816,24.4660194174757,18.8482716908599,"kPa","DE"
"interface-alpha-1","Interfaz: αδ = 1.00",1,"P_t",50,0.435727136420221,24.9653259361997,19.1316470546572,"kPa","DE"
"interface-alpha-1","Interfaz: αδ = 1.00",1,"P_t",51,0.444441679148625,25.4646324549237,19.4092108873715,"kPa","DE"
"interface-alpha-1","Interfaz: αδ = 1.00",1,"P_t",52,0.45315622187703,25.9639389736477,19.6808788747336,"kPa","DE"
"interface-alpha-1","Interfaz: αδ = 1.00",1,"P_t",53,0.461870764605434,26.4632454923717,19.9465684934277,"kPa","DE"
"interface-alpha-1","Interfaz: αδ = 1.00",1,"P_t",54,0.470585307333839,26.9625520110957,20.2061990361589,"kPa","DE"
"interface-alpha-1","Interfaz: αδ = 1.00",1,"P_t",55,0.479299850062243,27.4618585298197,20.4596916361699,"kPa","DE"
"interface-alpha-1","Interfaz: αδ = 1.00",1,"P_t",56,0.488014392790647,27.9611650485437,20.7069692911972,"kPa","DE"
"interface-alpha-1","Interfaz: αδ = 1.00",1,"P_t",57,0.496728935519052,28.4604715672677,20.9479568868623,"kPa","DE"
"interface-alpha-1","Interfaz: αδ = 1.00",1,"P_t",58,0.505443478247456,28.9597780859917,21.1825812194888,"kPa","DE"
"interface-alpha-1","Interfaz: αδ = 1.00",1,"P_t",59,0.514158020975861,29.4590846047157,21.4107710183388,"kPa","DE"
"interface-alpha-1","Interfaz: αδ = 1.00",1,"P_t",60,0.522872563704265,29.9583911234397,21.6324569672626,"kPa","DE"
"interface-alpha-1","Interfaz: αδ = 1.00",1,"P_t",61,0.53158710643267,30.4576976421637,21.8475717257549,"kPa","DE"
"interface-alpha-1","Interfaz: αδ = 1.00",1,"P_t",62,0.540301649161074,30.9570041608877,22.05604994941,"kPa","DE"
"interface-alpha-1","Interfaz: αδ = 1.00",1,"P_t",63,0.549016191889478,31.4563106796117,22.2578283097714,"kPa","DE"
"interface-alpha-1","Interfaz: αδ = 1.00",1,"P_t",64,0.557730734617883,31.9556171983356,22.4528455135691,"kPa","DE"
"interface-alpha-1","Interfaz: αδ = 1.00",1,"P_t",65,0.566445277346287,32.4549237170596,22.6410423213375,"kPa","DE"
"interface-alpha-1","Interfaz: αδ = 1.00",1,"P_t",66,0.575159820074692,32.9542302357836,22.8223615654114,"kPa","DE"
"interface-alpha-1","Interfaz: αδ = 1.00",1,"P_t",67,0.583874362803096,33.4535367545076,22.9967481672907,"kPa","DE"
"interface-alpha-1","Interfaz: αδ = 1.00",1,"P_t",68,0.592588905531501,33.9528432732316,23.1641491543717,"kPa","DE"
"interface-alpha-1","Interfaz: αδ = 1.00",1,"P_t",69,0.601303448259905,34.4521497919556,23.3245136760383,"kPa","DE"
"interface-alpha-1","Interfaz: αδ = 1.00",1,"P_t",70,0.610017990988309,34.9514563106796,23.4777930191087,"kPa","DE"
"interface-alpha-1","Interfaz: αδ = 1.00",1,"P_t",71,0.618732533716714,35.4507628294036,23.6239406226325,"kPa","DE"
"interface-alpha-1","Interfaz: αδ = 1.00",1,"P_t",72,0.627447076445118,35.9500693481276,23.7629120920348,"kPa","DE"
"interface-alpha-1","Interfaz: αδ = 1.00",1,"P_t",73,0.636161619173523,36.4493758668516,23.8946652126013,"kPa","DE"
"interface-alpha-1","Interfaz: αδ = 1.00",1,"P_t",74,0.644876161901927,36.9486823855756,24.0191599623019,"kPa","DE"
"interface-alpha-1","Interfaz: αδ = 1.00",1,"P_t",75,0.653590704630331,37.4479889042996,24.1363585239477,"kPa","DE"
"interface-alpha-1","Interfaz: αδ = 1.00",1,"P_t",76,0.662305247358736,37.9472954230236,24.2462252966791,"kPa","DE"
"interface-alpha-1","Interfaz: αδ = 1.00",1,"P_t",77,0.67101979008714,38.4466019417476,24.3487269067795,"kPa","DE"
"interface-alpha-1","Interfaz: αδ = 1.00",1,"P_t",78,0.679734332815545,38.9459084604716,24.4438322178136,"kPa","DE"
"interface-alpha-1","Interfaz: αδ = 1.00",1,"P_t",79,0.688448875543949,39.4452149791956,24.531512340085,"kPa","DE"
"interface-alpha-1","Interfaz: αδ = 1.00",1,"P_t",80,0.697163418272354,39.9445214979196,24.6117406394126,"kPa","DE"
"interface-alpha-1","Interfaz: αδ = 1.00",1,"P_t",81,0.705877961000758,40.4438280166436,24.6844927452205,"kPa","DE"
"interface-alpha-1","Interfaz: αδ = 1.00",1,"P_t",82,0.714592503729162,40.9431345353675,24.7497465579412,"kPa","DE"
"interface-alpha-1","Interfaz: αδ = 1.00",1,"P_t",83,0.723307046457567,41.4424410540915,24.8074822557288,"kPa","DE"
"interface-alpha-1","Interfaz: αδ = 1.00",1,"P_t",84,0.732021589185971,41.9417475728155,24.8576823004801,"kPa","DE"
"interface-alpha-1","Interfaz: αδ = 1.00",1,"P_t",85,0.740736131914376,42.4410540915395,24.9003314431618,"kPa","DE"
"interface-alpha-1","Interfaz: αδ = 1.00",1,"P_t",86,0.74945067464278,42.9403606102635,24.935416728443,"kPa","DE"
"interface-alpha-1","Interfaz: αδ = 1.00",1,"P_t",87,0.758165217371184,43.4396671289875,24.9629274986305,"kPa","DE"
"interface-alpha-1","Interfaz: αδ = 1.00",1,"P_t",88,0.766879760099589,43.9389736477115,24.9828553969061,"kPa","DE"
"interface-alpha-1","Interfaz: αδ = 1.00",1,"P_t",89,0.775594302827993,44.4382801664355,24.9951943698652,"kPa","DE"
"interface-alpha-1","Interfaz: αδ = 1.00",1,"P_t",90,0.784308845556398,44.9375866851595,24.9999406693555,"kPa","DE"
"interface-alpha-1","Interfaz: αδ = 1.00",1,"P_t",91,0.785398163397448,45,25,"kPa","DE"
"interface-alpha-1","Interfaz: αδ = 1.00",1,"P_t",92,0.793023388284802,45.4368932038835,24.9970928536159,"kPa","DE"
"interface-alpha-1","Interfaz: αδ = 1.00",1,"P_t",93,0.801737931013207,45.9361997226075,24.9866517877141,"kPa","DE"
"interface-alpha-1","Interfaz: αδ = 1.00",1,"P_t",94,0.810452473741611,46.4355062413315,24.9686206432839,"kPa","DE"
"interface-alpha-1","Interfaz: αδ = 1.00",1,"P_t",95,0.819167016470015,46.9348127600555,24.9430048975617,"kPa","DE"
"interface-alpha-1","Interfaz: αδ = 1.00",1,"P_t",96,0.82788155919842,47.4341192787795,24.9098123317232,"kPa","DE"
"interface-alpha-1","Interfaz: αδ = 1.00",1,"P_t",97,0.836596101926824,47.9334257975035,24.8690530285189,"kPa","DE"
"interface-alpha-1","Interfaz: αδ = 1.00",1,"P_t",98,0.845310644655229,48.4327323162275,24.8207393692121,"kPa","DE"
"interface-alpha-1","Interfaz: αδ = 1.00",1,"P_t",99,0.854025187383633,48.9320388349515,24.7648860298175,"kPa","DE"
"interface-alpha-1","Interfaz: αδ = 1.00",1,"P_t",100,0.862739730112038,49.4313453536755,24.7015099766431,"kPa","DE"
"interface-alpha-1","Interfaz: αδ = 1.00",1,"P_t",101,0.871454272840442,49.9306518723995,24.6306304611366,"kPa","DE"
"interface-alpha-1","Interfaz: αδ = 1.00",1,"P_t",102,0.880168815568846,50.4299583911234,24.5522690140375,"kPa","DE"
"interface-alpha-1","Interfaz: αδ = 1.00",1,"P_t",103,0.888883358297251,50.9292649098474,24.4664494388367,"kPa","DE"
"interface-alpha-1","Interfaz: αδ = 1.00",1,"P_t",104,0.897597901025655,51.4285714285714,24.3731978045456,"kPa","DE"
"interface-alpha-1","Interfaz: αδ = 1.00",1,"P_t",105,0.90631244375406,51.9278779472954,24.2725424377778,"kPa","DE"
"interface-alpha-1","Interfaz: αδ = 1.00",1,"P_t",106,0.915026986482464,52.4271844660194,24.164513914144,"kPa","DE"
"interface-alpha-1","Interfaz: αδ = 1.00",1,"P_t",107,0.923741529210868,52.9264909847434,24.0491450489643,"kPa","DE"
"interface-alpha-1","Interfaz: αδ = 1.00",1,"P_t",108,0.932456071939273,53.4257975034674,23.9264708873002,"kPa","DE"
"interface-alpha-1","Interfaz: αδ = 1.00",1,"P_t",109,0.941170614667677,53.9251040221914,23.7965286933089,"kPa","DE"
"interface-alpha-1","Interfaz: αδ = 1.00",1,"P_t",110,0.949885157396082,54.4244105409154,23.6593579389237,"kPa","DE"
"interface-alpha-1","Interfaz: αδ = 1.00",1,"P_t",111,0.958599700124486,54.9237170596394,23.5150002918643,"kPa","DE"
"interface-alpha-1","Interfaz: αδ = 1.00",1,"P_t",112,0.967314242852891,55.4230235783634,23.3634996029788,"kPa","DE"
"interface-alpha-1","Interfaz: αδ = 1.00",1,"P_t",113,0.976028785581295,55.9223300970874,23.2049018929242,"kPa","DE"
"interface-alpha-1","Interfaz: αδ = 1.00",1,"P_t",114,0.984743328309699,56.4216366158114,23.039255338186,"kPa","DE"
"interface-alpha-1","Interfaz: αδ = 1.00",1,"P_t",115,0.993457871038104,56.9209431345354,22.8666102564448,"kPa","DE"
"interface-alpha-1","Interfaz: αδ = 1.00",1,"P_t",116,1.00217241376651,57.4202496532594,22.6870190912907,"kPa","DE"
"interface-alpha-1","Interfaz: αδ = 1.00",1,"P_t",117,1.01088695649491,57.9195561719834,22.5005363962934,"kPa","DE"
"interface-alpha-1","Interfaz: αδ = 1.00",1,"P_t",118,1.01960149922332,58.4188626907073,22.3072188184301,"kPa","DE"
"interface-alpha-1","Interfaz: αδ = 1.00",1,"P_t",119,1.02831604195172,58.9181692094313,22.1071250808789,"kPa","DE"
"interface-alpha-1","Interfaz: αδ = 1.00",1,"P_t",120,1.03703058468013,59.4174757281553,21.9003159651798,"kPa","DE"
"interface-alpha-1","Interfaz: αδ = 1.00",1,"P_t",121,1.04574512740853,59.9167822468793,21.6868542927723,"kPa","DE"
"interface-alpha-1","Interfaz: αδ = 1.00",1,"P_t",122,1.05445967013693,60.4160887656033,21.4668049059117,"kPa","DE"
"interface-alpha-1","Interfaz: αδ = 1.00",1,"P_t",123,1.06317421286534,60.9153952843273,21.2402346479726,"kPa","DE"
"interface-alpha-1","Interfaz: αδ = 1.00",1,"P_t",124,1.07188875559374,61.4147018030513,21.0072123431442,"kPa","DE"
"interface-alpha-1","Interfaz: αδ = 1.00",1,"P_t",125,1.08060329832215,61.9140083217753,20.7678087755239,"kPa","DE"
"interface-alpha-1","Interfaz: αδ = 1.00",1,"P_t",126,1.08931784105055,62.4133148404993,20.5220966676155,"kPa","DE"
"interface-alpha-1","Interfaz: αδ = 1.00",1,"P_t",127,1.09803238377896,62.9126213592233,20.2701506582384,"kPa","DE"
"interface-alpha-1","Interfaz: αδ = 1.00",1,"P_t",128,1.10674692650736,63.4119278779473,20.0120472798554,"kPa","DE"
"interface-alpha-1","Interfaz: αδ = 1.00",1,"P_t",129,1.11546146923577,63.9112343966713,19.7478649353245,"kPa","DE"
"interface-alpha-1","Interfaz: αδ = 1.00",1,"P_t",130,1.12417601196417,64.4105409153953,19.4776838740827,"kPa","DE"
"interface-alpha-1","Interfaz: αδ = 1.00",1,"P_t",131,1.13289055469257,64.9098474341193,19.2015861677692,"kPa","DE"
"interface-alpha-1","Interfaz: αδ = 1.00",1,"P_t",132,1.14160509742098,65.4091539528433,18.9196556852951,"kPa","DE"
"interface-alpha-1","Interfaz: αδ = 1.00",1,"P_t",133,1.15031964014938,65.9084604715673,18.6319780673663,"kPa","DE"
"interface-alpha-1","Interfaz: αδ = 1.00",1,"P_t",134,1.15903418287779,66.4077669902913,18.3386407004694,"kPa","DE"
"interface-alpha-1","Interfaz: αδ = 1.00",1,"P_t",135,1.16774872560619,66.9070735090153,18.0397326903265,"kPa","DE"
"interface-alpha-1","Interfaz: αδ = 1.00",1,"P_t",136,1.1764632683346,67.4063800277392,17.735344834828,"kPa","DE"
"interface-alpha-1","Interfaz: αδ = 1.00",1,"P_t",137,1.185177811063,67.9056865464632,17.4255695964513,"kPa","DE"
"interface-alpha-1","Interfaz: αδ = 1.00",1,"P_t",138,1.19389235379141,68.4049930651872,17.110501074174,"kPa","DE"
"interface-alpha-1","Interfaz: αδ = 1.00",1,"P_t",139,1.20260689651981,68.9042995839112,16.7902349748896,"kPa","DE"
"interface-alpha-1","Interfaz: αδ = 1.00",1,"P_t",140,1.21132143924821,69.4036061026352,16.4648685843356,"kPa","DE"
"interface-alpha-1","Interfaz: αδ = 1.00",1,"P_t",141,1.22003598197662,69.9029126213592,16.134500737541,"kPa","DE"
"interface-alpha-1","Interfaz: αδ = 1.00",1,"P_t",142,1.22875052470502,70.4022191400832,15.7992317888039,"kPa","DE"
"interface-alpha-1","Interfaz: αδ = 1.00",1,"P_t",143,1.23746506743343,70.9015256588072,15.4591635812071,"kPa","DE"
"interface-alpha-1","Interfaz: αδ = 1.00",1,"P_t",144,1.24617961016183,71.4008321775312,15.1143994156819,"kPa","DE"
"interface-alpha-1","Interfaz: αδ = 1.00",1,"P_t",145,1.25489415289024,71.9001386962552,14.765044019629,"kPa","DE"
"interface-alpha-1","Interfaz: αδ = 1.00",1,"P_t",146,1.26360869561864,72.3994452149792,14.4112035151055,"kPa","DE"
"interface-alpha-1","Interfaz: αδ = 1.00",1,"P_t",147,1.27232323834705,72.8987517337032,14.052985386589,"kPa","DE"
"interface-alpha-1","Interfaz: αδ = 1.00",1,"P_t",148,1.28103778107545,73.3980582524272,13.6904984483277,"kPa","DE"
"interface-alpha-1","Interfaz: αδ = 1.00",1,"P_t",149,1.28975232380385,73.8973647711512,13.323852811286,"kPa","DE"
"interface-alpha-1","Interfaz: αδ = 1.00",1,"P_t",150,1.29846686653226,74.3966712898752,12.9531598496968,"kPa","DE"
"interface-alpha-1","Interfaz: αδ = 1.00",1,"P_t",151,1.30718140926066,74.8959778085992,12.5785321672301,"kPa","DE"
"interface-alpha-1","Interfaz: αδ = 1.00",1,"P_t",152,1.31589595198907,75.3952843273232,12.2000835627873,"kPa","DE"
"interface-alpha-1","Interfaz: αδ = 1.00",1,"P_t",153,1.32461049471747,75.8945908460472,11.8179289959339,"kPa","DE"
"interface-alpha-1","Interfaz: αδ = 1.00",1,"P_t",154,1.33332503744588,76.3938973647712,11.4321845519779,"kPa","DE"
"interface-alpha-1","Interfaz: αδ = 1.00",1,"P_t",155,1.34203958017428,76.8932038834951,11.0429674067077,"kPa","DE"
"interface-alpha-1","Interfaz: αδ = 1.00",1,"P_t",156,1.35075412290268,77.3925104022191,10.6503957907979,"kPa","DE"
"interface-alpha-1","Interfaz: αδ = 1.00",1,"P_t",157,1.35946866563109,77.8918169209431,10.254588953895,"kPa","DE"
"interface-alpha-1","Interfaz: αδ = 1.00",1,"P_t",158,1.36818320835949,78.3911234396671,9.85566712839341,"kPa","DE"
"interface-alpha-1","Interfaz: αδ = 1.00",1,"P_t",159,1.3768977510879,78.8904299583911,9.45375149291323,"kPa","DE"
"interface-alpha-1","Interfaz: αδ = 1.00",1,"P_t",160,1.3856122938163,79.3897364771151,9.04896413549012,"kPa","DE"
"interface-alpha-1","Interfaz: αδ = 1.00",1,"P_t",161,1.39432683654471,79.8890429958391,8.64142801648932,"kPa","DE"
"interface-alpha-1","Interfaz: αδ = 1.00",1,"P_t",162,1.40304137927311,80.3883495145631,8.23126693125454,"kPa","DE"
"interface-alpha-1","Interfaz: αδ = 1.00",1,"P_t",163,1.41175592200152,80.8876560332871,7.81860547250324,"kPa","DE"
"interface-alpha-1","Interfaz: αδ = 1.00",1,"P_t",164,1.42047046472992,81.3869625520111,7.40356899247965,"kPa","DE"
"interface-alpha-1","Interfaz: αδ = 1.00",1,"P_t",165,1.42918500745832,81.8862690707351,6.98628356487714,"kPa","DE"
"interface-alpha-1","Interfaz: αδ = 1.00",1,"P_t",166,1.43789955018673,82.3855755894591,6.56687594654135,"kPa","DE"
"interface-alpha-1","Interfaz: αδ = 1.00",1,"P_t",167,1.44661409291513,82.8848821081831,6.14547353896592,"kPa","DE"
"interface-alpha-1","Interfaz: αδ = 1.00",1,"P_t",168,1.45532863564354,83.3841886269071,5.7222043495923,"kPa","DE"
"interface-alpha-1","Interfaz: αδ = 1.00",1,"P_t",169,1.46404317837194,83.8834951456311,5.29719695292553,"kPa","DE"
"interface-alpha-1","Interfaz: αδ = 1.00",1,"P_t",170,1.47275772110035,84.3828016643551,4.87058045147774,"kPa","DE"
"interface-alpha-1","Interfaz: αδ = 1.00",1,"P_t",171,1.48147226382875,84.882108183079,4.44248443655133,"kPa","DE"
"interface-alpha-1","Interfaz: αδ = 1.00",1,"P_t",172,1.49018680655716,85.381414701803,4.01303894887356,"kPa","DE"
"interface-alpha-1","Interfaz: αδ = 1.00",1,"P_t",173,1.49890134928556,85.880721220527,3.58237443909479,"kPa","DE"
"interface-alpha-1","Interfaz: αδ = 1.00",1,"P_t",174,1.50761589201396,86.380027739251,3.15062172816199,"kPa","DE"
"interface-alpha-1","Interfaz: αδ = 1.00",1,"P_t",175,1.51633043474237,86.879334257975,2.71791196757989,"kPa","DE"
"interface-alpha-1","Interfaz: αδ = 1.00",1,"P_t",176,1.52504497747077,87.378640776699,2.28437659957178,"kPa","DE"
"interface-alpha-1","Interfaz: αδ = 1.00",1,"P_t",177,1.53375952019918,87.877947295423,1.85014731715184,"kPa","DE"
"interface-alpha-1","Interfaz: αδ = 1.00",1,"P_t",178,1.54247406292758,88.377253814147,1.41535602412133,"kPa","DE"
"interface-alpha-1","Interfaz: αδ = 1.00",1,"P_t",179,1.55118860565599,88.876560332871,0.980134795000976,"kPa","DE"
"interface-alpha-1","Interfaz: αδ = 1.00",1,"P_t",180,1.55990314838439,89.375866851595,0.544615834911071,"kPa","DE"
"interface-alpha-1","Interfaz: αδ = 1.00",1,"P_t",181,1.5686176911128,89.875173370319,0.108931439412285,"kPa","DE"
"interface-alpha-1","Interfaz: αδ = 1.00",1,"P_t",182,1.5707963267949,90,3.06161699786838e-15,"kPa","DE"
"interface-alpha-1","Interfaz: αδ = 1.00",1,"P_t",183,1.5773322338412,90.374479889043,-0.326786045681142,"kPa","DE"
"interface-alpha-1","Interfaz: αδ = 1.00",1,"P_t",184,1.5860467765696,90.873786407767,-0.762404264503529,"kPa","DE"
"interface-alpha-1","Interfaz: αδ = 1.00",1,"P_t",185,1.59476131929801,91.373092926491,-1.19779089134284,"kPa","DE"
"interface-alpha-1","Interfaz: αδ = 1.00",1,"P_t",186,1.60347586202641,91.872399445215,-1.63281367083666,"kPa","DE"
"interface-alpha-1","Interfaz: αδ = 1.00",1,"P_t",187,1.61219040475482,92.371705963939,-2.06734045814675,"kPa","DE"
"interface-alpha-1","Interfaz: αδ = 1.00",1,"P_t",188,1.62090494748322,92.871012482663,-2.50123925910015,"kPa","DE"
"interface-alpha-1","Interfaz: αδ = 1.00",1,"P_t",189,1.62961949021163,93.370319001387,-2.93437827028436,"kPa","DE"
"interface-alpha-1","Interfaz: αδ = 1.00",1,"P_t",190,1.63833403294003,93.869625520111,-3.36662591908463,"kPa","DE"
"interface-alpha-1","Interfaz: αδ = 1.00",1,"P_t",191,1.64704857566844,94.3689320388349,-3.79785090365127,"kPa","DE"
"interface-alpha-1","Interfaz: αδ = 1.00",1,"P_t",192,1.65576311839684,94.868238557559,-4.22792223278449,"kPa","DE"
"interface-alpha-1","Interfaz: αδ = 1.00",1,"P_t",193,1.66447766112524,95.367545076283,-4.65670926572502,"kPa","DE"
"interface-alpha-1","Interfaz: αδ = 1.00",1,"P_t",194,1.67319220385365,95.8668515950069,-5.08408175183826,"kPa","DE"
"interface-alpha-1","Interfaz: αδ = 1.00",1,"P_t",195,1.68190674658205,96.3661581137309,-5.5099098701799,"kPa","DE"
"interface-alpha-1","Interfaz: αδ = 1.00",1,"P_t",196,1.69062128931046,96.8654646324549,-5.93406426893099,"kPa","DE"
"interface-alpha-1","Interfaz: αδ = 1.00",1,"P_t",197,1.69933583203886,97.3647711511789,-6.35641610469058,"kPa","DE"
"interface-alpha-1","Interfaz: αδ = 1.00",1,"P_t",198,1.70805037476727,97.8640776699029,-6.77683708161387,"kPa","DE"
"interface-alpha-1","Interfaz: αδ = 1.00",1,"P_t",199,1.71676491749567,98.3633841886269,-7.19519949038404,"kPa","DE"
"interface-alpha-1","Interfaz: αδ = 1.00",1,"P_t",200,1.72547946022408,98.8626907073509,-7.61137624700586,"kPa","DE"
"interface-alpha-1","Interfaz: αδ = 1.00",1,"P_t",201,1.73419400295248,99.3619972260749,-8.02524093140948,"kPa","DE"
"interface-alpha-1","Interfaz: αδ = 1.00",1,"P_t",202,1.74290854568088,99.8613037447989,-8.43666782585242,"kPa","DE"
"interface-alpha-1","Interfaz: αδ = 1.00",1,"P_t",203,1.75162308840929,100.360610263523,-8.84553195310828,"kPa","DE"
"interface-alpha-1","Interfaz: αδ = 1.00",1,"P_t",204,1.76033763113769,100.859916782247,-9.25170911443049,"kPa","DE"
"interface-alpha-1","Interfaz: αδ = 1.00",1,"P_t",205,1.7690521738661,101.359223300971,-9.65507592727957,"kPa","DE"
"interface-alpha-1","Interfaz: αδ = 1.00",1,"P_t",206,1.7777667165945,101.858529819695,-10.0555098628024,"kPa","DE"
"interface-alpha-1","Interfaz: αδ = 1.00",1,"P_t",207,1.78648125932291,102.357836338419,-10.4528892830525,"kPa","DE"
"interface-alpha-1","Interfaz: αδ = 1.00",1,"P_t",208,1.79519580205131,102.857142857143,-10.847093477939,"kPa","DE"
"interface-alpha-1","Interfaz: αδ = 1.00",1,"P_t",209,1.80391034477971,103.356449375867,-11.2380027018945,"kPa","DE"
"interface-alpha-1","Interfaz: αδ = 1.00",1,"P_t",210,1.81262488750812,103.855755894591,-11.6254982102496,"kPa","DE"
"interface-alpha-1","Interfaz: αδ = 1.00",1,"P_t",211,1.82133943023652,104.355062413315,-12.0094622953032,"kPa","DE"
"interface-alpha-1","Interfaz: αδ = 1.00",1,"P_t",212,1.83005397296493,104.854368932039,-12.3897783220784,"kPa","DE"
"interface-alpha-1","Interfaz: αδ = 1.00",1,"P_t",213,1.83876851569333,105.353675450763,-12.7663307637517,"kPa","DE"
"interface-alpha-1","Interfaz: αδ = 1.00",1,"P_t",214,1.84748305842174,105.852981969487,-13.1390052367464,"kPa","DE"
"interface-alpha-1","Interfaz: αδ = 1.00",1,"P_t",215,1.85619760115014,106.352288488211,-13.5076885354781,"kPa","DE"
"interface-alpha-1","Interfaz: αδ = 1.00",1,"P_t",216,1.86491214387855,106.851595006935,-13.8722686667429,"kPa","DE"
"interface-alpha-1","Interfaz: αδ = 1.00",1,"P_t",217,1.87362668660695,107.350901525659,-14.2326348837369,"kPa","DE"
"interface-alpha-1","Interfaz: αδ = 1.00",1,"P_t",218,1.88234122933535,107.850208044383,-14.5886777196973,"kPa","DE"
"interface-alpha-1","Interfaz: αδ = 1.00",1,"P_t",219,1.89105577206376,108.349514563107,-14.9402890211544,"kPa","DE"
"interface-alpha-1","Interfaz: αδ = 1.00",1,"P_t",220,1.89977031479216,108.848821081831,-15.2873619807851,"kPa","DE"
"interface-alpha-1","Interfaz: αδ = 1.00",1,"P_t",221,1.90848485752057,109.348127600555,-15.6297911698575,"kPa","DE"
"interface-alpha-1","Interfaz: αδ = 1.00",1,"P_t",222,1.91719940024897,109.847434119279,-15.9674725702556,"kPa","DE"
"interface-alpha-1","Interfaz: αδ = 1.00",1,"P_t",223,1.92591394297738,110.346740638003,-16.3003036060776,"kPa","DE"
"interface-alpha-1","Interfaz: αδ = 1.00",1,"P_t",224,1.93462848570578,110.846047156727,-16.628183174794,"kPa","DE"
"interface-alpha-1","Interfaz: αδ = 1.00",1,"P_t",225,1.94334302843419,111.345353675451,-16.9510116779592,"kPa","DE"
"interface-alpha-1","Interfaz: αδ = 1.00",1,"P_t",226,1.95205757116259,111.844660194175,-17.2686910514666,"kPa","DE"
"interface-alpha-1","Interfaz: αδ = 1.00",1,"P_t",227,1.96077211389099,112.343966712899,-17.5811247953363,"kPa","DE"
"interface-alpha-1","Interfaz: αδ = 1.00",1,"P_t",228,1.9694866566194,112.843273231623,-17.8882180030289,"kPa","DE"
"interface-alpha-1","Interfaz: αδ = 1.00",1,"P_t",229,1.9782011993478,113.342579750347,-18.189877390275,"kPa","DE"
"interface-alpha-1","Interfaz: αδ = 1.00",1,"P_t",230,1.98691574207621,113.841886269071,-18.4860113234111,"kPa","DE"
"interface-alpha-1","Interfaz: αδ = 1.00",1,"P_t",231,1.99563028480461,114.341192787795,-18.7765298472153,"kPa","DE"
"interface-alpha-1","Interfaz: αδ = 1.00",1,"P_t",232,2.00434482753302,114.840499306519,-19.0613447122323,"kPa","DE"
"interface-alpha-1","Interfaz: αδ = 1.00",1,"P_t",233,2.01305937026142,115.339805825243,-19.3403694015806,"kPa","DE"
"interface-alpha-1","Interfaz: αδ = 1.00",1,"P_t",234,2.02177391298983,115.839112343967,-19.6135191572334,"kPa","DE"
"interface-alpha-1","Interfaz: αδ = 1.00",1,"P_t",235,2.03048845571823,116.338418862691,-19.8807110057649,"kPa","DE"
"interface-alpha-1","Interfaz: αδ = 1.00",1,"P_t",236,2.03920299844663,116.837725381415,-20.1418637835551,"kPa","DE"
"interface-alpha-1","Interfaz: αδ = 1.00",1,"P_t",237,2.04791754117504,117.337031900139,-20.3968981614442,"kPa","DE"
"interface-alpha-1","Interfaz: αδ = 1.00",1,"P_t",238,2.05663208390344,117.836338418863,-20.6457366688303,"kPa","DE"
"interface-alpha-1","Interfaz: αδ = 1.00",1,"P_t",239,2.06534662663185,118.335644937587,-20.888303717202,"kPa","DE"
"interface-alpha-1","Interfaz: αδ = 1.00",1,"P_t",240,2.07406116936025,118.834951456311,-21.1245256230997,"kPa","DE"
"interface-alpha-1","Interfaz: αδ = 1.00",1,"P_t",241,2.08277571208866,119.334257975035,-21.3543306304984,"kPa","DE"
"interface-alpha-1","Interfaz: αδ = 1.00",1,"P_t",242,2.09149025481706,119.833564493759,-21.577648932604,"kPa","DE"
"interface-alpha-1","Interfaz: αδ = 1.00",1,"P_t",243,2.10020479754546,120.332871012483,-21.7944126930587,"kPa","DE"
"interface-alpha-1","Interfaz: αδ = 1.00",1,"P_t",244,2.10891934027387,120.832177531207,-22.0045560665474,"kPa","DE"
"interface-alpha-1","Interfaz: αδ = 1.00",1,"P_t",245,2.11763388300227,121.331484049931,-22.2080152187988,"kPa","DE"
"interface-alpha-1","Interfaz: αδ = 1.00",1,"P_t",246,2.12634842573068,121.830790568655,-22.4047283459763,"kPa","DE"
"interface-alpha-1","Interfaz: αδ = 1.00",1,"P_t",247,2.13506296845908,122.330097087379,-22.594635693452,"kPa","DE"
"interface-alpha-1","Interfaz: αδ = 1.00",1,"P_t",248,2.14377751118749,122.829403606103,-22.7776795739578,"kPa","DE"
"interface-alpha-1","Interfaz: αδ = 1.00",1,"P_t",249,2.15249205391589,123.328710124827,-22.9538043851089,"kPa","DE"
"interface-alpha-1","Interfaz: αδ = 1.00",1,"P_t",250,2.1612065966443,123.828016643551,-23.1229566262938,"kPa","DE"
"interface-alpha-1","Interfaz: αδ = 1.00",1,"P_t",251,2.1699211393727,124.327323162275,-23.2850849149262,"kPa","DE"
"interface-alpha-1","Interfaz: αδ = 1.00",1,"P_t",252,2.1786356821011,124.826629680999,-23.440140002053,"kPa","DE"
"interface-alpha-1","Interfaz: αδ = 1.00",1,"P_t",253,2.18735022482951,125.325936199723,-23.5880747873145,"kPa","DE"
"interface-alpha-1","Interfaz: αδ = 1.00",1,"P_t",254,2.19606476755791,125.825242718447,-23.7288443332517,"kPa","DE"
"interface-alpha-1","Interfaz: αδ = 1.00",1,"P_t",255,2.20477931028632,126.324549237171,-23.8624058789571,"kPa","DE"
"interface-alpha-1","Interfaz: αδ = 1.00",1,"P_t",256,2.21349385301472,126.823855755895,-23.9887188530637,"kPa","DE"
"interface-alpha-1","Interfaz: αδ = 1.00",1,"P_t",257,2.22220839574313,127.323162274619,-24.1077448860692,"kPa","DE"
"interface-alpha-1","Interfaz: αδ = 1.00",1,"P_t",258,2.23092293847153,127.822468793343,-24.2194478219913,"kPa","DE"
"interface-alpha-1","Interfaz: αδ = 1.00",1,"P_t",259,2.23963748119994,128.321775312067,-24.323793729351,"kPa","DE"
"interface-alpha-1","Interfaz: αδ = 1.00",1,"P_t",260,2.24835202392834,128.821081830791,-24.4207509114791,"kPa","DE"
"interface-alpha-1","Interfaz: αδ = 1.00",1,"P_t",261,2.25706656665674,129.320388349515,-24.5102899161453,"kPa","DE"
"interface-alpha-1","Interfaz: αδ = 1.00",1,"P_t",262,2.26578110938515,129.819694868239,-24.5923835445042,"kPa","DE"
"interface-alpha-1","Interfaz: αδ = 1.00",1,"P_t",263,2.27449565211355,130.319001386963,-24.6670068593578,"kPa","DE"
"interface-alpha-1","Interfaz: αδ = 1.00",1,"P_t",264,2.28321019484196,130.818307905687,-24.7341371927301,"kPa","DE"
"interface-alpha-1","Interfaz: αδ = 1.00",1,"P_t",265,2.29192473757036,131.317614424411,-24.7937541527533,"kPa","DE"
"interface-alpha-1","Interfaz: αδ = 1.00",1,"P_t",266,2.30063928029877,131.816920943135,-24.8458396298618,"kPa","DE"
"interface-alpha-1","Interfaz: αδ = 1.00",1,"P_t",267,2.30935382302717,132.316227461859,-24.8903778022935,"kPa","DE"
"interface-alpha-1","Interfaz: αδ = 1.00",1,"P_t",268,2.31806836575558,132.815533980583,-24.9273551408958,"kPa","DE"
"interface-alpha-1","Interfaz: αδ = 1.00",1,"P_t",269,2.32678290848398,133.314840499307,-24.9567604132351,"kPa","DE"
"interface-alpha-1","Interfaz: αδ = 1.00",1,"P_t",270,2.33549745121238,133.814147018031,-24.9785846870092,"kPa","DE"
"interface-alpha-1","Interfaz: αδ = 1.00",1,"P_t",271,2.34421199394079,134.313453536755,-24.9928213327605,"kPa","DE"
"interface-alpha-1","Interfaz: αδ = 1.00",1,"P_t",272,2.35292653666919,134.812760055478,-24.9994660258894,"kPa","DE"
"interface-alpha-1","Interfaz: αδ = 1.00",1,"P_t",273,2.35619449019234,135,-25,"kPa","DE"
"interface-alpha-1","Interfaz: αδ = 1.00",1,"P_t",274,2.3616410793976,135.312066574203,-24.9985167479686,"kPa","DE"
"interface-alpha-1","Interfaz: αδ = 1.00",1,"P_t",275,2.370355622126,135.811373092926,-24.9899737873558,"kPa","DE"
"interface-alpha-1","Interfaz: αδ = 1.00",1,"P_t",276,2.37907016485441,136.31067961165,-24.9738397391063,"kPa","DE"
"interface-alpha-1","Interfaz: αδ = 1.00",1,"P_t",277,2.38778470758281,136.809986130374,-24.9501195041845,"kPa","DE"
"interface-alpha-1","Interfaz: αδ = 1.00",1,"P_t",278,2.39649925031122,137.309292649098,-24.9188202879755,"kPa","DE"
"interface-alpha-1","Interfaz: αδ = 1.00",1,"P_t",279,2.40521379303962,137.808599167822,-24.879951598096,"kPa","DE"
"interface-alpha-1","Interfaz: αδ = 1.00",1,"P_t",280,2.41392833576802,138.307905686546,-24.8335252415064,"kPa","DE"
"interface-alpha-1","Interfaz: αδ = 1.00",1,"P_t",281,2.42264287849643,138.80721220527,-24.7795553209242,"kPa","DE"
"interface-alpha-1","Interfaz: αδ = 1.00",1,"P_t",282,2.43135742122483,139.306518723994,-24.7180582305401,"kPa","DE"
"interface-alpha-1","Interfaz: αδ = 1.00",1,"P_t",283,2.44007196395324,139.805825242718,-24.6490526510383,"kPa","DE"
"interface-alpha-1","Interfaz: αδ = 1.00",1,"P_t",284,2.44878650668164,140.305131761442,-24.5725595439211,"kPa","DE"
"interface-alpha-1","Interfaz: αδ = 1.00",1,"P_t",285,2.45750104941005,140.804438280166,-24.4886021451427,"kPa","DE"
"interface-alpha-1","Interfaz: αδ = 1.00",1,"P_t",286,2.46621559213845,141.30374479889,-24.39720595805,"kPa","DE"
"interface-alpha-1","Interfaz: αδ = 1.00",1,"P_t",287,2.47493013486686,141.803051317614,-24.2983987456358,"kPa","DE"
"interface-alpha-1","Interfaz: αδ = 1.00",1,"P_t",288,2.48364467759526,142.302357836338,-24.1922105221058,"kPa","DE"
"interface-alpha-1","Interfaz: αδ = 1.00",1,"P_t",289,2.49235922032366,142.801664355062,-24.0786735437606,"kPa","DE"
"interface-alpha-1","Interfaz: αδ = 1.00",1,"P_t",290,2.50107376305207,143.300970873786,-23.957822299198,"kPa","DE"
"interface-alpha-1","Interfaz: αδ = 1.00",1,"P_t",291,2.50978830578047,143.80027739251,-23.8296934988362,"kPa","DE"
"interface-alpha-1","Interfaz: αδ = 1.00",1,"P_t",292,2.51850284850888,144.299583911234,-23.6943260637625,"kPa","DE"
"interface-alpha-1","Interfaz: αδ = 1.00",1,"P_t",293,2.52721739123728,144.798890429958,-23.5517611139105,"kPa","DE"
"interface-alpha-1","Interfaz: αδ = 1.00",1,"P_t",294,2.53593193396569,145.298196948682,-23.4020419555693,"kPa","DE"
"interface-alpha-1","Interfaz: αδ = 1.00",1,"P_t",295,2.54464647669409,145.797503467406,-23.2452140682284,"kPa","DE"
"interface-alpha-1","Interfaz: αδ = 1.00",1,"P_t",296,2.55336101942249,146.29680998613,-23.0813250907628,"kPa","DE"
"interface-alpha-1","Interfaz: αδ = 1.00",1,"P_t",297,2.5620755621509,146.796116504854,-22.9104248069618,"kPa","DE"
"interface-alpha-1","Interfaz: αδ = 1.00",1,"P_t",298,2.5707901048793,147.295423023578,-22.7325651304066,"kPa","DE"
"interface-alpha-1","Interfaz: αδ = 1.00",1,"P_t",299,2.57950464760771,147.794729542302,-22.5478000887004,"kPa","DE"
"interface-alpha-1","Interfaz: αδ = 1.00",1,"P_t",300,2.58821919033611,148.294036061026,-22.3561858070573,"kPa","DE"
"interface-alpha-1","Interfaz: αδ = 1.00",1,"P_t",301,2.59693373306452,148.79334257975,-22.1577804912527,"kPa","DE"
"interface-alpha-1","Interfaz: αδ = 1.00",1,"P_t",302,2.60564827579292,149.292649098474,-21.9526444099428,"kPa","DE"
"interface-alpha-1","Interfaz: αδ = 1.00",1,"P_t",303,2.61436281852133,149.791955617198,-21.7408398763572,"kPa","DE"
"interface-alpha-1","Interfaz: αδ = 1.00",1,"P_t",304,2.62307736124973,150.291262135922,-21.5224312293699,"kPa","DE"
"interface-alpha-1","Interfaz: αδ = 1.00",1,"P_t",305,2.63179190397813,150.790568654646,-21.2974848139555,"kPa","DE"
"interface-alpha-1","Interfaz: αδ = 1.00",1,"P_t",306,2.64050644670654,151.28987517337,-21.0660689610364,"kPa","DE"
"interface-alpha-1","Interfaz: αδ = 1.00",1,"P_t",307,2.64922098943494,151.789181692094,-20.8282539667253,"kPa","DE"
"interface-alpha-1","Interfaz: αδ = 1.00",1,"P_t",308,2.65793553216335,152.288488210818,-20.5841120709726,"kPa","DE"
"interface-alpha-1","Interfaz: αδ = 1.00",1,"P_t",309,2.66665007489175,152.787794729542,-20.3337174356219,"kPa","DE"
"interface-alpha-1","Interfaz: αδ = 1.00",1,"P_t",310,2.67536461762016,153.287101248266,-20.0771461218821,"kPa","DE"
"interface-alpha-1","Interfaz: αδ = 1.00",1,"P_t",311,2.68407916034856,153.78640776699,-19.8144760672231,"kPa","DE"
"interface-alpha-1","Interfaz: αδ = 1.00",1,"P_t",312,2.69279370307697,154.285714285714,-19.5457870617007,"kPa","DE"
"interface-alpha-1","Interfaz: αδ = 1.00",1,"P_t",313,2.70150824580537,154.785020804438,-19.2711607237195,"kPa","DE"
"interface-alpha-1","Interfaz: αδ = 1.00",1,"P_t",314,2.71022278853377,155.284327323162,-18.9906804752396,"kPa","DE"
"interface-alpha-1","Interfaz: αδ = 1.00",1,"P_t",315,2.71893733126218,155.783633841886,-18.7044315164363,"kPa","DE"
"interface-alpha-1","Interfaz: αδ = 1.00",1,"P_t",316,2.72765187399058,156.28294036061,-18.412500799819,"kPa","DE"
"interface-alpha-1","Interfaz: αδ = 1.00",1,"P_t",317,2.73636641671899,156.782246879334,-18.1149770038183,"kPa","DE"
"interface-alpha-1","Interfaz: αδ = 1.00",1,"P_t",318,2.74508095944739,157.281553398058,-17.8119505058483,"kPa","DE"
"interface-alpha-1","Interfaz: αδ = 1.00",1,"P_t",319,2.7537955021758,157.780859916782,-17.5035133548531,"kPa","DE"
"interface-alpha-1","Interfaz: αδ = 1.00",1,"P_t",320,2.7625100449042,158.280166435506,-17.1897592433457,"kPa","DE"
"interface-alpha-1","Interfaz: αδ = 1.00",1,"P_t",321,2.77122458763261,158.77947295423,-16.8707834789474,"kPa","DE"
"interface-alpha-1","Interfaz: αδ = 1.00",1,"P_t",322,2.77993913036101,159.278779472954,-16.5466829554366,"kPa","DE"
"interface-alpha-1","Interfaz: αδ = 1.00",1,"P_t",323,2.78865367308941,159.778085991678,-16.2175561233157,"kPa","DE"
"interface-alpha-1","Interfaz: αδ = 1.00",1,"P_t",324,2.79736821581782,160.277392510402,-15.8835029599056,"kPa","DE"
"interface-alpha-1","Interfaz: αδ = 1.00",1,"P_t",325,2.80608275854622,160.776699029126,-15.5446249389757,"kPa","DE"
"interface-alpha-1","Interfaz: αδ = 1.00",1,"P_t",326,2.81479730127463,161.27600554785,-15.2010249999199,"kPa","DE"
"interface-alpha-1","Interfaz: αδ = 1.00",1,"P_t",327,2.82351184400303,161.775312066574,-14.8528075164871,"kPa","DE"
"interface-alpha-1","Interfaz: αδ = 1.00",1,"P_t",328,2.83222638673144,162.274618585298,-14.5000782650762,"kPa","DE"
"interface-alpha-1","Interfaz: αδ = 1.00",1,"P_t",329,2.84094092945984,162.773925104022,-14.1429443926046,"kPa","DE"
"interface-alpha-1","Interfaz: αδ = 1.00",1,"P_t",330,2.84965547218825,163.273231622746,-13.7815143839609,"kPa","DE"
"interface-alpha-1","Interfaz: αδ = 1.00",1,"P_t",331,2.85837001491665,163.77253814147,-13.4158980290511,"kPa","DE"
"interface-alpha-1","Interfaz: αδ = 1.00",1,"P_t",332,2.86708455764505,164.271844660194,-13.0462063894479,"kPa","DE"
"interface-alpha-1","Interfaz: αδ = 1.00",1,"P_t",333,2.87579910037346,164.771151178918,-12.6725517646543,"kPa","DE"
"interface-alpha-1","Interfaz: αδ = 1.00",1,"P_t",334,2.88451364310186,165.270457697642,-12.2950476579906,"kPa","DE"
"interface-alpha-1","Interfaz: αδ = 1.00",1,"P_t",335,2.89322818583027,165.769764216366,-11.9138087421165,"kPa","DE"
"interface-alpha-1","Interfaz: αδ = 1.00",1,"P_t",336,2.90194272855867,166.26907073509,-11.5289508241971,"kPa","DE"
"interface-alpha-1","Interfaz: αδ = 1.00",1,"P_t",337,2.91065727128708,166.768377253814,-11.1405908107248,"kPa","DE"
"interface-alpha-1","Interfaz: αδ = 1.00",1,"P_t",338,2.91937181401548,167.267683772538,-10.7488466720074,"kPa","DE"
"interface-alpha-1","Interfaz: αδ = 1.00",1,"P_t",339,2.92808635674389,167.766990291262,-10.3538374063325,"kPa","DE"
"interface-alpha-1","Interfaz: αδ = 1.00",1,"P_t",340,2.93680089947229,168.266296809986,-9.95568300382,"kPa","DE"
"interface-alpha-1","Interfaz: αδ = 1.00",1,"P_t",341,2.94551544220069,168.76560332871,-9.55450440997346,"kPa","DE"
"interface-alpha-1","Interfaz: αδ = 1.00",1,"P_t",342,2.9542299849291,169.264909847434,-9.1504234889409,"kPa","DE"
"interface-alpha-1","Interfaz: αδ = 1.00",1,"P_t",343,2.9629445276575,169.764216366158,-8.74356298649664,"kPa","DE"
"interface-alpha-1","Interfaz: αδ = 1.00",1,"P_t",344,2.97165907038591,170.263522884882,-8.33404649275554,"kPa","DE"
"interface-alpha-1","Interfaz: αδ = 1.00",1,"P_t",345,2.98037361311431,170.762829403606,-7.92199840463046,"kPa","DE"
"interface-alpha-1","Interfaz: αδ = 1.00",1,"P_t",346,2.98908815584272,171.26213592233,-7.50754388804493,"kPa","DE"
"interface-alpha-1","Interfaz: αδ = 1.00",1,"P_t",347,2.99780269857112,171.761442441054,-7.09080883991205,"kPa","DE"
"interface-alpha-1","Interfaz: αδ = 1.00",1,"P_t",348,3.00651724129952,172.260748959778,-6.67191984989118,"kPa","DE"
"interface-alpha-1","Interfaz: αδ = 1.00",1,"P_t",349,3.01523178402793,172.760055478502,-6.25100416193474,"kPa","DE"
"interface-alpha-1","Interfaz: αδ = 1.00",1,"P_t",350,3.02394632675633,173.259361997226,-5.82818963563555,"kPa","DE"
"interface-alpha-1","Interfaz: αδ = 1.00",1,"P_t",351,3.03266086948474,173.75866851595,-5.40360470738782,"kPa","DE"
"interface-alpha-1","Interfaz: αδ = 1.00",1,"P_t",352,3.04137541221314,174.257975034674,-4.97737835137241,"kPa","DE"
"interface-alpha-1","Interfaz: αδ = 1.00",1,"P_t",353,3.05008995494155,174.757281553398,-4.54964004037905,"kPa","DE"
"interface-alpha-1","Interfaz: αδ = 1.00",1,"P_t",354,3.05880449766995,175.256588072122,-4.12051970647697,"kPa","DE"
"interface-alpha-1","Interfaz: αδ = 1.00",1,"P_t",355,3.06751904039836,175.755894590846,-3.6901477015461,"kPa","DE"
"interface-alpha-1","Interfaz: αδ = 1.00",1,"P_t",356,3.07623358312676,176.25520110957,-3.25865475768051,"kPa","DE"
"interface-alpha-1","Interfaz: αδ = 1.00",1,"P_t",357,3.08494812585516,176.754507628294,-2.82617194747676,"kPa","DE"
"interface-alpha-1","Interfaz: αδ = 1.00",1,"P_t",358,3.09366266858357,177.253814147018,-2.39283064421851,"kPa","DE"
"interface-alpha-1","Interfaz: αδ = 1.00",1,"P_t",359,3.10237721131197,177.753120665742,-1.95876248196969,"kPa","DE"
"interface-alpha-1","Interfaz: αδ = 1.00",1,"P_t",360,3.11109175404038,178.252427184466,-1.524099315589,"kPa","DE"
"interface-alpha-1","Interfaz: αδ = 1.00",1,"P_t",361,3.11980629676878,178.75173370319,-1.08897318067655,"kPa","DE"
"interface-alpha-1","Interfaz: αδ = 1.00",1,"P_t",362,3.12852083949719,179.251040221914,-0.653516253466429,"kPa","DE"
"interface-alpha-1","Interfaz: αδ = 1.00",1,"P_t",363,3.13723538222559,179.750346740638,-0.217860810675823,"kPa","DE"
"interface-alpha-1","Interfaz: αδ = 1.00",1,"P_t",364,3.14159265358979,180,-6.12323399573677e-15,"kPa","DE"
"interface-alpha-1","Interfaz: αδ = 1.00",1,"P_t",365,3.145949924954,180.249653259362,0.21786081067581,"kPa","DE"
"interface-alpha-1","Interfaz: αδ = 1.00",1,"P_t",366,3.1546644676824,180.748959778086,0.653516253466417,"kPa","DE"
"interface-alpha-1","Interfaz: αδ = 1.00",1,"P_t",367,3.1633790104108,181.24826629681,1.08897318067656,"kPa","DE"
"interface-alpha-1","Interfaz: αδ = 1.00",1,"P_t",368,3.17209355313921,181.747572815534,1.52409931558896,"kPa","DE"
"interface-alpha-1","Interfaz: αδ = 1.00",1,"P_t",369,3.18080809586761,182.246879334258,1.9587624819697,"kPa","DE"
"interface-alpha-1","Interfaz: αδ = 1.00",1,"P_t",370,3.18952263859602,182.746185852982,2.39283064421847,"kPa","DE"
"interface-alpha-1","Interfaz: αδ = 1.00",1,"P_t",371,3.19823718132442,183.245492371706,2.82617194747677,"kPa","DE"
"interface-alpha-1","Interfaz: αδ = 1.00",1,"P_t",372,3.20695172405283,183.74479889043,3.25865475768049,"kPa","DE"
"interface-alpha-1","Interfaz: αδ = 1.00",1,"P_t",373,3.21566626678123,184.244105409154,3.69014770154609,"kPa","DE"
"interface-alpha-1","Interfaz: αδ = 1.00",1,"P_t",374,3.22438080950963,184.743411927878,4.12051970647695,"kPa","DE"
"interface-alpha-1","Interfaz: αδ = 1.00",1,"P_t",375,3.23309535223804,185.242718446602,4.54964004037904,"kPa","DE"
"interface-alpha-1","Interfaz: αδ = 1.00",1,"P_t",376,3.24180989496644,185.742024965326,4.97737835137237,"kPa","DE"
"interface-alpha-1","Interfaz: αδ = 1.00",1,"P_t",377,3.25052443769485,186.24133148405,5.40360470738781,"kPa","DE"
"interface-alpha-1","Interfaz: αδ = 1.00",1,"P_t",378,3.25923898042325,186.740638002774,5.82818963563556,"kPa","DE"
"interface-alpha-1","Interfaz: αδ = 1.00",1,"P_t",379,3.26795352315166,187.239944521498,6.25100416193471,"kPa","DE"
"interface-alpha-1","Interfaz: αδ = 1.00",1,"P_t",380,3.27666806588006,187.739251040222,6.67191984989119,"kPa","DE"
"interface-alpha-1","Interfaz: αδ = 1.00",1,"P_t",381,3.28538260860847,188.238557558946,7.09080883991204,"kPa","DE"
"interface-alpha-1","Interfaz: αδ = 1.00",1,"P_t",382,3.29409715133687,188.73786407767,7.50754388804494,"kPa","DE"
"interface-alpha-1","Interfaz: αδ = 1.00",1,"P_t",383,3.30281169406527,189.237170596394,7.92199840463045,"kPa","DE"
"interface-alpha-1","Interfaz: αδ = 1.00",1,"P_t",384,3.31152623679368,189.736477115118,8.33404649275552,"kPa","DE"
"interface-alpha-1","Interfaz: αδ = 1.00",1,"P_t",385,3.32024077952208,190.235783633842,8.74356298649661,"kPa","DE"
"interface-alpha-1","Interfaz: αδ = 1.00",1,"P_t",386,3.32895532225049,190.735090152566,9.15042348894088,"kPa","DE"
"interface-alpha-1","Interfaz: αδ = 1.00",1,"P_t",387,3.33766986497889,191.23439667129,9.55450440997343,"kPa","DE"
"interface-alpha-1","Interfaz: αδ = 1.00",1,"P_t",388,3.3463844077073,191.733703190014,9.95568300381997,"kPa","DE"
"interface-alpha-1","Interfaz: αδ = 1.00",1,"P_t",389,3.3550989504357,192.233009708738,10.3538374063325,"kPa","DE"
"interface-alpha-1","Interfaz: αδ = 1.00",1,"P_t",390,3.36381349316411,192.732316227462,10.7488466720074,"kPa","DE"
"interface-alpha-1","Interfaz: αδ = 1.00",1,"P_t",391,3.37252803589251,193.231622746186,11.1405908107248,"kPa","DE"
"interface-alpha-1","Interfaz: αδ = 1.00",1,"P_t",392,3.38124257862091,193.73092926491,11.528950824197,"kPa","DE"
"interface-alpha-1","Interfaz: αδ = 1.00",1,"P_t",393,3.38995712134932,194.230235783634,11.9138087421165,"kPa","DE"
"interface-alpha-1","Interfaz: αδ = 1.00",1,"P_t",394,3.39867166407772,194.729542302358,12.2950476579906,"kPa","DE"
"interface-alpha-1","Interfaz: αδ = 1.00",1,"P_t",395,3.40738620680613,195.228848821082,12.6725517646543,"kPa","DE"
"interface-alpha-1","Interfaz: αδ = 1.00",1,"P_t",396,3.41610074953453,195.728155339806,13.0462063894479,"kPa","DE"
"interface-alpha-1","Interfaz: αδ = 1.00",1,"P_t",397,3.42481529226294,196.22746185853,13.4158980290511,"kPa","DE"
"interface-alpha-1","Interfaz: αδ = 1.00",1,"P_t",398,3.43352983499134,196.726768377254,13.7815143839609,"kPa","DE"
"interface-alpha-1","Interfaz: αδ = 1.00",1,"P_t",399,3.44224437771975,197.226074895978,14.1429443926046,"kPa","DE"
"interface-alpha-1","Interfaz: αδ = 1.00",1,"P_t",400,3.45095892044815,197.725381414702,14.5000782650762,"kPa","DE"
"interface-alpha-1","Interfaz: αδ = 1.00",1,"P_t",401,3.45967346317655,198.224687933426,14.8528075164871,"kPa","DE"
"interface-alpha-1","Interfaz: αδ = 1.00",1,"P_t",402,3.46838800590496,198.72399445215,15.2010249999199,"kPa","DE"
"interface-alpha-1","Interfaz: αδ = 1.00",1,"P_t",403,3.47710254863336,199.223300970874,15.5446249389757,"kPa","DE"
"interface-alpha-1","Interfaz: αδ = 1.00",1,"P_t",404,3.48581709136177,199.722607489598,15.8835029599056,"kPa","DE"
"interface-alpha-1","Interfaz: αδ = 1.00",1,"P_t",405,3.49453163409017,200.221914008322,16.2175561233157,"kPa","DE"
"interface-alpha-1","Interfaz: αδ = 1.00",1,"P_t",406,3.50324617681858,200.721220527046,16.5466829554366,"kPa","DE"
"interface-alpha-1","Interfaz: αδ = 1.00",1,"P_t",407,3.51196071954698,201.22052704577,16.8707834789474,"kPa","DE"
"interface-alpha-1","Interfaz: αδ = 1.00",1,"P_t",408,3.52067526227539,201.719833564494,17.1897592433457,"kPa","DE"
"interface-alpha-1","Interfaz: αδ = 1.00",1,"P_t",409,3.52938980500379,202.219140083218,17.5035133548531,"kPa","DE"
"interface-alpha-1","Interfaz: αδ = 1.00",1,"P_t",410,3.53810434773219,202.718446601942,17.8119505058483,"kPa","DE"
"interface-alpha-1","Interfaz: αδ = 1.00",1,"P_t",411,3.5468188904606,203.217753120666,18.1149770038184,"kPa","DE"
"interface-alpha-1","Interfaz: αδ = 1.00",1,"P_t",412,3.555533433189,203.71705963939,18.412500799819,"kPa","DE"
"interface-alpha-1","Interfaz: αδ = 1.00",1,"P_t",413,3.56424797591741,204.216366158114,18.7044315164363,"kPa","DE"
"interface-alpha-1","Interfaz: αδ = 1.00",1,"P_t",414,3.57296251864581,204.715672676838,18.9906804752396,"kPa","DE"
"interface-alpha-1","Interfaz: αδ = 1.00",1,"P_t",415,3.58167706137422,205.214979195562,19.2711607237195,"kPa","DE"
"interface-alpha-1","Interfaz: αδ = 1.00",1,"P_t",416,3.59039160410262,205.714285714286,19.5457870617007,"kPa","DE"
"interface-alpha-1","Interfaz: αδ = 1.00",1,"P_t",417,3.59910614683103,206.21359223301,19.8144760672231,"kPa","DE"
"interface-alpha-1","Interfaz: αδ = 1.00",1,"P_t",418,3.60782068955943,206.712898751734,20.0771461218821,"kPa","DE"
"interface-alpha-1","Interfaz: αδ = 1.00",1,"P_t",419,3.61653523228783,207.212205270458,20.3337174356219,"kPa","DE"
"interface-alpha-1","Interfaz: αδ = 1.00",1,"P_t",420,3.62524977501624,207.711511789182,20.5841120709726,"kPa","DE"
"interface-alpha-1","Interfaz: αδ = 1.00",1,"P_t",421,3.63396431774464,208.210818307906,20.8282539667253,"kPa","DE"
"interface-alpha-1","Interfaz: αδ = 1.00",1,"P_t",422,3.64267886047305,208.71012482663,21.0660689610364,"kPa","DE"
"interface-alpha-1","Interfaz: αδ = 1.00",1,"P_t",423,3.65139340320145,209.209431345354,21.2974848139555,"kPa","DE"
"interface-alpha-1","Interfaz: αδ = 1.00",1,"P_t",424,3.66010794592986,209.708737864078,21.5224312293699,"kPa","DE"
"interface-alpha-1","Interfaz: αδ = 1.00",1,"P_t",425,3.66882248865826,210.208044382802,21.7408398763572,"kPa","DE"
"interface-alpha-1","Interfaz: αδ = 1.00",1,"P_t",426,3.67753703138666,210.707350901526,21.9526444099428,"kPa","DE"
"interface-alpha-1","Interfaz: αδ = 1.00",1,"P_t",427,3.68625157411507,211.20665742025,22.1577804912527,"kPa","DE"
"interface-alpha-1","Interfaz: αδ = 1.00",1,"P_t",428,3.69496611684347,211.705963938974,22.3561858070573,"kPa","DE"
"interface-alpha-1","Interfaz: αδ = 1.00",1,"P_t",429,3.70368065957188,212.205270457698,22.5478000887004,"kPa","DE"
"interface-alpha-1","Interfaz: αδ = 1.00",1,"P_t",430,3.71239520230028,212.704576976422,22.7325651304066,"kPa","DE"
"interface-alpha-1","Interfaz: αδ = 1.00",1,"P_t",431,3.72110974502869,213.203883495146,22.9104248069618,"kPa","DE"
"interface-alpha-1","Interfaz: αδ = 1.00",1,"P_t",432,3.72982428775709,213.70319001387,23.0813250907628,"kPa","DE"
"interface-alpha-1","Interfaz: αδ = 1.00",1,"P_t",433,3.7385388304855,214.202496532594,23.2452140682284,"kPa","DE"
"interface-alpha-1","Interfaz: αδ = 1.00",1,"P_t",434,3.7472533732139,214.701803051318,23.4020419555693,"kPa","DE"
"interface-alpha-1","Interfaz: αδ = 1.00",1,"P_t",435,3.7559679159423,215.201109570042,23.5517611139105,"kPa","DE"
"interface-alpha-1","Interfaz: αδ = 1.00",1,"P_t",436,3.76468245867071,215.700416088766,23.6943260637625,"kPa","DE"
"interface-alpha-1","Interfaz: αδ = 1.00",1,"P_t",437,3.77339700139911,216.19972260749,23.8296934988362,"kPa","DE"
"interface-alpha-1","Interfaz: αδ = 1.00",1,"P_t",438,3.78211154412752,216.699029126214,23.957822299198,"kPa","DE"
"interface-alpha-1","Interfaz: αδ = 1.00",1,"P_t",439,3.79082608685592,217.198335644938,24.0786735437606,"kPa","DE"
"interface-alpha-1","Interfaz: αδ = 1.00",1,"P_t",440,3.79954062958433,217.697642163662,24.1922105221058,"kPa","DE"
"interface-alpha-1","Interfaz: αδ = 1.00",1,"P_t",441,3.80825517231273,218.196948682386,24.2983987456358,"kPa","DE"
"interface-alpha-1","Interfaz: αδ = 1.00",1,"P_t",442,3.81696971504114,218.69625520111,24.39720595805,"kPa","DE"
"interface-alpha-1","Interfaz: αδ = 1.00",1,"P_t",443,3.82568425776954,219.195561719834,24.4886021451427,"kPa","DE"
"interface-alpha-1","Interfaz: αδ = 1.00",1,"P_t",444,3.83439880049794,219.694868238558,24.5725595439211,"kPa","DE"
"interface-alpha-1","Interfaz: αδ = 1.00",1,"P_t",445,3.84311334322635,220.194174757282,24.6490526510383,"kPa","DE"
"interface-alpha-1","Interfaz: αδ = 1.00",1,"P_t",446,3.85182788595475,220.693481276006,24.7180582305401,"kPa","DE"
"interface-alpha-1","Interfaz: αδ = 1.00",1,"P_t",447,3.86054242868316,221.19278779473,24.7795553209242,"kPa","DE"
"interface-alpha-1","Interfaz: αδ = 1.00",1,"P_t",448,3.86925697141156,221.692094313454,24.8335252415064,"kPa","DE"
"interface-alpha-1","Interfaz: αδ = 1.00",1,"P_t",449,3.87797151413997,222.191400832178,24.879951598096,"kPa","DE"
"interface-alpha-1","Interfaz: αδ = 1.00",1,"P_t",450,3.88668605686837,222.690707350902,24.9188202879755,"kPa","DE"
"interface-alpha-1","Interfaz: αδ = 1.00",1,"P_t",451,3.89540059959677,223.190013869625,24.9501195041845,"kPa","DE"
"interface-alpha-1","Interfaz: αδ = 1.00",1,"P_t",452,3.90411514232518,223.68932038835,24.9738397391063,"kPa","DE"
"interface-alpha-1","Interfaz: αδ = 1.00",1,"P_t",453,3.91282968505358,224.188626907074,24.9899737873558,"kPa","DE"
"interface-alpha-1","Interfaz: αδ = 1.00",1,"P_t",454,3.92154422778199,224.687933425798,24.9985167479686,"kPa","DE"
"interface-alpha-1","Interfaz: αδ = 1.00",1,"P_t",455,3.92699081698724,225,25,"kPa","DE"
"interface-alpha-1","Interfaz: αδ = 1.00",1,"P_t",456,3.93025877051039,225.187239944522,24.9994660258894,"kPa","DE"
"interface-alpha-1","Interfaz: αδ = 1.00",1,"P_t",457,3.9389733132388,225.686546463245,24.9928213327605,"kPa","DE"
"interface-alpha-1","Interfaz: αδ = 1.00",1,"P_t",458,3.9476878559672,226.18585298197,24.9785846870092,"kPa","DE"
"interface-alpha-1","Interfaz: αδ = 1.00",1,"P_t",459,3.95640239869561,226.685159500693,24.9567604132351,"kPa","DE"
"interface-alpha-1","Interfaz: αδ = 1.00",1,"P_t",460,3.96511694142401,227.184466019417,24.9273551408958,"kPa","DE"
"interface-alpha-1","Interfaz: αδ = 1.00",1,"P_t",461,3.97383148415241,227.683772538141,24.8903778022935,"kPa","DE"
"interface-alpha-1","Interfaz: αδ = 1.00",1,"P_t",462,3.98254602688082,228.183079056865,24.8458396298618,"kPa","DE"
"interface-alpha-1","Interfaz: αδ = 1.00",1,"P_t",463,3.99126056960922,228.682385575589,24.7937541527533,"kPa","DE"
"interface-alpha-1","Interfaz: αδ = 1.00",1,"P_t",464,3.99997511233763,229.181692094313,24.7341371927301,"kPa","DE"
"interface-alpha-1","Interfaz: αδ = 1.00",1,"P_t",465,4.00868965506603,229.680998613037,24.6670068593578,"kPa","DE"
"interface-alpha-1","Interfaz: αδ = 1.00",1,"P_t",466,4.01740419779444,230.180305131761,24.5923835445042,"kPa","DE"
"interface-alpha-1","Interfaz: αδ = 1.00",1,"P_t",467,4.02611874052284,230.679611650485,24.5102899161453,"kPa","DE"
"interface-alpha-1","Interfaz: αδ = 1.00",1,"P_t",468,4.03483328325125,231.178918169209,24.4207509114791,"kPa","DE"
"interface-alpha-1","Interfaz: αδ = 1.00",1,"P_t",469,4.04354782597965,231.678224687933,24.323793729351,"kPa","DE"
"interface-alpha-1","Interfaz: αδ = 1.00",1,"P_t",470,4.05226236870806,232.177531206657,24.2194478219913,"kPa","DE"
"interface-alpha-1","Interfaz: αδ = 1.00",1,"P_t",471,4.06097691143646,232.676837725381,24.1077448860692,"kPa","DE"
"interface-alpha-1","Interfaz: αδ = 1.00",1,"P_t",472,4.06969145416486,233.176144244105,23.9887188530637,"kPa","DE"
"interface-alpha-1","Interfaz: αδ = 1.00",1,"P_t",473,4.07840599689327,233.675450762829,23.8624058789571,"kPa","DE"
"interface-alpha-1","Interfaz: αδ = 1.00",1,"P_t",474,4.08712053962167,234.174757281553,23.7288443332517,"kPa","DE"
"interface-alpha-1","Interfaz: αδ = 1.00",1,"P_t",475,4.09583508235008,234.674063800277,23.5880747873145,"kPa","DE"
"interface-alpha-1","Interfaz: αδ = 1.00",1,"P_t",476,4.10454962507848,235.173370319001,23.440140002053,"kPa","DE"
"interface-alpha-1","Interfaz: αδ = 1.00",1,"P_t",477,4.11326416780689,235.672676837725,23.2850849149262,"kPa","DE"
"interface-alpha-1","Interfaz: αδ = 1.00",1,"P_t",478,4.12197871053529,236.171983356449,23.1229566262938,"kPa","DE"
"interface-alpha-1","Interfaz: αδ = 1.00",1,"P_t",479,4.13069325326369,236.671289875173,22.9538043851089,"kPa","DE"
"interface-alpha-1","Interfaz: αδ = 1.00",1,"P_t",480,4.1394077959921,237.170596393897,22.7776795739578,"kPa","DE"
"interface-alpha-1","Interfaz: αδ = 1.00",1,"P_t",481,4.1481223387205,237.669902912621,22.5946356934521,"kPa","DE"
"interface-alpha-1","Interfaz: αδ = 1.00",1,"P_t",482,4.15683688144891,238.169209431345,22.4047283459763,"kPa","DE"
"interface-alpha-1","Interfaz: αδ = 1.00",1,"P_t",483,4.16555142417731,238.668515950069,22.2080152187988,"kPa","DE"
"interface-alpha-1","Interfaz: αδ = 1.00",1,"P_t",484,4.17426596690572,239.167822468793,22.0045560665474,"kPa","DE"
"interface-alpha-1","Interfaz: αδ = 1.00",1,"P_t",485,4.18298050963412,239.667128987517,21.7944126930587,"kPa","DE"
"interface-alpha-1","Interfaz: αδ = 1.00",1,"P_t",486,4.19169505236253,240.166435506241,21.577648932604,"kPa","DE"
"interface-alpha-1","Interfaz: αδ = 1.00",1,"P_t",487,4.20040959509093,240.665742024965,21.3543306304984,"kPa","DE"
"interface-alpha-1","Interfaz: αδ = 1.00",1,"P_t",488,4.20912413781933,241.165048543689,21.1245256230997,"kPa","DE"
"interface-alpha-1","Interfaz: αδ = 1.00",1,"P_t",489,4.21783868054774,241.664355062413,20.888303717202,"kPa","DE"
"interface-alpha-1","Interfaz: αδ = 1.00",1,"P_t",490,4.22655322327614,242.163661581137,20.6457366688303,"kPa","DE"
"interface-alpha-1","Interfaz: αδ = 1.00",1,"P_t",491,4.23526776600455,242.662968099861,20.3968981614442,"kPa","DE"
"interface-alpha-1","Interfaz: αδ = 1.00",1,"P_t",492,4.24398230873295,243.162274618585,20.1418637835551,"kPa","DE"
"interface-alpha-1","Interfaz: αδ = 1.00",1,"P_t",493,4.25269685146136,243.661581137309,19.8807110057649,"kPa","DE"
"interface-alpha-1","Interfaz: αδ = 1.00",1,"P_t",494,4.26141139418976,244.160887656033,19.6135191572334,"kPa","DE"
"interface-alpha-1","Interfaz: αδ = 1.00",1,"P_t",495,4.27012593691817,244.660194174757,19.3403694015806,"kPa","DE"
"interface-alpha-1","Interfaz: αδ = 1.00",1,"P_t",496,4.27884047964657,245.159500693481,19.0613447122323,"kPa","DE"
"interface-alpha-1","Interfaz: αδ = 1.00",1,"P_t",497,4.28755502237497,245.658807212205,18.7765298472153,"kPa","DE"
"interface-alpha-1","Interfaz: αδ = 1.00",1,"P_t",498,4.29626956510338,246.158113730929,18.4860113234111,"kPa","DE"
"interface-alpha-1","Interfaz: αδ = 1.00",1,"P_t",499,4.30498410783178,246.657420249653,18.189877390275,"kPa","DE"
"interface-alpha-1","Interfaz: αδ = 1.00",1,"P_t",500,4.31369865056019,247.156726768377,17.8882180030289,"kPa","DE"
"interface-alpha-1","Interfaz: αδ = 1.00",1,"P_t",501,4.32241319328859,247.656033287101,17.5811247953363,"kPa","DE"
"interface-alpha-1","Interfaz: αδ = 1.00",1,"P_t",502,4.331127736017,248.155339805825,17.2686910514666,"kPa","DE"
"interface-alpha-1","Interfaz: αδ = 1.00",1,"P_t",503,4.3398422787454,248.654646324549,16.9510116779592,"kPa","DE"
"interface-alpha-1","Interfaz: αδ = 1.00",1,"P_t",504,4.3485568214738,249.153952843273,16.628183174794,"kPa","DE"
"interface-alpha-1","Interfaz: αδ = 1.00",1,"P_t",505,4.35727136420221,249.653259361997,16.3003036060776,"kPa","DE"
"interface-alpha-1","Interfaz: αδ = 1.00",1,"P_t",506,4.36598590693061,250.152565880721,15.9674725702556,"kPa","DE"
"interface-alpha-1","Interfaz: αδ = 1.00",1,"P_t",507,4.37470044965902,250.651872399445,15.6297911698574,"kPa","DE"
"interface-alpha-1","Interfaz: αδ = 1.00",1,"P_t",508,4.38341499238742,251.151178918169,15.2873619807852,"kPa","DE"
"interface-alpha-1","Interfaz: αδ = 1.00",1,"P_t",509,4.39212953511583,251.650485436893,14.9402890211544,"kPa","DE"
"interface-alpha-1","Interfaz: αδ = 1.00",1,"P_t",510,4.40084407784423,252.149791955617,14.5886777196973,"kPa","DE"
"interface-alpha-1","Interfaz: αδ = 1.00",1,"P_t",511,4.40955862057264,252.649098474341,14.2326348837369,"kPa","DE"
"interface-alpha-1","Interfaz: αδ = 1.00",1,"P_t",512,4.41827316330104,253.148404993065,13.8722686667429,"kPa","DE"
"interface-alpha-1","Interfaz: αδ = 1.00",1,"P_t",513,4.42698770602945,253.647711511789,13.5076885354781,"kPa","DE"
"interface-alpha-1","Interfaz: αδ = 1.00",1,"P_t",514,4.43570224875785,254.147018030513,13.1390052367464,"kPa","DE"
"interface-alpha-1","Interfaz: αδ = 1.00",1,"P_t",515,4.44441679148625,254.646324549237,12.7663307637517,"kPa","DE"
"interface-alpha-1","Interfaz: αδ = 1.00",1,"P_t",516,4.45313133421466,255.145631067961,12.3897783220784,"kPa","DE"
"interface-alpha-1","Interfaz: αδ = 1.00",1,"P_t",517,4.46184587694306,255.644937586685,12.0094622953032,"kPa","DE"
"interface-alpha-1","Interfaz: αδ = 1.00",1,"P_t",518,4.47056041967147,256.144244105409,11.6254982102495,"kPa","DE"
"interface-alpha-1","Interfaz: αδ = 1.00",1,"P_t",519,4.47927496239987,256.643550624133,11.2380027018945,"kPa","DE"
"interface-alpha-1","Interfaz: αδ = 1.00",1,"P_t",520,4.48798950512828,257.142857142857,10.847093477939,"kPa","DE"
"interface-alpha-1","Interfaz: αδ = 1.00",1,"P_t",521,4.49670404785668,257.642163661581,10.4528892830525,"kPa","DE"
"interface-alpha-1","Interfaz: αδ = 1.00",1,"P_t",522,4.50541859058508,258.141470180305,10.0555098628024,"kPa","DE"
"interface-alpha-1","Interfaz: αδ = 1.00",1,"P_t",523,4.51413313331349,258.640776699029,9.65507592727957,"kPa","DE"
"interface-alpha-1","Interfaz: αδ = 1.00",1,"P_t",524,4.52284767604189,259.140083217753,9.25170911443048,"kPa","DE"
"interface-alpha-1","Interfaz: αδ = 1.00",1,"P_t",525,4.5315622187703,259.639389736477,8.8455319531083,"kPa","DE"
"interface-alpha-1","Interfaz: αδ = 1.00",1,"P_t",526,4.5402767614987,260.138696255201,8.43666782585241,"kPa","DE"
"interface-alpha-1","Interfaz: αδ = 1.00",1,"P_t",527,4.54899130422711,260.638002773925,8.02524093140949,"kPa","DE"
"interface-alpha-1","Interfaz: αδ = 1.00",1,"P_t",528,4.55770584695551,261.137309292649,7.61137624700586,"kPa","DE"
"interface-alpha-1","Interfaz: αδ = 1.00",1,"P_t",529,4.56642038968392,261.636615811373,7.19519949038403,"kPa","DE"
"interface-alpha-1","Interfaz: αδ = 1.00",1,"P_t",530,4.57513493241232,262.135922330097,6.7768370816139,"kPa","DE"
"interface-alpha-1","Interfaz: αδ = 1.00",1,"P_t",531,4.58384947514072,262.635228848821,6.35641610469058,"kPa","DE"
"interface-alpha-1","Interfaz: αδ = 1.00",1,"P_t",532,4.59256401786913,263.134535367545,5.93406426893101,"kPa","DE"
"interface-alpha-1","Interfaz: αδ = 1.00",1,"P_t",533,4.60127856059753,263.633841886269,5.5099098701799,"kPa","DE"
"interface-alpha-1","Interfaz: αδ = 1.00",1,"P_t",534,4.60999310332594,264.133148404993,5.0840817518383,"kPa","DE"
"interface-alpha-1","Interfaz: αδ = 1.00",1,"P_t",535,4.61870764605434,264.632454923717,4.65670926572503,"kPa","DE"
"interface-alpha-1","Interfaz: αδ = 1.00",1,"P_t",536,4.62742218878275,265.131761442441,4.22792223278453,"kPa","DE"
"interface-alpha-1","Interfaz: αδ = 1.00",1,"P_t",537,4.63613673151115,265.631067961165,3.79785090365129,"kPa","DE"
"interface-alpha-1","Interfaz: αδ = 1.00",1,"P_t",538,4.64485127423955,266.130374479889,3.36662591908468,"kPa","DE"
"interface-alpha-1","Interfaz: αδ = 1.00",1,"P_t",539,4.65356581696796,266.629680998613,2.93437827028438,"kPa","DE"
"interface-alpha-1","Interfaz: αδ = 1.00",1,"P_t",540,4.66228035969636,267.128987517337,2.50123925910017,"kPa","DE"
"interface-alpha-1","Interfaz: αδ = 1.00",1,"P_t",541,4.67099490242477,267.628294036061,2.06734045814675,"kPa","DE"
"interface-alpha-1","Interfaz: αδ = 1.00",1,"P_t",542,4.67970944515317,268.127600554785,1.63281367083668,"kPa","DE"
"interface-alpha-1","Interfaz: αδ = 1.00",1,"P_t",543,4.68842398788158,268.626907073509,1.19779089134285,"kPa","DE"
"interface-alpha-1","Interfaz: αδ = 1.00",1,"P_t",544,4.69713853060998,269.126213592233,0.762404264503519,"kPa","DE"
"interface-alpha-1","Interfaz: αδ = 1.00",1,"P_t",545,4.70585307333839,269.625520110957,0.326786045681154,"kPa","DE"
"interface-alpha-1","Interfaz: αδ = 1.00",1,"P_t",546,4.71238898038469,270,9.18485099360515e-15,"kPa","DE"
"interface-alpha-1","Interfaz: αδ = 1.00",1,"P_t",547,4.71456761606679,270.124826629681,-0.108931439412295,"kPa","DE"
"interface-alpha-1","Interfaz: αδ = 1.00",1,"P_t",548,4.7232821587952,270.624133148405,-0.544615834911048,"kPa","DE"
"interface-alpha-1","Interfaz: αδ = 1.00",1,"P_t",549,4.7319967015236,271.123439667129,-0.980134795000975,"kPa","DE"
"interface-alpha-1","Interfaz: αδ = 1.00",1,"P_t",550,4.740711244252,271.622746185853,-1.41535602412135,"kPa","DE"
"interface-alpha-1","Interfaz: αδ = 1.00",1,"P_t",551,4.74942578698041,272.122052704577,-1.85014731715181,"kPa","DE"
"interface-alpha-1","Interfaz: αδ = 1.00",1,"P_t",552,4.75814032970881,272.621359223301,-2.28437659957178,"kPa","DE"
"interface-alpha-1","Interfaz: αδ = 1.00",1,"P_t",553,4.76685487243722,273.120665742025,-2.71791196757987,"kPa","DE"
"interface-alpha-1","Interfaz: αδ = 1.00",1,"P_t",554,4.77556941516562,273.619972260749,-3.15062172816197,"kPa","DE"
"interface-alpha-1","Interfaz: αδ = 1.00",1,"P_t",555,4.78428395789403,274.119278779473,-3.58237443909476,"kPa","DE"
"interface-alpha-1","Interfaz: αδ = 1.00",1,"P_t",556,4.79299850062243,274.618585298197,-4.01303894887355,"kPa","DE"
"interface-alpha-1","Interfaz: αδ = 1.00",1,"P_t",557,4.80171304335083,275.117891816921,-4.44248443655128,"kPa","DE"
"interface-alpha-1","Interfaz: αδ = 1.00",1,"P_t",558,4.81042758607924,275.617198335645,-4.87058045147772,"kPa","DE"
"interface-alpha-1","Interfaz: αδ = 1.00",1,"P_t",559,4.81914212880764,276.116504854369,-5.29719695292553,"kPa","DE"
"interface-alpha-1","Interfaz: αδ = 1.00",1,"P_t",560,4.82785667153605,276.615811373093,-5.72220434959228,"kPa","DE"
"interface-alpha-1","Interfaz: αδ = 1.00",1,"P_t",561,4.83657121426445,277.115117891817,-6.14547353896591,"kPa","DE"
"interface-alpha-1","Interfaz: αδ = 1.00",1,"P_t",562,4.84528575699286,277.614424410541,-6.56687594654135,"kPa","DE"
"interface-alpha-1","Interfaz: αδ = 1.00",1,"P_t",563,4.85400029972126,278.113730929265,-6.98628356487715,"kPa","DE"
"interface-alpha-1","Interfaz: αδ = 1.00",1,"P_t",564,4.86271484244967,278.613037447989,-7.40356899247964,"kPa","DE"
"interface-alpha-1","Interfaz: αδ = 1.00",1,"P_t",565,4.87142938517807,279.112343966713,-7.81860547250325,"kPa","DE"
"interface-alpha-1","Interfaz: αδ = 1.00",1,"P_t",566,4.88014392790647,279.611650485437,-8.23126693125453,"kPa","DE"
"interface-alpha-1","Interfaz: αδ = 1.00",1,"P_t",567,4.88885847063488,280.110957004161,-8.64142801648932,"kPa","DE"
"interface-alpha-1","Interfaz: αδ = 1.00",1,"P_t",568,4.89757301336328,280.610263522885,-9.0489641354901,"kPa","DE"
"interface-alpha-1","Interfaz: αδ = 1.00",1,"P_t",569,4.90628755609169,281.109570041609,-9.45375149291323,"kPa","DE"
"interface-alpha-1","Interfaz: αδ = 1.00",1,"P_t",570,4.91500209882009,281.608876560333,-9.85566712839338,"kPa","DE"
"interface-alpha-1","Interfaz: αδ = 1.00",1,"P_t",571,4.9237166415485,282.108183079057,-10.2545889538949,"kPa","DE"
"interface-alpha-1","Interfaz: αδ = 1.00",1,"P_t",572,4.9324311842769,282.607489597781,-10.6503957907979,"kPa","DE"
"interface-alpha-1","Interfaz: αδ = 1.00",1,"P_t",573,4.94114572700531,283.106796116505,-11.0429674067077,"kPa","DE"
"interface-alpha-1","Interfaz: αδ = 1.00",1,"P_t",574,4.94986026973371,283.606102635229,-11.4321845519779,"kPa","DE"
"interface-alpha-1","Interfaz: αδ = 1.00",1,"P_t",575,4.95857481246211,284.105409153953,-11.8179289959339,"kPa","DE"
"interface-alpha-1","Interfaz: αδ = 1.00",1,"P_t",576,4.96728935519052,284.604715672677,-12.2000835627873,"kPa","DE"
"interface-alpha-1","Interfaz: αδ = 1.00",1,"P_t",577,4.97600389791892,285.104022191401,-12.5785321672301,"kPa","DE"
"interface-alpha-1","Interfaz: αδ = 1.00",1,"P_t",578,4.98471844064733,285.603328710125,-12.9531598496968,"kPa","DE"
"interface-alpha-1","Interfaz: αδ = 1.00",1,"P_t",579,4.99343298337573,286.102635228849,-13.323852811286,"kPa","DE"
"interface-alpha-1","Interfaz: αδ = 1.00",1,"P_t",580,5.00214752610414,286.601941747573,-13.6904984483277,"kPa","DE"
"interface-alpha-1","Interfaz: αδ = 1.00",1,"P_t",581,5.01086206883254,287.101248266297,-14.052985386589,"kPa","DE"
"interface-alpha-1","Interfaz: αδ = 1.00",1,"P_t",582,5.01957661156095,287.600554785021,-14.4112035151055,"kPa","DE"
"interface-alpha-1","Interfaz: αδ = 1.00",1,"P_t",583,5.02829115428935,288.099861303745,-14.765044019629,"kPa","DE"
"interface-alpha-1","Interfaz: αδ = 1.00",1,"P_t",584,5.03700569701775,288.599167822469,-15.1143994156819,"kPa","DE"
"interface-alpha-1","Interfaz: αδ = 1.00",1,"P_t",585,5.04572023974616,289.098474341193,-15.4591635812071,"kPa","DE"
"interface-alpha-1","Interfaz: αδ = 1.00",1,"P_t",586,5.05443478247456,289.597780859917,-15.7992317888039,"kPa","DE"
"interface-alpha-1","Interfaz: αδ = 1.00",1,"P_t",587,5.06314932520297,290.097087378641,-16.134500737541,"kPa","DE"
"interface-alpha-1","Interfaz: αδ = 1.00",1,"P_t",588,5.07186386793137,290.596393897365,-16.4648685843356,"kPa","DE"
"interface-alpha-1","Interfaz: αδ = 1.00",1,"P_t",589,5.08057841065978,291.095700416089,-16.7902349748896,"kPa","DE"
"interface-alpha-1","Interfaz: αδ = 1.00",1,"P_t",590,5.08929295338818,291.595006934813,-17.1105010741739,"kPa","DE"
"interface-alpha-1","Interfaz: αδ = 1.00",1,"P_t",591,5.09800749611659,292.094313453537,-17.4255695964513,"kPa","DE"
"interface-alpha-1","Interfaz: αδ = 1.00",1,"P_t",592,5.10672203884499,292.593619972261,-17.735344834828,"kPa","DE"
"interface-alpha-1","Interfaz: αδ = 1.00",1,"P_t",593,5.11543658157339,293.092926490985,-18.0397326903265,"kPa","DE"
"interface-alpha-1","Interfaz: αδ = 1.00",1,"P_t",594,5.1241511243018,293.592233009709,-18.3386407004694,"kPa","DE"
"interface-alpha-1","Interfaz: αδ = 1.00",1,"P_t",595,5.1328656670302,294.091539528433,-18.6319780673662,"kPa","DE"
"interface-alpha-1","Interfaz: αδ = 1.00",1,"P_t",596,5.14158020975861,294.590846047157,-18.919655685295,"kPa","DE"
"interface-alpha-1","Interfaz: αδ = 1.00",1,"P_t",597,5.15029475248701,295.090152565881,-19.2015861677692,"kPa","DE"
"interface-alpha-1","Interfaz: αδ = 1.00",1,"P_t",598,5.15900929521542,295.589459084605,-19.4776838740827,"kPa","DE"
"interface-alpha-1","Interfaz: αδ = 1.00",1,"P_t",599,5.16772383794382,296.088765603329,-19.7478649353245,"kPa","DE"
"interface-alpha-1","Interfaz: αδ = 1.00",1,"P_t",600,5.17643838067223,296.588072122053,-20.0120472798554,"kPa","DE"
"interface-alpha-1","Interfaz: αδ = 1.00",1,"P_t",601,5.18515292340063,297.087378640777,-20.2701506582384,"kPa","DE"
"interface-alpha-1","Interfaz: αδ = 1.00",1,"P_t",602,5.19386746612903,297.586685159501,-20.5220966676155,"kPa","DE"
"interface-alpha-1","Interfaz: αδ = 1.00",1,"P_t",603,5.20258200885744,298.085991678225,-20.7678087755239,"kPa","DE"
"interface-alpha-1","Interfaz: αδ = 1.00",1,"P_t",604,5.21129655158584,298.585298196949,-21.0072123431442,"kPa","DE"
"interface-alpha-1","Interfaz: αδ = 1.00",1,"P_t",605,5.22001109431425,299.084604715673,-21.2402346479726,"kPa","DE"
"interface-alpha-1","Interfaz: αδ = 1.00",1,"P_t",606,5.22872563704265,299.583911234397,-21.4668049059117,"kPa","DE"
"interface-alpha-1","Interfaz: αδ = 1.00",1,"P_t",607,5.23744017977106,300.083217753121,-21.6868542927723,"kPa","DE"
"interface-alpha-1","Interfaz: αδ = 1.00",1,"P_t",608,5.24615472249946,300.582524271845,-21.9003159651798,"kPa","DE"
"interface-alpha-1","Interfaz: αδ = 1.00",1,"P_t",609,5.25486926522786,301.081830790569,-22.1071250808789,"kPa","DE"
"interface-alpha-1","Interfaz: αδ = 1.00",1,"P_t",610,5.26358380795627,301.581137309293,-22.3072188184301,"kPa","DE"
"interface-alpha-1","Interfaz: αδ = 1.00",1,"P_t",611,5.27229835068467,302.080443828017,-22.5005363962933,"kPa","DE"
"interface-alpha-1","Interfaz: αδ = 1.00",1,"P_t",612,5.28101289341308,302.579750346741,-22.6870190912907,"kPa","DE"
"interface-alpha-1","Interfaz: αδ = 1.00",1,"P_t",613,5.28972743614148,303.079056865465,-22.8666102564448,"kPa","DE"
"interface-alpha-1","Interfaz: αδ = 1.00",1,"P_t",614,5.29844197886989,303.578363384189,-23.039255338186,"kPa","DE"
"interface-alpha-1","Interfaz: αδ = 1.00",1,"P_t",615,5.30715652159829,304.077669902913,-23.2049018929242,"kPa","DE"
"interface-alpha-1","Interfaz: αδ = 1.00",1,"P_t",616,5.3158710643267,304.576976421637,-23.3634996029788,"kPa","DE"
"interface-alpha-1","Interfaz: αδ = 1.00",1,"P_t",617,5.3245856070551,305.076282940361,-23.5150002918643,"kPa","DE"
"interface-alpha-1","Interfaz: αδ = 1.00",1,"P_t",618,5.3333001497835,305.575589459085,-23.6593579389237,"kPa","DE"
"interface-alpha-1","Interfaz: αδ = 1.00",1,"P_t",619,5.34201469251191,306.074895977809,-23.7965286933089,"kPa","DE"
"interface-alpha-1","Interfaz: αδ = 1.00",1,"P_t",620,5.35072923524031,306.574202496533,-23.9264708873002,"kPa","DE"
"interface-alpha-1","Interfaz: αδ = 1.00",1,"P_t",621,5.35944377796872,307.073509015257,-24.0491450489643,"kPa","DE"
"interface-alpha-1","Interfaz: αδ = 1.00",1,"P_t",622,5.36815832069712,307.572815533981,-24.164513914144,"kPa","DE"
"interface-alpha-1","Interfaz: αδ = 1.00",1,"P_t",623,5.37687286342553,308.072122052705,-24.2725424377778,"kPa","DE"
"interface-alpha-1","Interfaz: αδ = 1.00",1,"P_t",624,5.38558740615393,308.571428571429,-24.3731978045456,"kPa","DE"
"interface-alpha-1","Interfaz: αδ = 1.00",1,"P_t",625,5.39430194888234,309.070735090153,-24.4664494388367,"kPa","DE"
"interface-alpha-1","Interfaz: αδ = 1.00",1,"P_t",626,5.40301649161074,309.570041608877,-24.5522690140375,"kPa","DE"
"interface-alpha-1","Interfaz: αδ = 1.00",1,"P_t",627,5.41173103433914,310.069348127601,-24.6306304611366,"kPa","DE"
"interface-alpha-1","Interfaz: αδ = 1.00",1,"P_t",628,5.42044557706755,310.568654646325,-24.7015099766431,"kPa","DE"
"interface-alpha-1","Interfaz: αδ = 1.00",1,"P_t",629,5.42916011979595,311.067961165049,-24.7648860298175,"kPa","DE"
"interface-alpha-1","Interfaz: αδ = 1.00",1,"P_t",630,5.43787466252436,311.567267683773,-24.8207393692121,"kPa","DE"
"interface-alpha-1","Interfaz: αδ = 1.00",1,"P_t",631,5.44658920525276,312.066574202496,-24.8690530285189,"kPa","DE"
"interface-alpha-1","Interfaz: αδ = 1.00",1,"P_t",632,5.45530374798117,312.565880721221,-24.9098123317232,"kPa","DE"
"interface-alpha-1","Interfaz: αδ = 1.00",1,"P_t",633,5.46401829070957,313.065187239944,-24.9430048975617,"kPa","DE"
"interface-alpha-1","Interfaz: αδ = 1.00",1,"P_t",634,5.47273283343798,313.564493758669,-24.9686206432839,"kPa","DE"
"interface-alpha-1","Interfaz: αδ = 1.00",1,"P_t",635,5.48144737616638,314.063800277393,-24.9866517877141,"kPa","DE"
"interface-alpha-1","Interfaz: αδ = 1.00",1,"P_t",636,5.49016191889478,314.563106796117,-24.9970928536159,"kPa","DE"
"interface-alpha-1","Interfaz: αδ = 1.00",1,"P_t",637,5.49778714378214,315,-25,"kPa","DE"
"interface-alpha-1","Interfaz: αδ = 1.00",1,"P_t",638,5.49887646162319,315.06241331484,-24.9999406693555,"kPa","DE"
"interface-alpha-1","Interfaz: αδ = 1.00",1,"P_t",639,5.50759100435159,315.561719833564,-24.9951943698652,"kPa","DE"
"interface-alpha-1","Interfaz: αδ = 1.00",1,"P_t",640,5.51630554708,316.061026352288,-24.9828553969061,"kPa","DE"
"interface-alpha-1","Interfaz: αδ = 1.00",1,"P_t",641,5.5250200898084,316.560332871013,-24.9629274986305,"kPa","DE"
"interface-alpha-1","Interfaz: αδ = 1.00",1,"P_t",642,5.53373463253681,317.059639389736,-24.935416728443,"kPa","DE"
"interface-alpha-1","Interfaz: αδ = 1.00",1,"P_t",643,5.54244917526521,317.55894590846,-24.9003314431618,"kPa","DE"
"interface-alpha-1","Interfaz: αδ = 1.00",1,"P_t",644,5.55116371799361,318.058252427184,-24.8576823004801,"kPa","DE"
"interface-alpha-1","Interfaz: αδ = 1.00",1,"P_t",645,5.55987826072202,318.557558945908,-24.8074822557288,"kPa","DE"
"interface-alpha-1","Interfaz: αδ = 1.00",1,"P_t",646,5.56859280345042,319.056865464632,-24.7497465579412,"kPa","DE"
"interface-alpha-1","Interfaz: αδ = 1.00",1,"P_t",647,5.57730734617883,319.556171983356,-24.6844927452205,"kPa","DE"
"interface-alpha-1","Interfaz: αδ = 1.00",1,"P_t",648,5.58602188890723,320.05547850208,-24.6117406394126,"kPa","DE"
"interface-alpha-1","Interfaz: αδ = 1.00",1,"P_t",649,5.59473643163564,320.554785020804,-24.531512340085,"kPa","DE"
"interface-alpha-1","Interfaz: αδ = 1.00",1,"P_t",650,5.60345097436404,321.054091539528,-24.4438322178136,"kPa","DE"
"interface-alpha-1","Interfaz: αδ = 1.00",1,"P_t",651,5.61216551709245,321.553398058252,-24.3487269067795,"kPa","DE"
"interface-alpha-1","Interfaz: αδ = 1.00",1,"P_t",652,5.62088005982085,322.052704576976,-24.2462252966791,"kPa","DE"
"interface-alpha-1","Interfaz: αδ = 1.00",1,"P_t",653,5.62959460254925,322.5520110957,-24.1363585239477,"kPa","DE"
"interface-alpha-1","Interfaz: αδ = 1.00",1,"P_t",654,5.63830914527766,323.051317614424,-24.0191599623019,"kPa","DE"
"interface-alpha-1","Interfaz: αδ = 1.00",1,"P_t",655,5.64702368800606,323.550624133148,-23.8946652126014,"kPa","DE"
"interface-alpha-1","Interfaz: αδ = 1.00",1,"P_t",656,5.65573823073447,324.049930651872,-23.7629120920348,"kPa","DE"
"interface-alpha-1","Interfaz: αδ = 1.00",1,"P_t",657,5.66445277346287,324.549237170596,-23.6239406226325,"kPa","DE"
"interface-alpha-1","Interfaz: αδ = 1.00",1,"P_t",658,5.67316731619128,325.04854368932,-23.4777930191087,"kPa","DE"
"interface-alpha-1","Interfaz: αδ = 1.00",1,"P_t",659,5.68188185891968,325.547850208044,-23.3245136760383,"kPa","DE"
"interface-alpha-1","Interfaz: αδ = 1.00",1,"P_t",660,5.69059640164809,326.047156726768,-23.1641491543717,"kPa","DE"
"interface-alpha-1","Interfaz: αδ = 1.00",1,"P_t",661,5.69931094437649,326.546463245492,-22.9967481672907,"kPa","DE"
"interface-alpha-1","Interfaz: αδ = 1.00",1,"P_t",662,5.70802548710489,327.045769764216,-22.8223615654114,"kPa","DE"
"interface-alpha-1","Interfaz: αδ = 1.00",1,"P_t",663,5.7167400298333,327.54507628294,-22.6410423213376,"kPa","DE"
"interface-alpha-1","Interfaz: αδ = 1.00",1,"P_t",664,5.7254545725617,328.044382801664,-22.4528455135691,"kPa","DE"
"interface-alpha-1","Interfaz: αδ = 1.00",1,"P_t",665,5.73416911529011,328.543689320388,-22.2578283097715,"kPa","DE"
"interface-alpha-1","Interfaz: αδ = 1.00",1,"P_t",666,5.74288365801851,329.042995839112,-22.05604994941,"kPa","DE"
"interface-alpha-1","Interfaz: αδ = 1.00",1,"P_t",667,5.75159820074692,329.542302357836,-21.8475717257549,"kPa","DE"
"interface-alpha-1","Interfaz: αδ = 1.00",1,"P_t",668,5.76031274347532,330.04160887656,-21.6324569672626,"kPa","DE"
"interface-alpha-1","Interfaz: αδ = 1.00",1,"P_t",669,5.76902728620373,330.540915395284,-21.4107710183388,"kPa","DE"
"interface-alpha-1","Interfaz: αδ = 1.00",1,"P_t",670,5.77774182893213,331.040221914008,-21.1825812194888,"kPa","DE"
"interface-alpha-1","Interfaz: αδ = 1.00",1,"P_t",671,5.78645637166053,331.539528432732,-20.9479568868623,"kPa","DE"
"interface-alpha-1","Interfaz: αδ = 1.00",1,"P_t",672,5.79517091438894,332.038834951456,-20.7069692911972,"kPa","DE"
"interface-alpha-1","Interfaz: αδ = 1.00",1,"P_t",673,5.80388545711734,332.53814147018,-20.4596916361699,"kPa","DE"
"interface-alpha-1","Interfaz: αδ = 1.00",1,"P_t",674,5.81259999984575,333.037447988904,-20.2061990361589,"kPa","DE"
"interface-alpha-1","Interfaz: αδ = 1.00",1,"P_t",675,5.82131454257415,333.536754507628,-19.9465684934277,"kPa","DE"
"interface-alpha-1","Interfaz: αδ = 1.00",1,"P_t",676,5.83002908530256,334.036061026352,-19.6808788747336,"kPa","DE"
"interface-alpha-1","Interfaz: αδ = 1.00",1,"P_t",677,5.83874362803096,334.535367545076,-19.4092108873715,"kPa","DE"
"interface-alpha-1","Interfaz: αδ = 1.00",1,"P_t",678,5.84745817075936,335.0346740638,-19.1316470546572,"kPa","DE"
"interface-alpha-1","Interfaz: αδ = 1.00",1,"P_t",679,5.85617271348777,335.533980582524,-18.8482716908599,"kPa","DE"
"interface-alpha-1","Interfaz: αδ = 1.00",1,"P_t",680,5.86488725621617,336.033287101248,-18.5591708755907,"kPa","DE"
"interface-alpha-1","Interfaz: αδ = 1.00",1,"P_t",681,5.87360179894458,336.532593619972,-18.264432427654,"kPa","DE"
"interface-alpha-1","Interfaz: αδ = 1.00",1,"P_t",682,5.88231634167298,337.031900138696,-17.9641458783717,"kPa","DE"
"interface-alpha-1","Interfaz: αδ = 1.00",1,"P_t",683,5.89103088440139,337.53120665742,-17.6584024443868,"kPa","DE"
"interface-alpha-1","Interfaz: αδ = 1.00",1,"P_t",684,5.89974542712979,338.030513176144,-17.3472949999543,"kPa","DE"
"interface-alpha-1","Interfaz: αδ = 1.00",1,"P_t",685,5.9084599698582,338.529819694868,-17.0309180487298,"kPa","DE"
"interface-alpha-1","Interfaz: αδ = 1.00",1,"P_t",686,5.9171745125866,339.029126213592,-16.7093676950622,"kPa","DE"
"interface-alpha-1","Interfaz: αδ = 1.00",1,"P_t",687,5.925889055315,339.528432732316,-16.382741614801,"kPa","DE"
"interface-alpha-1","Interfaz: αδ = 1.00",1,"P_t",688,5.93460359804341,340.02773925104,-16.0511390256252,"kPa","DE"
"interface-alpha-1","Interfaz: αδ = 1.00",1,"P_t",689,5.94331814077181,340.527045769764,-15.7146606569048,"kPa","DE"
"interface-alpha-1","Interfaz: αδ = 1.00",1,"P_t",690,5.95203268350022,341.026352288488,-15.3734087191025,"kPa","DE"
"interface-alpha-1","Interfaz: αδ = 1.00",1,"P_t",691,5.96074722622862,341.525658807212,-15.0274868727258,"kPa","DE"
"interface-alpha-1","Interfaz: αδ = 1.00",1,"P_t",692,5.96946176895703,342.024965325936,-14.6770001968387,"kPa","DE"
"interface-alpha-1","Interfaz: αδ = 1.00",1,"P_t",693,5.97817631168543,342.52427184466,-14.3220551571419,"kPa","DE"
"interface-alpha-1","Interfaz: αδ = 1.00",1,"P_t",694,5.98689085441384,343.023578363384,-13.9627595736325,"kPa","DE"
"interface-alpha-1","Interfaz: αδ = 1.00",1,"P_t",695,5.99560539714224,343.522884882108,-13.5992225878522,"kPa","DE"
"interface-alpha-1","Interfaz: αδ = 1.00",1,"P_t",696,6.00431993987064,344.022191400832,-13.2315546297333,"kPa","DE"
"interface-alpha-1","Interfaz: αδ = 1.00",1,"P_t",697,6.01303448259905,344.521497919556,-12.8598673840545,"kPa","DE"
"interface-alpha-1","Interfaz: αδ = 1.00",1,"P_t",698,6.02174902532745,345.02080443828,-12.4842737565148,"kPa","DE"
"interface-alpha-1","Interfaz: αδ = 1.00",1,"P_t",699,6.03046356805586,345.520110957004,-12.1048878394364,"kPa","DE"
"interface-alpha-1","Interfaz: αδ = 1.00",1,"P_t",700,6.03917811078426,346.019417475728,-11.7218248771076,"kPa","DE"
"interface-alpha-1","Interfaz: αδ = 1.00",1,"P_t",701,6.04789265351267,346.518723994452,-11.3352012307756,"kPa","DE"
"interface-alpha-1","Interfaz: αδ = 1.00",1,"P_t",702,6.05660719624107,347.018030513176,-10.9451343433,"kPa","DE"
"interface-alpha-1","Interfaz: αδ = 1.00",1,"P_t",703,6.06532173896948,347.5173370319,-10.5517427034775,"kPa","DE"
"interface-alpha-1","Interfaz: αδ = 1.00",1,"P_t",704,6.07403628169788,348.016643550624,-10.1551458100496,"kPa","DE"
"interface-alpha-1","Interfaz: αδ = 1.00",1,"P_t",705,6.08275082442628,348.515950069348,-9.7554641354025,"kPa","DE"
"interface-alpha-1","Interfaz: αδ = 1.00",1,"P_t",706,6.09146536715469,349.015256588072,-9.35281908897199,"kPa","DE"
"interface-alpha-1","Interfaz: αδ = 1.00",1,"P_t",707,6.10017990988309,349.514563106796,-8.94733298036357,"kPa","DE"
"interface-alpha-1","Interfaz: αδ = 1.00",1,"P_t",708,6.1088944526115,350.01386962552,-8.53912898219881,"kPa","DE"
"interface-alpha-1","Interfaz: αδ = 1.00",1,"P_t",709,6.1176089953399,350.513176144244,-8.1283310927,"kPa","DE"
"interface-alpha-1","Interfaz: αδ = 1.00",1,"P_t",710,6.12632353806831,351.012482662968,-7.71506409802367,"kPa","DE"
"interface-alpha-1","Interfaz: αδ = 1.00",1,"P_t",711,6.13503808079671,351.511789181692,-7.29945353435486,"kPa","DE"
"interface-alpha-1","Interfaz: αδ = 1.00",1,"P_t",712,6.14375262352512,352.011095700416,-6.88162564977355,"kPa","DE"
"interface-alpha-1","Interfaz: αδ = 1.00",1,"P_t",713,6.15246716625352,352.51040221914,-6.46170736590518,"kPa","DE"
"interface-alpha-1","Interfaz: αδ = 1.00",1,"P_t",714,6.16118170898192,353.009708737864,-6.03982623936578,"kPa","DE"
"interface-alpha-1","Interfaz: αδ = 1.00",1,"P_t",715,6.16989625171033,353.509015256588,-5.61611042301495,"kPa","DE"
"interface-alpha-1","Interfaz: αδ = 1.00",1,"P_t",716,6.17861079443873,354.008321775312,-5.19068862702767,"kPa","DE"
"interface-alpha-1","Interfaz: αδ = 1.00",1,"P_t",717,6.18732533716714,354.507628294036,-4.76369007979615,"kPa","DE"
"interface-alpha-1","Interfaz: αδ = 1.00",1,"P_t",718,6.19603987989554,355.00693481276,-4.33524448867504,"kPa","DE"
"interface-alpha-1","Interfaz: αδ = 1.00",1,"P_t",719,6.20475442262395,355.506241331484,-3.90548200058067,"kPa","DE"
"interface-alpha-1","Interfaz: αδ = 1.00",1,"P_t",720,6.21346896535235,356.005547850208,-3.47453316245728,"kPa","DE"
"interface-alpha-1","Interfaz: αδ = 1.00",1,"P_t",721,6.22218350808075,356.504854368932,-3.04252888162084,"kPa","DE"
"interface-alpha-1","Interfaz: αδ = 1.00",1,"P_t",722,6.23089805080916,357.004160887656,-2.60960038599425,"kPa","DE"
"interface-alpha-1","Interfaz: αδ = 1.00",1,"P_t",723,6.23961259353756,357.50346740638,-2.17587918424506,"kPa","DE"
"interface-alpha-1","Interfaz: αδ = 1.00",1,"P_t",724,6.24832713626597,358.002773925104,-1.74149702583716,"kPa","DE"
"interface-alpha-1","Interfaz: αδ = 1.00",1,"P_t",725,6.25704167899437,358.502080443828,-1.30658586101039,"kPa","DE"
"interface-alpha-1","Interfaz: αδ = 1.00",1,"P_t",726,6.26575622172278,359.001386962552,-0.871277800698194,"kPa","DE"
"interface-alpha-1","Interfaz: αδ = 1.00",1,"P_t",727,6.27447076445118,359.500693481276,-0.43570507639726,"kPa","DE"
"interface-alpha-0","Interfaz: αδ = 0.00",0,"P_r",0,0,0,-100,"kPa","DE"
"interface-alpha-0","Interfaz: αδ = 0.00",0,"P_r",1,0.00871454272840442,0.499306518723994,-99.9962029333737,"kPa","DE"
"interface-alpha-0","Interfaz: αδ = 0.00",0,"P_r",2,0.0174290854568088,0.998613037447989,-99.9848128869121,"kPa","DE"
"interface-alpha-0","Interfaz: αδ = 0.00",0,"P_r",3,0.0261436281852133,1.49791955617198,-99.9658333205164,"kPa","DE"
"interface-alpha-0","Interfaz: αδ = 0.00",0,"P_r",4,0.0348581709136177,1.99722607489598,-99.9392699995208,"kPa","DE"
"interface-alpha-0","Interfaz: αδ = 0.00",0,"P_r",5,0.0435727136420221,2.49653259361997,-99.9051309929414,"kPa","DE"
"interface-alpha-0","Interfaz: αδ = 0.00",0,"P_r",6,0.0522872563704265,2.99583911234397,-99.8634266710246,"kPa","DE"
"interface-alpha-0","Interfaz: αδ = 0.00",0,"P_r",7,0.0610017990988309,3.49514563106796,-99.8141697020977,"kPa","DE"
"interface-alpha-0","Interfaz: αδ = 0.00",0,"P_r",8,0.0697163418272354,3.99445214979196,-99.75737504872,"kPa","DE"
"interface-alpha-0","Interfaz: αδ = 0.00",0,"P_r",9,0.0784308845556398,4.49375866851595,-99.6930599631382,"kPa","DE"
"interface-alpha-0","Interfaz: αδ = 0.00",0,"P_r",10,0.0871454272840442,4.99306518723994,-99.6212439820455,"kPa","DE"
"interface-alpha-0","Interfaz: αδ = 0.00",0,"P_r",11,0.0958599700124486,5.49237170596394,-99.5419489206471,"kPa","DE"
"interface-alpha-0","Interfaz: αδ = 0.00",0,"P_r",12,0.104574512740853,5.99167822468793,-99.4551988660335,"kPa","DE"
"interface-alpha-0","Interfaz: αδ = 0.00",0,"P_r",13,0.113289055469257,6.49098474341193,-99.3610201698636,"kPa","DE"
"interface-alpha-0","Interfaz: αδ = 0.00",0,"P_r",14,0.122003598197662,6.99029126213592,-99.2594414403603,"kPa","DE"
"interface-alpha-0","Interfaz: αδ = 0.00",0,"P_r",15,0.130718140926066,7.48959778085992,-99.1504935336197,"kPa","DE"
"interface-alpha-0","Interfaz: αδ = 0.00",0,"P_r",16,0.139432683654471,7.98890429958391,-99.0342095442388,"kPa","DE"
"interface-alpha-0","Interfaz: αδ = 0.00",0,"P_r",17,0.148147226382875,8.4882108183079,-98.9106247952619,"kPa","DE"
"interface-alpha-0","Interfaz: αδ = 0.00",0,"P_r",18,0.15686176911128,8.9875173370319,-98.7797768274512,"kPa","DE"
"interface-alpha-0","Interfaz: αδ = 0.00",0,"P_r",19,0.165576311839684,9.4868238557559,-98.6417053878828,"kPa","DE"
"interface-alpha-0","Interfaz: αδ = 0.00",0,"P_r",20,0.174290854568088,9.98613037447989,-98.4964524178731,"kPa","DE"
"interface-alpha-0","Interfaz: αδ = 0.00",0,"P_r",21,0.183005397296493,10.4854368932039,-98.3440620402384,"kPa","DE"
"interface-alpha-0","Interfaz: αδ = 0.00",0,"P_r",22,0.191719940024897,10.9847434119279,-98.1845805458922,"kPa","DE"
"interface-alpha-0","Interfaz: αδ = 0.00",0,"P_r",23,0.200434482753302,11.4840499306519,-98.0180563797832,"kPa","DE"
"interface-alpha-0","Interfaz: αδ = 0.00",0,"P_r",24,0.209149025481706,11.9833564493759,-97.8445401261797,"kPa","DE"
"interface-alpha-0","Interfaz: αδ = 0.00",0,"P_r",25,0.21786356821011,12.4826629680999,-97.6640844933037,"kPa","DE"
"interface-alpha-0","Interfaz: αδ = 0.00",0,"P_r",26,0.226578110938515,12.9819694868239,-97.4767442973202,"kPa","DE"
"interface-alpha-0","Interfaz: αδ = 0.00",0,"P_r",27,0.235292653666919,13.4812760055479,-97.2825764456856,"kPa","DE"
"interface-alpha-0","Interfaz: αδ = 0.00",0,"P_r",28,0.244007196395324,13.9805825242718,-97.0816399198615,"kPa","DE"
"interface-alpha-0","Interfaz: αδ = 0.00",0,"P_r",29,0.252721739123728,14.4798890429958,-96.873995757398,"kPa","DE"
"interface-alpha-0","Interfaz: αδ = 0.00",0,"P_r",30,0.261436281852133,14.9791955617198,-96.6597070333926,"kPa","DE"
"interface-alpha-0","Interfaz: αδ = 0.00",0,"P_r",31,0.270150824580537,15.4785020804438,-96.4388388413302,"kPa","DE"
"interface-alpha-0","Interfaz: αδ = 0.00",0,"P_r",32,0.278865367308941,15.9778085991678,-96.2114582733103,"kPa","DE"
"interface-alpha-0","Interfaz: αδ = 0.00",0,"P_r",33,0.287579910037346,16.4771151178918,-95.977634399666,"kPa","DE"
"interface-alpha-0","Interfaz: αδ = 0.00",0,"P_r",34,0.29629445276575,16.9764216366158,-95.7374382479836,"kPa","DE"
"interface-alpha-0","Interfaz: αδ = 0.00",0,"P_r",35,0.305008995494155,17.4757281553398,-95.4909427815263,"kPa","DE"
"interface-alpha-0","Interfaz: αδ = 0.00",0,"P_r",36,0.313723538222559,17.9750346740638,-95.2382228770709,"kPa","DE"
"interface-alpha-0","Interfaz: αδ = 0.00",0,"P_r",37,0.322438080950964,18.4743411927878,-94.9793553021626,"kPa","DE"
"interface-alpha-0","Interfaz: αδ = 0.00",0,"P_r",38,0.331152623679368,18.9736477115118,-94.7144186917957,"kPa","DE"
"interface-alpha-0","Interfaz: αδ = 0.00",0,"P_r",39,0.339867166407772,19.4729542302358,-94.4434935245272,"kPa","DE"
"interface-alpha-0","Interfaz: αδ = 0.00",0,"P_r",40,0.348581709136177,19.9722607489598,-94.1666620980298,"kPa","DE"
"interface-alpha-0","Interfaz: αδ = 0.00",0,"P_r",41,0.357296251864581,20.4715672676838,-93.8840085040933,"kPa","DE"
"interface-alpha-0","Interfaz: αδ = 0.00",0,"P_r",42,0.366010794592986,20.9708737864078,-93.5956186030799,"kPa","DE"
"interface-alpha-0","Interfaz: αδ = 0.00",0,"P_r",43,0.37472533732139,21.4701803051318,-93.3015799978431,"kPa","DE"
"interface-alpha-0","Interfaz: αδ = 0.00",0,"P_r",44,0.383439880049794,21.9694868238558,-93.0019820071169,"kPa","DE"
"interface-alpha-0","Interfaz: αδ = 0.00",0,"P_r",45,0.392154422778199,22.4687933425798,-92.6969156383838,"kPa","DE"
"interface-alpha-0","Interfaz: αδ = 0.00",0,"P_r",46,0.400868965506603,22.9680998613037,-92.3864735602301,"kPa","DE"
"interface-alpha-0","Interfaz: αδ = 0.00",0,"P_r",47,0.409583508235008,23.4674063800277,-92.070750074196,"kPa","DE"
"interface-alpha-0","Interfaz: αδ = 0.00",0,"P_r",48,0.418298050963412,23.9667128987517,-91.7498410861306,"kPa","DE"
"interface-alpha-0","Interfaz: αδ = 0.00",0,"P_r",49,0.427012593691816,24.4660194174757,-91.4238440770585,"kPa","DE"
"interface-alpha-0","Interfaz: αδ = 0.00",0,"P_r",50,0.435727136420221,24.9653259361997,-91.0928580735687,"kPa","DE"
"interface-alpha-0","Interfaz: αδ = 0.00",0,"P_r",51,0.444441679148625,25.4646324549237,-90.756983617734,"kPa","DE"
"interface-alpha-0","Interfaz: αδ = 0.00",0,"P_r",52,0.45315622187703,25.9639389736477,-90.4163227365693,"kPa","DE"
"interface-alpha-0","Interfaz: αδ = 0.00",0,"P_r",53,0.461870764605434,26.4632454923717,-90.0709789110395,"kPa","DE"
"interface-alpha-0","Interfaz: αδ = 0.00",0,"P_r",54,0.470585307333839,26.9625520110957,-89.7210570446259,"kPa","DE"
"interface-alpha-0","Interfaz: αδ = 0.00",0,"P_r",55,0.479299850062243,27.4618585298197,-89.3666634314597,"kPa","DE"
"interface-alpha-0","Interfaz: αδ = 0.00",0,"P_r",56,0.488014392790647,27.9611650485437,-89.0079057240337,"kPa","DE"
"interface-alpha-0","Interfaz: αδ = 0.00",0,"P_r",57,0.496728935519052,28.4604715672677,-88.6448929005015,"kPa","DE"
"interface-alpha-0","Interfaz: αδ = 0.00",0,"P_r",58,0.505443478247456,28.9597780859917,-88.2777352315732,"kPa","DE"
"interface-alpha-0","Interfaz: αδ = 0.00",0,"P_r",59,0.514158020975861,29.4590846047157,-87.9065442470192,"kPa","DE"
"interface-alpha-0","Interfaz: αδ = 0.00",0,"P_r",60,0.522872563704265,29.9583911234397,-87.5314327017916,"kPa","DE"
"interface-alpha-0","Interfaz: αδ = 0.00",0,"P_r",61,0.53158710643267,30.4576976421637,-87.1525145417727,"kPa","DE"
"interface-alpha-0","Interfaz: αδ = 0.00",0,"P_r",62,0.540301649161074,30.9570041608877,-86.7699048691624,"kPa","DE"
"interface-alpha-0","Interfaz: αδ = 0.00",0,"P_r",63,0.549016191889478,31.4563106796117,-86.3837199075143,"kPa","DE"
"interface-alpha-0","Interfaz: αδ = 0.00",0,"P_r",64,0.557730734617883,31.9556171983356,-85.9940769664307,"kPa","DE"
"interface-alpha-0","Interfaz: αδ = 0.00",0,"P_r",65,0.566445277346287,32.4549237170596,-85.6010944059282,"kPa","DE"
"interface-alpha-0","Interfaz: αδ = 0.00",0,"P_r",66,0.575159820074692,32.9542302357836,-85.2048916004841,"kPa","DE"
"interface-alpha-0","Interfaz: αδ = 0.00",0,"P_r",67,0.583874362803096,33.4535367545076,-84.8055889027743,"kPa","DE"
"interface-alpha-0","Interfaz: αδ = 0.00",0,"P_r",68,0.592588905531501,33.9528432732316,-84.4033076071146,"kPa","DE"
"interface-alpha-0","Interfaz: αδ = 0.00",0,"P_r",69,0.601303448259905,34.4521497919556,-83.9981699126156,"kPa","DE"
"interface-alpha-0","Interfaz: αδ = 0.00",0,"P_r",70,0.610017990988309,34.9514563106796,-83.5902988860628,"kPa","DE"
"interface-alpha-0","Interfaz: αδ = 0.00",0,"P_r",71,0.618732533716714,35.4507628294036,-83.1798184245332,"kPa","DE"
"interface-alpha-0","Interfaz: αδ = 0.00",0,"P_r",72,0.627447076445118,35.9500693481276,-82.7668532177597,"kPa","DE"
"interface-alpha-0","Interfaz: αδ = 0.00",0,"P_r",73,0.636161619173523,36.4493758668516,-82.3515287102547,"kPa","DE"
"interface-alpha-0","Interfaz: αδ = 0.00",0,"P_r",74,0.644876161901927,36.9486823855756,-81.9339710632042,"kPa","DE"
"interface-alpha-0","Interfaz: αδ = 0.00",0,"P_r",75,0.653590704630331,37.4479889042996,-81.5143071161448,"kPa","DE"
"interface-alpha-0","Interfaz: αδ = 0.00",0,"P_r",76,0.662305247358736,37.9472954230236,-81.0926643484339,"kPa","DE"
"interface-alpha-0","Interfaz: αδ = 0.00",0,"P_r",77,0.67101979008714,38.4466019417476,-80.669170840526,"kPa","DE"
"interface-alpha-0","Interfaz: αδ = 0.00",0,"P_r",78,0.679734332815545,38.9459084604716,-80.2439552350664,"kPa","DE"
"interface-alpha-0","Interfaz: αδ = 0.00",0,"P_r",79,0.688448875543949,39.4452149791956,-79.8171466978137,"kPa","DE"
"interface-alpha-0","Interfaz: αδ = 0.00",0,"P_r",80,0.697163418272354,39.9445214979196,-79.3888748784042,"kPa","DE"
"interface-alpha-0","Interfaz: αδ = 0.00",0,"P_r",81,0.705877961000758,40.4438280166436,-78.9592698709684,"kPa","DE"
"interface-alpha-0","Interfaz: αδ = 0.00",0,"P_r",82,0.714592503729162,40.9431345353675,-78.5284621746134,"kPa","DE"
"interface-alpha-0","Interfaz: αδ = 0.00",0,"P_r",83,0.723307046457567,41.4424410540915,-78.0965826537812,"kPa","DE"
"interface-alpha-0","Interfaz: αδ = 0.00",0,"P_r",84,0.732021589185971,41.9417475728155,-77.6637624984969,"kPa","DE"
"interface-alpha-0","Interfaz: αδ = 0.00",0,"P_r",85,0.740736131914376,42.4410540915395,-77.230133184518,"kPa","DE"
"interface-alpha-0","Interfaz: αδ = 0.00",0,"P_r",86,0.74945067464278,42.9403606102635,-76.7958264333961,"kPa","DE"
"interface-alpha-0","Interfaz: αδ = 0.00",0,"P_r",87,0.758165217371184,43.4396671289875,-76.3609741724649,"kPa","DE"
"interface-alpha-0","Interfaz: αδ = 0.00",0,"P_r",88,0.766879760099589,43.9389736477115,-75.9257084947648,"kPa","DE"
"interface-alpha-0","Interfaz: αδ = 0.00",0,"P_r",89,0.775594302827993,44.4382801664355,-75.4901616189184,"kPa","DE"
"interface-alpha-0","Interfaz: αδ = 0.00",0,"P_r",90,0.784308845556398,44.9375866851595,-75.0544658489659,"kPa","DE"
"interface-alpha-0","Interfaz: αδ = 0.00",0,"P_r",91,0.785398163397448,45,-75,"kPa","DE"
"interface-alpha-0","Interfaz: αδ = 0.00",0,"P_r",92,0.793023388284802,45.4368932038835,-74.6187535341768,"kPa","DE"
"interface-alpha-0","Interfaz: αδ = 0.00",0,"P_r",93,0.801737931013207,45.9361997226075,-74.1831570288463,"kPa","DE"
"interface-alpha-0","Interfaz: αδ = 0.00",0,"P_r",94,0.810452473741611,46.4355062413315,-73.7478086520906,"kPa","DE"
"interface-alpha-0","Interfaz: αδ = 0.00",0,"P_r",95,0.819167016470015,46.9348127600555,-73.312840647653,"kPa","DE"
"interface-alpha-0","Interfaz: αδ = 0.00",0,"P_r",96,0.82788155919842,47.4341192787795,-72.878385143733,"kPa","DE"
"interface-alpha-0","Interfaz: αδ = 0.00",0,"P_r",97,0.836596101926824,47.9334257975035,-72.4445741128502,"kPa","DE"
"interface-alpha-0","Interfaz: αδ = 0.00",0,"P_r",98,0.845310644655229,48.4327323162275,-72.0115393317555,"kPa","DE"
"interface-alpha-0","Interfaz: αδ = 0.00",0,"P_r",99,0.854025187383633,48.9320388349515,-71.5794123414022,"kPa","DE"
"interface-alpha-0","Interfaz: αδ = 0.00",0,"P_r",100,0.862739730112038,49.4313453536755,-71.1483244069882,"kPa","DE"
"interface-alpha-0","Interfaz: αδ = 0.00",0,"P_r",101,0.871454272840442,49.9306518723995,-70.7184064780821,"kPa","DE"
"interface-alpha-0","Interfaz: αδ = 0.00",0,"P_r",102,0.880168815568846,50.4299583911234,-70.2897891488456,"kPa","DE"
"interface-alpha-0","Interfaz: αδ = 0.00",0,"P_r",103,0.888883358297251,50.9292649098474,-69.8626026183631,"kPa","DE"
"interface-alpha-0","Interfaz: αδ = 0.00",0,"P_r",104,0.897597901025655,51.4285714285714,-69.4369766510921,"kPa","DE"
"interface-alpha-0","Interfaz: αδ = 0.00",0,"P_r",105,0.90631244375406,51.9278779472954,-69.0130405374451,"kPa","DE"
"interface-alpha-0","Interfaz: αδ = 0.00",0,"P_r",106,0.915026986482464,52.4271844660194,-68.5909230545155,"kPa","DE"
"interface-alpha-0","Interfaz: αδ = 0.00",0,"P_r",107,0.923741529210868,52.9264909847434,-68.1707524269599,"kPa","DE"
"interface-alpha-0","Interfaz: αδ = 0.00",0,"P_r",108,0.932456071939273,53.4257975034674,-67.7526562880476,"kPa","DE"
"interface-alpha-0","Interfaz: αδ = 0.00",0,"P_r",109,0.941170614667677,53.9251040221914,-67.3367616408904,"kPa","DE"
"interface-alpha-0","Interfaz: αδ = 0.00",0,"P_r",110,0.949885157396082,54.4244105409154,-66.923194819863,"kPa","DE"
"interface-alpha-0","Interfaz: αδ = 0.00",0,"P_r",111,0.958599700124486,54.9237170596394,-66.5120814522273,"kPa","DE"
"interface-alpha-0","Interfaz: αδ = 0.00",0,"P_r",112,0.967314242852891,55.4230235783634,-66.1035464199711,"kPa","DE"
"interface-alpha-0","Interfaz: αδ = 0.00",0,"P_r",113,0.976028785581295,55.9223300970874,-65.6977138218734,"kPa","DE"
"interface-alpha-0","Interfaz: αδ = 0.00",0,"P_r",114,0.984743328309699,56.4216366158114,-65.2947069358073,"kPa","DE"
"interface-alpha-0","Interfaz: αδ = 0.00",0,"P_r",115,0.993457871038104,56.9209431345354,-64.8946481812926,"kPa","DE"
"interface-alpha-0","Interfaz: αδ = 0.00",0,"P_r",116,1.00217241376651,57.4202496532594,-64.4976590823088,"kPa","DE"
"interface-alpha-0","Interfaz: αδ = 0.00",0,"P_r",117,1.01088695649491,57.9195561719834,-64.1038602303808,"kPa","DE"
"interface-alpha-0","Interfaz: αδ = 0.00",0,"P_r",118,1.01960149922332,58.4188626907073,-63.7133712479467,"kPa","DE"
"interface-alpha-0","Interfaz: αδ = 0.00",0,"P_r",119,1.02831604195172,58.9181692094313,-63.3263107520212,"kPa","DE"
"interface-alpha-0","Interfaz: αδ = 0.00",0,"P_r",120,1.03703058468013,59.4174757281553,-62.9427963181636,"kPa","DE"
"interface-alpha-0","Interfaz: αδ = 0.00",0,"P_r",121,1.04574512740853,59.9167822468793,-62.5629444447625,"kPa","DE"
"interface-alpha-0","Interfaz: αδ = 0.00",0,"P_r",122,1.05445967013693,60.4160887656033,-62.1868705176477,"kPa","DE"
"interface-alpha-0","Interfaz: αδ = 0.00",0,"P_r",123,1.06317421286534,60.9153952843273,-61.8146887750397,"kPa","DE"
"interface-alpha-0","Interfaz: αδ = 0.00",0,"P_r",124,1.07188875559374,61.4147018030513,-61.4465122728484,"kPa","DE"
"interface-alpha-0","Interfaz: αδ = 0.00",0,"P_r",125,1.08060329832215,61.9140083217753,-61.0824528503306,"kPa","DE"
"interface-alpha-0","Interfaz: αδ = 0.00",0,"P_r",126,1.08931784105055,62.4133148404993,-60.7226210961169,"kPa","DE"
"interface-alpha-0","Interfaz: αδ = 0.00",0,"P_r",127,1.09803238377896,62.9126213592233,-60.3671263146189,"kPa","DE"
"interface-alpha-0","Interfaz: αδ = 0.00",0,"P_r",128,1.10674692650736,63.4119278779473,-60.0160764928264,"kPa","DE"
"interface-alpha-0","Interfaz: αδ = 0.00",0,"P_r",129,1.11546146923577,63.9112343966713,-59.6695782675041,"kPa","DE"
"interface-alpha-0","Interfaz: αδ = 0.00",0,"P_r",130,1.12417601196417,64.4105409153953,-59.3277368928001,"kPa","DE"
"interface-alpha-0","Interfaz: αδ = 0.00",0,"P_r",131,1.13289055469257,64.9098474341193,-58.9906562082722,"kPa","DE"
"interface-alpha-0","Interfaz: αδ = 0.00",0,"P_r",132,1.14160509742098,65.4091539528433,-58.6584386073459,"kPa","DE"
"interface-alpha-0","Interfaz: αδ = 0.00",0,"P_r",133,1.15031964014938,65.9084604715673,-58.3311850062105,"kPa","DE"
"interface-alpha-0","Interfaz: αδ = 0.00",0,"P_r",134,1.15903418287779,66.4077669902913,-58.008994813164,"kPa","DE"
"interface-alpha-0","Interfaz: αδ = 0.00",0,"P_r",135,1.16774872560619,66.9070735090153,-57.6919658984169,"kPa","DE"
"interface-alpha-0","Interfaz: αδ = 0.00",0,"P_r",136,1.1764632683346,67.4063800277392,-57.380194564362,"kPa","DE"
"interface-alpha-0","Interfaz: αδ = 0.00",0,"P_r",137,1.185177811063,67.9056865464632,-57.0737755163216,"kPa","DE"
"interface-alpha-0","Interfaz: αδ = 0.00",0,"P_r",138,1.19389235379141,68.4049930651872,-56.772801833779,"kPa","DE"
"interface-alpha-0","Interfaz: αδ = 0.00",0,"P_r",139,1.20260689651981,68.9042995839112,-56.4773649421041,"kPa","DE"
"interface-alpha-0","Interfaz: αδ = 0.00",0,"P_r",140,1.21132143924821,69.4036061026352,-56.187554584782,"kPa","DE"
"interface-alpha-0","Interfaz: αδ = 0.00",0,"P_r",141,1.22003598197662,69.9029126213592,-55.9034587961514,"kPa","DE"
"interface-alpha-0","Interfaz: αδ = 0.00",0,"P_r",142,1.22875052470502,70.4022191400832,-55.6251638746634,"kPa","DE"
"interface-alpha-0","Interfaz: αδ = 0.00",0,"P_r",143,1.23746506743343,70.9015256588072,-55.3527543566667,"kPa","DE"
"interface-alpha-0","Interfaz: αδ = 0.00",0,"P_r",144,1.24617961016183,71.4008321775312,-55.0863129907284,"kPa","DE"
"interface-alpha-0","Interfaz: αδ = 0.00",0,"P_r",145,1.25489415289024,71.9001386962552,-54.825920712498,"kPa","DE"
"interface-alpha-0","Interfaz: αδ = 0.00",0,"P_r",146,1.26360869561864,72.3994452149792,-54.5716566201218,"kPa","DE"
"interface-alpha-0","Interfaz: αδ = 0.00",0,"P_r",147,1.27232323834705,72.8987517337032,-54.3235979502159,"kPa","DE"
"interface-alpha-0","Interfaz: αδ = 0.00",0,"P_r",148,1.28103778107545,73.3980582524272,-54.081820054404,"kPa","DE"
"interface-alpha-0","Interfaz: αδ = 0.00",0,"P_r",149,1.28975232380385,73.8973647711512,-53.8463963764283,"kPa","DE"
"interface-alpha-0","Interfaz: αδ = 0.00",0,"P_r",150,1.29846686653226,74.3966712898752,-53.6173984298402,"kPa","DE"
"interface-alpha-0","Interfaz: αδ = 0.00",0,"P_r",151,1.30718140926066,74.8959778085992,-53.3948957762764,"kPa","DE"
"interface-alpha-0","Interfaz: αδ = 0.00",0,"P_r",152,1.31589595198907,75.3952843273232,-53.1789560043291,"kPa","DE"
"interface-alpha-0","Interfaz: αδ = 0.00",0,"P_r",153,1.32461049471747,75.8945908460472,-52.9696447090142,"kPa","DE"
"interface-alpha-0","Interfaz: αδ = 0.00",0,"P_r",154,1.33332503744588,76.3938973647712,-52.7670254718466,"kPa","DE"
"interface-alpha-0","Interfaz: αδ = 0.00",0,"P_r",155,1.34203958017428,76.8932038834951,-52.5711598415256,"kPa","DE"
"interface-alpha-0","Interfaz: αδ = 0.00",0,"P_r",156,1.35075412290268,77.3925104022191,-52.3821073152392,"kPa","DE"
"interface-alpha-0","Interfaz: αδ = 0.00",0,"P_r",157,1.35946866563109,77.8918169209431,-52.1999253205904,"kPa","DE"
"interface-alpha-0","Interfaz: αδ = 0.00",0,"P_r",158,1.36818320835949,78.3911234396671,-52.0246691981529,"kPa","DE"
"interface-alpha-0","Interfaz: αδ = 0.00",0,"P_r",159,1.3768977510879,78.8904299583911,-51.8563921846606,"kPa","DE"
"interface-alpha-0","Interfaz: αδ = 0.00",0,"P_r",160,1.3856122938163,79.3897364771151,-51.695145396836,"kPa","DE"
"interface-alpha-0","Interfaz: αδ = 0.00",0,"P_r",161,1.39432683654471,79.8890429958391,-51.540977815863,"kPa","DE"
"interface-alpha-0","Interfaz: αδ = 0.00",0,"P_r",162,1.40304137927311,80.3883495145631,-51.3939362725075,"kPa","DE"
"interface-alpha-0","Interfaz: αδ = 0.00",0,"P_r",163,1.41175592200152,80.8876560332871,-51.2540654328927,"kPa","DE"
"interface-alpha-0","Interfaz: αδ = 0.00",0,"P_r",164,1.42047046472992,81.3869625520111,-51.1214077849302,"kPa","DE"
"interface-alpha-0","Interfaz: αδ = 0.00",0,"P_r",165,1.42918500745832,81.8862690707351,-50.9960036254142,"kPa","DE"
"interface-alpha-0","Interfaz: αδ = 0.00",0,"P_r",166,1.43789955018673,82.3855755894591,-50.8778910477807,"kPa","DE"
"interface-alpha-0","Interfaz: αδ = 0.00",0,"P_r",167,1.44661409291513,82.8848821081831,-50.7671059305359,"kPa","DE"
"interface-alpha-0","Interfaz: αδ = 0.00",0,"P_r",168,1.45532863564354,83.3841886269071,-50.6636819263573,"kPa","DE"
"interface-alpha-0","Interfaz: αδ = 0.00",0,"P_r",169,1.46404317837194,83.8834951456311,-50.5676504518719,"kPa","DE"
"interface-alpha-0","Interfaz: αδ = 0.00",0,"P_r",170,1.47275772110035,84.3828016643551,-50.4790406781121,"kPa","DE"
"interface-alpha-0","Interfaz: αδ = 0.00",0,"P_r",171,1.48147226382875,84.882108183079,-50.3978795216551,"kPa","DE"
"interface-alpha-0","Interfaz: αδ = 0.00",0,"P_r",172,1.49018680655716,85.381414701803,-50.3241916364464,"kPa","DE"
"interface-alpha-0","Interfaz: αδ = 0.00",0,"P_r",173,1.49890134928556,85.880721220527,-50.2579994063107,"kPa","DE"
"interface-alpha-0","Interfaz: αδ = 0.00",0,"P_r",174,1.50761589201396,86.380027739251,-50.1993229381528,"kPa","DE"
"interface-alpha-0","Interfaz: αδ = 0.00",0,"P_r",175,1.51633043474237,86.879334257975,-50.1481800558493,"kPa","DE"
"interface-alpha-0","Interfaz: αδ = 0.00",0,"P_r",176,1.52504497747077,87.378640776699,-50.1045862948348,"kPa","DE"
"interface-alpha-0","Interfaz: αδ = 0.00",0,"P_r",177,1.53375952019918,87.877947295423,-50.0685548973824,"kPa","DE"
"interface-alpha-0","Interfaz: αδ = 0.00",0,"P_r",178,1.54247406292758,88.377253814147,-50.0400968085815,"kPa","DE"
"interface-alpha-0","Interfaz: αδ = 0.00",0,"P_r",179,1.55118860565599,88.876560332871,-50.0192206730129,"kPa","DE"
"interface-alpha-0","Interfaz: αδ = 0.00",0,"P_r",180,1.55990314838439,89.375866851595,-50.0059328321227,"kPa","DE"
"interface-alpha-0","Interfaz: αδ = 0.00",0,"P_r",181,1.5686176911128,89.875173370319,-50.0002373222963,"kPa","DE"
"interface-alpha-0","Interfaz: αδ = 0.00",0,"P_r",182,1.5707963267949,90,-50,"kPa","DE"
"interface-alpha-0","Interfaz: αδ = 0.00",0,"P_r",183,1.5773322338412,90.374479889043,-50.0021358736322,"kPa","DE"
"interface-alpha-0","Interfaz: αδ = 0.00",0,"P_r",184,1.5860467765696,90.873786407767,-50.0116279094162,"kPa","DE"
"interface-alpha-0","Interfaz: αδ = 0.00",0,"P_r",185,1.59476131929801,91.373092926491,-50.028710546297,"kPa","DE"
"interface-alpha-0","Interfaz: αδ = 0.00",0,"P_r",186,1.60347586202641,91.872399445215,-50.0533785951619,"kPa","DE"
"interface-alpha-0","Interfaz: αδ = 0.00",0,"P_r",187,1.61219040475482,92.371705963939,-50.0856245627126,"kPa","DE"
"interface-alpha-0","Interfaz: αδ = 0.00",0,"P_r",188,1.62090494748322,92.871012482663,-50.1254386537423,"kPa","DE"
"interface-alpha-0","Interfaz: αδ = 0.00",0,"P_r",189,1.62961949021163,93.370319001387,-50.1728087741105,"kPa","DE"
"interface-alpha-0","Interfaz: αδ = 0.00",0,"P_r",190,1.63833403294003,93.869625520111,-50.227720534417,"kPa","DE"
"interface-alpha-0","Interfaz: αδ = 0.00",0,"P_r",191,1.64704857566844,94.3689320388349,-50.2901572543726,"kPa","DE"
"interface-alpha-0","Interfaz: αδ = 0.00",0,"P_r",192,1.65576311839684,94.868238557559,-50.3600999678666,"kPa","DE"
"interface-alpha-0","Interfaz: αδ = 0.00",0,"P_r",193,1.66447766112524,95.367545076283,-50.4375274287276,"kPa","DE"
"interface-alpha-0","Interfaz: αδ = 0.00",0,"P_r",194,1.67319220385365,95.8668515950069,-50.5224161171772,"kPa","DE"
"interface-alpha-0","Interfaz: αδ = 0.00",0,"P_r",195,1.68190674658205,96.3661581137309,-50.6147402469751,"kPa","DE"
"interface-alpha-0","Interfaz: αδ = 0.00",0,"P_r",196,1.69062128931046,96.8654646324549,-50.7144717732515,"kPa","DE"
"interface-alpha-0","Interfaz: αδ = 0.00",0,"P_r",197,1.69933583203886,97.3647711511789,-50.8215804010264,"kPa","DE"
"interface-alpha-0","Interfaz: αδ = 0.00",0,"P_r",198,1.70805037476727,97.8640776699029,-50.9360335944121,"kPa","DE"
"interface-alpha-0","Interfaz: αδ = 0.00",0,"P_r",199,1.71676491749567,98.3633841886269,-51.0577965864965,"kPa","DE"
"interface-alpha-0","Interfaz: αδ = 0.00",0,"P_r",200,1.72547946022408,98.8626907073509,-51.1868323899042,"kPa","DE"
"interface-alpha-0","Interfaz: αδ = 0.00",0,"P_r",201,1.73419400295248,99.3619972260749,-51.3231018080317,"kPa","DE"
"interface-alpha-0","Interfaz: αδ = 0.00",0,"P_r",202,1.74290854568088,99.8613037447989,-51.4665634469543,"kPa","DE"
"interface-alpha-0","Interfaz: αδ = 0.00",0,"P_r",203,1.75162308840929,100.360610263523,-51.6171737279999,"kPa","DE"
"interface-alpha-0","Interfaz: αδ = 0.00",0,"P_r",204,1.76033763113769,100.859916782247,-51.7748869009866,"kPa","DE"
"interface-alpha-0","Interfaz: αδ = 0.00",0,"P_r",205,1.7690521738661,101.359223300971,-51.9396550581205,"kPa","DE"
"interface-alpha-0","Interfaz: αδ = 0.00",0,"P_r",206,1.7777667165945,101.858529819695,-52.1114281485479,"kPa","DE"
"interface-alpha-0","Interfaz: αδ = 0.00",0,"P_r",207,1.78648125932291,102.357836338419,-52.2901539935594,"kPa","DE"
"interface-alpha-0","Interfaz: αδ = 0.00",0,"P_r",208,1.79519580205131,102.857142857143,-52.4757783024395,"kPa","DE"
"interface-alpha-0","Interfaz: αδ = 0.00",0,"P_r",209,1.80391034477971,103.356449375867,-52.6682446889589,"kPa","DE"
"interface-alpha-0","Interfaz: αδ = 0.00",0,"P_r",210,1.81262488750812,103.855755894591,-52.8674946885021,"kPa","DE"
"interface-alpha-0","Interfaz: αδ = 0.00",0,"P_r",211,1.82133943023652,104.355062413315,-53.0734677758271,"kPa","DE"
"interface-alpha-0","Interfaz: αδ = 0.00",0,"P_r",212,1.83005397296493,104.854368932039,-53.2861013834513,"kPa","DE"
"interface-alpha-0","Interfaz: αδ = 0.00",0,"P_r",213,1.83876851569333,105.353675450763,-53.5053309206565,"kPa","DE"
"interface-alpha-0","Interfaz: αδ = 0.00",0,"P_r",214,1.84748305842174,105.852981969487,-53.7310897931099,"kPa","DE"
"interface-alpha-0","Interfaz: αδ = 0.00",0,"P_r",215,1.85619760115014,106.352288488211,-53.9633094230933,"kPa","DE"
"interface-alpha-0","Interfaz: αδ = 0.00",0,"P_r",216,1.86491214387855,106.851595006935,-54.201919270334,"kPa","DE"
"interface-alpha-0","Interfaz: αδ = 0.00",0,"P_r",217,1.87362668660695,107.350901525659,-54.4468468534331,"kPa","DE"
"interface-alpha-0","Interfaz: αδ = 0.00",0,"P_r",218,1.88234122933535,107.850208044383,-54.6980177718823,"kPa","DE"
"interface-alpha-0","Interfaz: αδ = 0.00",0,"P_r",219,1.89105577206376,108.349514563107,-54.9553557286647,"kPa","DE"
"interface-alpha-0","Interfaz: αδ = 0.00",0,"P_r",220,1.89977031479216,108.848821081831,-55.218782553431,"kPa","DE"
"interface-alpha-0","Interfaz: αδ = 0.00",0,"P_r",221,1.90848485752057,109.348127600555,-55.4882182262448,"kPa","DE"
"interface-alpha-0","Interfaz: αδ = 0.00",0,"P_r",222,1.91719940024897,109.847434119279,-55.7635809018899,"kPa","DE"
"interface-alpha-0","Interfaz: αδ = 0.00",0,"P_r",223,1.92591394297738,110.346740638003,-56.0447869347324,"kPa","DE"
"interface-alpha-0","Interfaz: αδ = 0.00",0,"P_r",224,1.93462848570578,110.846047156727,-56.3317509041287,"kPa","DE"
"interface-alpha-0","Interfaz: αδ = 0.00",0,"P_r",225,1.94334302843419,111.345353675451,-56.6243856403741,"kPa","DE"
"interface-alpha-0","Interfaz: αδ = 0.00",0,"P_r",226,1.95205757116259,111.844660194175,-56.9226022511812,"kPa","DE"
"interface-alpha-0","Interfaz: αδ = 0.00",0,"P_r",227,1.96077211389099,112.343966712899,-57.2263101486829,"kPa","DE"
"interface-alpha-0","Interfaz: αδ = 0.00",0,"P_r",228,1.9694866566194,112.843273231623,-57.5354170769494,"kPa","DE"
"interface-alpha-0","Interfaz: αδ = 0.00",0,"P_r",229,1.9782011993478,113.342579750347,-57.8498291400126,"kPa","DE"
"interface-alpha-0","Interfaz: αδ = 0.00",0,"P_r",230,1.98691574207621,113.841886269071,-58.1694508303883,"kPa","DE"
"interface-alpha-0","Interfaz: αδ = 0.00",0,"P_r",231,1.99563028480461,114.341192787795,-58.4941850580884,"kPa","DE"
"interface-alpha-0","Interfaz: αδ = 0.00",0,"P_r",232,2.00434482753302,114.840499306519,-58.8239331801129,"kPa","DE"
"interface-alpha-0","Interfaz: αδ = 0.00",0,"P_r",233,2.01305937026142,115.339805825243,-59.1585950304146,"kPa","DE"
"interface-alpha-0","Interfaz: αδ = 0.00",0,"P_r",234,2.02177391298983,115.839112343967,-59.4980689503262,"kPa","DE"
"interface-alpha-0","Interfaz: αδ = 0.00",0,"P_r",235,2.03048845571823,116.338418862691,-59.8422518194404,"kPa","DE"
"interface-alpha-0","Interfaz: αδ = 0.00",0,"P_r",236,2.03920299844663,116.837725381415,-60.1910390869342,"kPa","DE"
"interface-alpha-0","Interfaz: αδ = 0.00",0,"P_r",237,2.04791754117504,117.337031900139,-60.5443248033282,"kPa","DE"
"interface-alpha-0","Interfaz: αδ = 0.00",0,"P_r",238,2.05663208390344,117.836338418863,-60.9020016526701,"kPa","DE"
"interface-alpha-0","Interfaz: αδ = 0.00",0,"P_r",239,2.06534662663185,118.335644937587,-61.2639609851338,"kPa","DE"
"interface-alpha-0","Interfaz: αδ = 0.00",0,"P_r",240,2.07406116936025,118.834951456311,-61.6300928500231,"kPa","DE"
"interface-alpha-0","Interfaz: αδ = 0.00",0,"P_r",241,2.08277571208866,119.334257975035,-62.0002860291713,"kPa","DE"
"interface-alpha-0","Interfaz: αδ = 0.00",0,"P_r",242,2.09149025481706,119.833564493759,-62.3744280707251,"kPa","DE"
"interface-alpha-0","Interfaz: αδ = 0.00",0,"P_r",243,2.10020479754546,120.332871012483,-62.7524053233036,"kPa","DE"
"interface-alpha-0","Interfaz: αδ = 0.00",0,"P_r",244,2.10891934027387,120.832177531207,-63.1341029705221,"kPa","DE"
"interface-alpha-0","Interfaz: αδ = 0.00",0,"P_r",245,2.11763388300227,121.331484049931,-63.5194050658687,"kPa","DE"
"interface-alpha-0","Interfaz: αδ = 0.00",0,"P_r",246,2.12634842573068,121.830790568655,-63.9081945679252,"kPa","DE"
"interface-alpha-0","Interfaz: αδ = 0.00",0,"P_r",247,2.13506296845908,122.330097087379,-64.3003533759202,"kPa","DE"
"interface-alpha-0","Interfaz: αδ = 0.00",0,"P_r",248,2.14377751118749,122.829403606103,-64.6957623656039,"kPa","DE"
"interface-alpha-0","Interfaz: αδ = 0.00",0,"P_r",249,2.15249205391589,123.328710124827,-65.0943014254341,"kPa","DE"
"interface-alpha-0","Interfaz: αδ = 0.00",0,"P_r",250,2.1612065966443,123.828016643551,-65.4958494930617,"kPa","DE"
"interface-alpha-0","Interfaz: αδ = 0.00",0,"P_r",251,2.1699211393727,124.327323162275,-65.9002845921053,"kPa","DE"
"interface-alpha-0","Interfaz: αδ = 0.00",0,"P_r",252,2.1786356821011,124.826629680999,-66.3074838692037,"kPa","DE"
"interface-alpha-0","Interfaz: αδ = 0.00",0,"P_r",253,2.18735022482951,125.325936199723,-66.7173236313339,"kPa","DE"
"interface-alpha-0","Interfaz: αδ = 0.00",0,"P_r",254,2.19606476755791,125.825242718447,-67.1296793833854,"kPa","DE"
"interface-alpha-0","Interfaz: αδ = 0.00",0,"P_r",255,2.20477931028632,126.324549237171,-67.544425865977,"kPa","DE"
"interface-alpha-0","Interfaz: αδ = 0.00",0,"P_r",256,2.21349385301472,126.823855755895,-67.9614370935065,"kPa","DE"
"interface-alpha-0","Interfaz: αδ = 0.00",0,"P_r",257,2.22220839574313,127.323162274619,-68.3805863924207,"kPa","DE"
"interface-alpha-0","Interfaz: αδ = 0.00",0,"P_r",258,2.23092293847153,127.822468793343,-68.8017464396945,"kPa","DE"
"interface-alpha-0","Interfaz: αδ = 0.00",0,"P_r",259,2.23963748119994,128.321775312067,-69.2247893015071,"kPa","DE"
"interface-alpha-0","Interfaz: αδ = 0.00",0,"P_r",260,2.24835202392834,128.821081830791,-69.649586472104,"kPa","DE"
"interface-alpha-0","Interfaz: αδ = 0.00",0,"P_r",261,2.25706656665674,129.320388349515,-70.0760089128324,"kPa","DE"
"interface-alpha-0","Interfaz: αδ = 0.00",0,"P_r",262,2.26578110938515,129.819694868239,-70.5039270913387,"kPa","DE"
"interface-alpha-0","Interfaz: αδ = 0.00",0,"P_r",263,2.27449565211355,130.319001386963,-70.9332110209163,"kPa","DE"
"interface-alpha-0","Interfaz: αδ = 0.00",0,"P_r",264,2.28321019484196,130.818307905687,-71.3637302999906,"kPa","DE"
"interface-alpha-0","Interfaz: αδ = 0.00",0,"P_r",265,2.29192473757036,131.317614424411,-71.7953541517306,"kPa","DE"
"interface-alpha-0","Interfaz: αδ = 0.00",0,"P_r",266,2.30063928029877,131.816920943135,-72.2279514637746,"kPa","DE"
"interface-alpha-0","Interfaz: αδ = 0.00",0,"P_r",267,2.30935382302717,132.316227461859,-72.6613908280573,"kPa","DE"
"interface-alpha-0","Interfaz: αδ = 0.00",0,"P_r",268,2.31806836575558,132.815533980583,-73.095540580727,"kPa","DE"
"interface-alpha-0","Interfaz: αδ = 0.00",0,"P_r",269,2.32678290848398,133.314840499307,-73.530268842141,"kPa","DE"
"interface-alpha-0","Interfaz: αδ = 0.00",0,"P_r",270,2.33549745121238,133.814147018031,-73.9654435569252,"kPa","DE"
"interface-alpha-0","Interfaz: αδ = 0.00",0,"P_r",271,2.34421199394079,134.313453536755,-74.4009325340889,"kPa","DE"
"interface-alpha-0","Interfaz: αδ = 0.00",0,"P_r",272,2.35292653666919,134.812760055478,-74.8366034871791,"kPa","DE"
"interface-alpha-0","Interfaz: αδ = 0.00",0,"P_r",273,2.35619449019234,135,-75,"kPa","DE"
"interface-alpha-0","Interfaz: αδ = 0.00",0,"P_r",274,2.3616410793976,135.312066574203,-75.272324074465,"kPa","DE"
"interface-alpha-0","Interfaz: αδ = 0.00",0,"P_r",275,2.370355622126,135.811373092926,-75.7079619391385,"kPa","DE"
"interface-alpha-0","Interfaz: αδ = 0.00",0,"P_r",276,2.37907016485441,136.31067961165,-76.1433847495199,"kPa","DE"
"interface-alpha-0","Interfaz: αδ = 0.00",0,"P_r",277,2.38778470758281,136.809986130374,-76.5784602392553,"kPa","DE"
"interface-alpha-0","Interfaz: αδ = 0.00",0,"P_r",278,2.39649925031122,137.309292649098,-77.0130562474952,"kPa","DE"
"interface-alpha-0","Interfaz: αδ = 0.00",0,"P_r",279,2.40521379303962,137.808599167822,-77.4470407590395,"kPa","DE"
"interface-alpha-0","Interfaz: αδ = 0.00",0,"P_r",280,2.41392833576802,138.307905686546,-77.8802819444399,"kPa","DE"
"interface-alpha-0","Interfaz: αδ = 0.00",0,"P_r",281,2.42264287849643,138.80721220527,-78.3126482000447,"kPa","DE"
"interface-alpha-0","Interfaz: αδ = 0.00",0,"P_r",282,2.43135742122483,139.306518723994,-78.7440081879754,"kPa","DE"
"interface-alpha-0","Interfaz: αδ = 0.00",0,"P_r",283,2.44007196395324,139.805825242718,-79.174230876023,"kPa","DE"
"interface-alpha-0","Interfaz: αδ = 0.00",0,"P_r",284,2.44878650668164,140.305131761442,-79.6031855774507,"kPa","DE"
"interface-alpha-0","Interfaz: αδ = 0.00",0,"P_r",285,2.45750104941005,140.804438280166,-80.0307419906919,"kPa","DE"
"interface-alpha-0","Interfaz: αδ = 0.00",0,"P_r",286,2.46621559213845,141.30374479889,-80.4567702389317,"kPa","DE"
"interface-alpha-0","Interfaz: αδ = 0.00",0,"P_r",287,2.47493013486686,141.803051317614,-80.8811409095585,"kPa","DE"
"interface-alpha-0","Interfaz: αδ = 0.00",0,"P_r",288,2.48364467759526,142.302357836338,-81.3037250934755,"kPa","DE"
"interface-alpha-0","Interfaz: αδ = 0.00",0,"P_r",289,2.49235922032366,142.801664355062,-81.7243944242587,"kPa","DE"
"interface-alpha-0","Interfaz: αδ = 0.00",0,"P_r",290,2.50107376305207,143.300970873786,-82.1430211171499,"kPa","DE"
"interface-alpha-0","Interfaz: αδ = 0.00",0,"P_r",291,2.50978830578047,143.80027739251,-82.5594780078735,"kPa","DE"
"interface-alpha-0","Interfaz: αδ = 0.00",0,"P_r",292,2.51850284850888,144.299583911234,-82.9736385912646,"kPa","DE"
"interface-alpha-0","Interfaz: αδ = 0.00",0,"P_r",293,2.52721739123728,144.798890429958,-83.385377059697,"kPa","DE"
"interface-alpha-0","Interfaz: αδ = 0.00",0,"P_r",294,2.53593193396569,145.298196948682,-83.7945683412988,"kPa","DE"
"interface-alpha-0","Interfaz: αδ = 0.00",0,"P_r",295,2.54464647669409,145.797503467406,-84.2010881379452,"kPa","DE"
"interface-alpha-0","Interfaz: αδ = 0.00",0,"P_r",296,2.55336101942249,146.29680998613,-84.6048129630162,"kPa","DE"
"interface-alpha-0","Interfaz: αδ = 0.00",0,"P_r",297,2.5620755621509,146.796116504854,-85.005620178907,"kPa","DE"
"interface-alpha-0","Interfaz: αδ = 0.00",0,"P_r",298,2.5707901048793,147.295423023578,-85.4033880342811,"kPa","DE"
"interface-alpha-0","Interfaz: αδ = 0.00",0,"P_r",299,2.57950464760771,147.794729542302,-85.797995701055,"kPa","DE"
"interface-alpha-0","Interfaz: αδ = 0.00",0,"P_r",300,2.58821919033611,148.294036061026,-86.1893233111002,"kPa","DE"
"interface-alpha-0","Interfaz: αδ = 0.00",0,"P_r",301,2.59693373306452,148.79334257975,-86.5772519926562,"kPa","DE"
"interface-alpha-0","Interfaz: αδ = 0.00",0,"P_r",302,2.60564827579292,149.292649098474,-86.961663906439,"kPa","DE"
"interface-alpha-0","Interfaz: αδ = 0.00",0,"P_r",303,2.61436281852133,149.791955617198,-87.3424422814367,"kPa","DE"
"interface-alpha-0","Interfaz: αδ = 0.00",0,"P_r",304,2.62307736124973,150.291262135922,-87.7194714503805,"kPa","DE"
"interface-alpha-0","Interfaz: αδ = 0.00",0,"P_r",305,2.63179190397813,150.790568654646,-88.0926368848805,"kPa","DE"
"interface-alpha-0","Interfaz: αδ = 0.00",0,"P_r",306,2.64050644670654,151.28987517337,-88.4618252302152,"kPa","DE"
"interface-alpha-0","Interfaz: αδ = 0.00",0,"P_r",307,2.64922098943494,151.789181692094,-88.8269243397652,"kPa","DE"
"interface-alpha-0","Interfaz: αδ = 0.00",0,"P_r",308,2.65793553216335,152.288488210818,-89.1878233090788,"kPa","DE"
"interface-alpha-0","Interfaz: αδ = 0.00",0,"P_r",309,2.66665007489175,152.787794729542,-89.5444125095615,"kPa","DE"
"interface-alpha-0","Interfaz: αδ = 0.00",0,"P_r",310,2.67536461762016,153.287101248266,-89.896583621777,"kPa","DE"
"interface-alpha-0","Interfaz: αδ = 0.00",0,"P_r",311,2.68407916034856,153.78640776699,-90.2442296683514,"kPa","DE"
"interface-alpha-0","Interfaz: αδ = 0.00",0,"P_r",312,2.69279370307697,154.285714285714,-90.5872450464683,"kPa","DE"
"interface-alpha-0","Interfaz: αδ = 0.00",0,"P_r",313,2.70150824580537,154.785020804438,-90.9255255599484,"kPa","DE"
"interface-alpha-0","Interfaz: αδ = 0.00",0,"P_r",314,2.71022278853377,155.284327323162,-91.2589684508997,"kPa","DE"
"interface-alpha-0","Interfaz: αδ = 0.00",0,"P_r",315,2.71893733126218,155.783633841886,-91.5874724309324,"kPa","DE"
"interface-alpha-0","Interfaz: αδ = 0.00",0,"P_r",316,2.72765187399058,156.28294036061,-91.9109377119266,"kPa","DE"
"interface-alpha-0","Interfaz: αδ = 0.00",0,"P_r",317,2.73636641671899,156.782246879334,-92.2292660363445,"kPa","DE"
"interface-alpha-0","Interfaz: αδ = 0.00",0,"P_r",318,2.74508095944739,157.281553398058,-92.5423607070773,"kPa","DE"
"interface-alpha-0","Interfaz: αδ = 0.00",0,"P_r",319,2.7537955021758,157.780859916782,-92.8501266168193,"kPa","DE"
"interface-alpha-0","Interfaz: αδ = 0.00",0,"P_r",320,2.7625100449042,158.280166435506,-93.1524702769571,"kPa","DE"
"interface-alpha-0","Interfaz: αδ = 0.00",0,"P_r",321,2.77122458763261,158.77947295423,-93.4492998459691,"kPa","DE"
"interface-alpha-0","Interfaz: αδ = 0.00",0,"P_r",322,2.77993913036101,159.278779472954,-93.7405251573232,"kPa","DE"
"interface-alpha-0","Interfaz: αδ = 0.00",0,"P_r",323,2.78865367308941,159.778085991678,-94.0260577468667,"kPa","DE"
"interface-alpha-0","Interfaz: αδ = 0.00",0,"P_r",324,2.79736821581782,160.277392510402,-94.3058108796981,"kPa","DE"
"interface-alpha-0","Interfaz: αδ = 0.00",0,"P_r",325,2.80608275854622,160.776699029126,-94.5796995765148,"kPa","DE"
"interface-alpha-0","Interfaz: αδ = 0.00",0,"P_r",326,2.81479730127463,161.27600554785,-94.8476406394264,"kPa","DE"
"interface-alpha-0","Interfaz: αδ = 0.00",0,"P_r",327,2.82351184400303,161.775312066574,-95.1095526772274,"kPa","DE"
"interface-alpha-0","Interfaz: αδ = 0.00",0,"P_r",328,2.83222638673144,162.274618585298,-95.3653561301212,"kPa","DE"
"interface-alpha-0","Interfaz: αδ = 0.00",0,"P_r",329,2.84094092945984,162.773925104022,-95.6149732938875,"kPa","DE"
"interface-alpha-0","Interfaz: αδ = 0.00",0,"P_r",330,2.84965547218825,163.273231622746,-95.8583283434862,"kPa","DE"
"interface-alpha-0","Interfaz: αδ = 0.00",0,"P_r",331,2.85837001491665,163.77253814147,-96.0953473560902,"kPa","DE"
"interface-alpha-0","Interfaz: αδ = 0.00",0,"P_r",332,2.86708455764505,164.271844660194,-96.325958333541,"kPa","DE"
"interface-alpha-0","Interfaz: αδ = 0.00",0,"P_r",333,2.87579910037346,164.771151178918,-96.5500912242189,"kPa","DE"
"interface-alpha-0","Interfaz: αδ = 0.00",0,"P_r",334,2.88451364310186,165.270457697642,-96.7676779443224,"kPa","DE"
"interface-alpha-0","Interfaz: αδ = 0.00",0,"P_r",335,2.89322818583027,165.769764216366,-96.9786523985496,"kPa","DE"
"interface-alpha-0","Interfaz: αδ = 0.00",0,"P_r",336,2.90194272855867,166.26907073509,-97.1829505001757,"kPa","DE"
"interface-alpha-0","Interfaz: αδ = 0.00",0,"P_r",337,2.91065727128708,166.768377253814,-97.3805101905206,"kPa","DE"
"interface-alpha-0","Interfaz: αδ = 0.00",0,"P_r",338,2.91937181401548,167.267683772538,-97.5712714577995,"kPa","DE"
"interface-alpha-0","Interfaz: αδ = 0.00",0,"P_r",339,2.92808635674389,167.766990291262,-97.7551763553533,"kPa","DE"
"interface-alpha-0","Interfaz: αδ = 0.00",0,"P_r",340,2.93680089947229,168.266296809986,-97.93216901925,"kPa","DE"
"interface-alpha-0","Interfaz: αδ = 0.00",0,"P_r",341,2.94551544220069,168.76560332871,-98.1021956852546,"kPa","DE"
"interface-alpha-0","Interfaz: αδ = 0.00",0,"P_r",342,2.9542299849291,169.264909847434,-98.2652047051609,"kPa","DE"
"interface-alpha-0","Interfaz: αδ = 0.00",0,"P_r",343,2.9629445276575,169.764216366158,-98.42114656248,"kPa","DE"
"interface-alpha-0","Interfaz: αδ = 0.00",0,"P_r",344,2.97165907038591,170.263522884882,-98.5699738874821,"kPa","DE"
"interface-alpha-0","Interfaz: αδ = 0.00",0,"P_r",345,2.98037361311431,170.762829403606,-98.7116414715859,"kPa","DE"
"interface-alpha-0","Interfaz: αδ = 0.00",0,"P_r",346,2.98908815584272,171.26213592233,-98.8461062810908,"kPa","DE"
"interface-alpha-0","Interfaz: αδ = 0.00",0,"P_r",347,2.99780269857112,171.761442441054,-98.9733274702496,"kPa","DE"
"interface-alpha-0","Interfaz: αδ = 0.00",0,"P_r",348,3.00651724129952,172.260748959778,-99.0932663936758,"kPa","DE"
"interface-alpha-0","Interfaz: αδ = 0.00",0,"P_r",349,3.01523178402793,172.760055478502,-99.2058866180827,"kPa","DE"
"interface-alpha-0","Interfaz: αδ = 0.00",0,"P_r",350,3.02394632675633,173.259361997226,-99.3111539333506,"kPa","DE"
"interface-alpha-0","Interfaz: αδ = 0.00",0,"P_r",351,3.03266086948474,173.75866851595,-99.4090363629189,"kPa","DE"
"interface-alpha-0","Interfaz: αδ = 0.00",0,"P_r",352,3.04137541221314,174.257975034674,-99.4995041734989,"kPa","DE"
"interface-alpha-0","Interfaz: αδ = 0.00",0,"P_r",353,3.05008995494155,174.757281553398,-99.5825298841063,"kPa","DE"
"interface-alpha-0","Interfaz: αδ = 0.00",0,"P_r",354,3.05880449766995,175.256588072122,-99.6580882744088,"kPa","DE"
"interface-alpha-0","Interfaz: αδ = 0.00",0,"P_r",355,3.06751904039836,175.755894590846,-99.7261563923869,"kPa","DE"
"interface-alpha-0","Interfaz: αδ = 0.00",0,"P_r",356,3.07623358312676,176.25520110957,-99.7867135613063,"kPa","DE"
"interface-alpha-0","Interfaz: αδ = 0.00",0,"P_r",357,3.08494812585516,176.754507628294,-99.8397413859987,"kPa","DE"
"interface-alpha-0","Interfaz: αδ = 0.00",0,"P_r",358,3.09366266858357,177.253814147018,-99.8852237584493,"kPa","DE"
"interface-alpha-0","Interfaz: αδ = 0.00",0,"P_r",359,3.10237721131197,177.753120665742,-99.9231468626903,"kPa","DE"
"interface-alpha-0","Interfaz: αδ = 0.00",0,"P_r",360,3.11109175404038,178.252427184466,-99.9534991789973,"kPa","DE"
"interface-alpha-0","Interfaz: αδ = 0.00",0,"P_r",361,3.11980629676878,178.75173370319,-99.9762714873891,"kPa","DE"
"interface-alpha-0","Interfaz: αδ = 0.00",0,"P_r",362,3.12852083949719,179.251040221914,-99.9914568704278,"kPa","DE"
"interface-alpha-0","Interfaz: αδ = 0.00",0,"P_r",363,3.13723538222559,179.750346740638,-99.9990507153206,"kPa","DE"
"interface-alpha-0","Interfaz: αδ = 0.00",0,"P_r",364,3.14159265358979,180,-100,"kPa","DE"
"interface-alpha-0","Interfaz: αδ = 0.00",0,"P_r",365,3.145949924954,180.249653259362,-99.9990507153206,"kPa","DE"
"interface-alpha-0","Interfaz: αδ = 0.00",0,"P_r",366,3.1546644676824,180.748959778086,-99.9914568704278,"kPa","DE"
"interface-alpha-0","Interfaz: αδ = 0.00",0,"P_r",367,3.1633790104108,181.24826629681,-99.9762714873891,"kPa","DE"
"interface-alpha-0","Interfaz: αδ = 0.00",0,"P_r",368,3.17209355313921,181.747572815534,-99.9534991789973,"kPa","DE"
"interface-alpha-0","Interfaz: αδ = 0.00",0,"P_r",369,3.18080809586761,182.246879334258,-99.9231468626903,"kPa","DE"
"interface-alpha-0","Interfaz: αδ = 0.00",0,"P_r",370,3.18952263859602,182.746185852982,-99.8852237584493,"kPa","DE"
"interface-alpha-0","Interfaz: αδ = 0.00",0,"P_r",371,3.19823718132442,183.245492371706,-99.8397413859987,"kPa","DE"
"interface-alpha-0","Interfaz: αδ = 0.00",0,"P_r",372,3.20695172405283,183.74479889043,-99.7867135613063,"kPa","DE"
"interface-alpha-0","Interfaz: αδ = 0.00",0,"P_r",373,3.21566626678123,184.244105409154,-99.7261563923869,"kPa","DE"
"interface-alpha-0","Interfaz: αδ = 0.00",0,"P_r",374,3.22438080950963,184.743411927878,-99.6580882744088,"kPa","DE"
"interface-alpha-0","Interfaz: αδ = 0.00",0,"P_r",375,3.23309535223804,185.242718446602,-99.5825298841063,"kPa","DE"
"interface-alpha-0","Interfaz: αδ = 0.00",0,"P_r",376,3.24180989496644,185.742024965326,-99.4995041734989,"kPa","DE"
"interface-alpha-0","Interfaz: αδ = 0.00",0,"P_r",377,3.25052443769485,186.24133148405,-99.4090363629189,"kPa","DE"
"interface-alpha-0","Interfaz: αδ = 0.00",0,"P_r",378,3.25923898042325,186.740638002774,-99.3111539333506,"kPa","DE"
"interface-alpha-0","Interfaz: αδ = 0.00",0,"P_r",379,3.26795352315166,187.239944521498,-99.2058866180827,"kPa","DE"
"interface-alpha-0","Interfaz: αδ = 0.00",0,"P_r",380,3.27666806588006,187.739251040222,-99.0932663936758,"kPa","DE"
"interface-alpha-0","Interfaz: αδ = 0.00",0,"P_r",381,3.28538260860847,188.238557558946,-98.9733274702496,"kPa","DE"
"interface-alpha-0","Interfaz: αδ = 0.00",0,"P_r",382,3.29409715133687,188.73786407767,-98.8461062810908,"kPa","DE"
"interface-alpha-0","Interfaz: αδ = 0.00",0,"P_r",383,3.30281169406527,189.237170596394,-98.7116414715859,"kPa","DE"
"interface-alpha-0","Interfaz: αδ = 0.00",0,"P_r",384,3.31152623679368,189.736477115118,-98.5699738874821,"kPa","DE"
"interface-alpha-0","Interfaz: αδ = 0.00",0,"P_r",385,3.32024077952208,190.235783633842,-98.42114656248,"kPa","DE"
"interface-alpha-0","Interfaz: αδ = 0.00",0,"P_r",386,3.32895532225049,190.735090152566,-98.2652047051609,"kPa","DE"
"interface-alpha-0","Interfaz: αδ = 0.00",0,"P_r",387,3.33766986497889,191.23439667129,-98.1021956852546,"kPa","DE"
"interface-alpha-0","Interfaz: αδ = 0.00",0,"P_r",388,3.3463844077073,191.733703190014,-97.93216901925,"kPa","DE"
"interface-alpha-0","Interfaz: αδ = 0.00",0,"P_r",389,3.3550989504357,192.233009708738,-97.7551763553533,"kPa","DE"
"interface-alpha-0","Interfaz: αδ = 0.00",0,"P_r",390,3.36381349316411,192.732316227462,-97.5712714577995,"kPa","DE"
"interface-alpha-0","Interfaz: αδ = 0.00",0,"P_r",391,3.37252803589251,193.231622746186,-97.3805101905206,"kPa","DE"
"interface-alpha-0","Interfaz: αδ = 0.00",0,"P_r",392,3.38124257862091,193.73092926491,-97.1829505001757,"kPa","DE"
"interface-alpha-0","Interfaz: αδ = 0.00",0,"P_r",393,3.38995712134932,194.230235783634,-96.9786523985496,"kPa","DE"
"interface-alpha-0","Interfaz: αδ = 0.00",0,"P_r",394,3.39867166407772,194.729542302358,-96.7676779443224,"kPa","DE"
"interface-alpha-0","Interfaz: αδ = 0.00",0,"P_r",395,3.40738620680613,195.228848821082,-96.550091224219,"kPa","DE"
"interface-alpha-0","Interfaz: αδ = 0.00",0,"P_r",396,3.41610074953453,195.728155339806,-96.325958333541,"kPa","DE"
"interface-alpha-0","Interfaz: αδ = 0.00",0,"P_r",397,3.42481529226294,196.22746185853,-96.0953473560902,"kPa","DE"
"interface-alpha-0","Interfaz: αδ = 0.00",0,"P_r",398,3.43352983499134,196.726768377254,-95.8583283434862,"kPa","DE"
"interface-alpha-0","Interfaz: αδ = 0.00",0,"P_r",399,3.44224437771975,197.226074895978,-95.6149732938875,"kPa","DE"
"interface-alpha-0","Interfaz: αδ = 0.00",0,"P_r",400,3.45095892044815,197.725381414702,-95.3653561301212,"kPa","DE"
"interface-alpha-0","Interfaz: αδ = 0.00",0,"P_r",401,3.45967346317655,198.224687933426,-95.1095526772274,"kPa","DE"
"interface-alpha-0","Interfaz: αδ = 0.00",0,"P_r",402,3.46838800590496,198.72399445215,-94.8476406394264,"kPa","DE"
"interface-alpha-0","Interfaz: αδ = 0.00",0,"P_r",403,3.47710254863336,199.223300970874,-94.5796995765149,"kPa","DE"
"interface-alpha-0","Interfaz: αδ = 0.00",0,"P_r",404,3.48581709136177,199.722607489598,-94.3058108796981,"kPa","DE"
"interface-alpha-0","Interfaz: αδ = 0.00",0,"P_r",405,3.49453163409017,200.221914008322,-94.0260577468667,"kPa","DE"
"interface-alpha-0","Interfaz: αδ = 0.00",0,"P_r",406,3.50324617681858,200.721220527046,-93.7405251573232,"kPa","DE"
"interface-alpha-0","Interfaz: αδ = 0.00",0,"P_r",407,3.51196071954698,201.22052704577,-93.4492998459691,"kPa","DE"
"interface-alpha-0","Interfaz: αδ = 0.00",0,"P_r",408,3.52067526227539,201.719833564494,-93.1524702769571,"kPa","DE"
"interface-alpha-0","Interfaz: αδ = 0.00",0,"P_r",409,3.52938980500379,202.219140083218,-92.8501266168193,"kPa","DE"
"interface-alpha-0","Interfaz: αδ = 0.00",0,"P_r",410,3.53810434773219,202.718446601942,-92.5423607070773,"kPa","DE"
"interface-alpha-0","Interfaz: αδ = 0.00",0,"P_r",411,3.5468188904606,203.217753120666,-92.2292660363444,"kPa","DE"
"interface-alpha-0","Interfaz: αδ = 0.00",0,"P_r",412,3.555533433189,203.71705963939,-91.9109377119266,"kPa","DE"
"interface-alpha-0","Interfaz: αδ = 0.00",0,"P_r",413,3.56424797591741,204.216366158114,-91.5874724309325,"kPa","DE"
"interface-alpha-0","Interfaz: αδ = 0.00",0,"P_r",414,3.57296251864581,204.715672676838,-91.2589684508997,"kPa","DE"
"interface-alpha-0","Interfaz: αδ = 0.00",0,"P_r",415,3.58167706137422,205.214979195562,-90.9255255599484,"kPa","DE"
"interface-alpha-0","Interfaz: αδ = 0.00",0,"P_r",416,3.59039160410262,205.714285714286,-90.5872450464683,"kPa","DE"
"interface-alpha-0","Interfaz: αδ = 0.00",0,"P_r",417,3.59910614683103,206.21359223301,-90.2442296683514,"kPa","DE"
"interface-alpha-0","Interfaz: αδ = 0.00",0,"P_r",418,3.60782068955943,206.712898751734,-89.896583621777,"kPa","DE"
"interface-alpha-0","Interfaz: αδ = 0.00",0,"P_r",419,3.61653523228783,207.212205270458,-89.5444125095614,"kPa","DE"
"interface-alpha-0","Interfaz: αδ = 0.00",0,"P_r",420,3.62524977501624,207.711511789182,-89.1878233090788,"kPa","DE"
"interface-alpha-0","Interfaz: αδ = 0.00",0,"P_r",421,3.63396431774464,208.210818307906,-88.8269243397652,"kPa","DE"
"interface-alpha-0","Interfaz: αδ = 0.00",0,"P_r",422,3.64267886047305,208.71012482663,-88.4618252302153,"kPa","DE"
"interface-alpha-0","Interfaz: αδ = 0.00",0,"P_r",423,3.65139340320145,209.209431345354,-88.0926368848805,"kPa","DE"
"interface-alpha-0","Interfaz: αδ = 0.00",0,"P_r",424,3.66010794592986,209.708737864078,-87.7194714503805,"kPa","DE"
"interface-alpha-0","Interfaz: αδ = 0.00",0,"P_r",425,3.66882248865826,210.208044382802,-87.3424422814367,"kPa","DE"
"interface-alpha-0","Interfaz: αδ = 0.00",0,"P_r",426,3.67753703138666,210.707350901526,-86.961663906439,"kPa","DE"
"interface-alpha-0","Interfaz: αδ = 0.00",0,"P_r",427,3.68625157411507,211.20665742025,-86.5772519926562,"kPa","DE"
"interface-alpha-0","Interfaz: αδ = 0.00",0,"P_r",428,3.69496611684347,211.705963938974,-86.1893233111002,"kPa","DE"
"interface-alpha-0","Interfaz: αδ = 0.00",0,"P_r",429,3.70368065957188,212.205270457698,-85.797995701055,"kPa","DE"
"interface-alpha-0","Interfaz: αδ = 0.00",0,"P_r",430,3.71239520230028,212.704576976422,-85.4033880342811,"kPa","DE"
"interface-alpha-0","Interfaz: αδ = 0.00",0,"P_r",431,3.72110974502869,213.203883495146,-85.0056201789069,"kPa","DE"
"interface-alpha-0","Interfaz: αδ = 0.00",0,"P_r",432,3.72982428775709,213.70319001387,-84.6048129630163,"kPa","DE"
"interface-alpha-0","Interfaz: αδ = 0.00",0,"P_r",433,3.7385388304855,214.202496532594,-84.2010881379452,"kPa","DE"
"interface-alpha-0","Interfaz: αδ = 0.00",0,"P_r",434,3.7472533732139,214.701803051318,-83.7945683412988,"kPa","DE"
"interface-alpha-0","Interfaz: αδ = 0.00",0,"P_r",435,3.7559679159423,215.201109570042,-83.385377059697,"kPa","DE"
"interface-alpha-0","Interfaz: αδ = 0.00",0,"P_r",436,3.76468245867071,215.700416088766,-82.9736385912646,"kPa","DE"
"interface-alpha-0","Interfaz: αδ = 0.00",0,"P_r",437,3.77339700139911,216.19972260749,-82.5594780078735,"kPa","DE"
"interface-alpha-0","Interfaz: αδ = 0.00",0,"P_r",438,3.78211154412752,216.699029126214,-82.1430211171499,"kPa","DE"
"interface-alpha-0","Interfaz: αδ = 0.00",0,"P_r",439,3.79082608685592,217.198335644938,-81.7243944242587,"kPa","DE"
"interface-alpha-0","Interfaz: αδ = 0.00",0,"P_r",440,3.79954062958433,217.697642163662,-81.3037250934756,"kPa","DE"
"interface-alpha-0","Interfaz: αδ = 0.00",0,"P_r",441,3.80825517231273,218.196948682386,-80.8811409095585,"kPa","DE"
"interface-alpha-0","Interfaz: αδ = 0.00",0,"P_r",442,3.81696971504114,218.69625520111,-80.4567702389317,"kPa","DE"
"interface-alpha-0","Interfaz: αδ = 0.00",0,"P_r",443,3.82568425776954,219.195561719834,-80.0307419906919,"kPa","DE"
"interface-alpha-0","Interfaz: αδ = 0.00",0,"P_r",444,3.83439880049794,219.694868238558,-79.6031855774507,"kPa","DE"
"interface-alpha-0","Interfaz: αδ = 0.00",0,"P_r",445,3.84311334322635,220.194174757282,-79.1742308760231,"kPa","DE"
"interface-alpha-0","Interfaz: αδ = 0.00",0,"P_r",446,3.85182788595475,220.693481276006,-78.7440081879754,"kPa","DE"
"interface-alpha-0","Interfaz: αδ = 0.00",0,"P_r",447,3.86054242868316,221.19278779473,-78.3126482000447,"kPa","DE"
"interface-alpha-0","Interfaz: αδ = 0.00",0,"P_r",448,3.86925697141156,221.692094313454,-77.8802819444399,"kPa","DE"
"interface-alpha-0","Interfaz: αδ = 0.00",0,"P_r",449,3.87797151413997,222.191400832178,-77.4470407590396,"kPa","DE"
"interface-alpha-0","Interfaz: αδ = 0.00",0,"P_r",450,3.88668605686837,222.690707350902,-77.0130562474952,"kPa","DE"
"interface-alpha-0","Interfaz: αδ = 0.00",0,"P_r",451,3.89540059959677,223.190013869625,-76.5784602392554,"kPa","DE"
"interface-alpha-0","Interfaz: αδ = 0.00",0,"P_r",452,3.90411514232518,223.68932038835,-76.1433847495199,"kPa","DE"
"interface-alpha-0","Interfaz: αδ = 0.00",0,"P_r",453,3.91282968505358,224.188626907074,-75.7079619391385,"kPa","DE"
"interface-alpha-0","Interfaz: αδ = 0.00",0,"P_r",454,3.92154422778199,224.687933425798,-75.272324074465,"kPa","DE"
"interface-alpha-0","Interfaz: αδ = 0.00",0,"P_r",455,3.92699081698724,225,-75,"kPa","DE"
"interface-alpha-0","Interfaz: αδ = 0.00",0,"P_r",456,3.93025877051039,225.187239944522,-74.8366034871791,"kPa","DE"
"interface-alpha-0","Interfaz: αδ = 0.00",0,"P_r",457,3.9389733132388,225.686546463245,-74.4009325340889,"kPa","DE"
"interface-alpha-0","Interfaz: αδ = 0.00",0,"P_r",458,3.9476878559672,226.18585298197,-73.9654435569252,"kPa","DE"
"interface-alpha-0","Interfaz: αδ = 0.00",0,"P_r",459,3.95640239869561,226.685159500693,-73.530268842141,"kPa","DE"
"interface-alpha-0","Interfaz: αδ = 0.00",0,"P_r",460,3.96511694142401,227.184466019417,-73.0955405807271,"kPa","DE"
"interface-alpha-0","Interfaz: αδ = 0.00",0,"P_r",461,3.97383148415241,227.683772538141,-72.6613908280573,"kPa","DE"
"interface-alpha-0","Interfaz: αδ = 0.00",0,"P_r",462,3.98254602688082,228.183079056865,-72.2279514637746,"kPa","DE"
"interface-alpha-0","Interfaz: αδ = 0.00",0,"P_r",463,3.99126056960922,228.682385575589,-71.7953541517306,"kPa","DE"
"interface-alpha-0","Interfaz: αδ = 0.00",0,"P_r",464,3.99997511233763,229.181692094313,-71.3637302999906,"kPa","DE"
"interface-alpha-0","Interfaz: αδ = 0.00",0,"P_r",465,4.00868965506603,229.680998613037,-70.9332110209163,"kPa","DE"
"interface-alpha-0","Interfaz: αδ = 0.00",0,"P_r",466,4.01740419779444,230.180305131761,-70.5039270913387,"kPa","DE"
"interface-alpha-0","Interfaz: αδ = 0.00",0,"P_r",467,4.02611874052284,230.679611650485,-70.0760089128324,"kPa","DE"
"interface-alpha-0","Interfaz: αδ = 0.00",0,"P_r",468,4.03483328325125,231.178918169209,-69.649586472104,"kPa","DE"
"interface-alpha-0","Interfaz: αδ = 0.00",0,"P_r",469,4.04354782597965,231.678224687933,-69.2247893015072,"kPa","DE"
"interface-alpha-0","Interfaz: αδ = 0.00",0,"P_r",470,4.05226236870806,232.177531206657,-68.8017464396945,"kPa","DE"
"interface-alpha-0","Interfaz: αδ = 0.00",0,"P_r",471,4.06097691143646,232.676837725381,-68.3805863924207,"kPa","DE"
"interface-alpha-0","Interfaz: αδ = 0.00",0,"P_r",472,4.06969145416486,233.176144244105,-67.9614370935065,"kPa","DE"
"interface-alpha-0","Interfaz: αδ = 0.00",0,"P_r",473,4.07840599689327,233.675450762829,-67.544425865977,"kPa","DE"
"interface-alpha-0","Interfaz: αδ = 0.00",0,"P_r",474,4.08712053962167,234.174757281553,-67.1296793833854,"kPa","DE"
"interface-alpha-0","Interfaz: αδ = 0.00",0,"P_r",475,4.09583508235008,234.674063800277,-66.7173236313339,"kPa","DE"
"interface-alpha-0","Interfaz: αδ = 0.00",0,"P_r",476,4.10454962507848,235.173370319001,-66.3074838692037,"kPa","DE"
"interface-alpha-0","Interfaz: αδ = 0.00",0,"P_r",477,4.11326416780689,235.672676837725,-65.9002845921053,"kPa","DE"
"interface-alpha-0","Interfaz: αδ = 0.00",0,"P_r",478,4.12197871053529,236.171983356449,-65.4958494930617,"kPa","DE"
"interface-alpha-0","Interfaz: αδ = 0.00",0,"P_r",479,4.13069325326369,236.671289875173,-65.0943014254341,"kPa","DE"
"interface-alpha-0","Interfaz: αδ = 0.00",0,"P_r",480,4.1394077959921,237.170596393897,-64.6957623656039,"kPa","DE"
"interface-alpha-0","Interfaz: αδ = 0.00",0,"P_r",481,4.1481223387205,237.669902912621,-64.3003533759202,"kPa","DE"
"interface-alpha-0","Interfaz: αδ = 0.00",0,"P_r",482,4.15683688144891,238.169209431345,-63.9081945679252,"kPa","DE"
"interface-alpha-0","Interfaz: αδ = 0.00",0,"P_r",483,4.16555142417731,238.668515950069,-63.5194050658687,"kPa","DE"
"interface-alpha-0","Interfaz: αδ = 0.00",0,"P_r",484,4.17426596690572,239.167822468793,-63.1341029705221,"kPa","DE"
"interface-alpha-0","Interfaz: αδ = 0.00",0,"P_r",485,4.18298050963412,239.667128987517,-62.7524053233036,"kPa","DE"
"interface-alpha-0","Interfaz: αδ = 0.00",0,"P_r",486,4.19169505236253,240.166435506241,-62.374428070725,"kPa","DE"
"interface-alpha-0","Interfaz: αδ = 0.00",0,"P_r",487,4.20040959509093,240.665742024965,-62.0002860291713,"kPa","DE"
"interface-alpha-0","Interfaz: αδ = 0.00",0,"P_r",488,4.20912413781933,241.165048543689,-61.6300928500231,"kPa","DE"
"interface-alpha-0","Interfaz: αδ = 0.00",0,"P_r",489,4.21783868054774,241.664355062413,-61.2639609851338,"kPa","DE"
"interface-alpha-0","Interfaz: αδ = 0.00",0,"P_r",490,4.22655322327614,242.163661581137,-60.9020016526701,"kPa","DE"
"interface-alpha-0","Interfaz: αδ = 0.00",0,"P_r",491,4.23526776600455,242.662968099861,-60.5443248033281,"kPa","DE"
"interface-alpha-0","Interfaz: αδ = 0.00",0,"P_r",492,4.24398230873295,243.162274618585,-60.1910390869342,"kPa","DE"
"interface-alpha-0","Interfaz: αδ = 0.00",0,"P_r",493,4.25269685146136,243.661581137309,-59.8422518194404,"kPa","DE"
"interface-alpha-0","Interfaz: αδ = 0.00",0,"P_r",494,4.26141139418976,244.160887656033,-59.4980689503263,"kPa","DE"
"interface-alpha-0","Interfaz: αδ = 0.00",0,"P_r",495,4.27012593691817,244.660194174757,-59.1585950304146,"kPa","DE"
"interface-alpha-0","Interfaz: αδ = 0.00",0,"P_r",496,4.27884047964657,245.159500693481,-58.8239331801128,"kPa","DE"
"interface-alpha-0","Interfaz: αδ = 0.00",0,"P_r",497,4.28755502237497,245.658807212205,-58.4941850580884,"kPa","DE"
"interface-alpha-0","Interfaz: αδ = 0.00",0,"P_r",498,4.29626956510338,246.158113730929,-58.1694508303883,"kPa","DE"
"interface-alpha-0","Interfaz: αδ = 0.00",0,"P_r",499,4.30498410783178,246.657420249653,-57.8498291400126,"kPa","DE"
"interface-alpha-0","Interfaz: αδ = 0.00",0,"P_r",500,4.31369865056019,247.156726768377,-57.5354170769494,"kPa","DE"
"interface-alpha-0","Interfaz: αδ = 0.00",0,"P_r",501,4.32241319328859,247.656033287101,-57.2263101486829,"kPa","DE"
"interface-alpha-0","Interfaz: αδ = 0.00",0,"P_r",502,4.331127736017,248.155339805825,-56.9226022511812,"kPa","DE"
"interface-alpha-0","Interfaz: αδ = 0.00",0,"P_r",503,4.3398422787454,248.654646324549,-56.6243856403741,"kPa","DE"
"interface-alpha-0","Interfaz: αδ = 0.00",0,"P_r",504,4.3485568214738,249.153952843273,-56.3317509041287,"kPa","DE"
"interface-alpha-0","Interfaz: αδ = 0.00",0,"P_r",505,4.35727136420221,249.653259361997,-56.0447869347324,"kPa","DE"
"interface-alpha-0","Interfaz: αδ = 0.00",0,"P_r",506,4.36598590693061,250.152565880721,-55.7635809018899,"kPa","DE"
"interface-alpha-0","Interfaz: αδ = 0.00",0,"P_r",507,4.37470044965902,250.651872399445,-55.4882182262448,"kPa","DE"
"interface-alpha-0","Interfaz: αδ = 0.00",0,"P_r",508,4.38341499238742,251.151178918169,-55.218782553431,"kPa","DE"
"interface-alpha-0","Interfaz: αδ = 0.00",0,"P_r",509,4.39212953511583,251.650485436893,-54.9553557286647,"kPa","DE"
"interface-alpha-0","Interfaz: αδ = 0.00",0,"P_r",510,4.40084407784423,252.149791955617,-54.6980177718823,"kPa","DE"
"interface-alpha-0","Interfaz: αδ = 0.00",0,"P_r",511,4.40955862057264,252.649098474341,-54.4468468534331,"kPa","DE"
"interface-alpha-0","Interfaz: αδ = 0.00",0,"P_r",512,4.41827316330104,253.148404993065,-54.201919270334,"kPa","DE"
"interface-alpha-0","Interfaz: αδ = 0.00",0,"P_r",513,4.42698770602945,253.647711511789,-53.9633094230933,"kPa","DE"
"interface-alpha-0","Interfaz: αδ = 0.00",0,"P_r",514,4.43570224875785,254.147018030513,-53.73108979311,"kPa","DE"
"interface-alpha-0","Interfaz: αδ = 0.00",0,"P_r",515,4.44441679148625,254.646324549237,-53.5053309206565,"kPa","DE"
"interface-alpha-0","Interfaz: αδ = 0.00",0,"P_r",516,4.45313133421466,255.145631067961,-53.2861013834513,"kPa","DE"
"interface-alpha-0","Interfaz: αδ = 0.00",0,"P_r",517,4.46184587694306,255.644937586685,-53.0734677758272,"kPa","DE"
"interface-alpha-0","Interfaz: αδ = 0.00",0,"P_r",518,4.47056041967147,256.144244105409,-52.8674946885021,"kPa","DE"
"interface-alpha-0","Interfaz: αδ = 0.00",0,"P_r",519,4.47927496239987,256.643550624133,-52.6682446889589,"kPa","DE"
"interface-alpha-0","Interfaz: αδ = 0.00",0,"P_r",520,4.48798950512828,257.142857142857,-52.4757783024395,"kPa","DE"
"interface-alpha-0","Interfaz: αδ = 0.00",0,"P_r",521,4.49670404785668,257.642163661581,-52.2901539935594,"kPa","DE"
"interface-alpha-0","Interfaz: αδ = 0.00",0,"P_r",522,4.50541859058508,258.141470180305,-52.111428148548,"kPa","DE"
"interface-alpha-0","Interfaz: αδ = 0.00",0,"P_r",523,4.51413313331349,258.640776699029,-51.9396550581205,"kPa","DE"
"interface-alpha-0","Interfaz: αδ = 0.00",0,"P_r",524,4.52284767604189,259.140083217753,-51.7748869009866,"kPa","DE"
"interface-alpha-0","Interfaz: αδ = 0.00",0,"P_r",525,4.5315622187703,259.639389736477,-51.6171737279999,"kPa","DE"
"interface-alpha-0","Interfaz: αδ = 0.00",0,"P_r",526,4.5402767614987,260.138696255201,-51.4665634469543,"kPa","DE"
"interface-alpha-0","Interfaz: αδ = 0.00",0,"P_r",527,4.54899130422711,260.638002773925,-51.3231018080317,"kPa","DE"
"interface-alpha-0","Interfaz: αδ = 0.00",0,"P_r",528,4.55770584695551,261.137309292649,-51.1868323899042,"kPa","DE"
"interface-alpha-0","Interfaz: αδ = 0.00",0,"P_r",529,4.56642038968392,261.636615811373,-51.0577965864965,"kPa","DE"
"interface-alpha-0","Interfaz: αδ = 0.00",0,"P_r",530,4.57513493241232,262.135922330097,-50.9360335944121,"kPa","DE"
"interface-alpha-0","Interfaz: αδ = 0.00",0,"P_r",531,4.58384947514072,262.635228848821,-50.8215804010264,"kPa","DE"
"interface-alpha-0","Interfaz: αδ = 0.00",0,"P_r",532,4.59256401786913,263.134535367545,-50.7144717732515,"kPa","DE"
"interface-alpha-0","Interfaz: αδ = 0.00",0,"P_r",533,4.60127856059753,263.633841886269,-50.6147402469751,"kPa","DE"
"interface-alpha-0","Interfaz: αδ = 0.00",0,"P_r",534,4.60999310332594,264.133148404993,-50.5224161171772,"kPa","DE"
"interface-alpha-0","Interfaz: αδ = 0.00",0,"P_r",535,4.61870764605434,264.632454923717,-50.4375274287276,"kPa","DE"
"interface-alpha-0","Interfaz: αδ = 0.00",0,"P_r",536,4.62742218878275,265.131761442441,-50.3600999678666,"kPa","DE"
"interface-alpha-0","Interfaz: αδ = 0.00",0,"P_r",537,4.63613673151115,265.631067961165,-50.2901572543726,"kPa","DE"
"interface-alpha-0","Interfaz: αδ = 0.00",0,"P_r",538,4.64485127423955,266.130374479889,-50.227720534417,"kPa","DE"
"interface-alpha-0","Interfaz: αδ = 0.00",0,"P_r",539,4.65356581696796,266.629680998613,-50.1728087741105,"kPa","DE"
"interface-alpha-0","Interfaz: αδ = 0.00",0,"P_r",540,4.66228035969636,267.128987517337,-50.1254386537423,"kPa","DE"
"interface-alpha-0","Interfaz: αδ = 0.00",0,"P_r",541,4.67099490242477,267.628294036061,-50.0856245627126,"kPa","DE"
"interface-alpha-0","Interfaz: αδ = 0.00",0,"P_r",542,4.67970944515317,268.127600554785,-50.0533785951619,"kPa","DE"
"interface-alpha-0","Interfaz: αδ = 0.00",0,"P_r",543,4.68842398788158,268.626907073509,-50.028710546297,"kPa","DE"
"interface-alpha-0","Interfaz: αδ = 0.00",0,"P_r",544,4.69713853060998,269.126213592233,-50.0116279094162,"kPa","DE"
"interface-alpha-0","Interfaz: αδ = 0.00",0,"P_r",545,4.70585307333839,269.625520110957,-50.0021358736322,"kPa","DE"
"interface-alpha-0","Interfaz: αδ = 0.00",0,"P_r",546,4.71238898038469,270,-50,"kPa","DE"
"interface-alpha-0","Interfaz: αδ = 0.00",0,"P_r",547,4.71456761606679,270.124826629681,-50.0002373222963,"kPa","DE"
"interface-alpha-0","Interfaz: αδ = 0.00",0,"P_r",548,4.7232821587952,270.624133148405,-50.0059328321227,"kPa","DE"
"interface-alpha-0","Interfaz: αδ = 0.00",0,"P_r",549,4.7319967015236,271.123439667129,-50.0192206730129,"kPa","DE"
"interface-alpha-0","Interfaz: αδ = 0.00",0,"P_r",550,4.740711244252,271.622746185853,-50.0400968085815,"kPa","DE"
"interface-alpha-0","Interfaz: αδ = 0.00",0,"P_r",551,4.74942578698041,272.122052704577,-50.0685548973824,"kPa","DE"
"interface-alpha-0","Interfaz: αδ = 0.00",0,"P_r",552,4.75814032970881,272.621359223301,-50.1045862948348,"kPa","DE"
"interface-alpha-0","Interfaz: αδ = 0.00",0,"P_r",553,4.76685487243722,273.120665742025,-50.1481800558493,"kPa","DE"
"interface-alpha-0","Interfaz: αδ = 0.00",0,"P_r",554,4.77556941516562,273.619972260749,-50.1993229381528,"kPa","DE"
"interface-alpha-0","Interfaz: αδ = 0.00",0,"P_r",555,4.78428395789403,274.119278779473,-50.2579994063107,"kPa","DE"
"interface-alpha-0","Interfaz: αδ = 0.00",0,"P_r",556,4.79299850062243,274.618585298197,-50.3241916364464,"kPa","DE"
"interface-alpha-0","Interfaz: αδ = 0.00",0,"P_r",557,4.80171304335083,275.117891816921,-50.3978795216551,"kPa","DE"
"interface-alpha-0","Interfaz: αδ = 0.00",0,"P_r",558,4.81042758607924,275.617198335645,-50.4790406781121,"kPa","DE"
"interface-alpha-0","Interfaz: αδ = 0.00",0,"P_r",559,4.81914212880764,276.116504854369,-50.5676504518719,"kPa","DE"
"interface-alpha-0","Interfaz: αδ = 0.00",0,"P_r",560,4.82785667153605,276.615811373093,-50.6636819263573,"kPa","DE"
"interface-alpha-0","Interfaz: αδ = 0.00",0,"P_r",561,4.83657121426445,277.115117891817,-50.7671059305359,"kPa","DE"
"interface-alpha-0","Interfaz: αδ = 0.00",0,"P_r",562,4.84528575699286,277.614424410541,-50.8778910477807,"kPa","DE"
"interface-alpha-0","Interfaz: αδ = 0.00",0,"P_r",563,4.85400029972126,278.113730929265,-50.9960036254142,"kPa","DE"
"interface-alpha-0","Interfaz: αδ = 0.00",0,"P_r",564,4.86271484244967,278.613037447989,-51.1214077849302,"kPa","DE"
"interface-alpha-0","Interfaz: αδ = 0.00",0,"P_r",565,4.87142938517807,279.112343966713,-51.2540654328927,"kPa","DE"
"interface-alpha-0","Interfaz: αδ = 0.00",0,"P_r",566,4.88014392790647,279.611650485437,-51.3939362725075,"kPa","DE"
"interface-alpha-0","Interfaz: αδ = 0.00",0,"P_r",567,4.88885847063488,280.110957004161,-51.540977815863,"kPa","DE"
"interface-alpha-0","Interfaz: αδ = 0.00",0,"P_r",568,4.89757301336328,280.610263522885,-51.695145396836,"kPa","DE"
"interface-alpha-0","Interfaz: αδ = 0.00",0,"P_r",569,4.90628755609169,281.109570041609,-51.8563921846606,"kPa","DE"
"interface-alpha-0","Interfaz: αδ = 0.00",0,"P_r",570,4.91500209882009,281.608876560333,-52.0246691981528,"kPa","DE"
"interface-alpha-0","Interfaz: αδ = 0.00",0,"P_r",571,4.9237166415485,282.108183079057,-52.1999253205904,"kPa","DE"
"interface-alpha-0","Interfaz: αδ = 0.00",0,"P_r",572,4.9324311842769,282.607489597781,-52.3821073152392,"kPa","DE"
"interface-alpha-0","Interfaz: αδ = 0.00",0,"P_r",573,4.94114572700531,283.106796116505,-52.5711598415256,"kPa","DE"
"interface-alpha-0","Interfaz: αδ = 0.00",0,"P_r",574,4.94986026973371,283.606102635229,-52.7670254718466,"kPa","DE"
"interface-alpha-0","Interfaz: αδ = 0.00",0,"P_r",575,4.95857481246211,284.105409153953,-52.9696447090142,"kPa","DE"
"interface-alpha-0","Interfaz: αδ = 0.00",0,"P_r",576,4.96728935519052,284.604715672677,-53.1789560043291,"kPa","DE"
"interface-alpha-0","Interfaz: αδ = 0.00",0,"P_r",577,4.97600389791892,285.104022191401,-53.3948957762764,"kPa","DE"
"interface-alpha-0","Interfaz: αδ = 0.00",0,"P_r",578,4.98471844064733,285.603328710125,-53.6173984298401,"kPa","DE"
"interface-alpha-0","Interfaz: αδ = 0.00",0,"P_r",579,4.99343298337573,286.102635228849,-53.8463963764283,"kPa","DE"
"interface-alpha-0","Interfaz: αδ = 0.00",0,"P_r",580,5.00214752610414,286.601941747573,-54.081820054404,"kPa","DE"
"interface-alpha-0","Interfaz: αδ = 0.00",0,"P_r",581,5.01086206883254,287.101248266297,-54.3235979502159,"kPa","DE"
"interface-alpha-0","Interfaz: αδ = 0.00",0,"P_r",582,5.01957661156095,287.600554785021,-54.5716566201218,"kPa","DE"
"interface-alpha-0","Interfaz: αδ = 0.00",0,"P_r",583,5.02829115428935,288.099861303745,-54.825920712498,"kPa","DE"
"interface-alpha-0","Interfaz: αδ = 0.00",0,"P_r",584,5.03700569701775,288.599167822469,-55.0863129907284,"kPa","DE"
"interface-alpha-0","Interfaz: αδ = 0.00",0,"P_r",585,5.04572023974616,289.098474341193,-55.3527543566667,"kPa","DE"
"interface-alpha-0","Interfaz: αδ = 0.00",0,"P_r",586,5.05443478247456,289.597780859917,-55.6251638746634,"kPa","DE"
"interface-alpha-0","Interfaz: αδ = 0.00",0,"P_r",587,5.06314932520297,290.097087378641,-55.9034587961514,"kPa","DE"
"interface-alpha-0","Interfaz: αδ = 0.00",0,"P_r",588,5.07186386793137,290.596393897365,-56.1875545847819,"kPa","DE"
"interface-alpha-0","Interfaz: αδ = 0.00",0,"P_r",589,5.08057841065978,291.095700416089,-56.4773649421041,"kPa","DE"
"interface-alpha-0","Interfaz: αδ = 0.00",0,"P_r",590,5.08929295338818,291.595006934813,-56.7728018337789,"kPa","DE"
"interface-alpha-0","Interfaz: αδ = 0.00",0,"P_r",591,5.09800749611659,292.094313453537,-57.0737755163216,"kPa","DE"
"interface-alpha-0","Interfaz: αδ = 0.00",0,"P_r",592,5.10672203884499,292.593619972261,-57.380194564362,"kPa","DE"
"interface-alpha-0","Interfaz: αδ = 0.00",0,"P_r",593,5.11543658157339,293.092926490985,-57.6919658984168,"kPa","DE"
"interface-alpha-0","Interfaz: αδ = 0.00",0,"P_r",594,5.1241511243018,293.592233009709,-58.008994813164,"kPa","DE"
"interface-alpha-0","Interfaz: αδ = 0.00",0,"P_r",595,5.1328656670302,294.091539528433,-58.3311850062104,"kPa","DE"
"interface-alpha-0","Interfaz: αδ = 0.00",0,"P_r",596,5.14158020975861,294.590846047157,-58.6584386073459,"kPa","DE"
"interface-alpha-0","Interfaz: αδ = 0.00",0,"P_r",597,5.15029475248701,295.090152565881,-58.9906562082722,"kPa","DE"
"interface-alpha-0","Interfaz: αδ = 0.00",0,"P_r",598,5.15900929521542,295.589459084605,-59.3277368928001,"kPa","DE"
"interface-alpha-0","Interfaz: αδ = 0.00",0,"P_r",599,5.16772383794382,296.088765603329,-59.6695782675041,"kPa","DE"
"interface-alpha-0","Interfaz: αδ = 0.00",0,"P_r",600,5.17643838067223,296.588072122053,-60.0160764928264,"kPa","DE"
"interface-alpha-0","Interfaz: αδ = 0.00",0,"P_r",601,5.18515292340063,297.087378640777,-60.3671263146189,"kPa","DE"
"interface-alpha-0","Interfaz: αδ = 0.00",0,"P_r",602,5.19386746612903,297.586685159501,-60.7226210961169,"kPa","DE"
"interface-alpha-0","Interfaz: αδ = 0.00",0,"P_r",603,5.20258200885744,298.085991678225,-61.0824528503306,"kPa","DE"
"interface-alpha-0","Interfaz: αδ = 0.00",0,"P_r",604,5.21129655158584,298.585298196949,-61.4465122728484,"kPa","DE"
"interface-alpha-0","Interfaz: αδ = 0.00",0,"P_r",605,5.22001109431425,299.084604715673,-61.8146887750397,"kPa","DE"
"interface-alpha-0","Interfaz: αδ = 0.00",0,"P_r",606,5.22872563704265,299.583911234397,-62.1868705176477,"kPa","DE"
"interface-alpha-0","Interfaz: αδ = 0.00",0,"P_r",607,5.23744017977106,300.083217753121,-62.5629444447625,"kPa","DE"
"interface-alpha-0","Interfaz: αδ = 0.00",0,"P_r",608,5.24615472249946,300.582524271845,-62.9427963181636,"kPa","DE"
"interface-alpha-0","Interfaz: αδ = 0.00",0,"P_r",609,5.25486926522786,301.081830790569,-63.3263107520212,"kPa","DE"
"interface-alpha-0","Interfaz: αδ = 0.00",0,"P_r",610,5.26358380795627,301.581137309293,-63.7133712479466,"kPa","DE"
"interface-alpha-0","Interfaz: αδ = 0.00",0,"P_r",611,5.27229835068467,302.080443828017,-64.1038602303807,"kPa","DE"
"interface-alpha-0","Interfaz: αδ = 0.00",0,"P_r",612,5.28101289341308,302.579750346741,-64.4976590823088,"kPa","DE"
"interface-alpha-0","Interfaz: αδ = 0.00",0,"P_r",613,5.28972743614148,303.079056865465,-64.8946481812925,"kPa","DE"
"interface-alpha-0","Interfaz: αδ = 0.00",0,"P_r",614,5.29844197886989,303.578363384189,-65.2947069358073,"kPa","DE"
"interface-alpha-0","Interfaz: αδ = 0.00",0,"P_r",615,5.30715652159829,304.077669902913,-65.6977138218734,"kPa","DE"
"interface-alpha-0","Interfaz: αδ = 0.00",0,"P_r",616,5.3158710643267,304.576976421637,-66.1035464199711,"kPa","DE"
"interface-alpha-0","Interfaz: αδ = 0.00",0,"P_r",617,5.3245856070551,305.076282940361,-66.5120814522273,"kPa","DE"
"interface-alpha-0","Interfaz: αδ = 0.00",0,"P_r",618,5.3333001497835,305.575589459085,-66.923194819863,"kPa","DE"
"interface-alpha-0","Interfaz: αδ = 0.00",0,"P_r",619,5.34201469251191,306.074895977809,-67.3367616408904,"kPa","DE"
"interface-alpha-0","Interfaz: αδ = 0.00",0,"P_r",620,5.35072923524031,306.574202496533,-67.7526562880476,"kPa","DE"
"interface-alpha-0","Interfaz: αδ = 0.00",0,"P_r",621,5.35944377796872,307.073509015257,-68.1707524269599,"kPa","DE"
"interface-alpha-0","Interfaz: αδ = 0.00",0,"P_r",622,5.36815832069712,307.572815533981,-68.5909230545155,"kPa","DE"
"interface-alpha-0","Interfaz: αδ = 0.00",0,"P_r",623,5.37687286342553,308.072122052705,-69.0130405374451,"kPa","DE"
"interface-alpha-0","Interfaz: αδ = 0.00",0,"P_r",624,5.38558740615393,308.571428571429,-69.4369766510921,"kPa","DE"
"interface-alpha-0","Interfaz: αδ = 0.00",0,"P_r",625,5.39430194888234,309.070735090153,-69.8626026183631,"kPa","DE"
"interface-alpha-0","Interfaz: αδ = 0.00",0,"P_r",626,5.40301649161074,309.570041608877,-70.2897891488456,"kPa","DE"
"interface-alpha-0","Interfaz: αδ = 0.00",0,"P_r",627,5.41173103433914,310.069348127601,-70.7184064780821,"kPa","DE"
"interface-alpha-0","Interfaz: αδ = 0.00",0,"P_r",628,5.42044557706755,310.568654646325,-71.1483244069882,"kPa","DE"
"interface-alpha-0","Interfaz: αδ = 0.00",0,"P_r",629,5.42916011979595,311.067961165049,-71.5794123414022,"kPa","DE"
"interface-alpha-0","Interfaz: αδ = 0.00",0,"P_r",630,5.43787466252436,311.567267683773,-72.0115393317555,"kPa","DE"
"interface-alpha-0","Interfaz: αδ = 0.00",0,"P_r",631,5.44658920525276,312.066574202496,-72.4445741128502,"kPa","DE"
"interface-alpha-0","Interfaz: αδ = 0.00",0,"P_r",632,5.45530374798117,312.565880721221,-72.878385143733,"kPa","DE"
"interface-alpha-0","Interfaz: αδ = 0.00",0,"P_r",633,5.46401829070957,313.065187239944,-73.312840647653,"kPa","DE"
"interface-alpha-0","Interfaz: αδ = 0.00",0,"P_r",634,5.47273283343798,313.564493758669,-73.7478086520906,"kPa","DE"
"interface-alpha-0","Interfaz: αδ = 0.00",0,"P_r",635,5.48144737616638,314.063800277393,-74.1831570288464,"kPa","DE"
"interface-alpha-0","Interfaz: αδ = 0.00",0,"P_r",636,5.49016191889478,314.563106796117,-74.6187535341769,"kPa","DE"
"interface-alpha-0","Interfaz: αδ = 0.00",0,"P_r",637,5.49778714378214,315,-75,"kPa","DE"
"interface-alpha-0","Interfaz: αδ = 0.00",0,"P_r",638,5.49887646162319,315.06241331484,-75.0544658489659,"kPa","DE"
"interface-alpha-0","Interfaz: αδ = 0.00",0,"P_r",639,5.50759100435159,315.561719833564,-75.4901616189184,"kPa","DE"
"interface-alpha-0","Interfaz: αδ = 0.00",0,"P_r",640,5.51630554708,316.061026352288,-75.9257084947648,"kPa","DE"
"interface-alpha-0","Interfaz: αδ = 0.00",0,"P_r",641,5.5250200898084,316.560332871013,-76.3609741724649,"kPa","DE"
"interface-alpha-0","Interfaz: αδ = 0.00",0,"P_r",642,5.53373463253681,317.059639389736,-76.7958264333961,"kPa","DE"
"interface-alpha-0","Interfaz: αδ = 0.00",0,"P_r",643,5.54244917526521,317.55894590846,-77.230133184518,"kPa","DE"
"interface-alpha-0","Interfaz: αδ = 0.00",0,"P_r",644,5.55116371799361,318.058252427184,-77.6637624984969,"kPa","DE"
"interface-alpha-0","Interfaz: αδ = 0.00",0,"P_r",645,5.55987826072202,318.557558945908,-78.0965826537812,"kPa","DE"
"interface-alpha-0","Interfaz: αδ = 0.00",0,"P_r",646,5.56859280345042,319.056865464632,-78.5284621746134,"kPa","DE"
"interface-alpha-0","Interfaz: αδ = 0.00",0,"P_r",647,5.57730734617883,319.556171983356,-78.9592698709684,"kPa","DE"
"interface-alpha-0","Interfaz: αδ = 0.00",0,"P_r",648,5.58602188890723,320.05547850208,-79.3888748784042,"kPa","DE"
"interface-alpha-0","Interfaz: αδ = 0.00",0,"P_r",649,5.59473643163564,320.554785020804,-79.8171466978136,"kPa","DE"
"interface-alpha-0","Interfaz: αδ = 0.00",0,"P_r",650,5.60345097436404,321.054091539528,-80.2439552350663,"kPa","DE"
"interface-alpha-0","Interfaz: αδ = 0.00",0,"P_r",651,5.61216551709245,321.553398058252,-80.669170840526,"kPa","DE"
"interface-alpha-0","Interfaz: αδ = 0.00",0,"P_r",652,5.62088005982085,322.052704576976,-81.0926643484339,"kPa","DE"
"interface-alpha-0","Interfaz: αδ = 0.00",0,"P_r",653,5.62959460254925,322.5520110957,-81.5143071161448,"kPa","DE"
"interface-alpha-0","Interfaz: αδ = 0.00",0,"P_r",654,5.63830914527766,323.051317614424,-81.9339710632042,"kPa","DE"
"interface-alpha-0","Interfaz: αδ = 0.00",0,"P_r",655,5.64702368800606,323.550624133148,-82.3515287102547,"kPa","DE"
"interface-alpha-0","Interfaz: αδ = 0.00",0,"P_r",656,5.65573823073447,324.049930651872,-82.7668532177597,"kPa","DE"
"interface-alpha-0","Interfaz: αδ = 0.00",0,"P_r",657,5.66445277346287,324.549237170596,-83.1798184245332,"kPa","DE"
"interface-alpha-0","Interfaz: αδ = 0.00",0,"P_r",658,5.67316731619128,325.04854368932,-83.5902988860628,"kPa","DE"
"interface-alpha-0","Interfaz: αδ = 0.00",0,"P_r",659,5.68188185891968,325.547850208044,-83.9981699126156,"kPa","DE"
"interface-alpha-0","Interfaz: αδ = 0.00",0,"P_r",660,5.69059640164809,326.047156726768,-84.4033076071147,"kPa","DE"
"interface-alpha-0","Interfaz: αδ = 0.00",0,"P_r",661,5.69931094437649,326.546463245492,-84.8055889027743,"kPa","DE"
"interface-alpha-0","Interfaz: αδ = 0.00",0,"P_r",662,5.70802548710489,327.045769764216,-85.2048916004841,"kPa","DE"
"interface-alpha-0","Interfaz: αδ = 0.00",0,"P_r",663,5.7167400298333,327.54507628294,-85.6010944059282,"kPa","DE"
"interface-alpha-0","Interfaz: αδ = 0.00",0,"P_r",664,5.7254545725617,328.044382801664,-85.9940769664307,"kPa","DE"
"interface-alpha-0","Interfaz: αδ = 0.00",0,"P_r",665,5.73416911529011,328.543689320388,-86.3837199075143,"kPa","DE"
"interface-alpha-0","Interfaz: αδ = 0.00",0,"P_r",666,5.74288365801851,329.042995839112,-86.7699048691624,"kPa","DE"
"interface-alpha-0","Interfaz: αδ = 0.00",0,"P_r",667,5.75159820074692,329.542302357836,-87.1525145417726,"kPa","DE"
"interface-alpha-0","Interfaz: αδ = 0.00",0,"P_r",668,5.76031274347532,330.04160887656,-87.5314327017916,"kPa","DE"
"interface-alpha-0","Interfaz: αδ = 0.00",0,"P_r",669,5.76902728620373,330.540915395284,-87.9065442470192,"kPa","DE"
"interface-alpha-0","Interfaz: αδ = 0.00",0,"P_r",670,5.77774182893213,331.040221914008,-88.2777352315732,"kPa","DE"
"interface-alpha-0","Interfaz: αδ = 0.00",0,"P_r",671,5.78645637166053,331.539528432732,-88.6448929005015,"kPa","DE"
"interface-alpha-0","Interfaz: αδ = 0.00",0,"P_r",672,5.79517091438894,332.038834951456,-89.0079057240338,"kPa","DE"
"interface-alpha-0","Interfaz: αδ = 0.00",0,"P_r",673,5.80388545711734,332.53814147018,-89.3666634314597,"kPa","DE"
"interface-alpha-0","Interfaz: αδ = 0.00",0,"P_r",674,5.81259999984575,333.037447988904,-89.7210570446259,"kPa","DE"
"interface-alpha-0","Interfaz: αδ = 0.00",0,"P_r",675,5.82131454257415,333.536754507628,-90.0709789110396,"kPa","DE"
"interface-alpha-0","Interfaz: αδ = 0.00",0,"P_r",676,5.83002908530256,334.036061026352,-90.4163227365693,"kPa","DE"
"interface-alpha-0","Interfaz: αδ = 0.00",0,"P_r",677,5.83874362803096,334.535367545076,-90.756983617734,"kPa","DE"
"interface-alpha-0","Interfaz: αδ = 0.00",0,"P_r",678,5.84745817075936,335.0346740638,-91.0928580735687,"kPa","DE"
"interface-alpha-0","Interfaz: αδ = 0.00",0,"P_r",679,5.85617271348777,335.533980582524,-91.4238440770585,"kPa","DE"
"interface-alpha-0","Interfaz: αδ = 0.00",0,"P_r",680,5.86488725621617,336.033287101248,-91.7498410861305,"kPa","DE"
"interface-alpha-0","Interfaz: αδ = 0.00",0,"P_r",681,5.87360179894458,336.532593619972,-92.070750074196,"kPa","DE"
"interface-alpha-0","Interfaz: αδ = 0.00",0,"P_r",682,5.88231634167298,337.031900138696,-92.3864735602301,"kPa","DE"
"interface-alpha-0","Interfaz: αδ = 0.00",0,"P_r",683,5.89103088440139,337.53120665742,-92.6969156383838,"kPa","DE"
"interface-alpha-0","Interfaz: αδ = 0.00",0,"P_r",684,5.89974542712979,338.030513176144,-93.0019820071169,"kPa","DE"
"interface-alpha-0","Interfaz: αδ = 0.00",0,"P_r",685,5.9084599698582,338.529819694868,-93.3015799978431,"kPa","DE"
"interface-alpha-0","Interfaz: αδ = 0.00",0,"P_r",686,5.9171745125866,339.029126213592,-93.5956186030799,"kPa","DE"
"interface-alpha-0","Interfaz: αδ = 0.00",0,"P_r",687,5.925889055315,339.528432732316,-93.8840085040933,"kPa","DE"
"interface-alpha-0","Interfaz: αδ = 0.00",0,"P_r",688,5.93460359804341,340.02773925104,-94.1666620980298,"kPa","DE"
"interface-alpha-0","Interfaz: αδ = 0.00",0,"P_r",689,5.94331814077181,340.527045769764,-94.4434935245271,"kPa","DE"
"interface-alpha-0","Interfaz: αδ = 0.00",0,"P_r",690,5.95203268350022,341.026352288488,-94.7144186917957,"kPa","DE"
"interface-alpha-0","Interfaz: αδ = 0.00",0,"P_r",691,5.96074722622862,341.525658807212,-94.9793553021626,"kPa","DE"
"interface-alpha-0","Interfaz: αδ = 0.00",0,"P_r",692,5.96946176895703,342.024965325936,-95.2382228770709,"kPa","DE"
"interface-alpha-0","Interfaz: αδ = 0.00",0,"P_r",693,5.97817631168543,342.52427184466,-95.4909427815263,"kPa","DE"
"interface-alpha-0","Interfaz: αδ = 0.00",0,"P_r",694,5.98689085441384,343.023578363384,-95.7374382479836,"kPa","DE"
"interface-alpha-0","Interfaz: αδ = 0.00",0,"P_r",695,5.99560539714224,343.522884882108,-95.977634399666,"kPa","DE"
"interface-alpha-0","Interfaz: αδ = 0.00",0,"P_r",696,6.00431993987064,344.022191400832,-96.2114582733103,"kPa","DE"
"interface-alpha-0","Interfaz: αδ = 0.00",0,"P_r",697,6.01303448259905,344.521497919556,-96.4388388413302,"kPa","DE"
"interface-alpha-0","Interfaz: αδ = 0.00",0,"P_r",698,6.02174902532745,345.02080443828,-96.6597070333926,"kPa","DE"
"interface-alpha-0","Interfaz: αδ = 0.00",0,"P_r",699,6.03046356805586,345.520110957004,-96.873995757398,"kPa","DE"
"interface-alpha-0","Interfaz: αδ = 0.00",0,"P_r",700,6.03917811078426,346.019417475728,-97.0816399198615,"kPa","DE"
"interface-alpha-0","Interfaz: αδ = 0.00",0,"P_r",701,6.04789265351267,346.518723994452,-97.2825764456856,"kPa","DE"
"interface-alpha-0","Interfaz: αδ = 0.00",0,"P_r",702,6.05660719624107,347.018030513176,-97.4767442973202,"kPa","DE"
"interface-alpha-0","Interfaz: αδ = 0.00",0,"P_r",703,6.06532173896948,347.5173370319,-97.6640844933037,"kPa","DE"
"interface-alpha-0","Interfaz: αδ = 0.00",0,"P_r",704,6.07403628169788,348.016643550624,-97.8445401261797,"kPa","DE"
"interface-alpha-0","Interfaz: αδ = 0.00",0,"P_r",705,6.08275082442628,348.515950069348,-98.0180563797831,"kPa","DE"
"interface-alpha-0","Interfaz: αδ = 0.00",0,"P_r",706,6.09146536715469,349.015256588072,-98.1845805458922,"kPa","DE"
"interface-alpha-0","Interfaz: αδ = 0.00",0,"P_r",707,6.10017990988309,349.514563106796,-98.3440620402384,"kPa","DE"
"interface-alpha-0","Interfaz: αδ = 0.00",0,"P_r",708,6.1088944526115,350.01386962552,-98.496452417873,"kPa","DE"
"interface-alpha-0","Interfaz: αδ = 0.00",0,"P_r",709,6.1176089953399,350.513176144244,-98.6417053878828,"kPa","DE"
"interface-alpha-0","Interfaz: αδ = 0.00",0,"P_r",710,6.12632353806831,351.012482662968,-98.7797768274512,"kPa","DE"
"interface-alpha-0","Interfaz: αδ = 0.00",0,"P_r",711,6.13503808079671,351.511789181692,-98.9106247952619,"kPa","DE"
"interface-alpha-0","Interfaz: αδ = 0.00",0,"P_r",712,6.14375262352512,352.011095700416,-99.0342095442388,"kPa","DE"
"interface-alpha-0","Interfaz: αδ = 0.00",0,"P_r",713,6.15246716625352,352.51040221914,-99.1504935336197,"kPa","DE"
"interface-alpha-0","Interfaz: αδ = 0.00",0,"P_r",714,6.16118170898192,353.009708737864,-99.2594414403603,"kPa","DE"
"interface-alpha-0","Interfaz: αδ = 0.00",0,"P_r",715,6.16989625171033,353.509015256588,-99.3610201698636,"kPa","DE"
"interface-alpha-0","Interfaz: αδ = 0.00",0,"P_r",716,6.17861079443873,354.008321775312,-99.4551988660335,"kPa","DE"
"interface-alpha-0","Interfaz: αδ = 0.00",0,"P_r",717,6.18732533716714,354.507628294036,-99.5419489206471,"kPa","DE"
"interface-alpha-0","Interfaz: αδ = 0.00",0,"P_r",718,6.19603987989554,355.00693481276,-99.6212439820455,"kPa","DE"
"interface-alpha-0","Interfaz: αδ = 0.00",0,"P_r",719,6.20475442262395,355.506241331484,-99.6930599631382,"kPa","DE"
"interface-alpha-0","Interfaz: αδ = 0.00",0,"P_r",720,6.21346896535235,356.005547850208,-99.75737504872,"kPa","DE"
"interface-alpha-0","Interfaz: αδ = 0.00",0,"P_r",721,6.22218350808075,356.504854368932,-99.8141697020977,"kPa","DE"
"interface-alpha-0","Interfaz: αδ = 0.00",0,"P_r",722,6.23089805080916,357.004160887656,-99.8634266710246,"kPa","DE"
"interface-alpha-0","Interfaz: αδ = 0.00",0,"P_r",723,6.23961259353756,357.50346740638,-99.9051309929414,"kPa","DE"
"interface-alpha-0","Interfaz: αδ = 0.00",0,"P_r",724,6.24832713626597,358.002773925104,-99.9392699995208,"kPa","DE"
"interface-alpha-0","Interfaz: αδ = 0.00",0,"P_r",725,6.25704167899437,358.502080443828,-99.9658333205164,"kPa","DE"
"interface-alpha-0","Interfaz: αδ = 0.00",0,"P_r",726,6.26575622172278,359.001386962552,-99.9848128869121,"kPa","DE"
"interface-alpha-0","Interfaz: αδ = 0.00",0,"P_r",727,6.27447076445118,359.500693481276,-99.9962029333737,"kPa","DE"
"interface-alpha-0","Interfaz: αδ = 0.00",0,"P_t",0,0,0,0,"kPa","DE"
"interface-alpha-0","Interfaz: αδ = 0.00",0,"P_t",1,0.00871454272840442,0.499306518723994,0,"kPa","DE"
"interface-alpha-0","Interfaz: αδ = 0.00",0,"P_t",2,0.0174290854568088,0.998613037447989,0,"kPa","DE"
"interface-alpha-0","Interfaz: αδ = 0.00",0,"P_t",3,0.0261436281852133,1.49791955617198,0,"kPa","DE"
"interface-alpha-0","Interfaz: αδ = 0.00",0,"P_t",4,0.0348581709136177,1.99722607489598,0,"kPa","DE"
"interface-alpha-0","Interfaz: αδ = 0.00",0,"P_t",5,0.0435727136420221,2.49653259361997,0,"kPa","DE"
"interface-alpha-0","Interfaz: αδ = 0.00",0,"P_t",6,0.0522872563704265,2.99583911234397,0,"kPa","DE"
"interface-alpha-0","Interfaz: αδ = 0.00",0,"P_t",7,0.0610017990988309,3.49514563106796,0,"kPa","DE"
"interface-alpha-0","Interfaz: αδ = 0.00",0,"P_t",8,0.0697163418272354,3.99445214979196,0,"kPa","DE"
"interface-alpha-0","Interfaz: αδ = 0.00",0,"P_t",9,0.0784308845556398,4.49375866851595,0,"kPa","DE"
"interface-alpha-0","Interfaz: αδ = 0.00",0,"P_t",10,0.0871454272840442,4.99306518723994,0,"kPa","DE"
"interface-alpha-0","Interfaz: αδ = 0.00",0,"P_t",11,0.0958599700124486,5.49237170596394,0,"kPa","DE"
"interface-alpha-0","Interfaz: αδ = 0.00",0,"P_t",12,0.104574512740853,5.99167822468793,0,"kPa","DE"
"interface-alpha-0","Interfaz: αδ = 0.00",0,"P_t",13,0.113289055469257,6.49098474341193,0,"kPa","DE"
"interface-alpha-0","Interfaz: αδ = 0.00",0,"P_t",14,0.122003598197662,6.99029126213592,0,"kPa","DE"
"interface-alpha-0","Interfaz: αδ = 0.00",0,"P_t",15,0.130718140926066,7.48959778085992,0,"kPa","DE"
"interface-alpha-0","Interfaz: αδ = 0.00",0,"P_t",16,0.139432683654471,7.98890429958391,0,"kPa","DE"
"interface-alpha-0","Interfaz: αδ = 0.00",0,"P_t",17,0.148147226382875,8.4882108183079,0,"kPa","DE"
"interface-alpha-0","Interfaz: αδ = 0.00",0,"P_t",18,0.15686176911128,8.9875173370319,0,"kPa","DE"
"interface-alpha-0","Interfaz: αδ = 0.00",0,"P_t",19,0.165576311839684,9.4868238557559,0,"kPa","DE"
"interface-alpha-0","Interfaz: αδ = 0.00",0,"P_t",20,0.174290854568088,9.98613037447989,0,"kPa","DE"
"interface-alpha-0","Interfaz: αδ = 0.00",0,"P_t",21,0.183005397296493,10.4854368932039,0,"kPa","DE"
"interface-alpha-0","Interfaz: αδ = 0.00",0,"P_t",22,0.191719940024897,10.9847434119279,0,"kPa","DE"
"interface-alpha-0","Interfaz: αδ = 0.00",0,"P_t",23,0.200434482753302,11.4840499306519,0,"kPa","DE"
"interface-alpha-0","Interfaz: αδ = 0.00",0,"P_t",24,0.209149025481706,11.9833564493759,0,"kPa","DE"
"interface-alpha-0","Interfaz: αδ = 0.00",0,"P_t",25,0.21786356821011,12.4826629680999,0,"kPa","DE"
"interface-alpha-0","Interfaz: αδ = 0.00",0,"P_t",26,0.226578110938515,12.9819694868239,0,"kPa","DE"
"interface-alpha-0","Interfaz: αδ = 0.00",0,"P_t",27,0.235292653666919,13.4812760055479,0,"kPa","DE"
"interface-alpha-0","Interfaz: αδ = 0.00",0,"P_t",28,0.244007196395324,13.9805825242718,0,"kPa","DE"
"interface-alpha-0","Interfaz: αδ = 0.00",0,"P_t",29,0.252721739123728,14.4798890429958,0,"kPa","DE"
"interface-alpha-0","Interfaz: αδ = 0.00",0,"P_t",30,0.261436281852133,14.9791955617198,0,"kPa","DE"
"interface-alpha-0","Interfaz: αδ = 0.00",0,"P_t",31,0.270150824580537,15.4785020804438,0,"kPa","DE"
"interface-alpha-0","Interfaz: αδ = 0.00",0,"P_t",32,0.278865367308941,15.9778085991678,0,"kPa","DE"
"interface-alpha-0","Interfaz: αδ = 0.00",0,"P_t",33,0.287579910037346,16.4771151178918,0,"kPa","DE"
"interface-alpha-0","Interfaz: αδ = 0.00",0,"P_t",34,0.29629445276575,16.9764216366158,0,"kPa","DE"
"interface-alpha-0","Interfaz: αδ = 0.00",0,"P_t",35,0.305008995494155,17.4757281553398,0,"kPa","DE"
"interface-alpha-0","Interfaz: αδ = 0.00",0,"P_t",36,0.313723538222559,17.9750346740638,0,"kPa","DE"
"interface-alpha-0","Interfaz: αδ = 0.00",0,"P_t",37,0.322438080950964,18.4743411927878,0,"kPa","DE"
"interface-alpha-0","Interfaz: αδ = 0.00",0,"P_t",38,0.331152623679368,18.9736477115118,0,"kPa","DE"
"interface-alpha-0","Interfaz: αδ = 0.00",0,"P_t",39,0.339867166407772,19.4729542302358,0,"kPa","DE"
"interface-alpha-0","Interfaz: αδ = 0.00",0,"P_t",40,0.348581709136177,19.9722607489598,0,"kPa","DE"
"interface-alpha-0","Interfaz: αδ = 0.00",0,"P_t",41,0.357296251864581,20.4715672676838,0,"kPa","DE"
"interface-alpha-0","Interfaz: αδ = 0.00",0,"P_t",42,0.366010794592986,20.9708737864078,0,"kPa","DE"
"interface-alpha-0","Interfaz: αδ = 0.00",0,"P_t",43,0.37472533732139,21.4701803051318,0,"kPa","DE"
"interface-alpha-0","Interfaz: αδ = 0.00",0,"P_t",44,0.383439880049794,21.9694868238558,0,"kPa","DE"
"interface-alpha-0","Interfaz: αδ = 0.00",0,"P_t",45,0.392154422778199,22.4687933425798,0,"kPa","DE"
"interface-alpha-0","Interfaz: αδ = 0.00",0,"P_t",46,0.400868965506603,22.9680998613037,0,"kPa","DE"
"interface-alpha-0","Interfaz: αδ = 0.00",0,"P_t",47,0.409583508235008,23.4674063800277,0,"kPa","DE"
"interface-alpha-0","Interfaz: αδ = 0.00",0,"P_t",48,0.418298050963412,23.9667128987517,0,"kPa","DE"
"interface-alpha-0","Interfaz: αδ = 0.00",0,"P_t",49,0.427012593691816,24.4660194174757,0,"kPa","DE"
"interface-alpha-0","Interfaz: αδ = 0.00",0,"P_t",50,0.435727136420221,24.9653259361997,0,"kPa","DE"
"interface-alpha-0","Interfaz: αδ = 0.00",0,"P_t",51,0.444441679148625,25.4646324549237,0,"kPa","DE"
"interface-alpha-0","Interfaz: αδ = 0.00",0,"P_t",52,0.45315622187703,25.9639389736477,0,"kPa","DE"
"interface-alpha-0","Interfaz: αδ = 0.00",0,"P_t",53,0.461870764605434,26.4632454923717,0,"kPa","DE"
"interface-alpha-0","Interfaz: αδ = 0.00",0,"P_t",54,0.470585307333839,26.9625520110957,0,"kPa","DE"
"interface-alpha-0","Interfaz: αδ = 0.00",0,"P_t",55,0.479299850062243,27.4618585298197,0,"kPa","DE"
"interface-alpha-0","Interfaz: αδ = 0.00",0,"P_t",56,0.488014392790647,27.9611650485437,0,"kPa","DE"
"interface-alpha-0","Interfaz: αδ = 0.00",0,"P_t",57,0.496728935519052,28.4604715672677,0,"kPa","DE"
"interface-alpha-0","Interfaz: αδ = 0.00",0,"P_t",58,0.505443478247456,28.9597780859917,0,"kPa","DE"
"interface-alpha-0","Interfaz: αδ = 0.00",0,"P_t",59,0.514158020975861,29.4590846047157,0,"kPa","DE"
"interface-alpha-0","Interfaz: αδ = 0.00",0,"P_t",60,0.522872563704265,29.9583911234397,0,"kPa","DE"
"interface-alpha-0","Interfaz: αδ = 0.00",0,"P_t",61,0.53158710643267,30.4576976421637,0,"kPa","DE"
"interface-alpha-0","Interfaz: αδ = 0.00",0,"P_t",62,0.540301649161074,30.9570041608877,0,"kPa","DE"
"interface-alpha-0","Interfaz: αδ = 0.00",0,"P_t",63,0.549016191889478,31.4563106796117,0,"kPa","DE"
"interface-alpha-0","Interfaz: αδ = 0.00",0,"P_t",64,0.557730734617883,31.9556171983356,0,"kPa","DE"
"interface-alpha-0","Interfaz: αδ = 0.00",0,"P_t",65,0.566445277346287,32.4549237170596,0,"kPa","DE"
"interface-alpha-0","Interfaz: αδ = 0.00",0,"P_t",66,0.575159820074692,32.9542302357836,0,"kPa","DE"
"interface-alpha-0","Interfaz: αδ = 0.00",0,"P_t",67,0.583874362803096,33.4535367545076,0,"kPa","DE"
"interface-alpha-0","Interfaz: αδ = 0.00",0,"P_t",68,0.592588905531501,33.9528432732316,0,"kPa","DE"
"interface-alpha-0","Interfaz: αδ = 0.00",0,"P_t",69,0.601303448259905,34.4521497919556,0,"kPa","DE"
"interface-alpha-0","Interfaz: αδ = 0.00",0,"P_t",70,0.610017990988309,34.9514563106796,0,"kPa","DE"
"interface-alpha-0","Interfaz: αδ = 0.00",0,"P_t",71,0.618732533716714,35.4507628294036,0,"kPa","DE"
"interface-alpha-0","Interfaz: αδ = 0.00",0,"P_t",72,0.627447076445118,35.9500693481276,0,"kPa","DE"
"interface-alpha-0","Interfaz: αδ = 0.00",0,"P_t",73,0.636161619173523,36.4493758668516,0,"kPa","DE"
"interface-alpha-0","Interfaz: αδ = 0.00",0,"P_t",74,0.644876161901927,36.9486823855756,0,"kPa","DE"
"interface-alpha-0","Interfaz: αδ = 0.00",0,"P_t",75,0.653590704630331,37.4479889042996,0,"kPa","DE"
"interface-alpha-0","Interfaz: αδ = 0.00",0,"P_t",76,0.662305247358736,37.9472954230236,0,"kPa","DE"
"interface-alpha-0","Interfaz: αδ = 0.00",0,"P_t",77,0.67101979008714,38.4466019417476,0,"kPa","DE"
"interface-alpha-0","Interfaz: αδ = 0.00",0,"P_t",78,0.679734332815545,38.9459084604716,0,"kPa","DE"
"interface-alpha-0","Interfaz: αδ = 0.00",0,"P_t",79,0.688448875543949,39.4452149791956,0,"kPa","DE"
"interface-alpha-0","Interfaz: αδ = 0.00",0,"P_t",80,0.697163418272354,39.9445214979196,0,"kPa","DE"
"interface-alpha-0","Interfaz: αδ = 0.00",0,"P_t",81,0.705877961000758,40.4438280166436,0,"kPa","DE"
"interface-alpha-0","Interfaz: αδ = 0.00",0,"P_t",82,0.714592503729162,40.9431345353675,0,"kPa","DE"
"interface-alpha-0","Interfaz: αδ = 0.00",0,"P_t",83,0.723307046457567,41.4424410540915,0,"kPa","DE"
"interface-alpha-0","Interfaz: αδ = 0.00",0,"P_t",84,0.732021589185971,41.9417475728155,0,"kPa","DE"
"interface-alpha-0","Interfaz: αδ = 0.00",0,"P_t",85,0.740736131914376,42.4410540915395,0,"kPa","DE"
"interface-alpha-0","Interfaz: αδ = 0.00",0,"P_t",86,0.74945067464278,42.9403606102635,0,"kPa","DE"
"interface-alpha-0","Interfaz: αδ = 0.00",0,"P_t",87,0.758165217371184,43.4396671289875,0,"kPa","DE"
"interface-alpha-0","Interfaz: αδ = 0.00",0,"P_t",88,0.766879760099589,43.9389736477115,0,"kPa","DE"
"interface-alpha-0","Interfaz: αδ = 0.00",0,"P_t",89,0.775594302827993,44.4382801664355,0,"kPa","DE"
"interface-alpha-0","Interfaz: αδ = 0.00",0,"P_t",90,0.784308845556398,44.9375866851595,0,"kPa","DE"
"interface-alpha-0","Interfaz: αδ = 0.00",0,"P_t",91,0.785398163397448,45,0,"kPa","DE"
"interface-alpha-0","Interfaz: αδ = 0.00",0,"P_t",92,0.793023388284802,45.4368932038835,0,"kPa","DE"
"interface-alpha-0","Interfaz: αδ = 0.00",0,"P_t",93,0.801737931013207,45.9361997226075,0,"kPa","DE"
"interface-alpha-0","Interfaz: αδ = 0.00",0,"P_t",94,0.810452473741611,46.4355062413315,0,"kPa","DE"
"interface-alpha-0","Interfaz: αδ = 0.00",0,"P_t",95,0.819167016470015,46.9348127600555,0,"kPa","DE"
"interface-alpha-0","Interfaz: αδ = 0.00",0,"P_t",96,0.82788155919842,47.4341192787795,0,"kPa","DE"
"interface-alpha-0","Interfaz: αδ = 0.00",0,"P_t",97,0.836596101926824,47.9334257975035,0,"kPa","DE"
"interface-alpha-0","Interfaz: αδ = 0.00",0,"P_t",98,0.845310644655229,48.4327323162275,0,"kPa","DE"
"interface-alpha-0","Interfaz: αδ = 0.00",0,"P_t",99,0.854025187383633,48.9320388349515,0,"kPa","DE"
"interface-alpha-0","Interfaz: αδ = 0.00",0,"P_t",100,0.862739730112038,49.4313453536755,0,"kPa","DE"
"interface-alpha-0","Interfaz: αδ = 0.00",0,"P_t",101,0.871454272840442,49.9306518723995,0,"kPa","DE"
"interface-alpha-0","Interfaz: αδ = 0.00",0,"P_t",102,0.880168815568846,50.4299583911234,0,"kPa","DE"
"interface-alpha-0","Interfaz: αδ = 0.00",0,"P_t",103,0.888883358297251,50.9292649098474,0,"kPa","DE"
"interface-alpha-0","Interfaz: αδ = 0.00",0,"P_t",104,0.897597901025655,51.4285714285714,0,"kPa","DE"
"interface-alpha-0","Interfaz: αδ = 0.00",0,"P_t",105,0.90631244375406,51.9278779472954,0,"kPa","DE"
"interface-alpha-0","Interfaz: αδ = 0.00",0,"P_t",106,0.915026986482464,52.4271844660194,0,"kPa","DE"
"interface-alpha-0","Interfaz: αδ = 0.00",0,"P_t",107,0.923741529210868,52.9264909847434,0,"kPa","DE"
"interface-alpha-0","Interfaz: αδ = 0.00",0,"P_t",108,0.932456071939273,53.4257975034674,0,"kPa","DE"
"interface-alpha-0","Interfaz: αδ = 0.00",0,"P_t",109,0.941170614667677,53.9251040221914,0,"kPa","DE"
"interface-alpha-0","Interfaz: αδ = 0.00",0,"P_t",110,0.949885157396082,54.4244105409154,0,"kPa","DE"
"interface-alpha-0","Interfaz: αδ = 0.00",0,"P_t",111,0.958599700124486,54.9237170596394,0,"kPa","DE"
"interface-alpha-0","Interfaz: αδ = 0.00",0,"P_t",112,0.967314242852891,55.4230235783634,0,"kPa","DE"
"interface-alpha-0","Interfaz: αδ = 0.00",0,"P_t",113,0.976028785581295,55.9223300970874,0,"kPa","DE"
"interface-alpha-0","Interfaz: αδ = 0.00",0,"P_t",114,0.984743328309699,56.4216366158114,0,"kPa","DE"
"interface-alpha-0","Interfaz: αδ = 0.00",0,"P_t",115,0.993457871038104,56.9209431345354,0,"kPa","DE"
"interface-alpha-0","Interfaz: αδ = 0.00",0,"P_t",116,1.00217241376651,57.4202496532594,0,"kPa","DE"
"interface-alpha-0","Interfaz: αδ = 0.00",0,"P_t",117,1.01088695649491,57.9195561719834,0,"kPa","DE"
"interface-alpha-0","Interfaz: αδ = 0.00",0,"P_t",118,1.01960149922332,58.4188626907073,0,"kPa","DE"
"interface-alpha-0","Interfaz: αδ = 0.00",0,"P_t",119,1.02831604195172,58.9181692094313,0,"kPa","DE"
"interface-alpha-0","Interfaz: αδ = 0.00",0,"P_t",120,1.03703058468013,59.4174757281553,0,"kPa","DE"
"interface-alpha-0","Interfaz: αδ = 0.00",0,"P_t",121,1.04574512740853,59.9167822468793,0,"kPa","DE"
"interface-alpha-0","Interfaz: αδ = 0.00",0,"P_t",122,1.05445967013693,60.4160887656033,0,"kPa","DE"
"interface-alpha-0","Interfaz: αδ = 0.00",0,"P_t",123,1.06317421286534,60.9153952843273,0,"kPa","DE"
"interface-alpha-0","Interfaz: αδ = 0.00",0,"P_t",124,1.07188875559374,61.4147018030513,0,"kPa","DE"
"interface-alpha-0","Interfaz: αδ = 0.00",0,"P_t",125,1.08060329832215,61.9140083217753,0,"kPa","DE"
"interface-alpha-0","Interfaz: αδ = 0.00",0,"P_t",126,1.08931784105055,62.4133148404993,0,"kPa","DE"
"interface-alpha-0","Interfaz: αδ = 0.00",0,"P_t",127,1.09803238377896,62.9126213592233,0,"kPa","DE"
"interface-alpha-0","Interfaz: αδ = 0.00",0,"P_t",128,1.10674692650736,63.4119278779473,0,"kPa","DE"
"interface-alpha-0","Interfaz: αδ = 0.00",0,"P_t",129,1.11546146923577,63.9112343966713,0,"kPa","DE"
"interface-alpha-0","Interfaz: αδ = 0.00",0,"P_t",130,1.12417601196417,64.4105409153953,0,"kPa","DE"
"interface-alpha-0","Interfaz: αδ = 0.00",0,"P_t",131,1.13289055469257,64.9098474341193,0,"kPa","DE"
"interface-alpha-0","Interfaz: αδ = 0.00",0,"P_t",132,1.14160509742098,65.4091539528433,0,"kPa","DE"
"interface-alpha-0","Interfaz: αδ = 0.00",0,"P_t",133,1.15031964014938,65.9084604715673,0,"kPa","DE"
"interface-alpha-0","Interfaz: αδ = 0.00",0,"P_t",134,1.15903418287779,66.4077669902913,0,"kPa","DE"
"interface-alpha-0","Interfaz: αδ = 0.00",0,"P_t",135,1.16774872560619,66.9070735090153,0,"kPa","DE"
"interface-alpha-0","Interfaz: αδ = 0.00",0,"P_t",136,1.1764632683346,67.4063800277392,0,"kPa","DE"
"interface-alpha-0","Interfaz: αδ = 0.00",0,"P_t",137,1.185177811063,67.9056865464632,0,"kPa","DE"
"interface-alpha-0","Interfaz: αδ = 0.00",0,"P_t",138,1.19389235379141,68.4049930651872,0,"kPa","DE"
"interface-alpha-0","Interfaz: αδ = 0.00",0,"P_t",139,1.20260689651981,68.9042995839112,0,"kPa","DE"
"interface-alpha-0","Interfaz: αδ = 0.00",0,"P_t",140,1.21132143924821,69.4036061026352,0,"kPa","DE"
"interface-alpha-0","Interfaz: αδ = 0.00",0,"P_t",141,1.22003598197662,69.9029126213592,0,"kPa","DE"
"interface-alpha-0","Interfaz: αδ = 0.00",0,"P_t",142,1.22875052470502,70.4022191400832,0,"kPa","DE"
"interface-alpha-0","Interfaz: αδ = 0.00",0,"P_t",143,1.23746506743343,70.9015256588072,0,"kPa","DE"
"interface-alpha-0","Interfaz: αδ = 0.00",0,"P_t",144,1.24617961016183,71.4008321775312,0,"kPa","DE"
"interface-alpha-0","Interfaz: αδ = 0.00",0,"P_t",145,1.25489415289024,71.9001386962552,0,"kPa","DE"
"interface-alpha-0","Interfaz: αδ = 0.00",0,"P_t",146,1.26360869561864,72.3994452149792,0,"kPa","DE"
"interface-alpha-0","Interfaz: αδ = 0.00",0,"P_t",147,1.27232323834705,72.8987517337032,0,"kPa","DE"
"interface-alpha-0","Interfaz: αδ = 0.00",0,"P_t",148,1.28103778107545,73.3980582524272,0,"kPa","DE"
"interface-alpha-0","Interfaz: αδ = 0.00",0,"P_t",149,1.28975232380385,73.8973647711512,0,"kPa","DE"
"interface-alpha-0","Interfaz: αδ = 0.00",0,"P_t",150,1.29846686653226,74.3966712898752,0,"kPa","DE"
"interface-alpha-0","Interfaz: αδ = 0.00",0,"P_t",151,1.30718140926066,74.8959778085992,0,"kPa","DE"
"interface-alpha-0","Interfaz: αδ = 0.00",0,"P_t",152,1.31589595198907,75.3952843273232,0,"kPa","DE"
"interface-alpha-0","Interfaz: αδ = 0.00",0,"P_t",153,1.32461049471747,75.8945908460472,0,"kPa","DE"
"interface-alpha-0","Interfaz: αδ = 0.00",0,"P_t",154,1.33332503744588,76.3938973647712,0,"kPa","DE"
"interface-alpha-0","Interfaz: αδ = 0.00",0,"P_t",155,1.34203958017428,76.8932038834951,0,"kPa","DE"
"interface-alpha-0","Interfaz: αδ = 0.00",0,"P_t",156,1.35075412290268,77.3925104022191,0,"kPa","DE"
"interface-alpha-0","Interfaz: αδ = 0.00",0,"P_t",157,1.35946866563109,77.8918169209431,0,"kPa","DE"
"interface-alpha-0","Interfaz: αδ = 0.00",0,"P_t",158,1.36818320835949,78.3911234396671,0,"kPa","DE"
"interface-alpha-0","Interfaz: αδ = 0.00",0,"P_t",159,1.3768977510879,78.8904299583911,0,"kPa","DE"
"interface-alpha-0","Interfaz: αδ = 0.00",0,"P_t",160,1.3856122938163,79.3897364771151,0,"kPa","DE"
"interface-alpha-0","Interfaz: αδ = 0.00",0,"P_t",161,1.39432683654471,79.8890429958391,0,"kPa","DE"
"interface-alpha-0","Interfaz: αδ = 0.00",0,"P_t",162,1.40304137927311,80.3883495145631,0,"kPa","DE"
"interface-alpha-0","Interfaz: αδ = 0.00",0,"P_t",163,1.41175592200152,80.8876560332871,0,"kPa","DE"
"interface-alpha-0","Interfaz: αδ = 0.00",0,"P_t",164,1.42047046472992,81.3869625520111,0,"kPa","DE"
"interface-alpha-0","Interfaz: αδ = 0.00",0,"P_t",165,1.42918500745832,81.8862690707351,0,"kPa","DE"
"interface-alpha-0","Interfaz: αδ = 0.00",0,"P_t",166,1.43789955018673,82.3855755894591,0,"kPa","DE"
"interface-alpha-0","Interfaz: αδ = 0.00",0,"P_t",167,1.44661409291513,82.8848821081831,0,"kPa","DE"
"interface-alpha-0","Interfaz: αδ = 0.00",0,"P_t",168,1.45532863564354,83.3841886269071,0,"kPa","DE"
"interface-alpha-0","Interfaz: αδ = 0.00",0,"P_t",169,1.46404317837194,83.8834951456311,0,"kPa","DE"
"interface-alpha-0","Interfaz: αδ = 0.00",0,"P_t",170,1.47275772110035,84.3828016643551,0,"kPa","DE"
"interface-alpha-0","Interfaz: αδ = 0.00",0,"P_t",171,1.48147226382875,84.882108183079,0,"kPa","DE"
"interface-alpha-0","Interfaz: αδ = 0.00",0,"P_t",172,1.49018680655716,85.381414701803,0,"kPa","DE"
"interface-alpha-0","Interfaz: αδ = 0.00",0,"P_t",173,1.49890134928556,85.880721220527,0,"kPa","DE"
"interface-alpha-0","Interfaz: αδ = 0.00",0,"P_t",174,1.50761589201396,86.380027739251,0,"kPa","DE"
"interface-alpha-0","Interfaz: αδ = 0.00",0,"P_t",175,1.51633043474237,86.879334257975,0,"kPa","DE"
"interface-alpha-0","Interfaz: αδ = 0.00",0,"P_t",176,1.52504497747077,87.378640776699,0,"kPa","DE"
"interface-alpha-0","Interfaz: αδ = 0.00",0,"P_t",177,1.53375952019918,87.877947295423,0,"kPa","DE"
"interface-alpha-0","Interfaz: αδ = 0.00",0,"P_t",178,1.54247406292758,88.377253814147,0,"kPa","DE"
"interface-alpha-0","Interfaz: αδ = 0.00",0,"P_t",179,1.55118860565599,88.876560332871,0,"kPa","DE"
"interface-alpha-0","Interfaz: αδ = 0.00",0,"P_t",180,1.55990314838439,89.375866851595,0,"kPa","DE"
"interface-alpha-0","Interfaz: αδ = 0.00",0,"P_t",181,1.5686176911128,89.875173370319,0,"kPa","DE"
"interface-alpha-0","Interfaz: αδ = 0.00",0,"P_t",182,1.5707963267949,90,0,"kPa","DE"
"interface-alpha-0","Interfaz: αδ = 0.00",0,"P_t",183,1.5773322338412,90.374479889043,0,"kPa","DE"
"interface-alpha-0","Interfaz: αδ = 0.00",0,"P_t",184,1.5860467765696,90.873786407767,0,"kPa","DE"
"interface-alpha-0","Interfaz: αδ = 0.00",0,"P_t",185,1.59476131929801,91.373092926491,0,"kPa","DE"
"interface-alpha-0","Interfaz: αδ = 0.00",0,"P_t",186,1.60347586202641,91.872399445215,0,"kPa","DE"
"interface-alpha-0","Interfaz: αδ = 0.00",0,"P_t",187,1.61219040475482,92.371705963939,0,"kPa","DE"
"interface-alpha-0","Interfaz: αδ = 0.00",0,"P_t",188,1.62090494748322,92.871012482663,0,"kPa","DE"
"interface-alpha-0","Interfaz: αδ = 0.00",0,"P_t",189,1.62961949021163,93.370319001387,0,"kPa","DE"
"interface-alpha-0","Interfaz: αδ = 0.00",0,"P_t",190,1.63833403294003,93.869625520111,0,"kPa","DE"
"interface-alpha-0","Interfaz: αδ = 0.00",0,"P_t",191,1.64704857566844,94.3689320388349,0,"kPa","DE"
"interface-alpha-0","Interfaz: αδ = 0.00",0,"P_t",192,1.65576311839684,94.868238557559,0,"kPa","DE"
"interface-alpha-0","Interfaz: αδ = 0.00",0,"P_t",193,1.66447766112524,95.367545076283,0,"kPa","DE"
"interface-alpha-0","Interfaz: αδ = 0.00",0,"P_t",194,1.67319220385365,95.8668515950069,0,"kPa","DE"
"interface-alpha-0","Interfaz: αδ = 0.00",0,"P_t",195,1.68190674658205,96.3661581137309,0,"kPa","DE"
"interface-alpha-0","Interfaz: αδ = 0.00",0,"P_t",196,1.69062128931046,96.8654646324549,0,"kPa","DE"
"interface-alpha-0","Interfaz: αδ = 0.00",0,"P_t",197,1.69933583203886,97.3647711511789,0,"kPa","DE"
"interface-alpha-0","Interfaz: αδ = 0.00",0,"P_t",198,1.70805037476727,97.8640776699029,0,"kPa","DE"
"interface-alpha-0","Interfaz: αδ = 0.00",0,"P_t",199,1.71676491749567,98.3633841886269,0,"kPa","DE"
"interface-alpha-0","Interfaz: αδ = 0.00",0,"P_t",200,1.72547946022408,98.8626907073509,0,"kPa","DE"
"interface-alpha-0","Interfaz: αδ = 0.00",0,"P_t",201,1.73419400295248,99.3619972260749,0,"kPa","DE"
"interface-alpha-0","Interfaz: αδ = 0.00",0,"P_t",202,1.74290854568088,99.8613037447989,0,"kPa","DE"
"interface-alpha-0","Interfaz: αδ = 0.00",0,"P_t",203,1.75162308840929,100.360610263523,0,"kPa","DE"
"interface-alpha-0","Interfaz: αδ = 0.00",0,"P_t",204,1.76033763113769,100.859916782247,0,"kPa","DE"
"interface-alpha-0","Interfaz: αδ = 0.00",0,"P_t",205,1.7690521738661,101.359223300971,0,"kPa","DE"
"interface-alpha-0","Interfaz: αδ = 0.00",0,"P_t",206,1.7777667165945,101.858529819695,0,"kPa","DE"
"interface-alpha-0","Interfaz: αδ = 0.00",0,"P_t",207,1.78648125932291,102.357836338419,0,"kPa","DE"
"interface-alpha-0","Interfaz: αδ = 0.00",0,"P_t",208,1.79519580205131,102.857142857143,0,"kPa","DE"
"interface-alpha-0","Interfaz: αδ = 0.00",0,"P_t",209,1.80391034477971,103.356449375867,0,"kPa","DE"
"interface-alpha-0","Interfaz: αδ = 0.00",0,"P_t",210,1.81262488750812,103.855755894591,0,"kPa","DE"
"interface-alpha-0","Interfaz: αδ = 0.00",0,"P_t",211,1.82133943023652,104.355062413315,0,"kPa","DE"
"interface-alpha-0","Interfaz: αδ = 0.00",0,"P_t",212,1.83005397296493,104.854368932039,0,"kPa","DE"
"interface-alpha-0","Interfaz: αδ = 0.00",0,"P_t",213,1.83876851569333,105.353675450763,0,"kPa","DE"
"interface-alpha-0","Interfaz: αδ = 0.00",0,"P_t",214,1.84748305842174,105.852981969487,0,"kPa","DE"
"interface-alpha-0","Interfaz: αδ = 0.00",0,"P_t",215,1.85619760115014,106.352288488211,0,"kPa","DE"
"interface-alpha-0","Interfaz: αδ = 0.00",0,"P_t",216,1.86491214387855,106.851595006935,0,"kPa","DE"
"interface-alpha-0","Interfaz: αδ = 0.00",0,"P_t",217,1.87362668660695,107.350901525659,0,"kPa","DE"
"interface-alpha-0","Interfaz: αδ = 0.00",0,"P_t",218,1.88234122933535,107.850208044383,0,"kPa","DE"
"interface-alpha-0","Interfaz: αδ = 0.00",0,"P_t",219,1.89105577206376,108.349514563107,0,"kPa","DE"
"interface-alpha-0","Interfaz: αδ = 0.00",0,"P_t",220,1.89977031479216,108.848821081831,0,"kPa","DE"
"interface-alpha-0","Interfaz: αδ = 0.00",0,"P_t",221,1.90848485752057,109.348127600555,0,"kPa","DE"
"interface-alpha-0","Interfaz: αδ = 0.00",0,"P_t",222,1.91719940024897,109.847434119279,0,"kPa","DE"
"interface-alpha-0","Interfaz: αδ = 0.00",0,"P_t",223,1.92591394297738,110.346740638003,0,"kPa","DE"
"interface-alpha-0","Interfaz: αδ = 0.00",0,"P_t",224,1.93462848570578,110.846047156727,0,"kPa","DE"
"interface-alpha-0","Interfaz: αδ = 0.00",0,"P_t",225,1.94334302843419,111.345353675451,0,"kPa","DE"
"interface-alpha-0","Interfaz: αδ = 0.00",0,"P_t",226,1.95205757116259,111.844660194175,0,"kPa","DE"
"interface-alpha-0","Interfaz: αδ = 0.00",0,"P_t",227,1.96077211389099,112.343966712899,0,"kPa","DE"
"interface-alpha-0","Interfaz: αδ = 0.00",0,"P_t",228,1.9694866566194,112.843273231623,0,"kPa","DE"
"interface-alpha-0","Interfaz: αδ = 0.00",0,"P_t",229,1.9782011993478,113.342579750347,0,"kPa","DE"
"interface-alpha-0","Interfaz: αδ = 0.00",0,"P_t",230,1.98691574207621,113.841886269071,0,"kPa","DE"
"interface-alpha-0","Interfaz: αδ = 0.00",0,"P_t",231,1.99563028480461,114.341192787795,0,"kPa","DE"
"interface-alpha-0","Interfaz: αδ = 0.00",0,"P_t",232,2.00434482753302,114.840499306519,0,"kPa","DE"
"interface-alpha-0","Interfaz: αδ = 0.00",0,"P_t",233,2.01305937026142,115.339805825243,0,"kPa","DE"
"interface-alpha-0","Interfaz: αδ = 0.00",0,"P_t",234,2.02177391298983,115.839112343967,0,"kPa","DE"
"interface-alpha-0","Interfaz: αδ = 0.00",0,"P_t",235,2.03048845571823,116.338418862691,0,"kPa","DE"
"interface-alpha-0","Interfaz: αδ = 0.00",0,"P_t",236,2.03920299844663,116.837725381415,0,"kPa","DE"
"interface-alpha-0","Interfaz: αδ = 0.00",0,"P_t",237,2.04791754117504,117.337031900139,0,"kPa","DE"
"interface-alpha-0","Interfaz: αδ = 0.00",0,"P_t",238,2.05663208390344,117.836338418863,0,"kPa","DE"
"interface-alpha-0","Interfaz: αδ = 0.00",0,"P_t",239,2.06534662663185,118.335644937587,0,"kPa","DE"
"interface-alpha-0","Interfaz: αδ = 0.00",0,"P_t",240,2.07406116936025,118.834951456311,0,"kPa","DE"
"interface-alpha-0","Interfaz: αδ = 0.00",0,"P_t",241,2.08277571208866,119.334257975035,0,"kPa","DE"
"interface-alpha-0","Interfaz: αδ = 0.00",0,"P_t",242,2.09149025481706,119.833564493759,0,"kPa","DE"
"interface-alpha-0","Interfaz: αδ = 0.00",0,"P_t",243,2.10020479754546,120.332871012483,0,"kPa","DE"
"interface-alpha-0","Interfaz: αδ = 0.00",0,"P_t",244,2.10891934027387,120.832177531207,0,"kPa","DE"
"interface-alpha-0","Interfaz: αδ = 0.00",0,"P_t",245,2.11763388300227,121.331484049931,0,"kPa","DE"
"interface-alpha-0","Interfaz: αδ = 0.00",0,"P_t",246,2.12634842573068,121.830790568655,0,"kPa","DE"
"interface-alpha-0","Interfaz: αδ = 0.00",0,"P_t",247,2.13506296845908,122.330097087379,0,"kPa","DE"
"interface-alpha-0","Interfaz: αδ = 0.00",0,"P_t",248,2.14377751118749,122.829403606103,0,"kPa","DE"
"interface-alpha-0","Interfaz: αδ = 0.00",0,"P_t",249,2.15249205391589,123.328710124827,0,"kPa","DE"
"interface-alpha-0","Interfaz: αδ = 0.00",0,"P_t",250,2.1612065966443,123.828016643551,0,"kPa","DE"
"interface-alpha-0","Interfaz: αδ = 0.00",0,"P_t",251,2.1699211393727,124.327323162275,0,"kPa","DE"
"interface-alpha-0","Interfaz: αδ = 0.00",0,"P_t",252,2.1786356821011,124.826629680999,0,"kPa","DE"
"interface-alpha-0","Interfaz: αδ = 0.00",0,"P_t",253,2.18735022482951,125.325936199723,0,"kPa","DE"
"interface-alpha-0","Interfaz: αδ = 0.00",0,"P_t",254,2.19606476755791,125.825242718447,0,"kPa","DE"
"interface-alpha-0","Interfaz: αδ = 0.00",0,"P_t",255,2.20477931028632,126.324549237171,0,"kPa","DE"
"interface-alpha-0","Interfaz: αδ = 0.00",0,"P_t",256,2.21349385301472,126.823855755895,0,"kPa","DE"
"interface-alpha-0","Interfaz: αδ = 0.00",0,"P_t",257,2.22220839574313,127.323162274619,0,"kPa","DE"
"interface-alpha-0","Interfaz: αδ = 0.00",0,"P_t",258,2.23092293847153,127.822468793343,0,"kPa","DE"
"interface-alpha-0","Interfaz: αδ = 0.00",0,"P_t",259,2.23963748119994,128.321775312067,0,"kPa","DE"
"interface-alpha-0","Interfaz: αδ = 0.00",0,"P_t",260,2.24835202392834,128.821081830791,0,"kPa","DE"
"interface-alpha-0","Interfaz: αδ = 0.00",0,"P_t",261,2.25706656665674,129.320388349515,0,"kPa","DE"
"interface-alpha-0","Interfaz: αδ = 0.00",0,"P_t",262,2.26578110938515,129.819694868239,0,"kPa","DE"
"interface-alpha-0","Interfaz: αδ = 0.00",0,"P_t",263,2.27449565211355,130.319001386963,0,"kPa","DE"
"interface-alpha-0","Interfaz: αδ = 0.00",0,"P_t",264,2.28321019484196,130.818307905687,0,"kPa","DE"
"interface-alpha-0","Interfaz: αδ = 0.00",0,"P_t",265,2.29192473757036,131.317614424411,0,"kPa","DE"
"interface-alpha-0","Interfaz: αδ = 0.00",0,"P_t",266,2.30063928029877,131.816920943135,0,"kPa","DE"
"interface-alpha-0","Interfaz: αδ = 0.00",0,"P_t",267,2.30935382302717,132.316227461859,0,"kPa","DE"
"interface-alpha-0","Interfaz: αδ = 0.00",0,"P_t",268,2.31806836575558,132.815533980583,0,"kPa","DE"
"interface-alpha-0","Interfaz: αδ = 0.00",0,"P_t",269,2.32678290848398,133.314840499307,0,"kPa","DE"
"interface-alpha-0","Interfaz: αδ = 0.00",0,"P_t",270,2.33549745121238,133.814147018031,0,"kPa","DE"
"interface-alpha-0","Interfaz: αδ = 0.00",0,"P_t",271,2.34421199394079,134.313453536755,0,"kPa","DE"
"interface-alpha-0","Interfaz: αδ = 0.00",0,"P_t",272,2.35292653666919,134.812760055478,0,"kPa","DE"
"interface-alpha-0","Interfaz: αδ = 0.00",0,"P_t",273,2.35619449019234,135,0,"kPa","DE"
"interface-alpha-0","Interfaz: αδ = 0.00",0,"P_t",274,2.3616410793976,135.312066574203,0,"kPa","DE"
"interface-alpha-0","Interfaz: αδ = 0.00",0,"P_t",275,2.370355622126,135.811373092926,0,"kPa","DE"
"interface-alpha-0","Interfaz: αδ = 0.00",0,"P_t",276,2.37907016485441,136.31067961165,0,"kPa","DE"
"interface-alpha-0","Interfaz: αδ = 0.00",0,"P_t",277,2.38778470758281,136.809986130374,0,"kPa","DE"
"interface-alpha-0","Interfaz: αδ = 0.00",0,"P_t",278,2.39649925031122,137.309292649098,0,"kPa","DE"
"interface-alpha-0","Interfaz: αδ = 0.00",0,"P_t",279,2.40521379303962,137.808599167822,0,"kPa","DE"
"interface-alpha-0","Interfaz: αδ = 0.00",0,"P_t",280,2.41392833576802,138.307905686546,0,"kPa","DE"
"interface-alpha-0","Interfaz: αδ = 0.00",0,"P_t",281,2.42264287849643,138.80721220527,0,"kPa","DE"
"interface-alpha-0","Interfaz: αδ = 0.00",0,"P_t",282,2.43135742122483,139.306518723994,0,"kPa","DE"
"interface-alpha-0","Interfaz: αδ = 0.00",0,"P_t",283,2.44007196395324,139.805825242718,0,"kPa","DE"
"interface-alpha-0","Interfaz: αδ = 0.00",0,"P_t",284,2.44878650668164,140.305131761442,0,"kPa","DE"
"interface-alpha-0","Interfaz: αδ = 0.00",0,"P_t",285,2.45750104941005,140.804438280166,0,"kPa","DE"
"interface-alpha-0","Interfaz: αδ = 0.00",0,"P_t",286,2.46621559213845,141.30374479889,0,"kPa","DE"
"interface-alpha-0","Interfaz: αδ = 0.00",0,"P_t",287,2.47493013486686,141.803051317614,0,"kPa","DE"
"interface-alpha-0","Interfaz: αδ = 0.00",0,"P_t",288,2.48364467759526,142.302357836338,0,"kPa","DE"
"interface-alpha-0","Interfaz: αδ = 0.00",0,"P_t",289,2.49235922032366,142.801664355062,0,"kPa","DE"
"interface-alpha-0","Interfaz: αδ = 0.00",0,"P_t",290,2.50107376305207,143.300970873786,0,"kPa","DE"
"interface-alpha-0","Interfaz: αδ = 0.00",0,"P_t",291,2.50978830578047,143.80027739251,0,"kPa","DE"
"interface-alpha-0","Interfaz: αδ = 0.00",0,"P_t",292,2.51850284850888,144.299583911234,0,"kPa","DE"
"interface-alpha-0","Interfaz: αδ = 0.00",0,"P_t",293,2.52721739123728,144.798890429958,0,"kPa","DE"
"interface-alpha-0","Interfaz: αδ = 0.00",0,"P_t",294,2.53593193396569,145.298196948682,0,"kPa","DE"
"interface-alpha-0","Interfaz: αδ = 0.00",0,"P_t",295,2.54464647669409,145.797503467406,0,"kPa","DE"
"interface-alpha-0","Interfaz: αδ = 0.00",0,"P_t",296,2.55336101942249,146.29680998613,0,"kPa","DE"
"interface-alpha-0","Interfaz: αδ = 0.00",0,"P_t",297,2.5620755621509,146.796116504854,0,"kPa","DE"
"interface-alpha-0","Interfaz: αδ = 0.00",0,"P_t",298,2.5707901048793,147.295423023578,0,"kPa","DE"
"interface-alpha-0","Interfaz: αδ = 0.00",0,"P_t",299,2.57950464760771,147.794729542302,0,"kPa","DE"
"interface-alpha-0","Interfaz: αδ = 0.00",0,"P_t",300,2.58821919033611,148.294036061026,0,"kPa","DE"
"interface-alpha-0","Interfaz: αδ = 0.00",0,"P_t",301,2.59693373306452,148.79334257975,0,"kPa","DE"
"interface-alpha-0","Interfaz: αδ = 0.00",0,"P_t",302,2.60564827579292,149.292649098474,0,"kPa","DE"
"interface-alpha-0","Interfaz: αδ = 0.00",0,"P_t",303,2.61436281852133,149.791955617198,0,"kPa","DE"
"interface-alpha-0","Interfaz: αδ = 0.00",0,"P_t",304,2.62307736124973,150.291262135922,0,"kPa","DE"
"interface-alpha-0","Interfaz: αδ = 0.00",0,"P_t",305,2.63179190397813,150.790568654646,0,"kPa","DE"
"interface-alpha-0","Interfaz: αδ = 0.00",0,"P_t",306,2.64050644670654,151.28987517337,0,"kPa","DE"
"interface-alpha-0","Interfaz: αδ = 0.00",0,"P_t",307,2.64922098943494,151.789181692094,0,"kPa","DE"
"interface-alpha-0","Interfaz: αδ = 0.00",0,"P_t",308,2.65793553216335,152.288488210818,0,"kPa","DE"
"interface-alpha-0","Interfaz: αδ = 0.00",0,"P_t",309,2.66665007489175,152.787794729542,0,"kPa","DE"
"interface-alpha-0","Interfaz: αδ = 0.00",0,"P_t",310,2.67536461762016,153.287101248266,0,"kPa","DE"
"interface-alpha-0","Interfaz: αδ = 0.00",0,"P_t",311,2.68407916034856,153.78640776699,0,"kPa","DE"
"interface-alpha-0","Interfaz: αδ = 0.00",0,"P_t",312,2.69279370307697,154.285714285714,0,"kPa","DE"
"interface-alpha-0","Interfaz: αδ = 0.00",0,"P_t",313,2.70150824580537,154.785020804438,0,"kPa","DE"
"interface-alpha-0","Interfaz: αδ = 0.00",0,"P_t",314,2.71022278853377,155.284327323162,0,"kPa","DE"
"interface-alpha-0","Interfaz: αδ = 0.00",0,"P_t",315,2.71893733126218,155.783633841886,0,"kPa","DE"
"interface-alpha-0","Interfaz: αδ = 0.00",0,"P_t",316,2.72765187399058,156.28294036061,0,"kPa","DE"
"interface-alpha-0","Interfaz: αδ = 0.00",0,"P_t",317,2.73636641671899,156.782246879334,0,"kPa","DE"
"interface-alpha-0","Interfaz: αδ = 0.00",0,"P_t",318,2.74508095944739,157.281553398058,0,"kPa","DE"
"interface-alpha-0","Interfaz: αδ = 0.00",0,"P_t",319,2.7537955021758,157.780859916782,0,"kPa","DE"
"interface-alpha-0","Interfaz: αδ = 0.00",0,"P_t",320,2.7625100449042,158.280166435506,0,"kPa","DE"
"interface-alpha-0","Interfaz: αδ = 0.00",0,"P_t",321,2.77122458763261,158.77947295423,0,"kPa","DE"
"interface-alpha-0","Interfaz: αδ = 0.00",0,"P_t",322,2.77993913036101,159.278779472954,0,"kPa","DE"
"interface-alpha-0","Interfaz: αδ = 0.00",0,"P_t",323,2.78865367308941,159.778085991678,0,"kPa","DE"
"interface-alpha-0","Interfaz: αδ = 0.00",0,"P_t",324,2.79736821581782,160.277392510402,0,"kPa","DE"
"interface-alpha-0","Interfaz: αδ = 0.00",0,"P_t",325,2.80608275854622,160.776699029126,0,"kPa","DE"
"interface-alpha-0","Interfaz: αδ = 0.00",0,"P_t",326,2.81479730127463,161.27600554785,0,"kPa","DE"
"interface-alpha-0","Interfaz: αδ = 0.00",0,"P_t",327,2.82351184400303,161.775312066574,0,"kPa","DE"
"interface-alpha-0","Interfaz: αδ = 0.00",0,"P_t",328,2.83222638673144,162.274618585298,0,"kPa","DE"
"interface-alpha-0","Interfaz: αδ = 0.00",0,"P_t",329,2.84094092945984,162.773925104022,0,"kPa","DE"
"interface-alpha-0","Interfaz: αδ = 0.00",0,"P_t",330,2.84965547218825,163.273231622746,0,"kPa","DE"
"interface-alpha-0","Interfaz: αδ = 0.00",0,"P_t",331,2.85837001491665,163.77253814147,0,"kPa","DE"
"interface-alpha-0","Interfaz: αδ = 0.00",0,"P_t",332,2.86708455764505,164.271844660194,0,"kPa","DE"
"interface-alpha-0","Interfaz: αδ = 0.00",0,"P_t",333,2.87579910037346,164.771151178918,0,"kPa","DE"
"interface-alpha-0","Interfaz: αδ = 0.00",0,"P_t",334,2.88451364310186,165.270457697642,0,"kPa","DE"
"interface-alpha-0","Interfaz: αδ = 0.00",0,"P_t",335,2.89322818583027,165.769764216366,0,"kPa","DE"
"interface-alpha-0","Interfaz: αδ = 0.00",0,"P_t",336,2.90194272855867,166.26907073509,0,"kPa","DE"
"interface-alpha-0","Interfaz: αδ = 0.00",0,"P_t",337,2.91065727128708,166.768377253814,0,"kPa","DE"
"interface-alpha-0","Interfaz: αδ = 0.00",0,"P_t",338,2.91937181401548,167.267683772538,0,"kPa","DE"
"interface-alpha-0","Interfaz: αδ = 0.00",0,"P_t",339,2.92808635674389,167.766990291262,0,"kPa","DE"
"interface-alpha-0","Interfaz: αδ = 0.00",0,"P_t",340,2.93680089947229,168.266296809986,0,"kPa","DE"
"interface-alpha-0","Interfaz: αδ = 0.00",0,"P_t",341,2.94551544220069,168.76560332871,0,"kPa","DE"
"interface-alpha-0","Interfaz: αδ = 0.00",0,"P_t",342,2.9542299849291,169.264909847434,0,"kPa","DE"
"interface-alpha-0","Interfaz: αδ = 0.00",0,"P_t",343,2.9629445276575,169.764216366158,0,"kPa","DE"
"interface-alpha-0","Interfaz: αδ = 0.00",0,"P_t",344,2.97165907038591,170.263522884882,0,"kPa","DE"
"interface-alpha-0","Interfaz: αδ = 0.00",0,"P_t",345,2.98037361311431,170.762829403606,0,"kPa","DE"
"interface-alpha-0","Interfaz: αδ = 0.00",0,"P_t",346,2.98908815584272,171.26213592233,0,"kPa","DE"
"interface-alpha-0","Interfaz: αδ = 0.00",0,"P_t",347,2.99780269857112,171.761442441054,0,"kPa","DE"
"interface-alpha-0","Interfaz: αδ = 0.00",0,"P_t",348,3.00651724129952,172.260748959778,0,"kPa","DE"
"interface-alpha-0","Interfaz: αδ = 0.00",0,"P_t",349,3.01523178402793,172.760055478502,0,"kPa","DE"
"interface-alpha-0","Interfaz: αδ = 0.00",0,"P_t",350,3.02394632675633,173.259361997226,0,"kPa","DE"
"interface-alpha-0","Interfaz: αδ = 0.00",0,"P_t",351,3.03266086948474,173.75866851595,0,"kPa","DE"
"interface-alpha-0","Interfaz: αδ = 0.00",0,"P_t",352,3.04137541221314,174.257975034674,0,"kPa","DE"
"interface-alpha-0","Interfaz: αδ = 0.00",0,"P_t",353,3.05008995494155,174.757281553398,0,"kPa","DE"
"interface-alpha-0","Interfaz: αδ = 0.00",0,"P_t",354,3.05880449766995,175.256588072122,0,"kPa","DE"
"interface-alpha-0","Interfaz: αδ = 0.00",0,"P_t",355,3.06751904039836,175.755894590846,0,"kPa","DE"
"interface-alpha-0","Interfaz: αδ = 0.00",0,"P_t",356,3.07623358312676,176.25520110957,0,"kPa","DE"
"interface-alpha-0","Interfaz: αδ = 0.00",0,"P_t",357,3.08494812585516,176.754507628294,0,"kPa","DE"
"interface-alpha-0","Interfaz: αδ = 0.00",0,"P_t",358,3.09366266858357,177.253814147018,0,"kPa","DE"
"interface-alpha-0","Interfaz: αδ = 0.00",0,"P_t",359,3.10237721131197,177.753120665742,0,"kPa","DE"
"interface-alpha-0","Interfaz: αδ = 0.00",0,"P_t",360,3.11109175404038,178.252427184466,0,"kPa","DE"
"interface-alpha-0","Interfaz: αδ = 0.00",0,"P_t",361,3.11980629676878,178.75173370319,0,"kPa","DE"
"interface-alpha-0","Interfaz: αδ = 0.00",0,"P_t",362,3.12852083949719,179.251040221914,0,"kPa","DE"
"interface-alpha-0","Interfaz: αδ = 0.00",0,"P_t",363,3.13723538222559,179.750346740638,0,"kPa","DE"
"interface-alpha-0","Interfaz: αδ = 0.00",0,"P_t",364,3.14159265358979,180,0,"kPa","DE"
"interface-alpha-0","Interfaz: αδ = 0.00",0,"P_t",365,3.145949924954,180.249653259362,0,"kPa","DE"
"interface-alpha-0","Interfaz: αδ = 0.00",0,"P_t",366,3.1546644676824,180.748959778086,0,"kPa","DE"
"interface-alpha-0","Interfaz: αδ = 0.00",0,"P_t",367,3.1633790104108,181.24826629681,0,"kPa","DE"
"interface-alpha-0","Interfaz: αδ = 0.00",0,"P_t",368,3.17209355313921,181.747572815534,0,"kPa","DE"
"interface-alpha-0","Interfaz: αδ = 0.00",0,"P_t",369,3.18080809586761,182.246879334258,0,"kPa","DE"
"interface-alpha-0","Interfaz: αδ = 0.00",0,"P_t",370,3.18952263859602,182.746185852982,0,"kPa","DE"
"interface-alpha-0","Interfaz: αδ = 0.00",0,"P_t",371,3.19823718132442,183.245492371706,0,"kPa","DE"
"interface-alpha-0","Interfaz: αδ = 0.00",0,"P_t",372,3.20695172405283,183.74479889043,0,"kPa","DE"
"interface-alpha-0","Interfaz: αδ = 0.00",0,"P_t",373,3.21566626678123,184.244105409154,0,"kPa","DE"
"interface-alpha-0","Interfaz: αδ = 0.00",0,"P_t",374,3.22438080950963,184.743411927878,0,"kPa","DE"
"interface-alpha-0","Interfaz: αδ = 0.00",0,"P_t",375,3.23309535223804,185.242718446602,0,"kPa","DE"
"interface-alpha-0","Interfaz: αδ = 0.00",0,"P_t",376,3.24180989496644,185.742024965326,0,"kPa","DE"
"interface-alpha-0","Interfaz: αδ = 0.00",0,"P_t",377,3.25052443769485,186.24133148405,0,"kPa","DE"
"interface-alpha-0","Interfaz: αδ = 0.00",0,"P_t",378,3.25923898042325,186.740638002774,0,"kPa","DE"
"interface-alpha-0","Interfaz: αδ = 0.00",0,"P_t",379,3.26795352315166,187.239944521498,0,"kPa","DE"
"interface-alpha-0","Interfaz: αδ = 0.00",0,"P_t",380,3.27666806588006,187.739251040222,0,"kPa","DE"
"interface-alpha-0","Interfaz: αδ = 0.00",0,"P_t",381,3.28538260860847,188.238557558946,0,"kPa","DE"
"interface-alpha-0","Interfaz: αδ = 0.00",0,"P_t",382,3.29409715133687,188.73786407767,0,"kPa","DE"
"interface-alpha-0","Interfaz: αδ = 0.00",0,"P_t",383,3.30281169406527,189.237170596394,0,"kPa","DE"
"interface-alpha-0","Interfaz: αδ = 0.00",0,"P_t",384,3.31152623679368,189.736477115118,0,"kPa","DE"
"interface-alpha-0","Interfaz: αδ = 0.00",0,"P_t",385,3.32024077952208,190.235783633842,0,"kPa","DE"
"interface-alpha-0","Interfaz: αδ = 0.00",0,"P_t",386,3.32895532225049,190.735090152566,0,"kPa","DE"
"interface-alpha-0","Interfaz: αδ = 0.00",0,"P_t",387,3.33766986497889,191.23439667129,0,"kPa","DE"
"interface-alpha-0","Interfaz: αδ = 0.00",0,"P_t",388,3.3463844077073,191.733703190014,0,"kPa","DE"
"interface-alpha-0","Interfaz: αδ = 0.00",0,"P_t",389,3.3550989504357,192.233009708738,0,"kPa","DE"
"interface-alpha-0","Interfaz: αδ = 0.00",0,"P_t",390,3.36381349316411,192.732316227462,0,"kPa","DE"
"interface-alpha-0","Interfaz: αδ = 0.00",0,"P_t",391,3.37252803589251,193.231622746186,0,"kPa","DE"
"interface-alpha-0","Interfaz: αδ = 0.00",0,"P_t",392,3.38124257862091,193.73092926491,0,"kPa","DE"
"interface-alpha-0","Interfaz: αδ = 0.00",0,"P_t",393,3.38995712134932,194.230235783634,0,"kPa","DE"
"interface-alpha-0","Interfaz: αδ = 0.00",0,"P_t",394,3.39867166407772,194.729542302358,0,"kPa","DE"
"interface-alpha-0","Interfaz: αδ = 0.00",0,"P_t",395,3.40738620680613,195.228848821082,0,"kPa","DE"
"interface-alpha-0","Interfaz: αδ = 0.00",0,"P_t",396,3.41610074953453,195.728155339806,0,"kPa","DE"
"interface-alpha-0","Interfaz: αδ = 0.00",0,"P_t",397,3.42481529226294,196.22746185853,0,"kPa","DE"
"interface-alpha-0","Interfaz: αδ = 0.00",0,"P_t",398,3.43352983499134,196.726768377254,0,"kPa","DE"
"interface-alpha-0","Interfaz: αδ = 0.00",0,"P_t",399,3.44224437771975,197.226074895978,0,"kPa","DE"
"interface-alpha-0","Interfaz: αδ = 0.00",0,"P_t",400,3.45095892044815,197.725381414702,0,"kPa","DE"
"interface-alpha-0","Interfaz: αδ = 0.00",0,"P_t",401,3.45967346317655,198.224687933426,0,"kPa","DE"
"interface-alpha-0","Interfaz: αδ = 0.00",0,"P_t",402,3.46838800590496,198.72399445215,0,"kPa","DE"
"interface-alpha-0","Interfaz: αδ = 0.00",0,"P_t",403,3.47710254863336,199.223300970874,0,"kPa","DE"
"interface-alpha-0","Interfaz: αδ = 0.00",0,"P_t",404,3.48581709136177,199.722607489598,0,"kPa","DE"
"interface-alpha-0","Interfaz: αδ = 0.00",0,"P_t",405,3.49453163409017,200.221914008322,0,"kPa","DE"
"interface-alpha-0","Interfaz: αδ = 0.00",0,"P_t",406,3.50324617681858,200.721220527046,0,"kPa","DE"
"interface-alpha-0","Interfaz: αδ = 0.00",0,"P_t",407,3.51196071954698,201.22052704577,0,"kPa","DE"
"interface-alpha-0","Interfaz: αδ = 0.00",0,"P_t",408,3.52067526227539,201.719833564494,0,"kPa","DE"
"interface-alpha-0","Interfaz: αδ = 0.00",0,"P_t",409,3.52938980500379,202.219140083218,0,"kPa","DE"
"interface-alpha-0","Interfaz: αδ = 0.00",0,"P_t",410,3.53810434773219,202.718446601942,0,"kPa","DE"
"interface-alpha-0","Interfaz: αδ = 0.00",0,"P_t",411,3.5468188904606,203.217753120666,0,"kPa","DE"
"interface-alpha-0","Interfaz: αδ = 0.00",0,"P_t",412,3.555533433189,203.71705963939,0,"kPa","DE"
"interface-alpha-0","Interfaz: αδ = 0.00",0,"P_t",413,3.56424797591741,204.216366158114,0,"kPa","DE"
"interface-alpha-0","Interfaz: αδ = 0.00",0,"P_t",414,3.57296251864581,204.715672676838,0,"kPa","DE"
"interface-alpha-0","Interfaz: αδ = 0.00",0,"P_t",415,3.58167706137422,205.214979195562,0,"kPa","DE"
"interface-alpha-0","Interfaz: αδ = 0.00",0,"P_t",416,3.59039160410262,205.714285714286,0,"kPa","DE"
"interface-alpha-0","Interfaz: αδ = 0.00",0,"P_t",417,3.59910614683103,206.21359223301,0,"kPa","DE"
"interface-alpha-0","Interfaz: αδ = 0.00",0,"P_t",418,3.60782068955943,206.712898751734,0,"kPa","DE"
"interface-alpha-0","Interfaz: αδ = 0.00",0,"P_t",419,3.61653523228783,207.212205270458,0,"kPa","DE"
"interface-alpha-0","Interfaz: αδ = 0.00",0,"P_t",420,3.62524977501624,207.711511789182,0,"kPa","DE"
"interface-alpha-0","Interfaz: αδ = 0.00",0,"P_t",421,3.63396431774464,208.210818307906,0,"kPa","DE"
"interface-alpha-0","Interfaz: αδ = 0.00",0,"P_t",422,3.64267886047305,208.71012482663,0,"kPa","DE"
"interface-alpha-0","Interfaz: αδ = 0.00",0,"P_t",423,3.65139340320145,209.209431345354,0,"kPa","DE"
"interface-alpha-0","Interfaz: αδ = 0.00",0,"P_t",424,3.66010794592986,209.708737864078,0,"kPa","DE"
"interface-alpha-0","Interfaz: αδ = 0.00",0,"P_t",425,3.66882248865826,210.208044382802,0,"kPa","DE"
"interface-alpha-0","Interfaz: αδ = 0.00",0,"P_t",426,3.67753703138666,210.707350901526,0,"kPa","DE"
"interface-alpha-0","Interfaz: αδ = 0.00",0,"P_t",427,3.68625157411507,211.20665742025,0,"kPa","DE"
"interface-alpha-0","Interfaz: αδ = 0.00",0,"P_t",428,3.69496611684347,211.705963938974,0,"kPa","DE"
"interface-alpha-0","Interfaz: αδ = 0.00",0,"P_t",429,3.70368065957188,212.205270457698,0,"kPa","DE"
"interface-alpha-0","Interfaz: αδ = 0.00",0,"P_t",430,3.71239520230028,212.704576976422,0,"kPa","DE"
"interface-alpha-0","Interfaz: αδ = 0.00",0,"P_t",431,3.72110974502869,213.203883495146,0,"kPa","DE"
"interface-alpha-0","Interfaz: αδ = 0.00",0,"P_t",432,3.72982428775709,213.70319001387,0,"kPa","DE"
"interface-alpha-0","Interfaz: αδ = 0.00",0,"P_t",433,3.7385388304855,214.202496532594,0,"kPa","DE"
"interface-alpha-0","Interfaz: αδ = 0.00",0,"P_t",434,3.7472533732139,214.701803051318,0,"kPa","DE"
"interface-alpha-0","Interfaz: αδ = 0.00",0,"P_t",435,3.7559679159423,215.201109570042,0,"kPa","DE"
"interface-alpha-0","Interfaz: αδ = 0.00",0,"P_t",436,3.76468245867071,215.700416088766,0,"kPa","DE"
"interface-alpha-0","Interfaz: αδ = 0.00",0,"P_t",437,3.77339700139911,216.19972260749,0,"kPa","DE"
"interface-alpha-0","Interfaz: αδ = 0.00",0,"P_t",438,3.78211154412752,216.699029126214,0,"kPa","DE"
"interface-alpha-0","Interfaz: αδ = 0.00",0,"P_t",439,3.79082608685592,217.198335644938,0,"kPa","DE"
"interface-alpha-0","Interfaz: αδ = 0.00",0,"P_t",440,3.79954062958433,217.697642163662,0,"kPa","DE"
"interface-alpha-0","Interfaz: αδ = 0.00",0,"P_t",441,3.80825517231273,218.196948682386,0,"kPa","DE"
"interface-alpha-0","Interfaz: αδ = 0.00",0,"P_t",442,3.81696971504114,218.69625520111,0,"kPa","DE"
"interface-alpha-0","Interfaz: αδ = 0.00",0,"P_t",443,3.82568425776954,219.195561719834,0,"kPa","DE"
"interface-alpha-0","Interfaz: αδ = 0.00",0,"P_t",444,3.83439880049794,219.694868238558,0,"kPa","DE"
"interface-alpha-0","Interfaz: αδ = 0.00",0,"P_t",445,3.84311334322635,220.194174757282,0,"kPa","DE"
"interface-alpha-0","Interfaz: αδ = 0.00",0,"P_t",446,3.85182788595475,220.693481276006,0,"kPa","DE"
"interface-alpha-0","Interfaz: αδ = 0.00",0,"P_t",447,3.86054242868316,221.19278779473,0,"kPa","DE"
"interface-alpha-0","Interfaz: αδ = 0.00",0,"P_t",448,3.86925697141156,221.692094313454,0,"kPa","DE"
"interface-alpha-0","Interfaz: αδ = 0.00",0,"P_t",449,3.87797151413997,222.191400832178,0,"kPa","DE"
"interface-alpha-0","Interfaz: αδ = 0.00",0,"P_t",450,3.88668605686837,222.690707350902,0,"kPa","DE"
"interface-alpha-0","Interfaz: αδ = 0.00",0,"P_t",451,3.89540059959677,223.190013869625,0,"kPa","DE"
"interface-alpha-0","Interfaz: αδ = 0.00",0,"P_t",452,3.90411514232518,223.68932038835,0,"kPa","DE"
"interface-alpha-0","Interfaz: αδ = 0.00",0,"P_t",453,3.91282968505358,224.188626907074,0,"kPa","DE"
"interface-alpha-0","Interfaz: αδ = 0.00",0,"P_t",454,3.92154422778199,224.687933425798,0,"kPa","DE"
"interface-alpha-0","Interfaz: αδ = 0.00",0,"P_t",455,3.92699081698724,225,0,"kPa","DE"
"interface-alpha-0","Interfaz: αδ = 0.00",0,"P_t",456,3.93025877051039,225.187239944522,0,"kPa","DE"
"interface-alpha-0","Interfaz: αδ = 0.00",0,"P_t",457,3.9389733132388,225.686546463245,0,"kPa","DE"
"interface-alpha-0","Interfaz: αδ = 0.00",0,"P_t",458,3.9476878559672,226.18585298197,0,"kPa","DE"
"interface-alpha-0","Interfaz: αδ = 0.00",0,"P_t",459,3.95640239869561,226.685159500693,0,"kPa","DE"
"interface-alpha-0","Interfaz: αδ = 0.00",0,"P_t",460,3.96511694142401,227.184466019417,0,"kPa","DE"
"interface-alpha-0","Interfaz: αδ = 0.00",0,"P_t",461,3.97383148415241,227.683772538141,0,"kPa","DE"
"interface-alpha-0","Interfaz: αδ = 0.00",0,"P_t",462,3.98254602688082,228.183079056865,0,"kPa","DE"
"interface-alpha-0","Interfaz: αδ = 0.00",0,"P_t",463,3.99126056960922,228.682385575589,0,"kPa","DE"
"interface-alpha-0","Interfaz: αδ = 0.00",0,"P_t",464,3.99997511233763,229.181692094313,0,"kPa","DE"
"interface-alpha-0","Interfaz: αδ = 0.00",0,"P_t",465,4.00868965506603,229.680998613037,0,"kPa","DE"
"interface-alpha-0","Interfaz: αδ = 0.00",0,"P_t",466,4.01740419779444,230.180305131761,0,"kPa","DE"
"interface-alpha-0","Interfaz: αδ = 0.00",0,"P_t",467,4.02611874052284,230.679611650485,0,"kPa","DE"
"interface-alpha-0","Interfaz: αδ = 0.00",0,"P_t",468,4.03483328325125,231.178918169209,0,"kPa","DE"
"interface-alpha-0","Interfaz: αδ = 0.00",0,"P_t",469,4.04354782597965,231.678224687933,0,"kPa","DE"
"interface-alpha-0","Interfaz: αδ = 0.00",0,"P_t",470,4.05226236870806,232.177531206657,0,"kPa","DE"
"interface-alpha-0","Interfaz: αδ = 0.00",0,"P_t",471,4.06097691143646,232.676837725381,0,"kPa","DE"
"interface-alpha-0","Interfaz: αδ = 0.00",0,"P_t",472,4.06969145416486,233.176144244105,0,"kPa","DE"
"interface-alpha-0","Interfaz: αδ = 0.00",0,"P_t",473,4.07840599689327,233.675450762829,0,"kPa","DE"
"interface-alpha-0","Interfaz: αδ = 0.00",0,"P_t",474,4.08712053962167,234.174757281553,0,"kPa","DE"
"interface-alpha-0","Interfaz: αδ = 0.00",0,"P_t",475,4.09583508235008,234.674063800277,0,"kPa","DE"
"interface-alpha-0","Interfaz: αδ = 0.00",0,"P_t",476,4.10454962507848,235.173370319001,0,"kPa","DE"
"interface-alpha-0","Interfaz: αδ = 0.00",0,"P_t",477,4.11326416780689,235.672676837725,0,"kPa","DE"
"interface-alpha-0","Interfaz: αδ = 0.00",0,"P_t",478,4.12197871053529,236.171983356449,0,"kPa","DE"
"interface-alpha-0","Interfaz: αδ = 0.00",0,"P_t",479,4.13069325326369,236.671289875173,0,"kPa","DE"
"interface-alpha-0","Interfaz: αδ = 0.00",0,"P_t",480,4.1394077959921,237.170596393897,0,"kPa","DE"
"interface-alpha-0","Interfaz: αδ = 0.00",0,"P_t",481,4.1481223387205,237.669902912621,0,"kPa","DE"
"interface-alpha-0","Interfaz: αδ = 0.00",0,"P_t",482,4.15683688144891,238.169209431345,0,"kPa","DE"
"interface-alpha-0","Interfaz: αδ = 0.00",0,"P_t",483,4.16555142417731,238.668515950069,0,"kPa","DE"
"interface-alpha-0","Interfaz: αδ = 0.00",0,"P_t",484,4.17426596690572,239.167822468793,0,"kPa","DE"
"interface-alpha-0","Interfaz: αδ = 0.00",0,"P_t",485,4.18298050963412,239.667128987517,0,"kPa","DE"
"interface-alpha-0","Interfaz: αδ = 0.00",0,"P_t",486,4.19169505236253,240.166435506241,0,"kPa","DE"
"interface-alpha-0","Interfaz: αδ = 0.00",0,"P_t",487,4.20040959509093,240.665742024965,0,"kPa","DE"
"interface-alpha-0","Interfaz: αδ = 0.00",0,"P_t",488,4.20912413781933,241.165048543689,0,"kPa","DE"
"interface-alpha-0","Interfaz: αδ = 0.00",0,"P_t",489,4.21783868054774,241.664355062413,0,"kPa","DE"
"interface-alpha-0","Interfaz: αδ = 0.00",0,"P_t",490,4.22655322327614,242.163661581137,0,"kPa","DE"
"interface-alpha-0","Interfaz: αδ = 0.00",0,"P_t",491,4.23526776600455,242.662968099861,0,"kPa","DE"
"interface-alpha-0","Interfaz: αδ = 0.00",0,"P_t",492,4.24398230873295,243.162274618585,0,"kPa","DE"
"interface-alpha-0","Interfaz: αδ = 0.00",0,"P_t",493,4.25269685146136,243.661581137309,0,"kPa","DE"
"interface-alpha-0","Interfaz: αδ = 0.00",0,"P_t",494,4.26141139418976,244.160887656033,0,"kPa","DE"
"interface-alpha-0","Interfaz: αδ = 0.00",0,"P_t",495,4.27012593691817,244.660194174757,0,"kPa","DE"
"interface-alpha-0","Interfaz: αδ = 0.00",0,"P_t",496,4.27884047964657,245.159500693481,0,"kPa","DE"
"interface-alpha-0","Interfaz: αδ = 0.00",0,"P_t",497,4.28755502237497,245.658807212205,0,"kPa","DE"
"interface-alpha-0","Interfaz: αδ = 0.00",0,"P_t",498,4.29626956510338,246.158113730929,0,"kPa","DE"
"interface-alpha-0","Interfaz: αδ = 0.00",0,"P_t",499,4.30498410783178,246.657420249653,0,"kPa","DE"
"interface-alpha-0","Interfaz: αδ = 0.00",0,"P_t",500,4.31369865056019,247.156726768377,0,"kPa","DE"
"interface-alpha-0","Interfaz: αδ = 0.00",0,"P_t",501,4.32241319328859,247.656033287101,0,"kPa","DE"
"interface-alpha-0","Interfaz: αδ = 0.00",0,"P_t",502,4.331127736017,248.155339805825,0,"kPa","DE"
"interface-alpha-0","Interfaz: αδ = 0.00",0,"P_t",503,4.3398422787454,248.654646324549,0,"kPa","DE"
"interface-alpha-0","Interfaz: αδ = 0.00",0,"P_t",504,4.3485568214738,249.153952843273,0,"kPa","DE"
"interface-alpha-0","Interfaz: αδ = 0.00",0,"P_t",505,4.35727136420221,249.653259361997,0,"kPa","DE"
"interface-alpha-0","Interfaz: αδ = 0.00",0,"P_t",506,4.36598590693061,250.152565880721,0,"kPa","DE"
"interface-alpha-0","Interfaz: αδ = 0.00",0,"P_t",507,4.37470044965902,250.651872399445,0,"kPa","DE"
"interface-alpha-0","Interfaz: αδ = 0.00",0,"P_t",508,4.38341499238742,251.151178918169,0,"kPa","DE"
"interface-alpha-0","Interfaz: αδ = 0.00",0,"P_t",509,4.39212953511583,251.650485436893,0,"kPa","DE"
"interface-alpha-0","Interfaz: αδ = 0.00",0,"P_t",510,4.40084407784423,252.149791955617,0,"kPa","DE"
"interface-alpha-0","Interfaz: αδ = 0.00",0,"P_t",511,4.40955862057264,252.649098474341,0,"kPa","DE"
"interface-alpha-0","Interfaz: αδ = 0.00",0,"P_t",512,4.41827316330104,253.148404993065,0,"kPa","DE"
"interface-alpha-0","Interfaz: αδ = 0.00",0,"P_t",513,4.42698770602945,253.647711511789,0,"kPa","DE"
"interface-alpha-0","Interfaz: αδ = 0.00",0,"P_t",514,4.43570224875785,254.147018030513,0,"kPa","DE"
"interface-alpha-0","Interfaz: αδ = 0.00",0,"P_t",515,4.44441679148625,254.646324549237,0,"kPa","DE"
"interface-alpha-0","Interfaz: αδ = 0.00",0,"P_t",516,4.45313133421466,255.145631067961,0,"kPa","DE"
"interface-alpha-0","Interfaz: αδ = 0.00",0,"P_t",517,4.46184587694306,255.644937586685,0,"kPa","DE"
"interface-alpha-0","Interfaz: αδ = 0.00",0,"P_t",518,4.47056041967147,256.144244105409,0,"kPa","DE"
"interface-alpha-0","Interfaz: αδ = 0.00",0,"P_t",519,4.47927496239987,256.643550624133,0,"kPa","DE"
"interface-alpha-0","Interfaz: αδ = 0.00",0,"P_t",520,4.48798950512828,257.142857142857,0,"kPa","DE"
"interface-alpha-0","Interfaz: αδ = 0.00",0,"P_t",521,4.49670404785668,257.642163661581,0,"kPa","DE"
"interface-alpha-0","Interfaz: αδ = 0.00",0,"P_t",522,4.50541859058508,258.141470180305,0,"kPa","DE"
"interface-alpha-0","Interfaz: αδ = 0.00",0,"P_t",523,4.51413313331349,258.640776699029,0,"kPa","DE"
"interface-alpha-0","Interfaz: αδ = 0.00",0,"P_t",524,4.52284767604189,259.140083217753,0,"kPa","DE"
"interface-alpha-0","Interfaz: αδ = 0.00",0,"P_t",525,4.5315622187703,259.639389736477,0,"kPa","DE"
"interface-alpha-0","Interfaz: αδ = 0.00",0,"P_t",526,4.5402767614987,260.138696255201,0,"kPa","DE"
"interface-alpha-0","Interfaz: αδ = 0.00",0,"P_t",527,4.54899130422711,260.638002773925,0,"kPa","DE"
"interface-alpha-0","Interfaz: αδ = 0.00",0,"P_t",528,4.55770584695551,261.137309292649,0,"kPa","DE"
"interface-alpha-0","Interfaz: αδ = 0.00",0,"P_t",529,4.56642038968392,261.636615811373,0,"kPa","DE"
"interface-alpha-0","Interfaz: αδ = 0.00",0,"P_t",530,4.57513493241232,262.135922330097,0,"kPa","DE"
"interface-alpha-0","Interfaz: αδ = 0.00",0,"P_t",531,4.58384947514072,262.635228848821,0,"kPa","DE"
"interface-alpha-0","Interfaz: αδ = 0.00",0,"P_t",532,4.59256401786913,263.134535367545,0,"kPa","DE"
"interface-alpha-0","Interfaz: αδ = 0.00",0,"P_t",533,4.60127856059753,263.633841886269,0,"kPa","DE"
"interface-alpha-0","Interfaz: αδ = 0.00",0,"P_t",534,4.60999310332594,264.133148404993,0,"kPa","DE"
"interface-alpha-0","Interfaz: αδ = 0.00",0,"P_t",535,4.61870764605434,264.632454923717,0,"kPa","DE"
"interface-alpha-0","Interfaz: αδ = 0.00",0,"P_t",536,4.62742218878275,265.131761442441,0,"kPa","DE"
"interface-alpha-0","Interfaz: αδ = 0.00",0,"P_t",537,4.63613673151115,265.631067961165,0,"kPa","DE"
"interface-alpha-0","Interfaz: αδ = 0.00",0,"P_t",538,4.64485127423955,266.130374479889,0,"kPa","DE"
"interface-alpha-0","Interfaz: αδ = 0.00",0,"P_t",539,4.65356581696796,266.629680998613,0,"kPa","DE"
"interface-alpha-0","Interfaz: αδ = 0.00",0,"P_t",540,4.66228035969636,267.128987517337,0,"kPa","DE"
"interface-alpha-0","Interfaz: αδ = 0.00",0,"P_t",541,4.67099490242477,267.628294036061,0,"kPa","DE"
"interface-alpha-0","Interfaz: αδ = 0.00",0,"P_t",542,4.67970944515317,268.127600554785,0,"kPa","DE"
"interface-alpha-0","Interfaz: αδ = 0.00",0,"P_t",543,4.68842398788158,268.626907073509,0,"kPa","DE"
"interface-alpha-0","Interfaz: αδ = 0.00",0,"P_t",544,4.69713853060998,269.126213592233,0,"kPa","DE"
"interface-alpha-0","Interfaz: αδ = 0.00",0,"P_t",545,4.70585307333839,269.625520110957,0,"kPa","DE"
"interface-alpha-0","Interfaz: αδ = 0.00",0,"P_t",546,4.71238898038469,270,0,"kPa","DE"
"interface-alpha-0","Interfaz: αδ = 0.00",0,"P_t",547,4.71456761606679,270.124826629681,0,"kPa","DE"
"interface-alpha-0","Interfaz: αδ = 0.00",0,"P_t",548,4.7232821587952,270.624133148405,0,"kPa","DE"
"interface-alpha-0","Interfaz: αδ = 0.00",0,"P_t",549,4.7319967015236,271.123439667129,0,"kPa","DE"
"interface-alpha-0","Interfaz: αδ = 0.00",0,"P_t",550,4.740711244252,271.622746185853,0,"kPa","DE"
"interface-alpha-0","Interfaz: αδ = 0.00",0,"P_t",551,4.74942578698041,272.122052704577,0,"kPa","DE"
"interface-alpha-0","Interfaz: αδ = 0.00",0,"P_t",552,4.75814032970881,272.621359223301,0,"kPa","DE"
"interface-alpha-0","Interfaz: αδ = 0.00",0,"P_t",553,4.76685487243722,273.120665742025,0,"kPa","DE"
"interface-alpha-0","Interfaz: αδ = 0.00",0,"P_t",554,4.77556941516562,273.619972260749,0,"kPa","DE"
"interface-alpha-0","Interfaz: αδ = 0.00",0,"P_t",555,4.78428395789403,274.119278779473,0,"kPa","DE"
"interface-alpha-0","Interfaz: αδ = 0.00",0,"P_t",556,4.79299850062243,274.618585298197,0,"kPa","DE"
"interface-alpha-0","Interfaz: αδ = 0.00",0,"P_t",557,4.80171304335083,275.117891816921,0,"kPa","DE"
"interface-alpha-0","Interfaz: αδ = 0.00",0,"P_t",558,4.81042758607924,275.617198335645,0,"kPa","DE"
"interface-alpha-0","Interfaz: αδ = 0.00",0,"P_t",559,4.81914212880764,276.116504854369,0,"kPa","DE"
"interface-alpha-0","Interfaz: αδ = 0.00",0,"P_t",560,4.82785667153605,276.615811373093,0,"kPa","DE"
"interface-alpha-0","Interfaz: αδ = 0.00",0,"P_t",561,4.83657121426445,277.115117891817,0,"kPa","DE"
"interface-alpha-0","Interfaz: αδ = 0.00",0,"P_t",562,4.84528575699286,277.614424410541,0,"kPa","DE"
"interface-alpha-0","Interfaz: αδ = 0.00",0,"P_t",563,4.85400029972126,278.113730929265,0,"kPa","DE"
"interface-alpha-0","Interfaz: αδ = 0.00",0,"P_t",564,4.86271484244967,278.613037447989,0,"kPa","DE"
"interface-alpha-0","Interfaz: αδ = 0.00",0,"P_t",565,4.87142938517807,279.112343966713,0,"kPa","DE"
"interface-alpha-0","Interfaz: αδ = 0.00",0,"P_t",566,4.88014392790647,279.611650485437,0,"kPa","DE"
"interface-alpha-0","Interfaz: αδ = 0.00",0,"P_t",567,4.88885847063488,280.110957004161,0,"kPa","DE"
"interface-alpha-0","Interfaz: αδ = 0.00",0,"P_t",568,4.89757301336328,280.610263522885,0,"kPa","DE"
"interface-alpha-0","Interfaz: αδ = 0.00",0,"P_t",569,4.90628755609169,281.109570041609,0,"kPa","DE"
"interface-alpha-0","Interfaz: αδ = 0.00",0,"P_t",570,4.91500209882009,281.608876560333,0,"kPa","DE"
"interface-alpha-0","Interfaz: αδ = 0.00",0,"P_t",571,4.9237166415485,282.108183079057,0,"kPa","DE"
"interface-alpha-0","Interfaz: αδ = 0.00",0,"P_t",572,4.9324311842769,282.607489597781,0,"kPa","DE"
"interface-alpha-0","Interfaz: αδ = 0.00",0,"P_t",573,4.94114572700531,283.106796116505,0,"kPa","DE"
"interface-alpha-0","Interfaz: αδ = 0.00",0,"P_t",574,4.94986026973371,283.606102635229,0,"kPa","DE"
"interface-alpha-0","Interfaz: αδ = 0.00",0,"P_t",575,4.95857481246211,284.105409153953,0,"kPa","DE"
"interface-alpha-0","Interfaz: αδ = 0.00",0,"P_t",576,4.96728935519052,284.604715672677,0,"kPa","DE"
"interface-alpha-0","Interfaz: αδ = 0.00",0,"P_t",577,4.97600389791892,285.104022191401,0,"kPa","DE"
"interface-alpha-0","Interfaz: αδ = 0.00",0,"P_t",578,4.98471844064733,285.603328710125,0,"kPa","DE"
"interface-alpha-0","Interfaz: αδ = 0.00",0,"P_t",579,4.99343298337573,286.102635228849,0,"kPa","DE"
"interface-alpha-0","Interfaz: αδ = 0.00",0,"P_t",580,5.00214752610414,286.601941747573,0,"kPa","DE"
"interface-alpha-0","Interfaz: αδ = 0.00",0,"P_t",581,5.01086206883254,287.101248266297,0,"kPa","DE"
"interface-alpha-0","Interfaz: αδ = 0.00",0,"P_t",582,5.01957661156095,287.600554785021,0,"kPa","DE"
"interface-alpha-0","Interfaz: αδ = 0.00",0,"P_t",583,5.02829115428935,288.099861303745,0,"kPa","DE"
"interface-alpha-0","Interfaz: αδ = 0.00",0,"P_t",584,5.03700569701775,288.599167822469,0,"kPa","DE"
"interface-alpha-0","Interfaz: αδ = 0.00",0,"P_t",585,5.04572023974616,289.098474341193,0,"kPa","DE"
"interface-alpha-0","Interfaz: αδ = 0.00",0,"P_t",586,5.05443478247456,289.597780859917,0,"kPa","DE"
"interface-alpha-0","Interfaz: αδ = 0.00",0,"P_t",587,5.06314932520297,290.097087378641,0,"kPa","DE"
"interface-alpha-0","Interfaz: αδ = 0.00",0,"P_t",588,5.07186386793137,290.596393897365,0,"kPa","DE"
"interface-alpha-0","Interfaz: αδ = 0.00",0,"P_t",589,5.08057841065978,291.095700416089,0,"kPa","DE"
"interface-alpha-0","Interfaz: αδ = 0.00",0,"P_t",590,5.08929295338818,291.595006934813,0,"kPa","DE"
"interface-alpha-0","Interfaz: αδ = 0.00",0,"P_t",591,5.09800749611659,292.094313453537,0,"kPa","DE"
"interface-alpha-0","Interfaz: αδ = 0.00",0,"P_t",592,5.10672203884499,292.593619972261,0,"kPa","DE"
"interface-alpha-0","Interfaz: αδ = 0.00",0,"P_t",593,5.11543658157339,293.092926490985,0,"kPa","DE"
"interface-alpha-0","Interfaz: αδ = 0.00",0,"P_t",594,5.1241511243018,293.592233009709,0,"kPa","DE"
"interface-alpha-0","Interfaz: αδ = 0.00",0,"P_t",595,5.1328656670302,294.091539528433,0,"kPa","DE"
"interface-alpha-0","Interfaz: αδ = 0.00",0,"P_t",596,5.14158020975861,294.590846047157,0,"kPa","DE"
"interface-alpha-0","Interfaz: αδ = 0.00",0,"P_t",597,5.15029475248701,295.090152565881,0,"kPa","DE"
"interface-alpha-0","Interfaz: αδ = 0.00",0,"P_t",598,5.15900929521542,295.589459084605,0,"kPa","DE"
"interface-alpha-0","Interfaz: αδ = 0.00",0,"P_t",599,5.16772383794382,296.088765603329,0,"kPa","DE"
"interface-alpha-0","Interfaz: αδ = 0.00",0,"P_t",600,5.17643838067223,296.588072122053,0,"kPa","DE"
"interface-alpha-0","Interfaz: αδ = 0.00",0,"P_t",601,5.18515292340063,297.087378640777,0,"kPa","DE"
"interface-alpha-0","Interfaz: αδ = 0.00",0,"P_t",602,5.19386746612903,297.586685159501,0,"kPa","DE"
"interface-alpha-0","Interfaz: αδ = 0.00",0,"P_t",603,5.20258200885744,298.085991678225,0,"kPa","DE"
"interface-alpha-0","Interfaz: αδ = 0.00",0,"P_t",604,5.21129655158584,298.585298196949,0,"kPa","DE"
"interface-alpha-0","Interfaz: αδ = 0.00",0,"P_t",605,5.22001109431425,299.084604715673,0,"kPa","DE"
"interface-alpha-0","Interfaz: αδ = 0.00",0,"P_t",606,5.22872563704265,299.583911234397,0,"kPa","DE"
"interface-alpha-0","Interfaz: αδ = 0.00",0,"P_t",607,5.23744017977106,300.083217753121,0,"kPa","DE"
"interface-alpha-0","Interfaz: αδ = 0.00",0,"P_t",608,5.24615472249946,300.582524271845,0,"kPa","DE"
"interface-alpha-0","Interfaz: αδ = 0.00",0,"P_t",609,5.25486926522786,301.081830790569,0,"kPa","DE"
"interface-alpha-0","Interfaz: αδ = 0.00",0,"P_t",610,5.26358380795627,301.581137309293,0,"kPa","DE"
"interface-alpha-0","Interfaz: αδ = 0.00",0,"P_t",611,5.27229835068467,302.080443828017,0,"kPa","DE"
"interface-alpha-0","Interfaz: αδ = 0.00",0,"P_t",612,5.28101289341308,302.579750346741,0,"kPa","DE"
"interface-alpha-0","Interfaz: αδ = 0.00",0,"P_t",613,5.28972743614148,303.079056865465,0,"kPa","DE"
"interface-alpha-0","Interfaz: αδ = 0.00",0,"P_t",614,5.29844197886989,303.578363384189,0,"kPa","DE"
"interface-alpha-0","Interfaz: αδ = 0.00",0,"P_t",615,5.30715652159829,304.077669902913,0,"kPa","DE"
"interface-alpha-0","Interfaz: αδ = 0.00",0,"P_t",616,5.3158710643267,304.576976421637,0,"kPa","DE"
"interface-alpha-0","Interfaz: αδ = 0.00",0,"P_t",617,5.3245856070551,305.076282940361,0,"kPa","DE"
"interface-alpha-0","Interfaz: αδ = 0.00",0,"P_t",618,5.3333001497835,305.575589459085,0,"kPa","DE"
"interface-alpha-0","Interfaz: αδ = 0.00",0,"P_t",619,5.34201469251191,306.074895977809,0,"kPa","DE"
"interface-alpha-0","Interfaz: αδ = 0.00",0,"P_t",620,5.35072923524031,306.574202496533,0,"kPa","DE"
"interface-alpha-0","Interfaz: αδ = 0.00",0,"P_t",621,5.35944377796872,307.073509015257,0,"kPa","DE"
"interface-alpha-0","Interfaz: αδ = 0.00",0,"P_t",622,5.36815832069712,307.572815533981,0,"kPa","DE"
"interface-alpha-0","Interfaz: αδ = 0.00",0,"P_t",623,5.37687286342553,308.072122052705,0,"kPa","DE"
"interface-alpha-0","Interfaz: αδ = 0.00",0,"P_t",624,5.38558740615393,308.571428571429,0,"kPa","DE"
"interface-alpha-0","Interfaz: αδ = 0.00",0,"P_t",625,5.39430194888234,309.070735090153,0,"kPa","DE"
"interface-alpha-0","Interfaz: αδ = 0.00",0,"P_t",626,5.40301649161074,309.570041608877,0,"kPa","DE"
"interface-alpha-0","Interfaz: αδ = 0.00",0,"P_t",627,5.41173103433914,310.069348127601,0,"kPa","DE"
"interface-alpha-0","Interfaz: αδ = 0.00",0,"P_t",628,5.42044557706755,310.568654646325,0,"kPa","DE"
"interface-alpha-0","Interfaz: αδ = 0.00",0,"P_t",629,5.42916011979595,311.067961165049,0,"kPa","DE"
"interface-alpha-0","Interfaz: αδ = 0.00",0,"P_t",630,5.43787466252436,311.567267683773,0,"kPa","DE"
"interface-alpha-0","Interfaz: αδ = 0.00",0,"P_t",631,5.44658920525276,312.066574202496,0,"kPa","DE"
"interface-alpha-0","Interfaz: αδ = 0.00",0,"P_t",632,5.45530374798117,312.565880721221,0,"kPa","DE"
"interface-alpha-0","Interfaz: αδ = 0.00",0,"P_t",633,5.46401829070957,313.065187239944,0,"kPa","DE"
"interface-alpha-0","Interfaz: αδ = 0.00",0,"P_t",634,5.47273283343798,313.564493758669,0,"kPa","DE"
"interface-alpha-0","Interfaz: αδ = 0.00",0,"P_t",635,5.48144737616638,314.063800277393,0,"kPa","DE"
"interface-alpha-0","Interfaz: αδ = 0.00",0,"P_t",636,5.49016191889478,314.563106796117,0,"kPa","DE"
"interface-alpha-0","Interfaz: αδ = 0.00",0,"P_t",637,5.49778714378214,315,0,"kPa","DE"
"interface-alpha-0","Interfaz: αδ = 0.00",0,"P_t",638,5.49887646162319,315.06241331484,0,"kPa","DE"
"interface-alpha-0","Interfaz: αδ = 0.00",0,"P_t",639,5.50759100435159,315.561719833564,0,"kPa","DE"
"interface-alpha-0","Interfaz: αδ = 0.00",0,"P_t",640,5.51630554708,316.061026352288,0,"kPa","DE"
"interface-alpha-0","Interfaz: αδ = 0.00",0,"P_t",641,5.5250200898084,316.560332871013,0,"kPa","DE"
"interface-alpha-0","Interfaz: αδ = 0.00",0,"P_t",642,5.53373463253681,317.059639389736,0,"kPa","DE"
"interface-alpha-0","Interfaz: αδ = 0.00",0,"P_t",643,5.54244917526521,317.55894590846,0,"kPa","DE"
"interface-alpha-0","Interfaz: αδ = 0.00",0,"P_t",644,5.55116371799361,318.058252427184,0,"kPa","DE"
"interface-alpha-0","Interfaz: αδ = 0.00",0,"P_t",645,5.55987826072202,318.557558945908,0,"kPa","DE"
"interface-alpha-0","Interfaz: αδ = 0.00",0,"P_t",646,5.56859280345042,319.056865464632,0,"kPa","DE"
"interface-alpha-0","Interfaz: αδ = 0.00",0,"P_t",647,5.57730734617883,319.556171983356,0,"kPa","DE"
"interface-alpha-0","Interfaz: αδ = 0.00",0,"P_t",648,5.58602188890723,320.05547850208,0,"kPa","DE"
"interface-alpha-0","Interfaz: αδ = 0.00",0,"P_t",649,5.59473643163564,320.554785020804,0,"kPa","DE"
"interface-alpha-0","Interfaz: αδ = 0.00",0,"P_t",650,5.60345097436404,321.054091539528,0,"kPa","DE"
"interface-alpha-0","Interfaz: αδ = 0.00",0,"P_t",651,5.61216551709245,321.553398058252,0,"kPa","DE"
"interface-alpha-0","Interfaz: αδ = 0.00",0,"P_t",652,5.62088005982085,322.052704576976,0,"kPa","DE"
"interface-alpha-0","Interfaz: αδ = 0.00",0,"P_t",653,5.62959460254925,322.5520110957,0,"kPa","DE"
"interface-alpha-0","Interfaz: αδ = 0.00",0,"P_t",654,5.63830914527766,323.051317614424,0,"kPa","DE"
"interface-alpha-0","Interfaz: αδ = 0.00",0,"P_t",655,5.64702368800606,323.550624133148,0,"kPa","DE"
"interface-alpha-0","Interfaz: αδ = 0.00",0,"P_t",656,5.65573823073447,324.049930651872,0,"kPa","DE"
"interface-alpha-0","Interfaz: αδ = 0.00",0,"P_t",657,5.66445277346287,324.549237170596,0,"kPa","DE"
"interface-alpha-0","Interfaz: αδ = 0.00",0,"P_t",658,5.67316731619128,325.04854368932,0,"kPa","DE"
"interface-alpha-0","Interfaz: αδ = 0.00",0,"P_t",659,5.68188185891968,325.547850208044,0,"kPa","DE"
"interface-alpha-0","Interfaz: αδ = 0.00",0,"P_t",660,5.69059640164809,326.047156726768,0,"kPa","DE"
"interface-alpha-0","Interfaz: αδ = 0.00",0,"P_t",661,5.69931094437649,326.546463245492,0,"kPa","DE"
"interface-alpha-0","Interfaz: αδ = 0.00",0,"P_t",662,5.70802548710489,327.045769764216,0,"kPa","DE"
"interface-alpha-0","Interfaz: αδ = 0.00",0,"P_t",663,5.7167400298333,327.54507628294,0,"kPa","DE"
"interface-alpha-0","Interfaz: αδ = 0.00",0,"P_t",664,5.7254545725617,328.044382801664,0,"kPa","DE"
"interface-alpha-0","Interfaz: αδ = 0.00",0,"P_t",665,5.73416911529011,328.543689320388,0,"kPa","DE"
"interface-alpha-0","Interfaz: αδ = 0.00",0,"P_t",666,5.74288365801851,329.042995839112,0,"kPa","DE"
"interface-alpha-0","Interfaz: αδ = 0.00",0,"P_t",667,5.75159820074692,329.542302357836,0,"kPa","DE"
"interface-alpha-0","Interfaz: αδ = 0.00",0,"P_t",668,5.76031274347532,330.04160887656,0,"kPa","DE"
"interface-alpha-0","Interfaz: αδ = 0.00",0,"P_t",669,5.76902728620373,330.540915395284,0,"kPa","DE"
"interface-alpha-0","Interfaz: αδ = 0.00",0,"P_t",670,5.77774182893213,331.040221914008,0,"kPa","DE"
"interface-alpha-0","Interfaz: αδ = 0.00",0,"P_t",671,5.78645637166053,331.539528432732,0,"kPa","DE"
"interface-alpha-0","Interfaz: αδ = 0.00",0,"P_t",672,5.79517091438894,332.038834951456,0,"kPa","DE"
"interface-alpha-0","Interfaz: αδ = 0.00",0,"P_t",673,5.80388545711734,332.53814147018,0,"kPa","DE"
"interface-alpha-0","Interfaz: αδ = 0.00",0,"P_t",674,5.81259999984575,333.037447988904,0,"kPa","DE"
"interface-alpha-0","Interfaz: αδ = 0.00",0,"P_t",675,5.82131454257415,333.536754507628,0,"kPa","DE"
"interface-alpha-0","Interfaz: αδ = 0.00",0,"P_t",676,5.83002908530256,334.036061026352,0,"kPa","DE"
"interface-alpha-0","Interfaz: αδ = 0.00",0,"P_t",677,5.83874362803096,334.535367545076,0,"kPa","DE"
"interface-alpha-0","Interfaz: αδ = 0.00",0,"P_t",678,5.84745817075936,335.0346740638,0,"kPa","DE"
"interface-alpha-0","Interfaz: αδ = 0.00",0,"P_t",679,5.85617271348777,335.533980582524,0,"kPa","DE"
"interface-alpha-0","Interfaz: αδ = 0.00",0,"P_t",680,5.86488725621617,336.033287101248,0,"kPa","DE"
"interface-alpha-0","Interfaz: αδ = 0.00",0,"P_t",681,5.87360179894458,336.532593619972,0,"kPa","DE"
"interface-alpha-0","Interfaz: αδ = 0.00",0,"P_t",682,5.88231634167298,337.031900138696,0,"kPa","DE"
"interface-alpha-0","Interfaz: αδ = 0.00",0,"P_t",683,5.89103088440139,337.53120665742,0,"kPa","DE"
"interface-alpha-0","Interfaz: αδ = 0.00",0,"P_t",684,5.89974542712979,338.030513176144,0,"kPa","DE"
"interface-alpha-0","Interfaz: αδ = 0.00",0,"P_t",685,5.9084599698582,338.529819694868,0,"kPa","DE"
"interface-alpha-0","Interfaz: αδ = 0.00",0,"P_t",686,5.9171745125866,339.029126213592,0,"kPa","DE"
"interface-alpha-0","Interfaz: αδ = 0.00",0,"P_t",687,5.925889055315,339.528432732316,0,"kPa","DE"
"interface-alpha-0","Interfaz: αδ = 0.00",0,"P_t",688,5.93460359804341,340.02773925104,0,"kPa","DE"
"interface-alpha-0","Interfaz: αδ = 0.00",0,"P_t",689,5.94331814077181,340.527045769764,0,"kPa","DE"
"interface-alpha-0","Interfaz: αδ = 0.00",0,"P_t",690,5.95203268350022,341.026352288488,0,"kPa","DE"
"interface-alpha-0","Interfaz: αδ = 0.00",0,"P_t",691,5.96074722622862,341.525658807212,0,"kPa","DE"
"interface-alpha-0","Interfaz: αδ = 0.00",0,"P_t",692,5.96946176895703,342.024965325936,0,"kPa","DE"
"interface-alpha-0","Interfaz: αδ = 0.00",0,"P_t",693,5.97817631168543,342.52427184466,0,"kPa","DE"
"interface-alpha-0","Interfaz: αδ = 0.00",0,"P_t",694,5.98689085441384,343.023578363384,0,"kPa","DE"
"interface-alpha-0","Interfaz: αδ = 0.00",0,"P_t",695,5.99560539714224,343.522884882108,0,"kPa","DE"
"interface-alpha-0","Interfaz: αδ = 0.00",0,"P_t",696,6.00431993987064,344.022191400832,0,"kPa","DE"
"interface-alpha-0","Interfaz: αδ = 0.00",0,"P_t",697,6.01303448259905,344.521497919556,0,"kPa","DE"
"interface-alpha-0","Interfaz: αδ = 0.00",0,"P_t",698,6.02174902532745,345.02080443828,0,"kPa","DE"
"interface-alpha-0","Interfaz: αδ = 0.00",0,"P_t",699,6.03046356805586,345.520110957004,0,"kPa","DE"
"interface-alpha-0","Interfaz: αδ = 0.00",0,"P_t",700,6.03917811078426,346.019417475728,0,"kPa","DE"
"interface-alpha-0","Interfaz: αδ = 0.00",0,"P_t",701,6.04789265351267,346.518723994452,0,"kPa","DE"
"interface-alpha-0","Interfaz: αδ = 0.00",0,"P_t",702,6.05660719624107,347.018030513176,0,"kPa","DE"
"interface-alpha-0","Interfaz: αδ = 0.00",0,"P_t",703,6.06532173896948,347.5173370319,0,"kPa","DE"
"interface-alpha-0","Interfaz: αδ = 0.00",0,"P_t",704,6.07403628169788,348.016643550624,0,"kPa","DE"
"interface-alpha-0","Interfaz: αδ = 0.00",0,"P_t",705,6.08275082442628,348.515950069348,0,"kPa","DE"
"interface-alpha-0","Interfaz: αδ = 0.00",0,"P_t",706,6.09146536715469,349.015256588072,0,"kPa","DE"
"interface-alpha-0","Interfaz: αδ = 0.00",0,"P_t",707,6.10017990988309,349.514563106796,0,"kPa","DE"
"interface-alpha-0","Interfaz: αδ = 0.00",0,"P_t",708,6.1088944526115,350.01386962552,0,"kPa","DE"
"interface-alpha-0","Interfaz: αδ = 0.00",0,"P_t",709,6.1176089953399,350.513176144244,0,"kPa","DE"
"interface-alpha-0","Interfaz: αδ = 0.00",0,"P_t",710,6.12632353806831,351.012482662968,0,"kPa","DE"
"interface-alpha-0","Interfaz: αδ = 0.00",0,"P_t",711,6.13503808079671,351.511789181692,0,"kPa","DE"
"interface-alpha-0","Interfaz: αδ = 0.00",0,"P_t",712,6.14375262352512,352.011095700416,0,"kPa","DE"
"interface-alpha-0","Interfaz: αδ = 0.00",0,"P_t",713,6.15246716625352,352.51040221914,0,"kPa","DE"
"interface-alpha-0","Interfaz: αδ = 0.00",0,"P_t",714,6.16118170898192,353.009708737864,0,"kPa","DE"
"interface-alpha-0","Interfaz: αδ = 0.00",0,"P_t",715,6.16989625171033,353.509015256588,0,"kPa","DE"
"interface-alpha-0","Interfaz: αδ = 0.00",0,"P_t",716,6.17861079443873,354.008321775312,0,"kPa","DE"
"interface-alpha-0","Interfaz: αδ = 0.00",0,"P_t",717,6.18732533716714,354.507628294036,0,"kPa","DE"
"interface-alpha-0","Interfaz: αδ = 0.00",0,"P_t",718,6.19603987989554,355.00693481276,0,"kPa","DE"
"interface-alpha-0","Interfaz: αδ = 0.00",0,"P_t",719,6.20475442262395,355.506241331484,0,"kPa","DE"
"interface-alpha-0","Interfaz: αδ = 0.00",0,"P_t",720,6.21346896535235,356.005547850208,0,"kPa","DE"
"interface-alpha-0","Interfaz: αδ = 0.00",0,"P_t",721,6.22218350808075,356.504854368932,0,"kPa","DE"
"interface-alpha-0","Interfaz: αδ = 0.00",0,"P_t",722,6.23089805080916,357.004160887656,0,"kPa","DE"
"interface-alpha-0","Interfaz: αδ = 0.00",0,"P_t",723,6.23961259353756,357.50346740638,0,"kPa","DE"
"interface-alpha-0","Interfaz: αδ = 0.00",0,"P_t",724,6.24832713626597,358.002773925104,0,"kPa","DE"
"interface-alpha-0","Interfaz: αδ = 0.00",0,"P_t",725,6.25704167899437,358.502080443828,0,"kPa","DE"
"interface-alpha-0","Interfaz: αδ = 0.00",0,"P_t",726,6.26575622172278,359.001386962552,0,"kPa","DE"
"interface-alpha-0","Interfaz: αδ = 0.00",0,"P_t",727,6.27447076445118,359.500693481276,0,"kPa","DE"
